imo,mmsi,vessel_name,vessel_type,dwt_tons,draft_m,flag,vessel_category
9246633,,SA OCEANIA,"FSO (Floating Storage and Offloading unit — плавучее нефтехранилище, ранее — супертанкер класса TI)",441585.0,22.0,Багамские Острова,oil_tanker
9235268,,SA EUROPE,Плавучая установка для хранения и отгрузки нефти (FSO / Oil Service).,441561.0,19.0,Багамские острова.,oil_tanker
9224752,,FSO ASIA,Плавучая установка для хранения и отгрузки нефти (FSO / Oil Service).,432023.0,23.5,Маршалловы Острова.,oil_tanker
9224764,,FSO AFRICA,Плавучая установка для хранения и отгрузки нефти (FSO / Oil Service).,432023.0,18.5,Маршалловы Острова.,oil_tanker
7708302,,YUUM K'AK'NAAB (в переводе с майя — «Повелитель моря»),Oil Tanker,360700.0,,Мексика,oil_tanker
7389510,613002810.0,,"Плавучая установка для хранения нефти (FSO), ранее танкер типа VLCC (Very Large Crude Carrier).",357023.0,,Камерун.,oil_tanker
8765292,,KIZOMBA A FPSO,"FPSO (Плавучая установка для добычи, хранения и отгрузки нефти)",340660.0,,Ангола,oil_tanker
9287936,,KIZOMBA B FPSO,"FPSO (Плавучая установка для добычи, хранения и отгрузки нефти)",340660.0,,Ангола,oil_tanker
9537745,,EAST LOYALTYIMO номер: 9537745,Нефтеналивной танкер (VLCC — Very Large Crude Carrier),323183.0,11.3,Маршалловы острова,oil_tanker
1029869,,ATREBATES,Танкер для перевозки сырой нефти (VLCC — Very Large Crude Carrier),321761.0,11.2,Бельгия,oil_tanker
1037139,,EBURONES,Танкер для перевозки сырой нефти (VLCC — Very Large Crude Carrier),321735.0,21.2,Бельгия,oil_tanker
9353797,,PLATA SOUTH,Танкер для перевозки сырой нефти (VLCC — Very Large Crude Carrier),321300.0,21.0,Маршалловы Острова,oil_tanker
9353802,563247100.0,AGOGO FPSO,"Плавучая установка для добычи, хранения и отгрузки нефти (FPSO / Offshore Processing Vessel).",321300.0,,Сингапур,oil_tanker
9389899,636014688.0,ATLANTAS,Crude Oil Tanker (танкер для перевозки сырой нефти),321300.0,11.0,Либерия,oil_tanker
9527295,,MARAN THALEIA,Танкер для перевозки сырой нефти (VLCC — Very Large Crude Carrier),321225.0,11.0,Греция,oil_tanker
9519494,,MARAN TAURUS,Танкер для сырой нефти (Crude Oil Tanker / VLCC),321052.0,20.7,Греция,oil_tanker
9625956,,TWIN CASTOR,Танкер для перевозки сырой нефти (Crude Oil Tanker / VLCC),321039.0,21.0,Либерия,oil_tanker
9930791,,MARAN DANAE,Танкер для перевозки сырой нефти (Crude Oil Tanker / VLCC),320917.0,20.3,Греция,oil_tanker
9590008,,,Супертанкер (VLCC — Very Large Crude Carrier),320840.0,18.0,Танзания (регистрация судна в реестре находится под мониторингом ввиду санкционных нарушений),oil_tanker
9603192,412311000.0,"HE RONG HAI (ранее NEW LAUREL, YANGTZE PROSPERITY)","Crude Oil Tanker (Танкер для перевозки сырой нефти, класс VLCC)",320805.0,20.2,Китай (CN),oil_tanker
9625968,636016138.0,TWIN POLLUX (ранее эксплуатировалось под именем SCF SHANGHAI),"Crude Oil Tanker (супертанкер для сырой нефти, класс VLCC)",320700.0,11.3,Либерия,oil_tanker
9457452,,PRINCESS NATALIEIMO номер: 9457452,Нефтеналивной танкер (VLCC — Very Large Crude Carrier),320261.0,11.0,Кипр,oil_tanker
1055181,538011737.0,,Oil Tanker,320000.0,20.2,"Маршалловы Острова. Габариты: Длина (LOA) 331.00 м, ширина (Beam) 60.00 м. Тоннаж:",oil_tanker
9365752,610000029.0,"FLORA (ранее FIONA, CORDELIA, MARBAT)","Crude Oil Tanker (Танкер для перевозки сырой нефти, класс VLCC)",319994.0,20.7,Бенин (BJ),oil_tanker
9365764,611000138.0,"AMEN (ранее AYDEN, MARLEY, MANAH)","Crude Oil Tanker (Танкер для перевозки сырой нефти, класс VLCC)",319993.0,11.3,Ботсвана (BW) / Коморские острова (KM) (наблюдается расхождение в данных регистрации),oil_tanker
9524970,,WEDYAN (ранее: BLUE TOPAZ),Супертанкер (VLCC — Very Large Crude Carrier),319990.0,,Саудовская Аравия,oil_tanker
9365776,610000027.0,"AZELIA (ранее LYDIA II, MAREN, MAZYONAH)","Crude Oil Tanker (Танкер для перевозки сырой нефти, класс VLCC)",319901.0,12.0,Бенин (BJ),oil_tanker
9602617,,DELTA GLORY,Танкер для сырой нефти (Crude Oil Tanker),319819.0,11.2,Либерия,oil_tanker
9602643,,RED NOVA,Танкер для перевозки сырой нефти (Crude Oil Tanker / VLCC),319778.0,11.2,Либерия,oil_tanker
9516935,,DELTA APOLLONIA,Танкер для перевозки сырой нефти (Crude Oil Tanker / VLCC),319725.0,21.4,Либерия,oil_tanker
9516947,,NEW GIANT,Нефтяной танкер (VLCC — Very Large Crude Carrier),319611.0,21.3,Либерия,oil_tanker
9683661,,VL PIONEER,Нефтяной танкер (VLCC — Very Large Crude Carrier),319547.0,,Либерия,oil_tanker
9683685,,VL PRIMEIMO номер: 9683685,Танкер для перевозки сырой нефти (VLCC),319547.0,,Либерия,oil_tanker
9384227,,,Oil Tanker,319464.0,11.0,Саудовская Аравия.,oil_tanker
9602473,,MARAN LEOТип судна: Нефтяной танкер (VLCC — Very Large Crude Carrier),Нефтяной танкер (VLCC — Very Large Crude Carrier),319450.0,20.7,"Греция IMO номер: 9602473 Год постройки: 2014 (верфь Shanghai Waigaoqiao Shipbuilding, Китай)",oil_tanker
9230907,750269000.0,"MOONBAY (исторические названия: ETERNAL FORTUNE, GOOD NEWS, TI TOPAZ, CRUDE TOPAZ, ORIENTAL TOPAZ)",Crude Oil Tanker (класс VLCC — Very Large Crude Carrier),319430.0,10.7,"Гайана (указано в текущих данных), ранее Панама",oil_tanker
9384198,,MANIFAТип судна: Нефтяной танкер (VLCC — Very Large Crude Carrier),Нефтяной танкер (VLCC — Very Large Crude Carrier),319427.0,,Саудовская Аравия IMO номер: 9384198 Год постройки: 2008,oil_tanker
9752993,,MARAN APOLLO,Танкер для перевозки сырой нефти (Crude Oil Tanker / VLCC),319398.0,11.2,Греция,oil_tanker
9753002,,MARAN ARTEMIS,Супертанкер для перевозки сырой нефти (VLCC — Very Large Crude Carrier),319398.0,20.3,Греция,oil_tanker
9770505,241439000.0,MARAN ATHENA,Crude Oil Tanker (супертанкер класса VLCC для перевозки сырой нефти),319398.0,16.9,Греция,oil_tanker
9776547,,MARAN ARETE,Танкер для сырой нефти (Crude Oil Tanker / VLCC),319398.0,21.0,Греция,oil_tanker
9583732,,,Oil Tanker,319359.0,20.2,,oil_tanker
9521473,,AQUILA,Танкер для перевозки сырой нефти (VLCC — Very Large Crude Carrier),319330.0,20.2,Греция,oil_tanker
9484742,,,Oil Tanker,319302.0,21.7,Саудовская Аравия.,oil_tanker
9569695,422215700.0,"DIONA (ранее STORMBERG, DEW DROP)","Crude Oil Tanker (Танкер для перевозки сырой нефти, класс VLCC)",319297.0,11.5,Иран (IR),oil_tanker
9290086,371386000.0,"SMD WORLD (исторические названия: MACEO, CARMEN, TI HELLAS)",Crude Oil Tanker (Супертанкер класса VLCC — Very Large Crude Carrier),319254.0,12.0,Панама,oil_tanker
9569712,422209700.0,DUNE (историческое название: DUSK),Crude Oil Tanker (Супертанкер класса VLCC — Very Large Crude Carrier),319247.0,,Иран,oil_tanker
9926740,441523000.0,VL BRIGHT,"Crude Oil Tanker (супертанкер для сырой нефти, класс VLCC)",319202.0,19.0,Республика Корея,oil_tanker
9831218,,IRINI N. LEMOSТип судна: Танкер для перевозки сырой нефти (Crude Oil Tanker / VLCC),Танкер для перевозки сырой нефти (Crude Oil Tanker / VLCC),319191.0,20.3,Мальта IMO номер: 9831218 Год постройки: 2019,oil_tanker
9424211,,OLYMPIC LUCK,Нефтяной танкер (VLCC — Very Large Crude Carrier),319106.0,11.0,Греция,oil_tanker
9602916,,SEAKING,Нефтяной танкер (VLCC — Very Large Crude Carrier),319063.0,20.3,Мальта,oil_tanker
1044106,,MENAPII,Танкер для перевозки сырой нефти (VLCC — Very Large Crude Carrier),319000.0,11.2,Бельгия,oil_tanker
1050624,,MORINI,Танкер для перевозки сырой нефти (VLCC — Very Large Crude Carrier),319000.0,11.1,Бельгия,oil_tanker
1055387,,VENUS SINGAPORE,Танкер для сырой нефти (Crude Oil Tanker),319000.0,8.0,Китай (согласно данным AIS) / Маршалловы острова (согласно данным о судне),oil_tanker
9897743,,RAYAHТип судна: Нефтяной танкер (VLCC — Very Large Crude Carrier),Нефтяной танкер (VLCC — Very Large Crude Carrier),318990.0,11.0,"Саудовская Аравия IMO номер: 9897743Год постройки: 2021 (верфь Hyundai Heavy Industries, Южная Корея)",oil_tanker
9826122,,DHT APPALOOSA,Танкер для сырой нефти (VLCC — Very Large Crude Carrier),318918.0,11.1,Маршалловы острова,oil_tanker
9804289,,COSNEW LAKE,Танкер для перевозки сырой нефти (Crude Oil Tanker / VLCC),318803.0,19.5,"Гонконг, Китай",oil_tanker
9237620,,ITG AMOY,FSO (Floating Storage and Offloading unit — плавучее нефтехранилище),318778.0,16.3,Панама,oil_tanker
9845685,,NISSOS RHENIA,Танкер для перевозки сырой нефти (Crude Oil Tanker / VLCC),318744.0,11.0,Маршалловы острова IMO номер: 9845685 Год постройки: 2019,oil_tanker
9845697,,NISSOS DESPOTIKO,Нефтяной танкер (VLCC — Very Large Crude Carrier),318744.0,20.8,Маршалловы Острова,oil_tanker
9845702,,FRONT DRIVAIMO номер: 9845702,Нефтяной танкер класса VLCC (Very Large Crude Carrier),318744.0,,Республика Кипр,oil_tanker
9853840,,NISSOS DONOUSSAIMO номер: 9853840,Танкер для перевозки сырой нефти (VLCC — Very Large Crude Carrier),318744.0,11.0,"Маршалловы острова Основные габариты: Длина (LOA) — 333.00 м, ширина — 60.00 м",oil_tanker
9534004,,EGYPT PROSPERITY,Нефтяной танкер (VLCC — Very Large Crude Carrier),318663.0,11.5,"Либерия Основные габариты: Длина общая (LOA) — 332.89 м, ширина — 60.00 м",oil_tanker
9290347,356869000.0,,Oil Tanker,318658.0,10.9,Панама (PAN).,oil_tanker
9827683,,RICHMOND VOYAGERТип судна: Нефтяной танкер (VLCC — Very Large Crude Carrier),Нефтяной танкер (VLCC — Very Large Crude Carrier),318608.0,20.5,"Маршалловы островаI MO номер: 9827683 Год постройки: 2018 (верфь Hanwha Ocean, Южная Корея)",oil_tanker
9827695,538011041.0,EL SEGUNDO VOYAGER,Crude Oil Tanker (VLCC),318608.0,,Маршалловы Острова,oil_tanker
9827700,538011043.0,PASCAGOULA VOYAGER,"Crude Oil Tanker (супертанкер, VLCC)",318608.0,11.4,Маршалловы Острова,oil_tanker
9834442,,HOUSTON VOYAGER,Танкер для перевозки сырой нефти (Crude Oil Tanker / VLCC — Very Large Crude Carrier),318608.0,11.0,Маршалловы острова,oil_tanker
9834454,,LONDON VOYAGER,Нефтяной танкер (VLCC — Very Large Crude Carrier),318608.0,11.2,Маршалловы острова,oil_tanker
9834466,,SINGAPORE VOYAGERТип судна: Танкер для сырой нефти (VLCC — Very Large Crude Carrier),Танкер для сырой нефти (VLCC — Very Large Crude Carrier),318608.0,20.9,"Маршалловы островаIMO номер: 9834466 Год постройки: 2019 (верфь Daewoo Shipbuilding & Marine Engineering, Южная Корея)",oil_tanker
9844851,,DELOS,Супертанкер для перевозки сырой нефти (VLCC).,318575.0,11.1,Либерия.,oil_tanker
9230880,,MARINERA (бывшее название BELLA 1),Супертанкер для сырой нефти (VLCC — Very Large Crude Carrier),318518.0,,,oil_tanker
9679593,,ZOURVA,Танкер для сырой нефти (Crude Oil Tanker),318513.0,11.0,Мальта,oil_tanker
9486518,477462300.0,,Супертанкер для сырой нефти (VLCC — Very Large Crude Carrier).,318506.0,,Гонконг (Китай).,oil_tanker
9901348,241742000.0,MARAN ANTIOPE,"Crude Oil Tanker (нефтяной танкер, класс VLCC — Very Large Crude Carrier)",318482.0,,Греция,oil_tanker
9689976,,NEW DREAM,Танкер для сырой нефти (Crude Oil Tanker / VLCC),318292.0,12.9,Гонконг,oil_tanker
9689990,,NEW TRIUMPH,Танкер для перевозки сырой нефти (VLCC — Very Large Crude Carrier),318239.0,11.0,Гонконг (Китай),oil_tanker
9590888,,DHT TAIGA,Нефтяной танкер (VLCC — Very Large Crude Carrier),318130.0,11.0,Маршалловы острова,oil_tanker
9402732,,URAN,Нефтяной танкер (VLCC — Very Large Crude Carrier),318068.0,10.6,Россия,oil_tanker
9387554,311000307.0,KAOMBO SUL,"Плавучая установка для добычи, хранения и отгрузки нефти (FPSO — Floating Production, Storage and Offloading).",318000.0,,Багамские Острова,oil_tanker
9486520,,NEW HORIZON,Танкер для сырой нефти (Crude Oil Tanker),317978.0,11.0,Гонконг,oil_tanker
9418054,525119184.0,QUANTUM HARMONY,"Crude Oil Tanker (нефтяной танкер, класс VLCC — Very Large Crude Carrier)",317963.0,15.5,Индонезия,oil_tanker
9486506,,NEW WISDOM,Крупнотоннажный танкер для перевозки сырой нефти (VLCC — Very Large Crude Carrier),317960.0,,Гонконг,oil_tanker
9559406,,"BRAZIL PROSPERITY (бывшее название: MARAN LYRA, TAI HUNG SAN)",Танкер для перевозки сырой нефти (VLCC — Very Large Crude Carrier),317924.0,20.8,Либерия,oil_tanker
9332535,,SEA V,Нефтяной танкер (VLCC — Very Large Crude Carrier),317788.0,11.0,Гонконг,oil_tanker
9569633,,STREAM,Танкер для перевозки сырой нефти (VLCC — Very Large Crude Carrier),317534.0,,Иран,oil_tanker
9386964,,DORRA,Нефтяной танкер (VLCC — Very Large Crude Carrier),317458.0,,Саудовская Аравия,oil_tanker
9411965,,KALLISTA (ранее: ATHENIAN HARMONY),Танкер для перевозки сырой нефти (VLCC — Very Large Crude Carrier),317441.0,14.1,Панама,oil_tanker
9429302,,ATHINA,Танкер для перевозки сырой нефти (Crude Oil Tanker / VLCC),317441.0,20.6,Мальта,oil_tanker
9357183,422206900.0,"HUGE (ранее HANTAMS, MAJESTIC, GLORY, HATEF)","Crude Oil Tanker (Танкер для перевозки сырой нефти, класс VLCC)",317367.0,20.0,Иран (IR),oil_tanker
9424273,,OLYMPIC LIGHT,Танкер для сырой нефти (VLCC — Very Large Crude Carrier),317106.0,11.0,Греция,oil_tanker
9588299,241623000.0,,Oil Tanker,317053.0,16.6,Греция (GRC).,oil_tanker
9419474,,APOLYTARES,Нефтяной танкер (VLCC — Very Large Crude Carrier),316679.0,12.1,Греция,oil_tanker
9237785,,NIRETAIMO номер: 9237785,Танкер для перевозки сырой нефти (VLCC — Very Large Crude Carrier),316476.0,8.8,Вануату (Vanuatu),oil_tanker
9501162,,DABA,Танкер для перевозки сырой нефти (Crude Oil Tanker / VLCC),316373.0,22.0,Маршалловы острова,oil_tanker
9387542,,KAOMBO NORTE (бывшее название: OLYMPIA),"FPSO (Плавучая установка для добычи, хранения и отгрузки нефти)",315981.0,,Багамские Острова,oil_tanker
9816323,,ALMI ATLASIMO номер: 9816323,Нефтеналивной танкер (VLCC — Very Large Crude Carrier),315221.0,11.3,Либерия,oil_tanker
9191400,,KELLY,Супертанкер (VLCC — Very Large Crude Carrier),314026.0,,"Панама Основные габариты: Длина (LOA) — 333.00 м, ширина — 60.00 м",oil_tanker
9250622,,RENE (бывш. KAIMON II)IMO номер: 9250622,Супертанкер (VLCC — Very Large Crude Carrier),314014.0,3.0,Панама,oil_tanker
9448700,,,Oil Tanker,314000.0,10.7,Саудовская Аравия.,oil_tanker
9529956,,JAMAICA PROSPERITY,Танкер для перевозки сырой нефти (Crude Oil Tanker / VLCC),314000.0,11.7,Либерия (Liberia),oil_tanker
9643271,,YASA SCORPIONТип судна: Нефтяной танкер (VLCC — Very Large Crude Carrier),Нефтяной танкер (VLCC — Very Large Crude Carrier),313998.0,11.0,"Маршалловы острова IMO номер: 9643271 Год постройки: 2013 (верфь Hyundai Samho Heavy Industries, Южная Корея)",oil_tanker
9605205,,C. PROGRESSТип судна: Нефтяной танкер (VLCC — Very Large Crude Carrier),Нефтяной танкер (VLCC — Very Large Crude Carrier),313990.0,,"Панама IMO номер: 9605205 Год постройки: 2012 (верфь Hyundai Heavy Industries, Южная Корея)",oil_tanker
9686364,,NEW VOYAGEIMO номер: 9686364,Танкер для перевозки сырой нефти (VLCC — Very Large Crude Carrier),313990.0,,Гонконг (Китай),oil_tanker
9770696,,TAKASAGOТип судна: Танкер для сырой нефти (VLCC — Very Large Crude Carrier),Танкер для сырой нефти (VLCC — Very Large Crude Carrier),313989.0,11.0,"Панама IMO номер: 9770696Год постройки: 2017 (верфь Japan Marine United Corporation, Япония)",oil_tanker
9321299,372495000.0,,Crude Oil Tanker (супертанкер класса VLCC),313987.0,,Панама,oil_tanker
9421984,,C. DIGNITY,Танкер для сырой нефти (Crude Oil Tanker / VLCC),313875.0,10.5,Панама,oil_tanker
9422146,,C. ETERNITYIMO номер: 9422146,Нефтеналивной танкер (VLCC — Very Large Crude Carrier),313875.0,,Панама,oil_tanker
9916185,,NAVE CELESTEТип судна: Танкер для перевозки сырой нефти (Crude Oil Tanker / VLCC),Танкер для перевозки сырой нефти (Crude Oil Tanker / VLCC),313418.0,,Либерия IMO номер: 9916185 Год постройки: 2022,oil_tanker
9404924,,C. GALAXY,Нефтяной танкер (VLCC — Very Large Crude Carrier),313405.0,10.5,Панама,oil_tanker
9205081,,WINSON NO.5,Танкер для сырой нефти (Crude Oil Tanker),312679.0,10.8,Мозамбик,oil_tanker
9827358,,TENRYU,Танкер для сырой нефти (VLCC — Very Large Crude Carrier),312611.0,10.8,Либерия,oil_tanker
9782508,,KIRISHIMA,Нефтяной танкер класса VLCC (Very Large Crude Carrier),312539.0,,Панама,oil_tanker
9913951,,TAGA,Танкер для сырой нефти (Crude Oil Tanker),312306.0,,Либерия,oil_tanker
9851608,,ENEOS GLORY,Танкер для перевозки сырой нефти (Crude Oil Tanker / VLCC),312217.0,15.4,Панама,oil_tanker
9891995,,ENEOS DREAM,Супертанкер для перевозки сырой нефти (Crude Oil Tanker / VLCC),312168.0,11.4,Япония,oil_tanker
9855484,,ESTEEM EXPLORER,Танкер для перевозки сырой нефти (Crude Oil Tanker / VLCC — Very Large Crude Carrier),312135.0,19.0,Панама,oil_tanker
9839856,,MAYASAN,Танкер для перевозки сырой нефти (VLCC),312006.0,,Япония,oil_tanker
9878644,,YOHO,Супертанкер (VLCC — Very Large Crude Carrier),312006.0,,Либерия,oil_tanker
9910117,,TATESHINAТип судна: Супертанкер для сырой нефти (Crude Oil Tanker / VLCC — Very Large Crude Carrier),Супертанкер для сырой нефти (Crude Oil Tanker / VLCC — Very Large Crude Carrier),311979.0,10.9,"ЛиберияIMO номер: 9910117 Год постройки: 2021 (верфь Nantong COSCO KHI, Китай)",oil_tanker
9828950,,SUZUKASANТип судна: Танкер для перевозки сырой нефти (Crude Oil Tanker / VLCC — Very Large Crude Carrier),Танкер для перевозки сырой нефти (Crude Oil Tanker / VLCC — Very Large Crude Carrier),311854.0,11.2,"Япония IMO номер: 9828950 Год постройки: 2018 (верфь Hitachi Zosen Corp., Япония)",oil_tanker
9828962,,PHOENIX JAMNAGAR,Танкер для сырой нефти (Crude Oil Tanker / VLCC),311798.0,15.5,Сингапур,oil_tanker
9805099,351915000.0,TEDORIGAWA,"Crude Oil Tanker (нефтяной танкер, класс VLCC)",311790.0,7.0,Панама,oil_tanker
1042500,,TARA,Танкер для перевозки сырой нефти (Crude Oil Tanker / VLCC — Very Large Crude Carrier),311624.0,19.9,Либерия,oil_tanker
9848223,,TOYA,Танкер для перевозки сырой нефти (VLCC — Very Large Crude Carrier),311393.0,,"Панама Основные габариты: Длина (LOA) — 340.00 м, ширина — 60.00 м",oil_tanker
9294329,371595000.0,,Crude Oil Tanker,311389.0,,Панама,oil_tanker
9169691,,CS PROSPERITY,FSO (Floating Storage and Offloading unit — плавучее нефтехранилище),311224.0,21.8,Маршалловы Острова,oil_tanker
9174397,649114000.0,"ARES (ранее LISA, MELISSA AMY, SINO MACRO, WINSON NO. 6, DS COMMANDER)","Crude Oil Tanker (Танкер для перевозки сырой нефти, класс VLCC)",311168.0,11.0,Мали (ML),oil_tanker
9478676,432831000.0,TAKAMATSU MARU,"Crude Oil Tanker (нефтяной танкер, класс VLCC — Very Large Crude Carrier)",311087.0,10.7,Япония,oil_tanker
9799147,477191800.0,,Crude Oil Tanker (супертанкер класса VLCC),311054.0,,Гонконг,oil_tanker
9910181,,TOWA MARU,Танкер для перевозки сырой нефти (Crude Oil Tanker / VLCC),311028.0,18.7,Япония,oil_tanker
7379993,,FPSO SAXI BATUQUE,"FPSO (Плавучая установка для добычи, хранения и отгрузки нефти)",310991.0,,Багамские Острова,oil_tanker
9339997,352898743.0,SHIZUKISAN,Нефтяной танкер класса VLCC (Very Large Crude Carrier).,310984.0,,Панама.,oil_tanker
9513402,538003869.0,KAZUSA,"Crude Oil Tanker (нефтяной танкер, класс VLCC — Very Large Crude Carrier)",310406.0,19.2,Маршалловы Острова,oil_tanker
9562673,,,Oil Tanker,310339.0,10.5,Индия.,oil_tanker
9162163,750330000.0,"SKIPPER (исторические названия: TOYO, MAERA, ADISA)","Crude Oil Tanker (Танкер для перевозки сырой нефти, класс VLCC)",310309.0,21.4,Гайана (GY),oil_tanker
9164847,,"ELI AKASO (ранее: FARM, ARM, ARMADA ULYSSES, ULYSSES)","Плавучая установка для хранения и отгрузки нефти (FSO), бывший VLCC танкер",310137.0,10.3,Панама,oil_tanker
9439058,,"NORNS (бывш. ORIENT, LIMNIA, TSURUGA)",Танкер для сырой нефти (VLCC — крупнотоннажный танкер),309960.0,,Габон,oil_tanker
9224295,,OCTANS,Нефтяной танкер (VLCC — Very Large Crude Carrier),309371.0,,Никарагуа,oil_tanker
9416628,,XIN PU YANG,Танкер для сырой нефти (VLCC),309362.0,,Китай,oil_tanker
9238868,477722100.0,"MACHO QUEEN (ранее GIANT, GRACE, RED STEM, OLYMPIC LEGEND)","Crude Oil Tanker (Танкер для перевозки сырой нефти, класс VLCC)",309270.0,20.2,Гонконг (HK),oil_tanker
9416642,,XIN YONG YANG,Нефтяной танкер (VLCC — Very Large Crude Carrier),309266.0,,Китай,oil_tanker
9416654,,XIN SHEN YANG,Танкер для сырой нефти (VLCC — Very Large Crude Carrier),309189.0,,Китай,oil_tanker
9416630,413188000.0,,Нефтяной танкер класса VLCC (Very Large Crude Carrier).,309140.0,,Китай (CHN).,oil_tanker
9233753,,ATILA,Нефтяной танкер (VLCC),309064.0,11.0,"Гайана (указан в AIS, однако судно часто скрывает флаг или использует «удобные» юрисдикции).",oil_tanker
9205079,677019100.0,PEACE II (ранее: VALENTINE),Crude Oil Tanker (класс VLCC),308491.0,20.5,Танзания (ранее: Палау),oil_tanker
9723590,414214000.0,YUAN QIU HU,Crude Oil Tanker (класс VLCC — Very Large Crude Carrier),308371.0,11.0,Китай,oil_tanker
9727223,,BANGLADESH PROSPERITY,Танкер для сырой нефти (VLCC — Very Large Crude Carrier),308285.0,20.4,Либерия,oil_tanker
9681209,,YUAN CHUN HU,Супертанкер (VLCC — Very Large Crude Carrier),308013.0,20.6,Китай,oil_tanker
9902615,636020761.0,"BARAKAH (ранее MURBAN, CS SHANDONG VENTURE)","Crude Oil Tanker (Танкер для перевозки сырой нефти, класс VLCC)",307925.0,11.0,Либерия (LR),oil_tanker
9828780,,AWABI (бывш. LANDBRIDGE WISDOM),Танкер для перевозки сырой нефти (VLCC — Very Large Crude Carrier),307894.0,,Маршалловы Острова,oil_tanker
9900655,477708900.0,NEW ERA,Crude Oil Tanker (танкер для перевозки сырой нефти),307645.0,11.2,Гонконг,oil_tanker
9771755,563061700.0,XIN MAO YANG,Crude Oil Tanker (VLCC),307573.0,,Сингапур,oil_tanker
9900679,477735500.0,NEW COROLLA,Crude Oil Tanker (супертанкер класса VLCC для перевозки сырой нефти),307551.0,13.4,Гонконг,oil_tanker
9911991,,NEW SPLENDOR,Нефтяной танкер (VLCC — Very Large Crude Carrier),307469.0,11.0,Гонконг (Китай),oil_tanker
9799185,,NEW MELODY,Танкер для перевозки сырой нефти (Crude Oil Tanker / VLCC — Very Large Crude Carrier),307431.0,20.3,Гонконг (КНР),oil_tanker
9312511,,"MONACO LOYALTY (ранее NEPTUN, MAERSK NEPTUNE)",Танкер для перевозки сырой нефти (VLCC),307284.0,21.8,Маршалловы острова,oil_tanker
9358292,,"PLATA LUCKY (бывшее название: MAERSK NEWTON, NEWTON)",Нефтяной танкер класса VLCC (Very Large Crude Carrier),307284.0,12.3,Либерия,oil_tanker
9180891,,PHOENIX STAR,FSO (Floating Storage and Offloading unit — плавучее нефтехранилище),307151.0,20.5,Таиланд,oil_tanker
9799214,477372400.0,NEW TREASURE,"Crude Oil Tanker (супертанкер, VLCC)",307105.0,11.0,Гонконг,oil_tanker
9230878,,SA CAPRICORN,FSO (Floating Storage and Offloading unit — плавучее нефтехранилище),306999.0,17.1,Багамские Острова,oil_tanker
9292498,,NIOVI,Танкер для перевозки сырой нефти (Crude Oil Tanker / VLCC),306997.0,20.3,Панама,oil_tanker
9912000,,NEW ADEN,Танкер для перевозки сырой нефти (VLCC — Very Large Crude Carrier),306474.0,20.4,Гонконг (Китай),oil_tanker
9322267,,ASGARD,Нефтяной танкер (VLCC — Very Large Crude Carrier),306431.0,,Россия,oil_tanker
9294290,,KIRIN STAR,FSO (Floating Storage and Offloading unit — плавучее нефтехранилище),306352.0,16.0,Таиланд,oil_tanker
9240512,987109000.0,CARINA,Crude Oil Tanker (Крупнотоннажный танкер для перевозки сырой нефти),306314.0,11.2,Неизвестен (Unknown),oil_tanker
1097775,,ARISTOTELIS II,Танкер для перевозки сырой нефти (VLCC — Very Large Crude Carrier),306113.0,11.0,Либерия,oil_tanker
9180255,,"GALILEAN 7 (ранее: RIDGEBURY PRIDE, PRIDE, BRITISH PRIDE)","Плавучая установка для хранения и отгрузки нефти (FSO), бывший VLCC танкер",305796.0,23.0,Маршалловы острова,oil_tanker
9292163,518999103.0,"BERTHA (исторические названия: MONICA S, FRONT FORCE, ONOBA, SEA FORCE)","Crude Oil Tanker (Танкер для перевозки сырой нефти, класс VLCC)",305442.0,21.5,Острова Кука (CK),oil_tanker
9535058,,HAKUSAN,Супертанкер (VLCC — Very Large Crude Carrier),305350.0,,Япония,oil_tanker
9244867,,SA JEWEL,FSO (Floating Storage and Offloading unit — плавучее нефтехранилище),305178.0,16.9,Багамские Острова,oil_tanker
1090777,,NEW EXPLORERIMO номер: 1090777,Танкер для перевозки сырой нефти (Crude Oil Tanker / VLCC),304627.0,19.1,"Гонконг Основные габариты: Длина общая (LOA) — 333.00 м, ширина — 60.00 м",oil_tanker
9259331,,SUGAR APPLUS (бывшее название EURODESTINY),Супертанкер для сырой нефти (VLCC),303896.0,,Камерун (удобный флаг),oil_tanker
9294563,,PIS PIONEER,Танкер для сырой нефти (Crude Oil Tanker),303430.0,10.7,Панама,oil_tanker
9788320,,FRONT EARL,Танкер для перевозки сырой нефти (Crude Oil Tanker / VLCC — Very Large Crude Carrier),303121.0,10.8,Маршалловы острова,oil_tanker
9220964,,ST3,Танкер для сырой нефти (Crude Oil Tanker),302977.0,11.5,Маршалловы острова,oil_tanker
9735373,,GEM NO. 2,Танкер для перевозки сырой нефти (VLCC),302783.0,,Панама,oil_tanker
9346952,,ASHOKA,Нефтяной танкер (VLCC — Very Large Crude Carrier),302550.0,11.0,"Либерия Основные габариты: Длина общая (LOA) — 333.00 м, ширина — 60.00 м",oil_tanker
9313137,,YAMATOGAWA,Супертанкер (VLCC — Very Large Crude Carrier),302488.0,,Япония,oil_tanker
9397145,,ATLANTIC PIONEERIMO номер: 9397145,Танкер для перевозки сырой нефти (VLCC),302303.0,20.6,Панама,oil_tanker
9362877,,YAKUMOSAN,Танкер для перевозки сырой нефти (VLCC),302165.0,,Маршалловы острова,oil_tanker
9343390,,TENJUN,Танкер для перевозки сырой нефти (VLCC),302107.0,,Панама,oil_tanker
9343405,636021039.0,TAMBA,Crude Oil Tanker (VLCC),302107.0,,Либерия,oil_tanker
9941673,,HELIOS,Нефтяной танкер (VLCC — Very Large Crude Carrier),302093.0,20.5,"Багамские острова Основные габариты: Длина общая (LOA) — 330.00 м, ширина — 60.00 м",oil_tanker
1015258,,PARNASSOS,Танкер для перевозки сырой нефти (VLCC — Very Large Crude Carrier),302062.0,11.0,Багамские Острова,oil_tanker
9397779,,FPMC C INTELLIGENCE,Нефтяной танкер (VLCC — Very Large Crude Carrier),301861.0,17.9,Либерия,oil_tanker
9419967,,SINGAPORE PROSPERITY,Нефтяной танкер (VLCC — Very Large Crude Carrier),301861.0,11.0,Либерия,oil_tanker
9447574,636014909.0,FPMC C LORD,Crude Oil Tanker (VLCC — крупнотоннажный танкер для перевозки сырой нефти),301861.0,10.5,ЛИБЕРИЯ (LIBERIA),oil_tanker
9407316,636014592.0,FPMC C JADE,Crude Oil Tanker (танкер для сырой нефти класса VLCC),301785.0,19.3,Либерия,oil_tanker
9012915,,RANI,"Crude Oil Tanker (Танкер для перевозки сырой нефти, класс VLCC)",301686.0,,Греция (GR),oil_tanker
9454486,,TANGOТип судна: Танкер для перевозки сырой нефти (Crude Oil Tanker / VLCC),Танкер для перевозки сырой нефти (Crude Oil Tanker / VLCC),301661.0,10.8,"Япония (Japan) IMO номер: 9454486 Год постройки: 2009 (верфь JMU Kure Shipyard, Япония)",oil_tanker
9391775,372324000.0,BASRAH ENERGY,"Crude Oil Tanker (Танкер для перевозки сырой нефти, класс VLCC)",301583.0,10.6,Панама (PA),oil_tanker
9788875,,CARIBBEAN GLORY,Танкер для перевозки сырой нефти (Crude Oil Tanker / VLCC),301528.0,11.0,Панама,oil_tanker
9788899,,FRONT PRINCE,Танкер для перевозки сырой нефти (VLCC — Very Large Crude Carrier),301187.0,20.2,Маршалловы Острова,oil_tanker
9794812,,UNIVERSAL HONOR,Танкер для перевозки сырой нефти (Crude Oil Tanker / VLCC),301123.0,21.0,Либерия,oil_tanker
9789271,538009824.0,MELODY HOPE,"Crude Oil Tanker (супертанкер, VLCC)",300927.0,20.6,Маршалловы Острова,oil_tanker
9329796,,KIKU,Нефтяной танкер (VLCC — Very Large Crude Carrier),300866.0,11.0,Панама,oil_tanker
9929651,,C. EARNEST,Нефтяной танкер (VLCC — Very Large Crude Carrier),300795.0,11.0,Либерия,oil_tanker
9854703,,ZAYNAHТип судна: Нефтяной танкер (VLCC — Very Large Crude Carrier),Нефтяной танкер (VLCC — Very Large Crude Carrier),300759.0,,"Саудовская Аравия IMO номер: 9854703 Год постройки: 2019 (верфь Daewoo Shipbuilding & Marine Engineering, Южная Корея)",oil_tanker
9264881,620800058.0,OMRA (ранее WEN HU [название на корпусе в image_4148a1.jpg]),"Crude Oil Tanker (Танкер для перевозки сырой нефти, класс VLCC)",300544.0,20.5,Коморские острова (KM),oil_tanker
9334210,353841000.0,IDEMITSU MARU,"Crude Oil Tanker (Танкер для перевозки сырой нефти, класс VLCC)",300433.0,11.0,Панама (PA),oil_tanker
9244623,,HARMONY STAR,FSO (Floating Storage and Offloading unit — плавучее нефтехранилище),300373.0,16.3,Панама,oil_tanker
9102277,620999528.0,"ITAUGUA (исторические названия: CINNAMON, PERON, LILA ROME)","Crude Oil Tanker (Танкер для перевозки сырой нефти, класс VLCC)",300361.0,,Коморские острова (KM),oil_tanker
9851830,,HILI (ранее HUNTER ATLA),Танкер для перевозки сырой нефти (VLCC),300300.0,,Либерия,oil_tanker
9933640,,(Согласно IMO 9933640) — APOLLON,Супертанкер для сырой нефти (VLCC — Very Large Crude Carrier),300000.0,,Маршалловы Острова,oil_tanker
9229439,350161000.0,,Crude Oil Tanker (Супертанкер класса VLCC),299999.0,20.3,,oil_tanker
9387578,,NUSHEN,Супертанкер (VLCC — Very Large Crude Carrier),299999.0,,Барбадос,oil_tanker
9623685,,ANGOLA B (ранее TEXAS),Танкер для перевозки сырой нефти (VLCC),299999.0,,Либерия,oil_tanker
9723083,,DONOUSSAТип судна: Танкер для перевозки сырой нефти (Crude Oil Tanker / VLCC — Very Large Crude Carrier),Танкер для перевозки сырой нефти (Crude Oil Tanker / VLCC — Very Large Crude Carrier),299999.0,11.0,"Франция IMO номер: 9723083 Год постройки: 2016 (верфь Daewoo Shipbuilding & Marine Engineering, Южная Корея)",oil_tanker
9723095,,FRONT TAY,Нефтяной танкер (VLCC — Very Large Crude Carrier),299999.0,11.0,Маршалловы Острова,oil_tanker
9828338,241622000.0,ASCONA,Crude Oil Tanker (танкер для перевозки сырой нефти),299999.0,19.9,Греция,oil_tanker
9877781,,FRONT MORGAN,Танкер для перевозки сырой нефти (Crude Oil Tanker / VLCC — Very Large Crude Carrier),299999.0,11.0,Маршалловы острова,oil_tanker
9923487,,YIANNIS LATSIS,Нефтяной танкер (VLCC — Very Large Crude Carrier),299999.0,20.5,Греция,oil_tanker
9302023,621819085.0,,Oil Tanker,299998.0,21.0,Джибути (DJI).,oil_tanker
9930777,241809000.0,ANTONIS I. ANGELICOUSSIS,"Crude Oil Tanker (танкер для перевозки сырой нефти, класс VLCC)",299998.0,11.1,Греция,oil_tanker
9870824,,SURТип судна: Танкер для перевозки сырой нефти (Crude Oil Tanker / VLCC),Танкер для перевозки сырой нефти (Crude Oil Tanker / VLCC),299997.0,11.0,"Маршалловы острова (Marshall Islands) IMO номер: 9870824 Год постройки: 2020 (верфь Hyundai Heavy Industries, Южная Корея)",oil_tanker
9855331,,FRONT EIRA,Нефтяной танкер (VLCC — Very Large Crude Carrier),299995.0,11.0,Либерия,oil_tanker
9858034,,VIRTUS ET LABOR,Супертанкер (VLCC — Very Large Crude Carrier),299995.0,,Маршалловы острова,oil_tanker
9251597,,NEW DYNASTY (исторически: PERSEUS TRADER),Танкер для перевозки сырой нефти (VLCC),299992.0,20.8,Панама,oil_tanker
9526461,,SOUTH AFRICA PROSPERITY (ранее ITHAKI),Танкер для перевозки сырой нефти (VLCC),299992.0,11.0,Либерия,oil_tanker
9183934,,"FELICITY (ранее LEYCOTHEA, URAL)",Танкер для перевозки сырой нефти (VLCC),299990.0,,Иран,oil_tanker
9597252,,MOROCCO PROSPERITY (бывшее название: EAGLE VARNA),Нефтяной танкер класса VLCC (Very Large Crude Carrier),299989.0,11.0,Либерия,oil_tanker
9877755,,SEAVOICE,Нефтяной танкер (VLCC — Very Large Crude Carrier),299989.0,21.6,Мальта,oil_tanker
9905459,,ALEXANDROSТип судна: Танкер для перевозки сырой нефти (Crude Oil Tanker / VLCC — Very Large Crude Carrier),Танкер для перевозки сырой нефти (Crude Oil Tanker / VLCC — Very Large Crude Carrier),299989.0,21.4,Либерия IMO номер: 9905459 Год постройки: 2022,oil_tanker
9909807,,GRAND AMBITION,Танкер для сырой нефти (Crude Oil Tanker / VLCC),299988.0,19.8,Панама,oil_tanker
9915569,,GRAND BONANZA,Танкер для перевозки сырой нефти (VLCC),299988.0,21.0,Панама,oil_tanker
9920784,,FRONT TWEED,Нефтяной танкер (VLCC — Very Large Crude Carrier),299986.0,19.8,Мальта,oil_tanker
9259343,613617404.0,LORIAN (ранее эксплуатировалось под именами NEW NAXOS и VEGA TRADER),"Crude Oil Tanker (супертанкер для сырой нефти, класс VLCC)",299985.0,,Камерун,oil_tanker
9762986,,DHT HARRIER,Танкер для перевозки сырой нефти (Crude Oil Tanker / VLCC — Very Large Crude Carrier),299985.0,11.0,Маршалловы острова,oil_tanker
9597276,,EAGLE VERSAILLES,Нефтяной танкер (VLCC — Very Large Crude Carrier),299984.0,14.2,Сингапур,oil_tanker
9905447,636021827.0,ADAMANTIOS,"Crude Oil Tanker (супертанкер для сырой нефти, класс VLCC)",299984.0,11.0,Либерия,oil_tanker
9727015,,SEAWAYS HENDRICKS,Танкер для сырой нефти (Crude Oil Tanker),299983.0,9.3,Маршалловы Острова,oil_tanker
9898553,,FRONT MAINE (ранее DICKENS),Танкер для сырой нефти (VLCC — Very Large Crude Carrier),299982.0,,Маршалловы острова,oil_tanker
9837597,,UNIVERSAL LEADER,Танкер для перевозки сырой нефти (Crude Oil Tanker / VLCC),299981.0,20.3,Республика Корея (South Korea),oil_tanker
9837614,,UNIVERSAL PARTNER,Танкер для сырой нефти (Crude Oil Tanker / VLCC),299981.0,20.4,Республика Корея (South Korea),oil_tanker
9933664,,FRONT ORKLAТип судна: Нефтяной танкер (VLCC — Very Large Crude Carrier),Нефтяной танкер (VLCC — Very Large Crude Carrier),299976.0,11.0,Кипр IMO номер: 9933664 Год постройки: 2023,oil_tanker
9931343,,G.HOPE,Танкер для сырой нефти (VLCC — Very Large Crude Carrier),299945.0,20.2,Панама,oil_tanker
9885594,,,Oil Tanker,299942.0,11.0,Маршалловы Острова.,oil_tanker
9905100,,VINCERE,Супертанкер для сырой нефти (VLCC — Very Large Crude Carrier),299936.0,21.7,Маршалловы острова,oil_tanker
9283801,,NOVA,Супертанкер для перевозки сырой нефти (VLCC).,299868.0,19.8,Панама (смена с Кюрасао).,oil_tanker
9845221,,V. ADVANCEТип судна: Нефтяной танкер (VLCC — Very Large Crude Carrier),Нефтяной танкер (VLCC — Very Large Crude Carrier),299682.0,10.8,"Маршалловы острова IMO номер: 9845221 Год постройки: 2019 (верфь Hyundai Samho Heavy Industries, Южная Корея)",oil_tanker
9733947,,DHT JAGUAR,Танкер для перевозки сырой нефти (Crude Oil Tanker / VLCC),299629.0,,"Маршалловы острова IMO номер: 9733947 Год постройки: 2015 (верфь Hyundai Heavy Industries, Южная Корея)",oil_tanker
9733959,,DHT TIGER,Нефтяной танкер (VLCC — Very Large Crude Carrier),299629.0,11.0,Маршалловы острова,oil_tanker
9733961,,DHT LEOPARD,Нефтяной танкер (VLCC — Very Large Crude Carrier),299629.0,11.0,Маршалловы Острова,oil_tanker
9933561,,ADVANTAGE VITAL,Нефтяной танкер (VLCC — Very Large Crude Carrier),299590.0,11.0,Маршалловы острова,oil_tanker
9933602,,EAGLE VELLORE,Танкер для перевозки сырой нефти (VLCC — Very Large Crude Carrier),299554.0,14.5,Малайзия,oil_tanker
9829370,636022827.0,UNIVERSAL INNOVATOR,Crude Oil Tanker (танкер для перевозки сырой нефти),299546.0,11.0,Либерия,oil_tanker
9221918,,KITAKAZE,Танкер для сырой нефти (Crude Oil Tanker),299498.0,10.7,Джибути,oil_tanker
9928011,,HABSHAN,Танкер для сырой нефти (Crude Oil Tanker),299425.0,21.7,Либерия,oil_tanker
9845154,,V. PROGRESS,Нефтяной танкер (VLCC — Very Large Crude Carrier),299420.0,11.0,Республика Корея (Южная Корея),oil_tanker
9933614,,EAGLE VENTURA,Танкер для перевозки сырой нефти (Crude Oil Tanker / VLCC — Very Large Crude Carrier),299407.0,21.1,Сингапур,oil_tanker
9933585,538010089.0,SEAWAYS ENTERPRISE,Crude Oil Tanker (класс VLCC — Very Large Crude Carrier),299365.0,11.1,Маршалловы Острова,oil_tanker
9771339,,FRONT DUKE,Танкер для сырой нефти (VLCC — крупнотоннажный танкер),299334.0,11.0,Маршалловы острова,oil_tanker
9709087,,VIETNAM PROSPERITY,Танкер для перевозки сырой нефти (VLCC — Very Large Crude Carrier),299320.0,11.2,Либерия,oil_tanker
9924510,,HYUNDAI ULSAN 3257,"Нефтяной танкер (Crude Oil Tanker, VLCC)",299279.0,,Неизвестен (по данным AIS),oil_tanker
9783734,,SEAPASSION,Танкер для перевозки сырой нефти (VLCC — Very Large Crude Carrier),299271.0,20.3,Багамские Острова,oil_tanker
9212905,,HAPPINESS I,Танкер для перевозки сырой нефти (VLCC — Very Large Crude Carrier),299214.0,20.9,Иран,oil_tanker
9248473,,AQUA,Танкер для перевозки сырой нефти (VLCC — Very Large Crude Carrier),299152.0,,Малави,oil_tanker
9284946,,"HELLSTUGUTINDEN (исторически: SAGA, AUSTRALIS, AUSTRALIA)",Танкер для перевозки сырой нефти (VLCC),299095.0,21.0,Либерия,oil_tanker
9732553,636026084.0,COLOMBIA PROSPERITY,"Crude Oil Tanker (нефтяной танкер, класс VLCC — Very Large Crude Carrier)",299011.0,11.0,Либерия,oil_tanker
9830795,,AJWAD,Нефтяной танкер (VLCC — Very Large Crude Carrier),298998.0,,Саудовская Аравия,oil_tanker
9728708,,BELGIUM B,Нефтяной танкер (VLCC — Very Large Crude Carrier),298991.0,11.0,Либерия,oil_tanker
9728710,,EAGLE VENICE,Танкер для перевозки сырой нефти (Crude Oil Tanker / VLCC),298991.0,11.0,Сингапур,oil_tanker
9085364,,DELOS,Супертанкер для перевозки сырой нефти (VLCC).,298816.0,,Греция (исторически).,oil_tanker
9779824,,ASLAF,Нефтяной танкер (VLCC — Very Large Crude Carrier),298778.0,10.9,Саудовская Аравия,oil_tanker
9253117,356569000.0,"AN SHUN II (исторические названия: NAVE CELESTE, BW LUCK, WORLD LUCK)",Crude Oil Tanker (Супертанкер класса VLCC — Very Large Crude Carrier),298717.0,,Панама,oil_tanker
9783693,,AMAD,Нефтяной танкер (VLCC — Very Large Crude Carrier),298705.0,10.8,Саудовская Аравия,oil_tanker
9196618,,AQUARIUS STAR,FSO (Floating Storage and Offloading unit — плавучее нефтехранилище),298641.0,14.9,Таиланд,oil_tanker
9182318,,SA CRYSTAL,FSO (Floating Storage and Offloading unit — плавучее нефтехранилище),298570.0,16.2,Багамские Острова,oil_tanker
9258519,477401400.0,,Crude Oil Tanker,298563.0,,Гонконг,oil_tanker
9326055,352002475.0,,Crude Oil Tanker (VLCC),298522.0,,Панама,oil_tanker
9196644,629009392.0,,Crude Oil Tanker,298465.0,,Гамбия,oil_tanker
9245794,,LATTAFA,Танкер для сырой нефти (Crude Oil Tanker),298330.0,11.0,Аруба,oil_tanker
9337183,477242800.0,COSJADE LAKE,Crude Oil Tanker (класс VLCC — Very Large Crude Carrier),298216.0,,Гонконг,oil_tanker
9183374,,"FELI (ранее известное как FSO по классификации, хотя параметры соответствуют VLCC)",Танкер для сырой нефти (VLCC),298023.0,,Панама,oil_tanker
9384590,,PLATA GLORY (бывш. FRONT KATHRINE),Танкер для сырой нефти (VLCC — Very Large Crude Carrier),297974.0,11.5,Маршалловы острова,oil_tanker
9398058,,NEW PROSPECT,Танкер для перевозки сырой нефти (Crude Oil Tanker / VLCC),297934.0,11.0,Либерия,oil_tanker
9740330,,FIJI PROSPERITYТип судна: Танкер для перевозки сырой нефти (Crude Oil Tanker / VLCC),Танкер для перевозки сырой нефти (Crude Oil Tanker / VLCC),297638.0,11.2,"Либерия (Liberia) IMO номер: 9740330 Год постройки: 2017 (верфь Hyundai Heavy Industries, Южная Корея)",oil_tanker
9514561,,PANAMA PROSPERITY,Танкер для сырой нефти (Crude Oil Tanker),297491.0,6.3,Либерия,oil_tanker
9294068,,SOUTHERN EMPEROR,FSO (Floating Storage and Offloading unit — плавучее нефтехранилище),297376.0,18.5,Либерия,oil_tanker
9514559,,NAVE QUASAR,Танкер для сырой нефти (VLCC),297376.0,,Либерия,oil_tanker
9730086,,,Oil Tanker,297363.0,11.0,Либерия.,oil_tanker
9522178,,,Oil Tanker,297345.0,20.2,Либерия.,oil_tanker
9389784,477639800.0,XIN HAN YANG,"Crude Oil Tanker (супертанкер, VLCC)",297293.0,11.0,Гонконг,oil_tanker
9389760,,XIN RUN YANG,Танкер для перевозки сырой нефти (VLCC — Very Large Crude Carrier),297244.0,14.8,Гонконг (КНР),oil_tanker
9030993,,"PROGRESS (ранее: ORION STAR, SPARTAN WARRIOR, NEW PROGRESS)","Нефтяной танкер (Crude Oil Tanker, VLCC)",297237.0,,Неактивен (ранее Либерия/Коморские острова),oil_tanker
9522180,,DS VENTURE,Танкер для перевозки сырой нефти (Crude Oil Tanker / VLCC),297228.0,11.5,Либерия,oil_tanker
9417189,,YUAN SHAN HU,Танкер для перевозки сырой нефти (VLCC — Very Large Crude Carrier),297136.0,15.0,Китай,oil_tanker
9534858,636026487.0,COSTA RICA PROSPERITY (ранее эксплуатировалось под именем TRIKWONG VENTURE),"Crude Oil Tanker (супертанкер для сырой нефти, класс VLCC)",297136.0,11.0,"Либерия (согласно текущим AIS-данным, несмотря на исторические записи о регистрации в Гонконге)",oil_tanker
9575101,477083500.0,SEA SPLENDOR,"Crude Oil Tanker (нефтяной танкер, класс VLCC — Very Large Crude Carrier)",297123.0,,Гонконг,oil_tanker
9534846,,SINGAPORE ENERGY,Танкер для перевозки сырой нефти (Crude Oil Tanker / VLCC),297085.0,21.5,Либерия,oil_tanker
9486532,477932600.0,"NEW PIONEER (ранее YANGTZE SPLENDOR) Тип: Нефтяной танкер класса VLCC (Very Large Crude Carrier) Идентификаторы: IMO 9486532,","Нефтяной танкер класса VLCC (Very Large Crude Carrier) Идентификаторы: IMO 9486532, MMSI 477932600, позывной VRHK3",297058.0,,"Гонконг (Китай) Год постройки: 2010 (верфь Dalian Shipbuilding Industry, Китай) Габариты: Длина (LOA) 330.05 м, ширина 60.02 м Тоннаж:",oil_tanker
9575096,,HARBOUR SPLENDOR,Танкер для перевозки сырой нефти (Crude Oil Tanker / VLCC),297052.0,11.5,Гонконг IMO номер: 9575096 Год постройки: 2010,oil_tanker
9563237,,ROBERTA B (бывшее название: SEAWAYS KILIMANJARO),Нефтяной танкер класса VLCC (Very Large Crude Carrier),296999.0,11.0,Либерия,oil_tanker
9515929,,NEW STRENGTH,Нефтяной танкер (VLCC — Very Large Crude Carrier),296988.0,11.0,Либерия,oil_tanker
9379698,570321000.0,,Crude Oil Tanker,296481.0,,Тонга,oil_tanker
9077800,,FPSO PSVM (бывшее название: BOURGOGNE),"FPSO (Плавучая установка для добычи, хранения и отгрузки нефти) / Конвертированный танкер",296230.0,,Багамские Острова,oil_tanker
9910234,,EAGLE VALENCE,Танкер для перевозки сырой нефти (VLCC — Very Large Crude Carrier),290000.0,11.4,Франция,oil_tanker
9183362,620800080.0,"GOLDEN SUNRISE (ранее PAEONY, NEW PROSPERITY)",Crude Oil Tanker (Танкер для перевозки сырой нефти),281050.0,11.0,Коморские острова (KM),oil_tanker
9197856,,RUBYNI,Танкер для сырой нефти (VLCC),281050.0,,"Камерун Основные габариты: Длина общая (LOA) — 330.00 м, ширина — 60.00 м",oil_tanker
8907319,,"AILSA CRAIG I (ранее: RUBY III, ORPHEUS ASIA)","Плавучая установка для хранения и отгрузки нефти (FSO), бывший VLCC",274990.0,,Либерия,oil_tanker
9919814,,,"FPSO (Плавучая установка для добычи, хранения и отгрузки нефти)",250000.0,,Багамские Острова,oil_tanker
9630951,,"FPSO CLOV (акроним по названиям месторождений: Cravo, Lirio, Orquidea, Violeta)","FPSO (Плавучая установка для добычи, хранения и отгрузки нефти)",214000.0,,Панама,oil_tanker
9244659,366948190.0,ALASKAN FRONTIER,Crude Oil Tanker (танкер для перевозки сырой нефти),193049.0,10.3,Соединенные Штаты Америки,oil_tanker
9915105,273259900.0,KORYAK FSU,Floating Storage/Production (FSO — Плавучее нефтехранилище),192072.0,10.0,Россия (RUSSIA),oil_tanker
9318149,,ORPHEAS,Танкер для перевозки сырой нефти (Suezmax),167282.0,9.5,Либерия,oil_tanker
9452880,,AFRODITI,Танкер для перевозки сырой нефти (Suezmax),166164.0,15.1,Либерия,oil_tanker
9416422,352003620.0,"OCEAN THUNDER (исторические названия: RIDGEBURY JOHN ZIPSER, WILSKY, CRUDE GAMMA)","Crude Oil Tanker (Танкер для перевозки сырой нефти, класс Suezmax)",164772.0,,Панама,oil_tanker
9412335,,"SHARQAH (ранее: AGRI, MARAN TETHYS)",Нефтяной танкер (Suezmax),164611.0,,Оман,oil_tanker
9411082,,"NEW LIBERTY (бывш. NOBLEWAY, KNOCK CLUNE)",Нефтяной танкер (Suezmax),164028.0,,"Панама Основные габариты: Длина общая (LOA) — 274.00 м, ширина — 48.00 м",oil_tanker
9315173,636014506.0,,Танкер для перевозки сырой нефти (Crude Oil Tanker / VLCC).,163216.0,9.3,Либерия (LR).,oil_tanker
9311622,,"DINASTY (бывш. VLADIMIR TIKHONOV, VANGUARD)",Танкер для сырой нефти (Suezmax),162397.0,9.3,Оман,oil_tanker
9419101,636018765.0,,Oil Tanker,161762.0,,"Либерия (LR). Габариты: Длина (LOA) 274.20 м, ширина 50.00 м. Тоннаж:",oil_tanker
9203784,,"ADITYA (ранее LOTUS, SANDRO, EUROSPIRIT, TENERIFE SPIRIT, BOSCO TAPIAS)",Танкер для перевозки сырой нефти (Suezmax),160373.0,9.5,Гайана (ранее Иран),oil_tanker
9224271,,"NICHOLA (ранее SPIRIT OF CASPER, MARIA GRACE, GENER8 ORION)",Танкер для перевозки сырой нефти (Suezmax),160288.0,9.3,Гайана (ранее Панама),oil_tanker
9590319,,METRO MOON,Нефтеналивной танкер (Suezmax),160250.0,,Либерия,oil_tanker
9221970,422160500.0,"SOBAR (исторические названия: RISE DIGNITY, HS ALCINA, SOMJIN)",Crude Oil Tanker (Танкер класса Suezmax),160183.0,,Иран,oil_tanker
9588158,636016128.0,,Oil Tanker,160152.0,13.4,Либерия.,oil_tanker
9228655,,LUCIA A,Нефтяной танкер (Suezmax),159996.0,9.1,"Сан-Марино (указан в актуальных данных AIS) Основные габариты: Длина общая (LOA) — 274.20 м, ширина — 48.00 м",oil_tanker
9248423,,"ALKEBULAN (ранее: NORDIC APOLLO, GLYFADA SPIRIT, EURO SPIRIT)",Танкер-нефтевоз (Suezmax),159988.0,,Маршалловы острова,oil_tanker
9185528,,,Танкер для перевозки сырой нефти (Suezmax),159959.0,,"Камерун Основные габариты: Длина (LOA) — 274.26 м, ширина — 48.00 м",oil_tanker
9404845,,ZENITH SPIRIT,Танкер для сырой нефти (Crude Oil Tanker),159952.0,13.5,Багамские острова,oil_tanker
9247376,667002425.0,,Oil Tanker,159924.0,,"Сьерра-Леоне. Габариты: Длина (LOA) 274.00 м, ширина 48.04 м. Тоннаж:",oil_tanker
9172038,422153000.0,"SINOPA (исторические названия: SUPERIOR, DAISY, SUSANGIRD)",Crude Oil Tanker (Танкер класса Suezmax),159681.0,15.5,Иран,oil_tanker
9259745,,ETERNAL PEACE,Танкер для сырой нефти (Crude Oil Tanker),159549.0,9.5,Кюрасао (согласно данным AIS),oil_tanker
9173745,,"CHLOE (ранее SAM 121, SAMAH, SAVIOR, EUROHOPE, GENMAR HOPE)",Танкер для перевозки сырой нефти (Suezmax),159539.0,8.7,Гайана,oil_tanker
9593012,,NEELA,Нефтяной танкер (Suezmax Crude Oil Tanker),159500.0,,Маршалловы острова,oil_tanker
9248813,,ARINA,Нефтяной танкер (Suezmax),159438.0,8.5,Гонконг,oil_tanker
9248825,,,Нефтяной танкер (Suezmax),159392.0,,Панама,oil_tanker
9585883,255804740.0,MONTESTENA,"Crude Oil Tanker (нефтяной танкер, класс Suezmax)",159372.0,9.3,Португалия (Мадейра),oil_tanker
9288899,,"NORELIA (бывшие названия: EUROVOYAGER, TOLEDO SPIRIT, ROCKY RUNNER)",Танкер для перевозки сырой нефти (Suezmax),159342.0,14.7,Сьерра-Леоне,oil_tanker
9231509,,"CHIOS (ранее: TREND, MM STRENGTH, SPM STRENGTH)",Танкер для перевозки сырой нефти (Suezmax),159314.0,15.9,Камерун (регистр с высоким уровнем риска),oil_tanker
9579030,,STENA SUPERIOR,Нефтяной танкер (Suezmax),159236.0,15.8,Кипр,oil_tanker
9318072,,DOKOS,Нефтяной танкер (Suezmax),159233.0,,Либерия,oil_tanker
9819868,,HARMONIC,Танкер для сырой нефти (Crude Oil Tanker),159204.0,9.0,Греция,oil_tanker
9224453,,TRACOS (бывш. BERLINA)IMO номер: 9224453,Танкер для перевозки сырой нефти (Suezmax),159196.0,9.2,Панама,oil_tanker
9293143,,"KASPER (ранее TITAN, CLASSIC, RIDGEBURY PALLAS, CAPE BRINDISI)",Танкер для перевозки сырой нефти (Suezmax),159195.0,,"Кюрасао (ранее Панама, Индия, др.)",oil_tanker
9224441,,GRUS I,Танкер для перевозки сырой нефти (Suezmax).,159173.0,12.6,Камерун.,oil_tanker
9224439,,CAROLINE BEZENGI,Танкер класса Suezmax для перевозки сырой нефти.,159168.0,15.9,Камерун.,oil_tanker
9886378,,ZEUS,Нефтяной танкер (Suezmax),159153.0,15.8,Багамские острова,oil_tanker
9293131,636025759.0,,Crude Oil Tanker (Танкер для перевозки сырой нефти),159152.0,,Либерия,oil_tanker
1037933,,,Oil Tanker,159120.0,13.4,Маршалловы Острова.,oil_tanker
9281152,352001694.0,AQUILA II,"Crude Oil Tanker (Танкер для перевозки сырой нефти, класс Suezmax)",159073.0,,Панама,oil_tanker
9280885,352001692.0,,Crude Oil Tanker (нефтеналивной танкер),159055.0,,Панама,oil_tanker
9785225,241502000.0,MINERVA KALYPSO,"Crude Oil Tanker (нефтяной танкер, класс Suezmax)",159055.0,,Греция,oil_tanker
9326809,,DESH ABHIMAAN,Нефтяной танкер (Suezmax Crude Oil Tanker),159040.0,,Индия,oil_tanker
9378369,,,Oil Tanker,159021.0,13.7,Либерия.,oil_tanker
9379210,636024998.0,"CORE AXIS (ранее SHENLONG, SHENLONG SPIRIT)",Crude Oil Tanker (Танкер для перевозки сырой нефти),159021.0,8.7,Либерия (LR),oil_tanker
1070832,,NISSOS DELOS,Танкер для перевозки сырой нефти (Suezmax),158958.0,14.5,Маршалловы Острова,oil_tanker
1030399,,AESOP,Танкер для сырой нефти (Suezmax Crude Oil Tanker),158954.0,9.2,Багамские острова,oil_tanker
1030404,,SIENA,Танкер для перевозки сырой нефти (Crude Oil Tanker / Suezmax),158932.0,12.9,Багамские острова,oil_tanker
9745237,,AEGEAN UNITY,Танкер для перевозки сырой нефти (Suezmax),158932.0,15.9,Греция,oil_tanker
9321691,,BARQ,Танкер для перевозки сырой нефти (Crude Oil Tanker / Suezmax),158889.0,9.0,Оман,oil_tanker
9301524,,DENEB (бывш. PALMER),Танкер для перевозки сырой нефти (Suezmax),158843.0,,Сьерра-Леоне,oil_tanker
9330874,,ASTRA MARIS,Нефтяной танкер (Suezmax),158826.0,8.5,Либерия,oil_tanker
9380740,,CAP THEODORA,Танкер для сырой нефти (Suezmax),158819.0,14.6,Греция,oil_tanker
9730361,,TRINITY,Танкер для сырой нефти (Crude Oil Tanker),158734.0,9.2,Маршалловы Острова,oil_tanker
9843340,,YUAN NAN HAI,Нефтяной танкер (Suezmax),158694.0,15.5,Китай,oil_tanker
9589748,,RIO APURE (ранее: MELITA),Танкер для перевозки сырой нефти (Suezmax),158658.0,15.3,Маршалловы острова,oil_tanker
9588469,,NORDIC ZENITH,Танкер для перевозки сырой нефти (Suezmax),158645.0,15.7,Либерия,oil_tanker
9594133,,LENI P.IMO номер: 9594133,Нефтяной танкер (Suezmax),158640.0,,"Маршалловы Острова Основные габариты: Длина общая (LOA) — 274.39 м, ширина — 48.00 м",oil_tanker
9529293,,VILAMOURA,Танкер для сырой нефти (Crude Oil Tanker),158621.0,,Маршалловы Острова (по AIS) / Неизвестно (по разделу Particulars),oil_tanker
9594767,,SEAWAYS COLORADO,Нефтеналивной танкер (Suezmax),158615.0,,Маршалловы острова,oil_tanker
9588445,636014868.0,,Танкер для перевозки сырой нефти (Suezmax Crude Oil Tanker).,158597.0,,Либерия (LR).,oil_tanker
9749518,241510000.0,RUNNER,Crude Oil Tanker (класс Suezmax),158594.0,9.1,Греция,oil_tanker
9524449,538004316.0,,Oil Tanker,158574.0,,Маршалловы острова (MH).,oil_tanker
9594781,,SYDNEY SPIRIT,Танкер для перевозки сырой нефти (Suezmax),158542.0,11.8,Багамские острова,oil_tanker
9597006,,FLEVES,Нефтяной танкер (Suezmax),158517.0,9.0,Либерия,oil_tanker
9529499,229336000.0,,Oil Tanker,158513.0,15.9,Мальта.,oil_tanker
9449405,,MARE PICENUM,Нефтяной танкер (Suezmax),158489.0,13.7,Италия (Реестр: Неаполь),oil_tanker
9578634,311000437.0,,Oil Tanker,158482.0,,Багамские острова (BS).,oil_tanker
9730414,538007597.0,,Oil Tanker,158432.0,9.5,Маршалловы Острова.,oil_tanker
9907445,,CYPRES (ранее CYPRESS),Танкер для перевозки сырой нефти (Suezmax),158388.0,17.0,Бельгия,oil_tanker
9912139,,ATLANTIC,Танкер для перевозки сырой нефти (Suezmax),158338.0,9.3,Греция,oil_tanker
9682978,,EFFIE MAERSK,Танкер для перевозки сырой нефти (Crude Oil Tanker / Suezmax),158295.0,10.0,"Дания IMO номер: 9682978 Год постройки: 2017 (верфь Hyundai Heavy Industries, Южная Корея)",oil_tanker
9412098,,PHAETHON,Танкер для перевозки сырой нефти (Suezmax),158267.0,,Греция,oil_tanker
9412103,,PEGASUS,Танкер для перевозки сырой нефти (Crude Oil Tanker / Suezmax),158267.0,9.5,Греция (Greece),oil_tanker
9413834,,PATROCLUS,Нефтяной танкер (Suezmax Crude Oil Tanker),158267.0,,Мальта,oil_tanker
9402914,,MARAN PENELOPE (ранее: ASTRO PENELOPE),Танкер для перевозки сырой нефти (Suezmax),158266.0,8.0,Греция,oil_tanker
1028384,,,Oil Tanker,158253.0,9.3,Маршалловы Острова.,oil_tanker
9790971,248547000.0,,Oil Tanker,158167.0,9.5,"Мальта. Габариты: Длина (LOA) 274.00 м, ширина 48.00 м. Тоннаж:",oil_tanker
9411238,538008329.0,CE HAMILTON (ранее эксплуатировалось под именем HAMILTON SPIRIT),Crude Oil Tanker (танкер для перевозки сырой нефти),158099.0,9.3,Маршалловы Острова,oil_tanker
9422445,,RESPECT (ранее: ARCTIC AURORA),Нефтяной танкер (Suezmax),158096.0,15.1,Оман,oil_tanker
9459046,,DESH SHOBHA,Танкер для сырой нефти (Crude Oil Tanker),158034.0,,Индия,oil_tanker
9440382,,,Oil Tanker,158007.0,9.2,Маршалловы Острова.,oil_tanker
1070844,,NISSOS SANTORINI,Танкер для перевозки сырой нефти (Suezmax Crude Oil Tanker),158000.0,,Маршалловы острова,oil_tanker
1028528,,GENEVA STAR,Танкер для перевозки сырой нефти (Suezmax),157993.0,9.8,Маршалловы Острова,oil_tanker
1035557,,NISSOS SERIFOPOULA,Нефтяной танкер (Suezmax),157952.0,15.1,Маршалловы Острова,oil_tanker
9879997,,MARAN ASPASIA,Танкер для перевозки сырой нефти (Suezmax),157947.0,9.5,Греция,oil_tanker
9881691,241715000.0,,Нефтяной танкер (Crude Oil Tanker).,157947.0,,Греция (GRC).,oil_tanker
9868168,,MARAN ORPHEUS,Танкер для сырой нефти (Crude Oil Tanker),157946.0,15.8,Греция,oil_tanker
9594858,,EAGLE SAN PEDRO,Танкер для перевозки сырой нефти (Suezmax),157850.0,10.0,Сингапур,oil_tanker
9594834,,EAGLE SAN DIEGO,Танкер для перевозки сырой нефти (Suezmax),157849.0,17.1,Сингапур,oil_tanker
9999632,,ADVANTAGE SIERRA,Танкер для сырой нефти (Suezmax),157794.0,9.4,Маршалловы острова,oil_tanker
9579494,,ALMI HORIZON,Танкер для перевозки сырой нефти (Crude Oil Tanker / Suezmax),157787.0,,"Либерия IMO номер: 9579494 Год постройки: 2011 (верфь Daewoo Shipbuilding & Marine Engineering, Южная Корея)",oil_tanker
9579509,,ALMI GALAXY,Танкер для сырой нефти (Suezmax),157787.0,9.4,Либерия,oil_tanker
9742912,,SILVERWAY,Танкер для перевозки сырой нефти (Suezmax),157781.0,,Либерия,oil_tanker
9575589,,SONANGOL CABINDA,Танкер для перевозки сырой нефти (Suezmax),157747.0,9.4,Багамские острова,oil_tanker
9922823,,AQUAFREEDOMТип судна: Танкер для перевозки сырой нефти (Suezmax Crude Oil Tanker),Танкер для перевозки сырой нефти (Suezmax Crude Oil Tanker),157747.0,15.6,Либерия (Liberia) IMO номер: 9922823Год постройки: 2022,oil_tanker
9922835,,AQUABLISS,Нефтяной танкер (Suezmax),157747.0,13.3,Либерия,oil_tanker
9934826,,,Oil Tanker,157747.0,9.3,,oil_tanker
9748679,,NORDIC STAR,Нефтяной танкер (Suezmax Crude Oil Tanker),157737.0,,Каймановы Острова,oil_tanker
9938494,311001347.0,,Oil Tanker,157663.0,10.0,Багамские острова (BHS).,oil_tanker
9516117,,JAG LAKSHYA (ранее: DEVON),Танкер для перевозки сырой нефти (Suezmax),157642.0,16.3,Индия,oil_tanker
9575577,311066300.0,SONANGOL PORTO AMBOIM,Crude Oil Tanker (танкер для перевозки сырой нефти),157639.0,9.5,Багамские Острова,oil_tanker
9579585,,ALMI VOYAGER,Танкер для перевозки сырой нефти (Suezmax),157638.0,16.8,Либерия,oil_tanker
9902823,538009214.0,ECO MALIBU,Crude Oil Tanker (нефтеналивной танкер),157632.0,15.6,Маршалловы Острова,oil_tanker
9804459,,,Oil Tanker,157617.0,9.5,Маршалловы Острова.,oil_tanker
9579561,,ALMI NAVIGATOR,Танкер для перевозки сырой нефти (Crude Oil Tanker / Suezmax),157564.0,9.5,Португалия (Мадейра) IMO номер: 9579561 Год постройки: 2013,oil_tanker
9743203,,FRONT CORAL,Танкер для перевозки сырой нефти (Suezmax),157522.0,9.3,Маршалловы Острова,oil_tanker
9804461,,FREUD,Танкер для перевозки сырой нефти (Crude Oil Tanker / Suezmax),157485.0,9.2,"Маршалловы острова IMO номер: 9804461 Год постройки: 2018 (верфь Hyundai Heavy Industries, Южная Корея)",oil_tanker
9761516,,LOIRE,Танкер для сырой нефти (Suezmax),157463.0,,Маршалловы Острова,oil_tanker
9759757,,FRONT CROWN,Танкер для сырой нефти (Suezmax),157460.0,9.3,Маршалловы острова,oil_tanker
9886770,,NISSOS IOS,Танкер для перевозки сырой нефти (Suezmax),157447.0,9.2,Маршалловы острова,oil_tanker
9236743,319131300.0,,Oil Tanker,157407.0,15.2,Каймановы Острова.,oil_tanker
9818230,319131300.0,,Oil Tanker,157407.0,15.2,Каймановы Острова.,oil_tanker
9759771,,FRONT CLIPPER,Танкер для перевозки сырой нефти (Suezmax),157351.0,15.4,Маршалловы Острова,oil_tanker
9818216,319130700.0,NORDIC AQUARIUS,Crude Oil Tanker (танкер для перевозки сырой нефти),157338.0,9.6,Каймановы Острова,oil_tanker
9794056,,P. BEL AIR (ранее ECO BEL AIR),Танкер для перевозки сырой нефти (Suezmax),157286.0,9.5,Португалия (Мадейра),oil_tanker
9831828,,FRONT SAVANNAHIMO номер: 9831828,Танкер для перевозки сырой нефти (Suezmax),157271.0,,Гонконг,oil_tanker
9832250,477539900.0,FRONT SIENA,"Crude Oil Tanker (нефтяной танкер, класс Suezmax)",157271.0,,Гонконг,oil_tanker
9920693,,SEA AMETHYST,Танкер для перевозки сырой нефти (Suezmax),157146.0,15.8,Греция,oil_tanker
9941855,,BRUGGE,Танкер для сырой нефти (Suezmax),157138.0,13.7,Бельгия,oil_tanker
9920708,,SEA CORAL,Танкер для перевозки сырой нефти (Suezmax),157105.0,15.1,Греция,oil_tanker
9941867,241876000.0,,Oil Tanker,157071.0,14.7,"Греция (GR). Габариты: Длина (LOA) 270.07 м, ширина 46.00 м. Тоннаж:",oil_tanker
9921075,,NORDIC HUNTERIMO номер: 9921075,Нефтеналивной танкер (Suezmax),157037.0,,Либерия,oil_tanker
1043669,,,Oil Tanker,157031.0,9.4,Маршалловы Острова.,oil_tanker
9924003,,AMALIA M,Танкер для перевозки сырой нефти (Suezmax),157010.0,9.3,Маршалловы острова,oil_tanker
9934319,,POPI P,Нефтяной танкер (Suezmax Crude Oil Tanker),157010.0,,Маршалловы острова,oil_tanker
1042550,,AEGEAN FIGHTER,Танкер для перевозки сырой нефти (Suezmax),157000.0,15.6,Греция,oil_tanker
9766322,,SONANGOL MAIOMBE,Танкер для сырой нефти (Suezmax),156935.0,15.0,Багамские острова,oil_tanker
9408073,,POROS BAY,Нефтяной танкер (Suezmax),156929.0,,Либерия,oil_tanker
9889954,215854000.0,,Oil Tanker,156921.0,9.5,Мальта (MLT).,oil_tanker
9766310,,SONANGOL CAZENGAIMO номер: 9766310,Танкер для перевозки сырой нефти (Suezmax),156899.0,,Багамские острова,oil_tanker
1028762,,STOIC WARRIOR,Танкер класса Suezmax (перевозчик сырой нефти),156885.0,,Либерия,oil_tanker
9427627,,ADEBOLA ADELINE,Нефтяной танкер (Suezmax Crude Oil Tanker),156813.0,8.6,Либерия,oil_tanker
1044869,538012203.0,"NISSOS TIGANI (исторические названия: ARCTIC STAR, DAEHAN 5107)",Crude Oil Tanker (класс Suezmax),156790.0,9.1,Маршалловы Острова,oil_tanker
9935636,636021944.0,,Oil Tanker,156740.0,15.8,Либерия (LR).,oil_tanker
1043657,,GH ANGELOU,Танкер для перевозки сырой нефти (Crude Oil Tanker / Suezmax),156727.0,15.5,Маршалловы острова,oil_tanker
9412359,,BELGOROD,Танкер класса Suezmax для перевозки сырой нефти.,156694.0,15.8,Россия.,oil_tanker
9922108,,SEA ONYX,Танкер для перевозки сырой нефти (Suezmax),156646.0,9.5,Греция,oil_tanker
9408683,,ZHUO YUAN,Нефтяной танкер (Suezmax),156644.0,9.5,"Панама Основные габариты: Длина общая (LOA) — 274.50 м, ширина — 48.00 м",oil_tanker
9406013,,CAPE BENAT,Нефтяной танкер (Suezmax),156642.0,9.4,Маршалловы острова,oil_tanker
9412347,,LYNX (прежнее название: LEONID LOZA),Танкер для перевозки сырой нефти (VLCC / Suezmax),156630.0,9.0,Оман,oil_tanker
9466582,,ADVANTAGE SPRING (ранее: REEF),Танкер для перевозки сырой нефти (Suezmax),156597.0,9.0,Маршалловы острова,oil_tanker
9411020,,BRATSK,Танкер для перевозки сырой нефти (Suezmax),156572.0,,Россия,oil_tanker
9757711,,,Oil Tanker,156559.0,9.6,,oil_tanker
9410973,,ADVANTAGE SUGAR,Нефтяной танкер (Suezmax),156516.0,,"Маршалловы Острова Основные габариты: Длина общая (LOA) — 274.50 м, ширина — 48.00 м",oil_tanker
9418602,,"MOSCOW SPIRIT (ранее: PRINCIMAR STRENGTH, ORIENT PIONEER)",Танкер для перевозки сырой нефти (Suezmax),156480.0,15.4,Багамские острова,oil_tanker
9761358,,MARAN HELIOS,Нефтяной танкер (Suezmax),156458.0,9.5,Греция,oil_tanker
9761360,,MARAN HERCULESIMO номер: 9761360,Нефтяной танкер (VLCC — Very Large Crude Carrier),156458.0,9.5,"ГрецияОсновные габариты: Длина общая (LOA) — 274.00 м, ширина — 48.00 м",oil_tanker
9408695,,"TASSOS (ранее: BAY GLOBAL, FRONT BALDER)",Нефтяной танкер (Suezmax),156436.0,16.0,"Камерун (согласно AIS), официально статус флага часто скрыт или не определен (Flag Unknown)",oil_tanker
9935648,,SEA GALAXYIMO номер: 9935648,Танкер для перевозки сырой нефти (Suezmax),156274.0,,Либерия,oil_tanker
1050959,,SEGWAY,Танкер для перевозки сырой нефти (Suezmax),156030.0,,Либерия,oil_tanker
9817107,,,Oil Tanker,156013.0,13.7,Греция.,oil_tanker
9726621,,,Oil Tanker,156002.0,10.0,Греция.,oil_tanker
9817119,,,Oil Tanker,156002.0,10.0,Греция.,oil_tanker
9665748,311000112.0,POLARIS VOYAGER,Crude Oil Tanker (танкер для перевозки сырой нефти),155415.0,9.3,Багамские Острова,oil_tanker
9665736,311000111.0,PEGASUS VOYAGER,Crude Oil Tanker (танкер для перевозки сырой нефти),155374.0,8.9,Багамские острова,oil_tanker
9907706,,EAGLE COLATINA,Челночный танкер (DP2 Shuttle Tanker / Suezmax),155362.0,16.5,Сингапур,oil_tanker
9914656,,,Танкер для перевозки сырой нефти (Crude Oil Tanker).,154955.0,15.2,Норвегия.,oil_tanker
9915947,,HEDDA KNUTSEN,Челночный танкер (DP2 Shuttle Tanker / Suezmax),154348.0,15.4,Норвегия (NIS),oil_tanker
1068413,,TURID KNUTSENТип судна: Танкер для сырой нефти (Crude Oil Tanker),Танкер для сырой нефти (Crude Oil Tanker),153380.0,,Норвегия IMO номер: 1068413 Год постройки: 2026,oil_tanker
9290359,650000301.0,ZHEN ZHU (ранее OTTOMAN NOBILITY),Crude Oil Tanker (Танкер для перевозки сырой нефти),152622.0,8.8,Мозамбик (MZ) / Барбадос (BB) — наблюдается противоречие в данных реестров.,oil_tanker
9788710,,OTTOMAN SINCERITY,Танкер для перевозки сырой нефти (Suezmax),152516.0,,Турция,oil_tanker
9769221,,ANNA KNUTSEN,Челночный танкер (Shuttle Tanker / Suezmax),152268.0,,Норвегия (NIS),oil_tanker
9247429,,"INDRI (ранее: Maran Poseidon, Stena Poseidon)",Нефтяной танкер (Suezmax),151848.0,16.8,Сьерра-Леоне,oil_tanker
9215036,,GRAFF,Танкер для сырой нефти (Crude Oil Tanker),150678.0,12.8,Индия (согласно данным характеристик) / Сан-Марино (согласно данным AIS),oil_tanker
9271573,,VIXENA,Танкер для перевозки сырой нефти (Suezmax),150611.0,14.5,Сьерра-Леоне,oil_tanker
9302994,,"ORINOCCO (ранее SELENA, GENER8 KARA G, GENMAR KARA G)",Танкер для перевозки сырой нефти (Suezmax),150296.0,9.0,Либерия,oil_tanker
9303247,,"GREEN EAGLE (ранее: NORDIC CASTOR, ROMANTIC)",Танкер для перевозки сырой нефти (Suezmax),150249.0,12.3,Маршалловы острова,oil_tanker
9302982,,LIRICA,Танкер для сырой нефти (Crude Oil Tanker),150205.0,8.1,Либерия,oil_tanker
9239848,,NORDIC POLLUX,Танкер для перевозки сырой нефти (Aframax),150103.0,,Каймановы острова,oil_tanker
9432050,,GIANNIS,Нефтяной танкер (Suezmax / Crude Oil Tanker),149999.0,9.0,Либерия,oil_tanker
9633446,,"NOVO (ранее: SINOPE, KALLIOPI)",Нефтяной танкер (Suezmax),149999.0,,Мальта,oil_tanker
9800271,,TILOS IТип судна: Нефтяной танкер (Suezmax),Нефтяной танкер (Suezmax),149999.0,16.5,"Либерия IMO номер: 980027 1Год постройки: 2018 (верфь New Times Shipbuilding, Китай)",oil_tanker
9835848,,MARLIN SICILY,Танкер для перевозки сырой нефти (Suezmax),149999.0,,Маршалловы острова,oil_tanker
9493779,636015015.0,SMYRNI,"Crude Oil Tanker (Танкер для перевозки сырой нефти, класс Suezmax)",149998.0,16.5,Либерия,oil_tanker
9509011,636014252.0,,Oil Tanker,149998.0,,Либерия (LR).,oil_tanker
9296377,,MARJORIEТип судна: Нефтяной танкер (Suezmax),Нефтяной танкер (Suezmax),149996.0,14.7,Сьерра-Леоне IMO номер: 9296377 Год постройки: 2006,oil_tanker
9249324,626466000.0,IZUMO,"Crude Oil Tanker (нефтяной танкер, класс Suezmax)",149995.0,9.5,Габон,oil_tanker
9253909,511100897.0,JAMES II,Crude Oil Tanker (Танкер для перевозки сырой нефти),149995.0,9.5,Палау (PLW),oil_tanker
9750050,,DILIGENT WARRIOR,Танкер для перевозки сырой нефти (Suezmax),149992.0,,Греция,oil_tanker
9750062,,FAITHFUL WARRIOR,Танкер для сырой нефти (Crude Oil Tanker),149992.0,9.0,Греция,oil_tanker
9772357,248347000.0,MARATHI,Crude Oil Tanker (Танкер для перевозки сырой нефти),149992.0,14.8,Мальта (MT),oil_tanker
9410208,,KAROLOS,Танкер для перевозки сырой нефти (Suezmax),149991.0,9.2,Либерия,oil_tanker
9924326,,KRITI FUTUREIMO номер: 9924326,Танкер для перевозки сырой нефти (Crude Oil Tanker / Suezmax),149987.0,15.3,Греция,oil_tanker
9273064,,HEATHER KNUTSEN,Танкер для перевозки сырой нефти (Crude Oil Tanker / Suezmax),148644.0,9.0,Норвегия,oil_tanker
9780770,,NORSE SPIRIT,Челночный танкер (Shuttle Tanker) для перевозки сырой нефти,148167.0,9.3,Канада,oil_tanker
9780768,,BEOTHUK SPIRIT,"Челночный танкер (Shuttle Tanker / Crude Oil Tanker, «Heritage Class»)",148150.0,9.3,Канада,oil_tanker
9780782,,DORSET SPIRIT,"Челночный танкер (Shuttle Tanker / Crude Oil Tanker, «Heritage Class»)",148150.0,9.3,Канада,oil_tanker
9895264,,MARAN THULE,Челночный танкер (Shuttle Tanker / Crude Oil Tanker),147098.0,10.0,Багамские острова,oil_tanker
9296406,,RIGEL,Нефтяной танкер (Suezmax),146270.0,8.7,Камерун,oil_tanker
9193551,338371000.0,POLAR ENDEAVOUR,Crude Oil Tanker (танкер для перевозки сырой нефти),141740.0,17.5,США (United States of America),oil_tanker
9453872,,MACHADO DE ASSIS,Танкер для перевозки сырой нефти (Crude Oil Tanker / Suezmax),135000.0,10.0,"Бразилия IMO номер: 9453872 Год постройки: 2016 (верфь Estaleiro Atlântico Sul, Бразилия)",oil_tanker
9396488,311001583.0,,Oil Tanker,129632.0,,Багамские Острова.,oil_tanker
9837169,311001583.0,,Oil Tanker,129632.0,,"Багамские Острова. Габариты: Длина (LOA) 276.66 м, ширина 46.00 м. Тоннаж:",oil_tanker
9843912,,MARAN TIDE,Челночный танкер (Shuttle Tanker) для перевозки сырой нефти,129632.0,9.6,"Багамские острова Основные габариты: Длина (LOA) — 276.66 м, ширина — 46.00 м",oil_tanker
9833101,257089140.0,,Oil Tanker,128427.0,,Норвегия (NIS — Норвежский международный судовой реестр).,oil_tanker
9833113,,EAGLE BALDER,Челночный танкер (Shuttle Tanker / Suezmax),128427.0,9.4,Норвегия,oil_tanker
9131357,,ORION,Нефтяной танкер (Suezmax),124768.0,,"Камерун Основные габариты: Длина общая (LOA) — 265.00 м, ширина — 42.50 м",oil_tanker
9905928,257960000.0,,Oil Tanker,123602.0,,Норвегия (NO).,oil_tanker
9190638,,HANNE KNUTSEN,Плавучая установка для хранения и отгрузки нефти (FSO — Floating Storage and Offloading),123581.0,12.0,Норвегия,oil_tanker
9630030,,TORILL KNUTSEN,Челночный танкер (Shuttle Tanker) для перевозки сырой нефти,123166.0,9.3,Норвегия,oil_tanker
9648776,,KAIMON MARU,Танкер для перевозки сырой нефти (Crude Oil Tanker),120015.0,8.5,Япония,oil_tanker
9183532,,TERRA NOVA FPSO,"Плавучая установка для добычи, хранения и отгрузки нефти (FPSO - Floating Production, Storage and Offloading).",120000.0,,Канада.,oil_tanker
9676125,257980000.0,,Oil Tanker,119690.0,,Норвегия (NIS — Норвежский международный судовой реестр).,oil_tanker
9461855,,TORM GENESIS (ранее SKS DONGGANG),Танкер для перевозки нефти и нефтепродуктов (Aframax / LR2),119456.0,9.0,Сингапур,oil_tanker
9531636,,TORM GEMMA (ранее: SKS DEMINI),Танкер для перевозки сырой нефти / нефтепродуктов (Aframax / LR2),119456.0,12.6,Сингапур,oil_tanker
9531648,563216600.0,"TORM GRACEТип: Танкер для перевозки сырой нефти и нефтепродуктов (Aframax / LR2). Идентификаторы: IMO 9531648,","Танкер для перевозки сырой нефти и нефтепродуктов (Aframax / LR2). Идентификаторы: IMO 9531648, MMSI 563216600, позывной 9V9442.",119456.0,11.1,"Сингапур. Год постройки: 2012. Габариты: Длина (LOA) 250 м, ширина 45 м. Тоннаж:",oil_tanker
9610808,273253130.0,ANATOLY KOLODKIN,Crude Oil Tanker (нефтеналивной танкер),118316.0,,Россия,oil_tanker
9305611,,PROMITHEASIMO номер: 9305611,Танкер для перевозки сырой нефти (Aframax / LR2),117055.0,8.8,Греция,oil_tanker
9305623,,PROPONTIS,Танкер для перевозки сырой нефти / нефтепродуктов (Aframax / LR2),117055.0,13.0,Греция,oil_tanker
1024015,,ATLANTIC MAJESTY,Танкер для перевозки сырой нефти (Aframax / LR2),117050.0,8.8,Либерия,oil_tanker
1059632,,NAVE ANTHOS,Нефтяной танкер (Aframax / LR2),116998.0,9.0,Либерия,oil_tanker
1024601,,FORTITUDE,Нефтяной танкер (Aframax / LR2),116984.0,,Маршалловы острова,oil_tanker
1024625,,SH UNITY,Танкер для сырой нефти (Crude Oil Tanker),116960.0,14.2,Маршалловы Острова,oil_tanker
1059644,,NAVE AMARYLLIS,Танкер для перевозки сырой нефти / продуктовоз (Aframax / LR2),116934.0,,Либерия,oil_tanker
9577032,636016698.0,LIGURIAN SEA,Crude Oil Tanker (танкер для перевозки сырой нефти),116715.0,12.2,Либерия,oil_tanker
9891672,,PEGASUS STARIMO номер: 9891672,Танкер для перевозки сырой нефти (Aframax / LR2),116120.0,11.3,Маршалловы острова,oil_tanker
9472634,,"AURA 1 (ранее: POWER, AMAX ANTHEM)",Нефтяной танкер (Aframax / LR2),116087.0,,Панама,oil_tanker
9373656,,,Танкер для перевозки сырой нефти (Aframax / LR2),116050.0,8.0,Мальта,oil_tanker
9891696,,AIFANOURIOS,Танкер для перевозки сырой нефти (Aframax / LR2),116015.0,13.3,Маршалловы острова,oil_tanker
9437672,636019903.0,,Oil Tanker,115897.0,,Либерия (LR).,oil_tanker
9416551,538004518.0,,Oil Tanker,115896.0,,Маршалловы острова (MH).,oil_tanker
9528043,,DAYTONA,Танкер для сырой нефти (Crude Oil Tanker / Aframax),115896.0,13.0,Мальта,oil_tanker
9334038,538002662.0,BEST SHANGHAI (историческое название: YASA GOLDEN BOSPHORUS),Crude Oil Tanker (Танкер класса Aframax),115867.0,8.1,Маршалловы Острова,oil_tanker
9522128,,CALIDA,Танкер для перевозки сырой нефти (Aframax / LR2),115812.0,11.7,Мальта,oil_tanker
9971733,,NAVE NEUTRINOТип судна: Нефтяной танкер (Aframax / LR2),Нефтяной танкер (Aframax / LR2),115807.0,9.4,"Панама IMO номер: 9971733 Год постройки: 2025 (новое судно, возраст 1 год)",oil_tanker
9592288,,INDIGO SUN (ранее: NISSOS SANTORINI),Танкер для перевозки сырой нефти (Aframax / LR2),115724.0,12.8,Либерия,oil_tanker
9592290,,NISSOS PAROS,Танкер для сырой нефти (Aframax / LR2),115723.0,8.0,Греция,oil_tanker
9799862,,SFL TRINITYIMO номер: 9799862,Танкер для перевозки сырой нефти (Aframax / LR2),115711.0,9.9,Маршалловы Острова,oil_tanker
9821706,,ELANDRA SOUND (ранее: SEA TANANA),Танкер для перевозки сырой нефти / нефтепродуктовоз (LR2 / Aframax),115666.0,11.9,Либерия,oil_tanker
9270529,,KRYMSKIMO номер: 9270529,Танкер для перевозки сырой нефти (Crude Oil Tanker / Aframax).,115663.0,8.5,Россия (ранее Либерия).,oil_tanker
9971707,,NAVE COSMOSТип судна: Нефтяной танкер / Танкер-продуктовоз (Aframax / LR2),Нефтяной танкер / Танкер-продуктовоз (Aframax / LR2),115651.0,11.6,"Панама IMO номер: 9971707 Год постройки: 2024 (верфь K-Shipbuilding, Южная Корея)",oil_tanker
9987031,,AIOLOSIMO номер: 9987031,Нефтяной танкер (Aframax / LR2),115643.0,15.2,Греция,oil_tanker
9422550,,DUBAI BRILLIANCE,Танкер для сырой нефти (Crude Oil Tanker / Aframax),115617.0,13.6,Маршалловы Острова,oil_tanker
9594664,,,Oil Tanker,115594.0,13.2,Либерия.,oil_tanker
9332810,273270560.0,"PHOENIX (исторические названия: FENIKS, BORACAY, PUSHPA, KIWALA, VARUNA, ODYSSEUS, P. FOS, VIRGO SUN, PACIFIC APOLLO)","Crude Oil Tanker (Танкер для перевозки сырой нефти, класс Aframax)",115577.0,,Россия,oil_tanker
9332834,,"MYSTERY (бывш. SOORAJ, WISDOMS DAUGHTER, JUPITER SUN)",Танкер для сырой нефти (Crude Oil Tanker / Aframax),115577.0,8.0,Экваториальная Гвинея,oil_tanker
9343340,,,Oil Tanker,115577.0,13.6,Либерия.,oil_tanker
9343352,,ALQADISIA,Нефтяной танкер (Aframax / LR2),115577.0,,"Маршалловы Острова Основные габариты: Длина общая (LOA) — 243.80 м, ширина — 42.00 м",oil_tanker
9904871,,TORM HELENE,Танкер для сырой нефти (Crude Oil Tanker),115575.0,8.5,Дания,oil_tanker
9912854,,AXIOS IIMO номер: 9912854,Танкер для перевозки сырой нефти (Aframax / LR2),115528.0,8.4,Либерия,oil_tanker
9256860,,GALLILEO,Танкер для перевозки сырой нефти (Crude Oil Tanker / Aframax).,115527.0,8.8,Россия.,oil_tanker
9292515,,PELAGOS,Нефтяной танкер (Aframax / LR2),115525.0,,Панама,oil_tanker
9924089,,ANWAAR TRABLUS (бывшее название: PHILADELPHIA STAR)IMO номер: 9924089,Нефтяной танкер (Aframax / LR2),115519.0,12.5,Мальта,oil_tanker
9933212,,FREEPORT STAR,Танкер для перевозки сырой нефти / нефтепродуктовоз (Aframax / LR2),115519.0,12.8,Маршалловы Острова,oil_tanker
9939163,,ALHAYA,Нефтяной танкер (Aframax / LR2),115519.0,,Маршалловы Острова,oil_tanker
9402495,,DUBAI CHARMI MO номер: 9402495Тип судна: Нефтяной танкер (Aframax / LR2),Нефтяной танкер (Aframax / LR2),115514.0,12.9,Маршалловы Острова,oil_tanker
9408530,613322700.0,"EVITA IMO: 9408530MMSI: 613322700Тип судна: Crude Oil Tanker (Афрамакс / LR2)Флаг: Камерун (ранее использовались флаги Барбадоса и Палау)Технические характеристики:Длина (LOA): 250 мШирина (Beam): 44 мДедвейт (Deadweight): 115 462 тГод постройки: 20082. Оперативная обстановкаДанные актуальны на 1 июня 2026 г.Текущий статус: Судно находится в процессе следования в порт Дунцзякоу (Китай), ожидаемое время прибытия — 3 июня 2026 г.Последняя активность: Последним пунктом захода был район «Nakhodka STS Offshore» (рейдовая перевалка вблизи Находки, Россия), где судно находилось до 31 мая 2026 г.Операционная стратегия: Использование рейдовой перевалки (STS) вблизи российских портов является стандартной практикой для обхода санкционных ограничений при экспорте российской нефти в страны Азии. 3. Анализ рисков и комплаенс Статус актива: Судно официально классифицировано как часть «теневого флота» (Shadow Fleet). История санкций: Танкер находится под блокирующими санкциями ряда юрисдикций, включая Великобританию, ЕС, Швейцарию, Украину, Канаду и Австралию. Санкции были введены в 2025–2026 гг. из-за систематической транспортировки российской нефти с использованием рискованных практик, включая неоднократное отключение транспондеров АИС. Операторы: С весны 2025 года судно управляется компаниями, связанными с непрозрачными структурами (Aether Craft Co Ltd, Ironclad Group Co Ltd). Аналитическое резюме:Танкер EVITA является высокорисковым активом, находящимся под международными санкциями и активно используемым для экспорта подсанкционной российской нефти в КНР. Судно регулярно посещает российские порты и зоны перевалки (такие как Козьмино и Находка), применяя тактику «темного» судоходства (отключение АИС). Взаимодействие с данным судном или его операторами несет экстремальные регуляторные и репутационные риски для любых международных контрагентов.",Crude Oil Tanker (Афрамакс / LR2),115462.0,,Камерун (ранее использовались флаги Барбадоса и Палау),oil_tanker
9256858,,INDA,Танкер для перевозки сырой нефти (Crude Oil Tanker / Aframax).,115418.0,,Россия.,oil_tanker
9419369,,AMFITRITI,Нефтяной танкер (Aframax / LR2),115405.0,13.5,Мальта,oil_tanker
9959929,,,Oil Tanker,115397.0,8.5,Маршалловы Острова.,oil_tanker
9923009,,ALFIOS I,Танкер для перевозки сырой нефти (Aframax / LR2),115351.0,,Либерия,oil_tanker
9285835,,KOUSAI (ранее: SEA FIDELITY),Нефтяной танкер (Aframax / LR2),115341.0,14.0,Сьерра-Леоне,oil_tanker
9984883,,OSLO STAR,Танкер для нефтепродуктов (LR2 / Aframax),115332.0,8.5,Маршалловы острова,oil_tanker
9960980,,NOUNOU,Танкер для сырой нефти (Aframax / LR2),115322.0,8.5,Мальта,oil_tanker
9998547,,TORTUGA,Нефтяной танкер (Aframax / LR2),115302.0,12.2,Либерия,oil_tanker
9938042,256205000.0,PALAMAS,Crude Oil Tanker (танкер для перевозки сырой нефти),115286.0,11.2,Мальта,oil_tanker
9930117,,ALTHEA,Нефтяной танкер (LR2 / Aframax),115194.0,13.5,Греция,oil_tanker
1040722,,MAUI,Танкер для перевозки сырой нефти (Aframax / LR2),115173.0,8.6,Либерия,oil_tanker
9998559,,ZUMA,Нефтяной танкер (LR2 / Aframax),115167.0,9.0,Либерия,oil_tanker
9857858,,MEDITERRANEAN VOYAGER,Танкер для перевозки сырой нефти (Aframax / LR2),115166.0,,Багамские острова,oil_tanker
9402316,,,Oil Tanker,115123.0,8.0,Либерия.,oil_tanker
9797981,,TORM HERDIS,Танкер для перевозки сырой нефти (Aframax / LR2),115109.0,14.1,Дания,oil_tanker
9383950,,SALUT,Нефтяной танкер (Aframax),115098.0,,Россия,oil_tanker
1024998,,,Танкер для перевозки сырой нефти (Aframax / LR2),115056.0,14.3,Либерия,oil_tanker
9281009,,JI HANG,Нефтяной танкер (Aframax / LR2),115048.0,13.8,Камерун,oil_tanker
9281011,,EKSPANDER,Танкер для перевозки сырой нефти (Aframax / LR2),115048.0,,"Россия Основные габариты: Длина (LOA) — 249.90 м, ширина — 44.00 м",oil_tanker
9664809,,SFL TIGER (исторически: FRONT TIGER),Танкер для перевозки сырой нефти (Aframax / LR2),115024.0,11.1,Маршалловы острова,oil_tanker
9248837,,PETROGARUDA,Танкер для сырой нефти (Crude Oil Tanker),115000.0,8.2,Камерун (согласно AIS Voyage Data) / Индонезия (в разделе Particulars),oil_tanker
9989089,352004766.0,SOUTHERN RESPECT,Crude Oil Tanker,114957.0,,Панама,oil_tanker
1035765,,TP PROMISE,Танкер для перевозки сырой нефти (Crude Oil Tanker),114952.0,14.4,Норвегия,oil_tanker
1035777,,TP PROGRESS,Нефтеналивной танкер (Crude Oil Tanker / Aframax),114952.0,8.6,Норвегия,oil_tanker
9973640,,METRO AEGEAN,Танкер для сырой нефти / нефтепродуктовоз (Aframax / LR2),114934.0,13.1,Либерия,oil_tanker
9973652,,METRO IONIANТип судна: Нефтяной танкер / Танкер-продуктовоз (Aframax / LR2),Нефтяной танкер / Танкер-продуктовоз (Aframax / LR2),114934.0,8.6,"Либерия IMO номер: 9973652 Год постройки: 2024 (верфь HD Hyundai Mipo Dockyard, Южная Корея)",oil_tanker
9979292,,METRO BOSPHORUS,Танкер для сырой нефти и нефтепродуктов (LR2 / Aframax),114934.0,,Мальта,oil_tanker
9505819,,SOHO SQUARE (ранее: GULF VISION),Танкер для перевозки сырой нефти (Aframax),114900.0,13.8,Либерия,oil_tanker
9331141,,"RIZVEL (ранее KELLY GRACE, VELA RAIN)",Нефтяной танкер (Crude Oil Tanker),114858.0,14.5,Сьерра-Леоне,oil_tanker
9823584,538010059.0,MARLIN LAGOS (ранее MAERSK SVENGULF),Танкер для перевозки сырой нефти (Crude Oil Tanker).,114853.0,15.4,Маршалловы Острова.,oil_tanker
9823572,,MARLIN LOME,Танкер для перевозки сырой нефти / нефтепродуктов (Aframax / LR2),114841.0,12.2,Маршалловы Острова,oil_tanker
9823546,,JARNAIN,Танкер для перевозки сырой нефти (Aframax / LR2),114831.0,12.9,Либерия,oil_tanker
9240172,,ENCELIA,Нефтяной танкер (Aframax / LR2),114829.0,,Саудовская Аравия,oil_tanker
1043695,,ARION,Танкер для сырой нефти (Aframax / LR2),114824.0,13.7,Багамские острова,oil_tanker
9402237,,"DOLPHIN PEARL (ранее BALTIC GALAXY, SOUTH VIGOUR)",Танкер для перевозки сырой нефти (Crude Oil Tanker / Aframax),114824.0,11.9,Панама,oil_tanker
9986817,,,Oil Tanker,114805.0,9.0,Либерия.,oil_tanker
9953901,,NEW ALLIANCEТип судна: Танкер для сырой нефти (Crude Oil Tanker / Aframax),Танкер для сырой нефти (Crude Oil Tanker / Aframax),114802.0,11.8,Либерия IMO номер: 9953901 Год постройки: 2024,oil_tanker
9986829,,NEW ARGOSY,Нефтяной танкер (Aframax / LR2),114801.0,,Либерия,oil_tanker
1019735,,NEW ACE,Танкер для перевозки сырой нефти (Aframax / LR2),114800.0,13.3,Либерия,oil_tanker
1024986,,ASTYPALEA,Нефтяной танкер (Aframax / LR2),114800.0,,Либерия,oil_tanker
1087627,,CAPE OLYMPUS,Нефтяной танкер / Танкер-химовоз (LR2),114800.0,13.7,Либерия,oil_tanker
9331153,,MAYLO,Нефтяной танкер (Aframax),114795.0,8.0,"Сьерра-Леоне Основные габариты: Длина общая (LOA) — 248.99 м, ширина — 43.80 м",oil_tanker
1053755,,TP PROSPECT,Танкер / Aframax (LR2),114783.0,,Норвегия,oil_tanker
9941726,,PENELOPE,Нефтяной танкер (Aframax / LR2),114763.0,12.2,Багамские Острова,oil_tanker
9978676,,NORTH STAR,Танкер для перевозки сырой нефти (Aframax / LR2),114753.0,,Греция,oil_tanker
9978688,,OCEAN STAR,Нефтеналивной танкер (Crude Oil Tanker / Aframax),114753.0,13.0,Греция,oil_tanker
9978690,,ARCTIC STAR,Нефтеналивной танкер (Crude Oil Tanker / Aframax),114753.0,8.5,Греция,oil_tanker
9728435,,IONIC ALTHEA (ранее: DIAMOND FAITH),Танкер для перевозки сырой нефти (Aframax/LR2),114737.0,8.5,Маршалловы острова,oil_tanker
9802152,,IONIC ANAX,Танкер для сырой нефти (Crude Oil Tanker / Aframax),114720.0,8.9,Маршалловы острова,oil_tanker
9467770,,DESH SAMMAN,Нефтяной танкер (Aframax),114683.0,,Индия,oil_tanker
9728423,,,Танкер для перевозки сырой нефти (Aframax / LR2),114667.0,8.2,"Сингапур Основные габариты: Длина (LOA) — 250.00 м, ширина — 44.00 м",oil_tanker
9256066,273251810.0,LIGOVSKY PROSPECT,"Crude Oil Tanker (Танкер для перевозки сырой нефти, класс Aframax)",114639.0,8.5,Россия,oil_tanker
9893216,,,Oil Tanker,114623.0,,"Панама. Габариты: LOA 250 м, ширина 44 м. Тоннаж:",oil_tanker
9801976,,,Танкер для перевозки сырой нефти (Aframax / LR2),114601.0,13.4,Маршалловы острова,oil_tanker
9256078,,LITEYNY PROSPECT,Танкер для перевозки сырой нефти (Crude Oil Tanker / Aframax).,114546.0,8.5,Россия.,oil_tanker
9934644,,GREEN AZURE,Танкер для перевозки сырой нефти (Aframax / LR2),114516.0,13.7,Португалия (Мадейра),oil_tanker
9274800,,ASTRAL,Танкер для перевозки сырой нефти (Aframax),114500.0,14.8,Сьерра-Леоне,oil_tanker
9979993,,SEATRUST,Нефтеналивной танкер (Crude Oil Tanker / Aframax),114449.0,12.9,Мальта,oil_tanker
9701566,,TORM KIRSTEN,Нефтеналивной танкер (Crude Oil Tanker / Aframax),114445.0,9.0,Дания (DIS),oil_tanker
9773052,,TENACITY VENTURE,Танкер для перевозки сырой нефти (Aframax / LR2),114439.0,13.3,Гонконг (Китай),oil_tanker
9980007,,SEABORN,Танкер для перевозки сырой нефти (Aframax / LR2),114437.0,8.5,Мальта,oil_tanker
9784001,,TAVISTOCK SQUARE,Танкер для перевозки сырой нефти и нефтепродуктов (Aframax / LR2),114364.0,13.4,Либерия,oil_tanker
9694646,,TORM KRISTINA (ранее NISSOS THERASSIA),Танкер для сырой нефти и нефтепродуктов (Aframax / LR2),114322.0,,Дания,oil_tanker
9815616,636018671.0,,Oil Tanker,114218.0,15.0,Либерия.,oil_tanker
9886720,,,Oil Tanker,114073.0,9.0,Греция.,oil_tanker
9765017,,SEAROVER,Танкер для перевозки сырой нефти (Crude Oil Tanker / Aframax),114049.0,8.5,Мальта,oil_tanker
9838577,,LION,Танкер (Aframax / LR2),114036.0,,Либерия,oil_tanker
9482603,,PHOENIX ADMIRAL,Танкер для перевозки сырой нефти (Aframax),114024.0,12.8,Сингапур,oil_tanker
9426207,235076274.0,EAGLE HAMILTON,Crude Oil Tanker (танкер для перевозки сырой нефти),114022.0,10.0,Остров Мэн (Великобритания),oil_tanker
1014101,,,Oil Tanker,113949.0,11.6,Мальта.,oil_tanker
9243033,,DESH GAURAV,Нефтяной танкер (Crude Oil Tanker),113913.0,,Индия,oil_tanker
9511387,,OASIS,Нефтяной танкер (Aframax / LR2),113905.0,,Оман,oil_tanker
9997983,,SEABRAVERY,Танкер для перевозки сырой нефти (Aframax/LR2),113879.0,8.6,Мальта,oil_tanker
9328170,613442803.0,,Crude Oil / Oil Products Tanker,113849.0,,Камерун,oil_tanker
9868778,,CLEAR STARS,Нефтяной танкер (Aframax / LR2),113848.0,8.4,Маршалловы Острова,oil_tanker
9997971,,SEADANCERIMO номер: 9997971,Танкер для сырой нефти (Aframax / LR2),113835.0,9.4,Мальта,oil_tanker
1034187,,,Oil Tanker,113720.0,13.0,Норвегия.,oil_tanker
1084455,,FRONTIER VENTUREIMO номер: 1084455,Танкер для сырой нефти и нефтепродуктов (Aframax / LR2),113689.0,,Либерия,oil_tanker
9779939,538007126.0,SEAWAYS REYES (историческое название: ARISTAIOS),"Crude Oil Tanker (нефтяной танкер, класс Aframax)",113689.0,13.7,Маршалловы Острова,oil_tanker
9737371,,MARATHON TS,Танкер для перевозки сырой нефти (Aframax / LR2),113651.0,9.2,Мальта,oil_tanker
1033810,,PSERIMOS,Танкер для перевозки сырой нефти (Crude Oil Tanker / Aframax),113595.0,11.9,Мальта,oil_tanker
1033808,,SAMOTHRAKI,Нефтяной танкер (Aframax / LR2),113532.0,8.6,Мальта,oil_tanker
9956006,,SEAHORSE 1,Танкер для перевозки сырой нефти (Aframax / LR2),113386.0,8.5,Панама,oil_tanker
9955997,352002949.0,OCEAN BLUE,Crude Oil Tanker,113385.0,13.2,Панама,oil_tanker
9893046,,PACIFIC DIAMOND,Танкер для перевозки сырой нефти (Crude Oil Tanker / Aframax),113306.0,9.3,Маршалловы Острова,oil_tanker
9850692,636019152.0,CLEAROCEAN AJAX,Crude Oil Tanker (танкер для перевозки сырой нефти),113252.0,10.6,Либерия,oil_tanker
9826732,,ANDREIOS (бывшее название: LOMONOSOV PROSPECT),Танкер для перевозки сырой нефти (Aframax / LR2),113226.0,14.3,Либерия,oil_tanker
9728241,,,Oil Tanker,113172.0,9.4,Мальта.,oil_tanker
9785720,255915915.0,AQUASURAZO,Crude Oil Tanker (танкер для перевозки сырой нефти),113032.0,15.2,Португалия (Мадейра),oil_tanker
9785732,636017859.0,AQUATRAVESIA,Crude Oil Tanker (танкер для перевозки сырой нефти),113032.0,8.5,Либерия,oil_tanker
9386536,,,Oil Tanker,113021.0,14.2,Россия.,oil_tanker
1041415,,FEDORA,Нефтяной танкер (Crude Oil Tanker / Aframax),113000.0,8.9,"Либерия Основные габариты: Длина общая (LOA) — 249.00 м, ширина — 44.00 м",oil_tanker
9503586,,ANITA (бывш. YORACO),Супертанкер (Aframax / LR2),113000.0,12.0,Танзания,oil_tanker
9842188,,VLADIMIR VINOGRADOV,Нефтяной танкер (Crude Oil Tanker),113000.0,8.8,Россия,oil_tanker
9737383,,OSLO TS,Танкер для перевозки сырой нефти (Aframax),112949.0,9.0,Мальта,oil_tanker
9410882,636019358.0,KALAHARI (ранее NORTHERN SPIRIT),Crude Oil Tanker (танкер для перевозки сырой нефти),112827.0,8.7,Либерия,oil_tanker
9752395,248672000.0,AMARTHEA,Crude Oil Tanker (танкер для перевозки сырой нефти),112794.0,9.0,Мальта,oil_tanker
9231901,669613000.0,"PING SHUN (ранее URGANE I, VENICE, INTISAR, AEGEAN SPIRIT)",Crude Oil Tanker (Танкер для перевозки сырой нефти),112668.0,8.0,Эсватини (SZ),oil_tanker
9233208,,FAAS,Танкер для перевозки сырой нефти (Crude Oil Tanker / Aframax / LR2),112664.0,,Малави (по актуальным данным AIS),oil_tanker
9381744,273274460.0,,Crude Oil Tanker (нефтеналивной танкер),112511.0,,Россия,oil_tanker
1021594,,,Oil Tanker,112268.0,13.1,Маршалловы Острова.,oil_tanker
9932402,,,Oil Tanker,112174.0,8.3,Панама.,oil_tanker
9891919,,SEAGUARDIAN,Танкер для перевозки сырой нефти (Aframax),112156.0,13.5,Маршалловы Острова,oil_tanker
9773753,,SEACALM,Нефтеналивной танкер (Aframax),112119.0,13.5,Мальта,oil_tanker
9213313,,ALBEDO,Танкер для перевозки сырой нефти (Aframax / LR2).,112118.0,8.8,Барбадос.,oil_tanker
9920497,,NEWBURY,Танкер для перевозки сырой нефти (Aframax / LR2),112095.0,8.3,Багамские острова,oil_tanker
9607722,,SEA JEWEL,Танкер для сырой нефти (Aframax / LR2),112081.0,14.5,Панама,oil_tanker
9874507,,EBN HAWKELIMO номер: 9874507,Танкер для перевозки сырой нефти (Aframax / LR2),112003.0,,Мальта,oil_tanker
9843209,,SEAFAITHТип судна: Танкер для сырой нефти (Crude Oil Tanker),Танкер для сырой нефти (Crude Oil Tanker),111964.0,11.6,"Мальта IMO номер: 9843209Год постройки: 2020 (верфь Sumitomo Heavy Industries, Япония)",oil_tanker
9899296,,CALYPSO,Танкер для перевозки сырой нефти (Aframax).,111930.0,13.7,Багамские Острова.,oil_tanker
9601194,,,Oil Tanker,111827.0,14.1,Маршалловы Острова.,oil_tanker
9604380,,LADY HENRIETTA,Танкер для перевозки сырой нефти (Crude Oil Tanker / Aframax),111815.0,14.1,Маршалловы Острова,oil_tanker
9397808,,BLUEFIN PEARL,Нефтеналивной танкер (Aframax / LR2),111402.0,13.5,Панама,oil_tanker
9413559,273251530.0,,Crude Oil Tanker (нефтеналивной танкер),111107.0,12.7,Россия,oil_tanker
9901051,,ANGELONIA,Нефтяной танкер / продуктовоз (Aframax / LR2),111039.0,,Либерия,oil_tanker
9288708,,AURO,Танкер для сырой нефти (Crude Oil Tanker),111006.0,,Коморские Острова,oil_tanker
9940459,,,Oil Tanker,111006.0,9.0,Либерия.,oil_tanker
9260809,,,Oil Tanker,110673.0,11.5,Египет.,oil_tanker
9350654,,RUBY CROSS,Танкер для сырой нефти (Crude Oil Tanker),110503.0,8.5,Зимбабве (согласно AIS) / Коморские острова (согласно данным о судне),oil_tanker
9387255,,VEXIA,Нефтяной танкер (Aframax / LR2),110448.0,8.2,"Камерун Основные габариты: Длина общая (LOA) — 246.00 м, ширина — 42.00 м",oil_tanker
9299719,,OTLA,Танкер для перевозки сырой нефти (Crude Oil Tanker / Aframax).,110043.0,8.5,"Зимбабве (AIS), Коморские острова (регистр).",oil_tanker
9688831,,STI MADISON,Танкер для перевозки сырой нефти (Aframax / LR2),109999.0,12.4,Маршалловы острова,oil_tanker
9693056,,AGIOS GERASIMOS,Нефтяной танкер (Aframax / LR2),109999.0,,Мальта,oil_tanker
9693068,,ABLIANI,Нефтяной танкер (Aframax / LR2),109999.0,,Мальта,oil_tanker
9693070,,STEMNITSA,Нефтяной танкер (Aframax / LR2),109999.0,14.0,Мальта,oil_tanker
9696682,,STI ROSE,Танкер для перевозки сырой нефти (LR2 / Aframax),109999.0,8.6,"Маршалловы острова Основные габариты: Длина (LOA) — 256.00 м, ширина — 43.00 м",oil_tanker
9696694,,,Oil Tanker,109999.0,8.7,Маршалловы Острова.,oil_tanker
9696711,,STI LAUREN,Танкер для перевозки сырой нефти (Aframax / LR2),109999.0,13.8,Маршалловы Острова,oil_tanker
9697595,,STI OXFORD,Танкер для перевозки сырой нефти (Aframax / LR2),109999.0,8.2,Маршалловы Острова,oil_tanker
9708150,,STI LOMBARD,Нефтяной танкер (Aframax / LR2),109999.0,11.9,Маршалловы Острова,oil_tanker
9708576,,GH UMEKO,Нефтяной танкер (Aframax / LR2),109999.0,9.0,Маршалловы острова,oil_tanker
9717101,538005822.0,STI GUARD,Crude Oil Tanker (танкер для перевозки сырой нефти),109999.0,11.0,Маршалловы Острова,oil_tanker
9717125,,"TORM HELGA (бывш. STI GOAL, NAVIG8 GOAL)",Танкер для перевозки сырой нефти / нефтепродуктов (LR2 / Aframax),109999.0,9.0,Дания (DIS),oil_tanker
9717137,,,Oil Tanker,109999.0,9.0,,oil_tanker
9719692,,STI SYMPHONY (бывшее название: NAVIG8 SYMPHONY),Танкер для перевозки сырой нефти/продуктов (LR2 — Long Range 2),109999.0,13.2,Маршалловы Острова,oil_tanker
9719721,,,Oil Tanker,109999.0,9.0,Маршалловы Острова.,oil_tanker
9722182,,STI GRATITUDEIMO номер: 9722182,Танкер для перевозки сырой нефти (Aframax / LR2),109999.0,8.8,"Маршалловы острова Основные габариты: Длина (LOA) — 249.99 м, ширина — 44.00 м",oil_tanker
9730880,,STI RAMBLAТип судна: Нефтяной танкер / танкер-продуктовоз (LR2),Нефтяной танкер / танкер-продуктовоз (LR2),109999.0,13.3,"Маршалловы острова IMO номер: 9730880 Год постройки: 2017 (верфь Sungdong Shipbuilding, Южная Корея)",oil_tanker
9732266,,PACIFIC A. DORODCHI,Танкер для перевозки сырой нефти (Crude Oil Tanker / Aframax),109999.0,11.5,Маршалловы острова (Marshall Islands),oil_tanker
9923425,563169300.0,PROTEUS PHILIPPA,Crude Oil Tanker,109999.0,,Сингапур,oil_tanker
9923475,,PROTEUS RONG NA,Танкер для сырой нефти (Crude Oil Tanker),109999.0,12.8,Сингапур,oil_tanker
9941702,,DF MYSTRAS (бывшее название: ANGLEVIKEN),Танкер для перевозки сырой нефти (Aframax / LR2),109999.0,12.7,Либерия,oil_tanker
9941714,,DF MONTMARTRE,Нефтяной танкер (Aframax / LR2),109999.0,13.7,Либерия,oil_tanker
9945289,,SEA STAR,Танкер для сырой нефти (Aframax / LR2),109999.0,8.5,Греция,oil_tanker
9945291,,ELANDRA SWALLOW,Танкер для перевозки сырой нефти/нефтепродуктов (LR2 / Aframax),109999.0,8.5,Либерия,oil_tanker
9945318,636021574.0,ON PRIDE (ранее: ELANDRA TERN),"Crude Oil Tanker (нефтяной танкер, класс Aframax)",109999.0,,Либерия,oil_tanker
9853266,,NAVIG8 PERSEVERANCE,Нефтяной танкер (Aframax / LR2),109998.0,8.6,"Сингапур Основные габариты: Длина общая (LOA) — 249.90 м, ширина — 44.00 м",oil_tanker
9831309,,NAVIG8 PRESTIGE JKB,Нефтяной танкер (Aframax / LR2),109995.0,13.4,Сингапур,oil_tanker
9796494,,HAFNIA DESPINA,Танкер для нефтепродуктов / сырой нефти (LR2 / Aframax),109990.0,12.5,Сингапур,oil_tanker
9784611,352003617.0,,Oil Tanker,109986.0,8.5,Панама (PAN).,oil_tanker
9740469,,VST OCEANIA,Нефтяной танкер (Aframax / LR2),109985.0,,Панама,oil_tanker
9299692,,CELT,Танкер для перевозки сырой нефти (Crude Oil Tanker / Aframax).,109919.0,8.5,Оман.,oil_tanker
9312884,,KEMEROVO,Танкер для перевозки сырой нефти (Crude Oil Tanker / Aframax).,109919.0,8.1,Россия.,oil_tanker
9792852,,HAI SHANG,Нефтеналивной танкер (Aframax / LR2),109900.0,,Либерия,oil_tanker
9792840,,"HAIFENG (бывшие названия: DUOMO SQUARE, SALAMINA)",Танкер для перевозки сырой нефти (Aframax / LR2),109898.0,8.9,Либерия,oil_tanker
9686649,,,Oil Tanker,109896.0,9.0,Маршалловы Острова.,oil_tanker
9767340,,FRONT SIRIUS,Танкер для сырой нефти (Aframax / LR2),109896.0,8.7,Маршалловы острова,oil_tanker
9887815,,FRONT FUTUREТип судна: Нефтяной танкер (Aframax / LR2),Нефтяной танкер (Aframax / LR2),109896.0,8.7,"Маршалловы острова IMO номер: 9887815 Год постройки: 2021 (верфь Daehan Shipbuilding, Южная Корея)",oil_tanker
9790995,538007462.0,,Oil Tanker,109895.0,,"Маршалловы Острова. Габариты: Длина (LOA) 252.00 м, ширина 44.00 м. Тоннаж:",oil_tanker
9978339,,SFL TAURUS,Танкер для перевозки сырой нефти / нефтепродуктов (Aframax / LR2),109895.0,9.2,Маршалловы Острова,oil_tanker
9903970,,FRONT FEATURE,Нефтеналивной танкер (Crude Oil Tanker / Aframax LR2),109894.0,8.8,Маршалловы Острова,oil_tanker
9903968,,FRONT FAVOURТип судна: Танкер для перевозки сырой нефти (Crude Oil Tanker / Aframax / LR2),Танкер для перевозки сырой нефти (Crude Oil Tanker / Aframax / LR2),109893.0,9.3,Маршалловы острова IMO номер: 9903968 Год постройки: 2021,oil_tanker
9299707,,GUANYIN,Танкер для перевозки сырой нефти (Crude Oil Tanker / Aframax).,109857.0,8.2,Камерун.,oil_tanker
9306627,,"PROGRESS (бывш. HUANG HE, WU TONG, KUDOS, TORM MARGIT)",Танкер для перевозки сырой нефти (Aframax / LR2),109672.0,,Россия,oil_tanker
9306639,,,Oil Tanker,109672.0,14.7,Индонезия.,oil_tanker
9319698,352003303.0,CONCORD BREEZE,Crude Oil Tanker (танкер для сырой нефти класса Aframax),109672.0,8.5,Панама,oil_tanker
9319674,,,Oil Tanker,109647.0,9.1,Экваториальная Гвинея.,oil_tanker
9683001,,KANATA SPIRIT,Танкер для сырой нефти (Crude Oil Tanker),109584.0,9.5,Маршалловы острова,oil_tanker
9683063,235108532.0,"KMARIN REGARD (ранее BRITISH REGARD) Тип: Танкер для перевозки сырой нефти (Aframax / LR2). Идентификаторы: IMO 9683063,","Танкер для перевозки сырой нефти (Aframax / LR2). Идентификаторы: IMO 9683063, MMSI 235108532, позывной 2ICI5.",109543.0,10.6,"Соединенное Королевство (UK). Год постройки: 2016. Габариты: Длина (LOA) 250 м, ширина 44 м. Тоннаж:",oil_tanker
9683037,235108528.0,KMARIN RESOURCE,Crude Oil Tanker (нефтетанкер),109483.0,9.0,Остров Мэн (Великобритания),oil_tanker
9683087,,,Oil Tanker,109483.0,15.0,Соединенное Королевство (Великобритания) / Остров Мэн.,oil_tanker
9683049,,KMARIN RIGOUR,Танкер для перевозки сырой нефти (Aframax / LR2),109475.0,9.0,"Остров Мэн (Великобритания) Основные габариты: Длина (LOA) — 249.85 м, ширина — 44.00 м",oil_tanker
9231468,,,Oil Tanker,109390.0,9.5,Барбадос.,oil_tanker
9466142,,SCOTT SPIRIT,Челночный танкер (Shuttle Tanker / Aframax),109335.0,,Багамские острова,oil_tanker
9466130,,PEARY SPIRIT,Танкер для перевозки сырой нефти (Aframax),109325.0,,Багамские острова,oil_tanker
9892987,,ATLANTIC JADE (ранее: CLEAROCEAN JADE),Танкер для перевозки сырой нефти (Aframax / LR2),109325.0,14.8,Либерия,oil_tanker
9408542,,LING HONG (также фигурирует под названием TONG TU),Танкер для перевозки сырой нефти (Crude Oil Tanker / LR2),109250.0,6.6,Панама (ранее также упоминается флаг Сьерра-Леоне),oil_tanker
9892975,,ATLANTIC EMERALD (ранее: CLEAROCEAN EMERALD),Танкер для перевозки сырой нефти (Aframax / LR2),109201.0,13.5,Либерия,oil_tanker
9422835,311000221.0,GARIBALDI SPIRIT,Crude Oil Tanker,109039.0,,Багамские Острова,oil_tanker
9484077,,SELETAR SPIRIT,Танкер для перевозки сырой нефти (Crude Oil Tanker / Aframax),108994.0,15.3,Багамские острова,oil_tanker
9368223,,ACHILLES (ранее: FU HAI WAN)IMO номер: 9368223,Нефтяной танкер (Aframax),108953.0,,"Оман Основные габариты: Длина общая (LOA) — 245.00 м, ширина — 42.00 м",oil_tanker
9388728,352005847.0,,Oil Tanker,108940.0,7.6,Панама (PAN).,oil_tanker
9368235,,NEVAH,Танкер для перевозки сырой нефти / нефтепродуктов,108936.0,,Камерун,oil_tanker
9439539,,BOLU,Нефтяной танкер (Aframax / LR2),108760.0,,Камерун,oil_tanker
9783930,356178000.0,SOUTHERN LEADER,Crude Oil Tanker,108560.0,,Панама,oil_tanker
9334739,,OLIB,Танкер для перевозки сырой нефти (Aframax / LR2),108433.0,9.9,Хорватия,oil_tanker
9473054,229957000.0,PS TRIESTE,Crude Oil Tanker (танкер для перевозки сырой нефти),107546.0,10.5,Мальта,oil_tanker
9398280,,"TIGERLILY (бывшие названия: CHIOS LION, BRIGHTOIL LION, ARSOS)",Танкер для перевозки сырой нефти (Aframax / LR2),107525.0,14.9,Либерия,oil_tanker
9417000,533133214.0,EAGLE KUCHING,Crude Oil Tanker,107481.0,,Малайзия,oil_tanker
9417012,,EAGLE KUANTAN,Танкер для перевозки сырой нефти (Aframax / LR2),107481.0,,Сингапур,oil_tanker
9422201,533133126.0,EAGLE KINARUT,Crude Oil Tanker,107481.0,,Малайзия,oil_tanker
9291248,,,Oil Tanker,107160.0,8.5,Египет.,oil_tanker
9250907,,RANI,Нефтяной танкер (Crude Oil Tanker),107123.0,,Гвинея (согласно AIS; ранее — Панама),oil_tanker
9298650,,AMALTHEA,Танкер для перевозки сырой нефти (Aframax / LR2),107115.0,13.2,Греция,oil_tanker
9257814,667002283.0,,Crude Oil Tanker,107081.0,,Сьерра-Леоне,oil_tanker
9360128,,ZALIV BAIKAL,Танкер для сырой нефти (Crude Oil Tanker),106808.0,8.4,Оман,oil_tanker
9199713,,"ELIAK (бывш. BOVISTA, DYNASTY)",Танкер для перевозки сырой нефти (Aframax),106644.0,8.0,Палау,oil_tanker
9247821,,BALSA,Танкер для перевозки сырой нефти (Aframax / LR2),106638.0,9.3,Панама,oil_tanker
9360130,,ZALIV VOSTOK,Танкер для перевозки сырой нефти (Aframax).,106590.0,8.2,Оман.,oil_tanker
9251810,,"BLUEBELL (ранее: CROSS OCEAN, BRITISH LAUREL)",Нефтяной танкер (Aframax / LR2),106500.0,,Экваториальная Гвинея (флаг может быть фиктивным/незарегистрированным),oil_tanker
9760500,636017500.0,SOLOMON SEA,Crude Oil Tanker (танкер для перевозки сырой нефти),106359.0,10.6,Либерия,oil_tanker
9752797,,ALFA ALANDIA,Танкер для сырой нефти (Aframax),106324.0,14.8,Багамские острова,oil_tanker
9499876,,FORTALEZA KNUTSEN,Челночный танкер (Shuttle Tanker / Aframax),106316.0,,Багамские острова,oil_tanker
9289489,525119136.0,ALPHA POINT,Crude Oil Tanker (нефтяной танкер),106029.0,,Индонезия,oil_tanker
9299745,632001095.0,"ALGORITM (исторические названия: APUS, HS ARGE, ARGEUS, MESAIEED)",Oil Products Tanker (Танкер для перевозки нефтепродуктов),106007.0,,Гвинея (флаг удобства),oil_tanker
9271377,,TRIDENT HOPE,Танкер для сырой нефти (Crude Oil Tanker),105985.0,11.8,Панама,oil_tanker
9446116,567599000.0,TMN PLENITUDE,Crude Oil Tanker (Hazardous Category B),105860.0,,Таиланд,oil_tanker
9236248,650000127.0,,Crude Oil Tanker (Танкер для перевозки сырой нефти),105851.0,,Мозамбик (исторически — Коморские острова),oil_tanker
9439670,,CAPTAIN A STELLATOS,Нефтяной танкер (Aframax / LR2),105849.0,8.2,Маршалловы острова,oil_tanker
9336414,,,Oil Tanker,105839.0,9.0,Маршалловы Острова.,oil_tanker
9271406,570313000.0,,Crude Oil Tanker (Танкер для перевозки сырой нефти),105817.0,,Тонга (исторически — Коморские острова),oil_tanker
9336397,,LILLESAND (бывшее название: SPT CHAMPION),Танкер для перевозки сырой нефти (Aframax / LR2),105786.0,8.5,Багамские Острова,oil_tanker
9247986,,AVA 10,Нефтяной танкер (Aframax),105674.0,,Коморские острова,oil_tanker
9257010,306410000.0,"SHAURYAII (ранее FORTUNE GALAXY, EUROBRAVE, RIDGEBURY SALLY B, ACS BRAVE, SANKO BRAVE)",Crude Oil Tanker (Танкер для перевозки сырой нефти),105672.0,,Кюрасао (CW) / Неизвестно (последние данные указывают на статус «Not in Service»),oil_tanker
9290311,538008380.0,,Oil Tanker,105642.0,,Маршалловы Острова (MHL).,oil_tanker
9255880,,"PHENIX VI (бывшие названия: ZEPHYR I, ZHEN I, ALFA ITALIA)",Танкер для перевозки сырой нефти (Aframax),105588.0,8.0,Гайана,oil_tanker
9312860,,ELYSARIA,Нефтяной танкер (Aframax / LR2),105583.0,14.8,Либерия,oil_tanker
9337418,613009690.0,ATMOS,Crude Oil Tanker (Танкер для перевозки сырой нефти),105572.0,7.7,КАМЕРУН (CAMEROON),oil_tanker
9173721,,,Oil Tanker,105570.0,8.5,Египет.,oil_tanker
9624067,,NORDLOTUS,Танкер для перевозки сырой нефти (Aframax),105543.0,8.2,Португалия (Мадейра),oil_tanker
9263643,518998343.0,FRUNZE,"Crude Oil Tanker (нефтяной танкер, класс Aframax)",105483.0,8.0,Острова Кука,oil_tanker
9290361,352005520.0,,Oil Tanker,105472.0,,Панама (PA).,oil_tanker
9271365,,AL MAHFOZA,Нефтяной танкер (Aframax),105433.0,8.0,Саудовская Аравия,oil_tanker
9607734,,RAFFLES HARMONY (ранее: AG NEPTUNE),Нефтяной танкер (Aframax),105405.0,,Либерия,oil_tanker
9460564,,BALU 6,Нефтяной танкер (Aframax),105391.0,,Панама,oil_tanker
9411197,,,Oil Tanker,105372.0,14.1,Греция.,oil_tanker
9418482,667002291.0,,Oil Tanker,105369.0,,Сьерра-Леоне.,oil_tanker
9301029,,,Oil Tanker,105363.0,7.6,Багамские острова.,oil_tanker
9041758,533130258.0,DUTA PACIFIC,FSO (Floating Storage/Production) — плавучее нефтехранилище/производственный комплекс,105351.0,,Малайзия,oil_tanker
9404936,,AFRA MAREТип судна: Танкер для перевозки сырой нефти (Crude Oil Tanker / Aframax / LR2),Танкер для перевозки сырой нефти (Crude Oil Tanker / Aframax / LR2),105348.0,10.3,Панама IMO номер: 9404936 Год постройки: 2008,oil_tanker
9380661,636015349.0,,Crude Oil Tanker (нефтеналивной танкер),105346.0,12.5,Либерия,oil_tanker
9439204,210241000.0,URAGA PRINCESS,Crude Oil Tanker,105344.0,,Кипр,oil_tanker
9255684,,,Crude Oil Tanker (Танкер для перевозки сырой нефти),105330.0,,,oil_tanker
9239939,,DESERT ROSE,Нефтяной танкер (Aframax / LR2),105328.0,,Саудовская Аравия,oil_tanker
9410650,636091686.0,,Oil Tanker,105291.0,14.6,Либерия.,oil_tanker
9596997,,HOVDEN SPIRIT,Танкер для перевозки сырой нефти (Aframax / LR2),105276.0,8.7,Багамские острова,oil_tanker
9417464,620800047.0,,Crude Oil Tanker,105188.0,,"Коморские острова (согласно AIS), в исторической справке также упоминается Панама.",oil_tanker
9417452,,CHRYSANTHEMUM,Танкер для перевозки сырой нефти (Aframax / LR2),105187.0,8.3,Багамские острова,oil_tanker
9235725,,BLACK MARLIN (текущее название),Нефтяной танкер (Aframax),105166.0,,Камерун,oil_tanker
9422407,351075000.0,PICHINCHA,Crude Oil Tanker (танкер для перевозки сырой нефти),105093.0,15.3,Панама,oil_tanker
9422392,,ZARUMA,Танкер для сырой нефти (Aframax / LR2),105073.0,,Панама,oil_tanker
9293002,,"NASLEDIE (бывш. BLINT, ARGENT, JAGUAR, S PUMA, SIGNAL PUMA)",Танкер для перевозки сырой нефти (Aframax),105034.0,,Россия,oil_tanker
9377779,,VOZROZHDENIYE (ранее: MONARCH I),Нефтяной танкер (Aframax / LR2),105009.0,,Россия,oil_tanker
9249178,,NUSA MERDEKA,Нефтяной танкер (Aframax),104875.0,,Индонезия,oil_tanker
9467732,,SWARNA KAMAL,Нефтяной танкер (Aframax / LR2),104862.0,,Индия,oil_tanker
9489285,538006514.0,,Oil Tanker,104808.0,,Маршалловы Острова (MH).,oil_tanker
9486934,,SAMOS,Танкер для сырой нефти (Aframax / LR2),104649.0,,Багамские острова,oil_tanker
9524994,,BLUE MOON,Танкер для сырой нефти (Crude Oil Tanker),104623.0,12.8,Маршалловы острова,oil_tanker
9543524,,,Oil Tanker,104594.0,13.7,Маршалловы Острова.,oil_tanker
9524982,,"BRIOLETTE (ранее: MAERSK JAMNAGAR, RICH DUKE II)",Нефтяной танкер (Aframax / LR2),104588.0,,Маршалловы Острова,oil_tanker
9543500,,YARE,Танкер для сырой нефти (Aframax / LR2),104579.0,7.0,Венесуэла,oil_tanker
9354313,,JASMINE (бывш. ZALIV AMURSKIY),Танкер для перевозки сырой нефти (Aframax / LR2),104542.0,,Оман,oil_tanker
9509035,,BEI HAI ZHAN WANG,Танкер для сырой нефти (Crude Oil Tanker),104324.0,12.0,Китай,oil_tanker
9418494,,ZALIV ANIVA,Танкер для сырой нефти (Aframax/LR2),102946.0,,Оман,oil_tanker
9243320,,YEHOPE,Танкер для перевозки сырой нефти (Crude Oil Tanker / Aframax).,99999.0,14.2,Барбадос.,oil_tanker
9258894,,GOLDEN SPLENDOR,Танкер для сырой нефти (Crude Oil Tanker),99999.0,9.5,Индонезия,oil_tanker
9664782,,"SFL PANTHER (бывш. FRONT PANTHER, FRONT PANTHE2)",Нефтяной танкер (Crude Oil Tanker / Aframax / LR2),99994.0,9.3,Маршалловы острова,oil_tanker
9422988,,VOLANS (также известное как NEW MILOS),Танкер для сырой нефти (Aframax / LR2),99876.0,9.4,Барбадос,oil_tanker
9110183,,MORNING SUN,Танкер для нефтепродуктов (Aframax / LR2),98743.0,,Панама,oil_tanker
9259680,636011265.0,,Crude Oil Tanker (нефтеналивной танкер),84999.0,,Либерия,oil_tanker
9737096,,EPICURUS,Танкер-химовоз / нефтепродуктовоз (LR1 / Panamax),79945.0,7.6,Багамские острова,oil_tanker
9506069,,LV LIZZY,Танкер-продуктовоз (LR1),76594.0,10.4,Маршалловы острова,oil_tanker
9393084,636024336.0,BAM BAM (ранее эксплуатировалось под названиями HAFNIA THAMES и BW THAMES),Crude Oil Tanker (танкер для перевозки сырой нефти),76586.0,8.2,Либерия,oil_tanker
9393096,,MONTE TAMARO,Танкер для перевозки нефтепродуктов (LR1),76579.0,7.6,Либерия,oil_tanker
9324318,,PALOMA,Танкер для перевозки нефтепродуктов (Oil Products Tanker / Panamax LR1),76578.0,12.4,Маршалловы Острова,oil_tanker
9341940,,"SEA LA VIDA (бывшие названия: DANSHIP TOPE, PELAGIC TOPE, HAFNIA RHINE, BW RHINE)",Танкер-продуктовоз (LR1 / Panamax),76578.0,13.5,Кипр,oil_tanker
9393101,,MONTE LEMA,Танкер для перевозки нефтепродуктов (LR1 / Panamax),76578.0,8.2,Либерия,oil_tanker
9324289,,KRITI STATE,Танкер для перевозки нефтепродуктов (LR1 / Panamax),76565.0,10.4,Либерия,oil_tanker
9176773,,"MANISA (ранее: ZARO, BALITA, ANGLIA)",Нефтяной танкер (Panamax / LR1),76002.0,,"Экваториальная Гвинея (исторически сменял множество «удобных» флагов, включая Камерун, Танзанию, Гайану)Основные габариты: Длина общая (LOA) — 213.26 м, ширина — 37.00 м",oil_tanker
9482859,,NAVIG8 MESSI,Танкер для перевозки нефтепродуктов (Oil Products Tanker),75618.0,11.0,Сингапур,oil_tanker
9344825,,LIAN XING HU,Танкер для перевозки сырой нефти (Crude Oil Tanker / LR1),75504.0,12.7,Китай (PRC),oil_tanker
9794836,,ADVANTAGE PORTOFINOТип судна: Нефтяной танкер (Aframax / LR1),Нефтяной танкер (Aframax / LR1),75343.0,8.5,Маршалловы острова IMO номер: 9794836 Год постройки: 2018,oil_tanker
9206384,,,Oil Tanker,74999.0,12.1,Сингапур.,oil_tanker
9281425,,RANGVER,Нефтяной танкер / Продуктовоз (LR1),74999.0,13.0,"Барбадос Основные габариты: Длина общая (LOA) — 228.19 м, ширина — 32.23 м",oil_tanker
9298674,419002058.0,DUBAI GREEN,Oil Products Tanker (танкер для перевозки нефтепродуктов),74999.0,8.2,Индия,oil_tanker
9321562,,,Crude Oil Tanker (танкер для перевозки сырой нефти),74999.0,8.3,Сьерра-Леоне,oil_tanker
9326873,538009651.0,"ALBARO (ранее: SUNNY LION, MARIBEL)",Oil Products Tanker (танкер для перевозки нефтепродуктов),74999.0,8.5,Маршалловы Острова,oil_tanker
9389564,636013375.0,ATHINA,Crude Oil Tanker (Танкер для перевозки сырой нефти),74999.0,13.5,Либерия (LR),oil_tanker
9389837,,SEAWAYS GUAYAQUIL (ранее GULF CASTLE),Танкер для сырой нефти (LR1 / Panamax Tanker),74999.0,,Маршалловы острова,oil_tanker
9389851,,GULF CORAL,Танкер для сырой нефти (Panamax/LR1),74999.0,8.0,Багамские острова,oil_tanker
9390927,636013350.0,KERALA,Crude Oil Tanker (Танкер для перевозки сырой нефти),74999.0,8.2,ЛИБЕРИЯ (LIBERIA),oil_tanker
9403554,,SERENGETI,Нефтяной танкер / продуктовоз (LR1 / Panamax),74999.0,,Либерия,oil_tanker
9781281,636024871.0,CIELO DI CAGLIARI,Oil Products Tanker (танкер для перевозки нефтепродуктов),74999.0,11.5,Либерия,oil_tanker
9791872,,BRIGHT FUTURE,Танкер для перевозки нефтепродуктов (LR1),74999.0,8.3,Люксембург,oil_tanker
9830288,,HAFNIA HONG KONG,Танкер-химовоз / нефтепродуктовоз (LR1 / Panamax),74999.0,12.4,Мальта,oil_tanker
9830290,,HAFNIA SHANGHAI,Танкер-химовоз / нефтепродуктовоз (LR1 / Panamax),74999.0,,Мальта,oil_tanker
9856634,,HAFNIA BEIJING,Танкер-химовоз / нефтепродуктовоз,74999.0,8.4,Мальта,oil_tanker
9321196,636026392.0,GISELE,"Oil Products Tanker (танкер-продуктовоз, класс Aframax/LR2)",74998.0,13.0,Либерия,oil_tanker
9387970,,"SOLO (прежние названия: AVRA PATROS, ENERGY CENTURION)",Танкер для перевозки сырой нефти (LR1 / Panamax),74998.0,13.4,Мальта,oil_tanker
9580390,,SEAWAYS EAGLE,Танкер для перевозки химических грузов и нефтепродуктов (LR1 Product/Chemical Tanker),74997.0,8.2,Маршалловы острова,oil_tanker
9760213,,HAFNIA PRECISION,Танкер-нефтепродуктовоз (LR1 / Crude Oil Tanker),74997.0,8.0,Сингапур,oil_tanker
9336505,311001007.0,,Oil Tanker,74996.0,7.0,Багамские острова (Bahamas).,oil_tanker
9556181,,NAVIG8 HONOR,Танкер для сырой нефти (Crude Oil Tanker) / Panamax (LR1),74996.0,11.9,Сингапур,oil_tanker
9387281,235060303.0,ENERGY CENTAUR,Crude Oil Tanker (танкер для перевозки сырой нефти),74995.0,8.2,Соединенное Королевство (о. Мэн),oil_tanker
9321184,,SANMAR SAROD,Танкер-нефтепродуктовоз (Oil Products Tanker),74994.0,7.5,Индия,oil_tanker
9594896,,,Oil Tanker,74986.0,8.0,Маршалловы острова.,oil_tanker
1030040,,MUGELLO,Танкер-химовоз / нефтепродуктовоз (Chemical/Oil Products Tanker),74976.0,8.0,Либерия,oil_tanker
1030064,,JARAMA,Танкер для перевозки химических грузов и нефтепродуктов (LR1 / Panamax),74924.0,8.2,Либерия,oil_tanker
9301940,538002946.0,,Oil Tanker,74909.0,,Маршалловы острова (MH).,oil_tanker
9388924,,,Oil Tanker,74889.0,7.9,Индия.,oil_tanker
9487263,,YAMILAH-III,Танкер для перевозки сырой нефти / нефтепродуктов (LR1/Panamax),74866.0,,Либерия,oil_tanker
9388936,419765000.0,JAG APARNA,Oil Products Tanker,74859.0,,Индия,oil_tanker
9610389,,NEXUS VICTORIA,Танкер-нефтепродуктовоз (Oil Products Tanker / Panamax),74734.0,8.0,Великобритания (остров Мэн),oil_tanker
9589932,,NAVE CASSIOPEIA,Танкер для перевозки сырой нефти (LR1),74711.0,,Либерия,oil_tanker
9638563,,NAVE ATROPOS,Crude Oil Tanker / Panamax (LR1),74695.0,,МАРШАЛЛОВЫ ОСТРОВА (MARSHALL ISLANDS),oil_tanker
9735634,563153900.0,HAFNIA EXPRESS,Crude Oil Tanker (нефтяной танкер),74663.0,,Сингапур,oil_tanker
9735646,,HAFNIA EXCELLENCE,Танкер для перевозки сырой нефти (Crude Oil Tanker),74613.0,11.5,Сингапур,oil_tanker
9496032,,FLAGSHIP PRIVET,Нефтяной танкер / продуктовоз (LR1 / Panamax),74594.0,,"Маршалловы Острова Основные габариты: Длина общая (LOA) — 228.48 м, ширина — 32.20 м",oil_tanker
9577082,273278950.0,PREMIER (историческое название: SCF PRIME),Crude Oil Tanker (Танкер для перевозки сырой нефти),74581.0,,Россия,oil_tanker
9456939,,FLAGSHIP ORCHID,Танкер-продуктовоз (LR1 / Panamax),74577.0,,Маршалловы Острова,oil_tanker
9456915,,,Oil Tanker,74574.0,8.2,Маршалловы Острова.,oil_tanker
1045992,,ADVANTAGE PATH,Танкер-химовоз / Продуктовоз (LR1),74550.0,8.2,Маршалловы Острова,oil_tanker
9577094,461000264.0,"GARNET (исторические названия: SCF PROVIDER, PATHFINDER)","Crude Oil Tanker (Танкер для перевозки сырой нефти, класс LR2)",74548.0,7.8,Оман,oil_tanker
9467794,,HAFNIA AUSTRALIA,Танкер-продуктовоз (LR1 — Long Range 1),74540.0,,Сингапур,oil_tanker
9772034,,PACIFIC SARAH,Танкер-химовоз / нефтепродуктовоз (Chemical/Oil Products Tanker / LR1),74356.0,12.0,Маршалловы острова IMO номер: 9772034 Год постройки: 2017,oil_tanker
9382956,,SELINI,Танкер для перевозки сырой нефти (LR1).,74296.0,8.0,Либерия.,oil_tanker
9379961,,TWERK (ранее: ALPINE PERSEFONE),Нефтяной танкер / продуктовоз (LR1 / Panamax),74269.0,,Либерия,oil_tanker
9729233,538009474.0,MARLIN HESTIA,Oil Products Tanker (танкер-продуктовоз),74260.0,11.9,Маршалловы Острова,oil_tanker
9382968,,SALAMINA,Танкер для перевозки сырой нефти (LR1 / Panamax).,74251.0,8.0,Либерия.,oil_tanker
9766229,,HAFNIA YARRA,Танкер для перевозки нефтепродуктов (Oil Products Tanker),74189.0,12.2,Сингапур,oil_tanker
9737515,,BLUEBIRD,Танкер для сырой нефти (Crude Oil Tanker),74074.0,11.9,Сингапур,oil_tanker
9329758,,SEA 1,Нефтяной танкер (LR1),74065.0,,Барбадос,oil_tanker
9761944,636017480.0,SUNRAY,Crude Oil Tanker (танкер для перевозки сырой нефти),74040.0,9.0,Либерия,oil_tanker
9181857,,"ASTRA I (ранее: ATHINA II, AWI NA 3I, MORNING GLORY 1/V)",Нефтяной танкер (Panamax / LR1),74025.0,,Либерия,oil_tanker
9334571,,"SANMAR SUPARNA (исторически: EAGLE HOPE, TWO MILLION WAYS)",Танкер для перевозки сырой нефти и нефтепродуктов (Panamax/LR1),73965.0,,Индия,oil_tanker
9308089,,DE XI,"Нефтяной танкер (Crude Oil Tanker, LR1)",73917.0,,Багамские острова,oil_tanker
9298296,352005512.0,AL SALMI,"Crude Oil Tanker (нефтяной танкер, класс Panamax)",73911.0,13.4,Панама,oil_tanker
9298272,,VALENTE,Нефтяной танкер (Panamax),73901.0,,Танзания (регистр судна часто классифицируется как «неизвестный» из-за частых манипуляций),oil_tanker
9798868,241528000.0,NICOPOLIS,Crude Oil Tanker (танкер для сырой нефти),73879.0,11.8,Греция,oil_tanker
9298313,232006316.0,VS PROSPERA,Crude Oil Tanker (танкер для перевозки сырой нефти),73869.0,11.7,Остров Мэн (Великобритания),oil_tanker
9330343,,LONDON STAR,Танкер для сырой нефти / Продуктовоз (LR1),73869.0,,Либерия,oil_tanker
9602722,,,Oil Tanker,73847.0,8.7,Дания.,oil_tanker
9401233,,PALAWAN STAR,Танкер-химовоз / продуктовоз (Chemical/Oil Products Tanker),73796.0,11.8,Маршалловы острова (Marshall Islands),oil_tanker
9289752,,SAVITRI,Танкер для перевозки нефтепродуктов (Oil Products Tanker / Panamax).,73788.0,12.8,Сьерра-Леоне.,oil_tanker
9488413,,"VOULA (бывшие названия: PATARIS, NORDIC ANNE, SUMMIT AUSTRALIA)",Танкер для перевозки нефтепродуктов (LR1 — Long Range 1),73774.0,9.0,Маршалловы Острова,oil_tanker
9441192,,NORDIC C,Танкер для перевозки сырой нефти (Crude Oil Tanker),73766.0,12.2,Либерия,oil_tanker
9417763,,SPRUCE 2,Нефтяной танкер (LR1 / Panamax),73747.0,,Либерия,oil_tanker
9289776,610000040.0,"MAISAN (исторические названия: AFFINITY, EMERALD SHINER, GALATIA, GAGAN)",Oil Products Tanker (Танкер-продуктовоз),73741.0,,Бенин (ранее Панама),oil_tanker
9358929,,EVRIDIKI,Танкер для сырой нефти (Crude Oil Tanker),73740.0,8.5,Багамские Острова,oil_tanker
9396672,636022971.0,FAIR STAR,Crude Oil Tanker,73723.0,,Либерия,oil_tanker
9407287,563212600.0,CLEAROCEAN FUKU IMO /,Нефтяной танкер (Crude Oil Tanker),73720.0,11.9,Сингапур Год постройки: 2008 (возраст — 18 лет),oil_tanker
1049388,,,Oil Tanker,73684.0,8.2,Либерия.,oil_tanker
9441207,,MINDORO STAR,Танкер-химовоз / продуктовоз (LR1 / Panamax),73677.0,8.0,Маршалловы Острова,oil_tanker
9407275,,CLEAROCEAN FUYO,Нефтяной танкер / танкер-химовоз (LR1 / Panamax),73666.0,,Сингапур,oil_tanker
9372858,636014739.0,LADY CHRISTINA,Crude Oil Tanker (танкер для перевозки сырой нефти),73626.0,8.2,Либерия,oil_tanker
9351440,538005358.0,BELLINI,Crude Oil Tanker (танкер для сырой нефти),73582.0,8.1,Маршалловы Острова,oil_tanker
9550682,,XING CHEN,Нефтяной танкер,73427.0,,"Камерун (согласно актуальным данным AIS; ранее использовались другие флаги, включая Панаму)",oil_tanker
9550709,,PELAGIC TURBOT (ранее SUMMIT AFRICA),Танкер-нефтепродуктовоз (LR1 / Panamax Tanker),73427.0,,Кипр,oil_tanker
9550694,,"K LUCKY (ранее UOG HERMES, UACC EAGLE)",Танкер для сырой нефти (Crude Oil Tanker / LR1),73410.0,,Маршалловы острова,oil_tanker
9407847,,,Oil Tanker,73334.0,13.9,Либерия.,oil_tanker
9570008,538004190.0,"TROY (ранее CAPE TROY, PRIMERA 73 II).",Танкер для сырой нефти (Crude Oil Tanker) / Танкер-продуктовоз.,73180.0,,Маршалловы Острова.,oil_tanker
9820544,,AMAZON FORTITUDE,Танкер для перевозки сырой нефти/нефтепродуктов (Aframax),72837.0,11.6,Греция,oil_tanker
9236614,,ETYFA PROMETHEAS,Плавучая установка для хранения/производства (Floating Storage/Production),72781.0,10.0,Кипр,oil_tanker
9372547,273345020.0,,Oil Tanker,72722.0,,Россия.,oil_tanker
9372559,273335010.0,,Oil Tanker,72722.0,,Россия.,oil_tanker
9783382,,LIAN YANG HU,Танкер для перевозки сырой нефти (Crude Oil Tanker / Aframax),72712.0,8.1,Китай,oil_tanker
9270488,,,Oil Tanker,72365.0,13.1,Антигуа и Барбуда.,oil_tanker
9270490,,NILE,Танкер для сырой нефти (Crude Oil Tanker),72365.0,8.0,Либерия (согласно текущим данным AIS),oil_tanker
9308998,468760000.0,"BANGUS (ранее POLA, CHEMTRANS POLARIS)",Crude Oil Tanker (Танкер для перевозки сырой нефти),72291.0,8.0,Сирия (SY) / Барбадос (BB) — наблюдается расхождение в данных реестров.,oil_tanker
9288356,,ROCK,Танкер для перевозки сырой нефти (Crude Oil Tanker),70753.0,8.5,Барбадос,oil_tanker
9218181,,ATLANTIS MZ,Нефтяной танкер (Panamax / LR1),70514.0,7.1,Коморские острова,oil_tanker
9266774,,EVER VICT,Нефтяной танкер (LR1 / Panamax),70426.0,,Багамские Острова,oil_tanker
9301744,,VICTORY (ранее ICE VICTORY),Танкер для сырой нефти (Crude Oil Tanker / LR1),70372.0,,Либерия,oil_tanker
9333656,636012630.0,ICE FIGHTER,Crude Oil Tanker (танкер для сырой нефти),70347.0,7.5,Либерия,oil_tanker
9259329,,FUSION ENERGY,Танкер для перевозки нефтепродуктов (Oil Products Tanker),70201.0,8.0,Панама,oil_tanker
9259317,538011855.0,"EDOR (исторические названия: FEDOR, NIDIA)",Oil Products Tanker (Танкер-продуктовоз),70156.0,7.8,Маршалловы Острова,oil_tanker
9254850,,CAMILLA,Танкер для нефтепродуктов (LR1),70142.0,,Гонконг,oil_tanker
9239630,,,Нефтяной танкер (Crude Oil Tanker),69609.0,,"Unknown», является следствием обработки устаревших или «фантомных» сигналов. Судно физически перестало существовать как коммерческий транспортный объект.РезюмеАктив непригоден для какой-либо коммерческой деятельности. Включение этого объекта в списки действующих танкеров является ошибкой. Его использование в аналитических моделях или логистических планах недопустимо.",oil_tanker
9253753,,,Танкер для перевозки нефтепродуктов (Oil Products Tanker).,69554.0,8.2,,oil_tanker
9253765,538012111.0,,Oil Tanker,69554.0,13.4,Маршалловы Острова (MHL).,oil_tanker
9265354,,AZTEC,Танкер-нефтепродуктовоз (Oil Products Tanker / LR1),68439.0,,Панама,oil_tanker
9589944,,NAVE CETUS,Танкер-продуктовоз (LR1 / Panamax),65000.0,7.6,"Либерия Основные габариты: Длина (LOA) — 228.00 м, ширина — 32.24 м",oil_tanker
9289178,,,Танкер для перевозки сырой нефти (Panamax / LR1),61369.0,7.5,Либерия,oil_tanker
9309241,,EVROTAS,Танкер для сырой нефти (Crude Oil Tanker / LR1),61281.0,,Либерия,oil_tanker
9901398,,,Oil Tanker,60227.0,8.4,Либерия.,oil_tanker
9513438,,DAN SABIA,Челночный танкер (Shuttle Tanker),59317.0,,Дания,oil_tanker
9845104,,RAWAN,Танкер-химовоз / нефтепродуктовоз (MR Tanker),55634.0,12.5,Саудовская Аравия,oil_tanker
9845099,,FARIDA (бывшее название: GW DOLPHIN),Танкер для перевозки химических грузов и нефтепродуктов (Chemical/Oil Products Tanker / LR1),55604.0,12.4,Саудовская Аравия,oil_tanker
9917854,,,Oil Tanker,55202.0,12.0,Саудовская Аравия.,oil_tanker
9917878,,YAQUT,Танкер-химовоз / нефтеналивной танкер (Chemical/Oil Products Tanker),55202.0,10.6,Саудовская Аравия,oil_tanker
9734678,,,Oil Tanker,54336.0,11.8,Багамские Острова.,oil_tanker
9390769,,TORM LENE,Танкер-продуктовоз / Химовоз (MR Chemical/Product Tanker),53143.0,7.5,Дания (DIS — Danish International Ship Register),oil_tanker
9289520,306667000.0,DHEZI,Chemical/Oil Products Tanker (Танкер для перевозки нефти и химических продуктов),53106.0,7.5,Кюрасао (CURACAO) / Барбадос (BARBADOS) — примечание: в данных системы наблюдается расхождение между реестром флага и данными AIS.,oil_tanker
9289518,,"PASIPHAE (бывшие названия: PACKARD, PHONIX WAY, AJAX, WESTERN BALTIC)",Танкер для перевозки химических грузов и нефтепродуктов,53095.0,11.0,Барбадос,oil_tanker
9392482,,TORM LOUISEIMO номер: 9392482,Танкер-продуктовоз (MR / Medium Range Tanker),53049.0,10.1,Дания,oil_tanker
9291640,,"LIMNOS (бывш. CLOVIS, MANDO ONE, ARTEMIS, WESTERN ARCTIC)",Танкер-химовоз / нефтепродуктовоз (Panamax / LR1),53039.0,,Барбадос,oil_tanker
1024510,,,Oil Tanker,52772.0,7.5,Маршалловы Острова.,oil_tanker
9323338,273276070.0,,Chemical/Oil Products Tanker,52679.0,,Россия,oil_tanker
9323314,613448500.0,,Chemical/Oil Products Tanker,52622.0,,Камерун,oil_tanker
9455739,538008843.0,CHAMPION POMER (ранее: POMER),Oil/Chemical Products Tanker (танкер-химовоз),52579.0,8.9,Маршалловы Острова,oil_tanker
9804033,,YURIY KUCHIEV,Танкер-газоконденсатовоз (ледовый класс Arc7),52292.0,9.4,Кипр,oil_tanker
9767235,374402000.0,ISLA DE BIOKO,Chemical/Oil Products Tanker (танкер-химовоз / продуктовоз),51609.0,8.7,Панама,oil_tanker
9366263,,KARDIANI (бывш. HIGH SATURN),Танкер-химовоз / нефтепродуктовоз (MR/LR1),51527.0,11.4,Мальта,oil_tanker
9387920,538011237.0,SEAWAYS CREST,Oil/Chemical Products Tanker (танкер для перевозки нефтепродуктов и химических грузов),51510.0,8.0,Маршалловы Острова,oil_tanker
9387932,,GREAT MANTA,Танкер-химовоз / Продуктовоз,51501.0,12.0,Сингапур,oil_tanker
9374301,,,Oil Tanker,51498.0,10.5,Маршалловы Острова.,oil_tanker
9387944,538011713.0,SEAWAYS MELINA,Chemical/Oil Products Tanker (танкер-химовоз / танкер для нефтепродуктов),51483.0,9.7,Маршалловы Острова,oil_tanker
9313474,,MOSTAR,Танкер-химовоз / продуктовоз (Chemical/Oil Products Tanker),51218.0,8.0,Панама,oil_tanker
9315056,,MTM MISSISSIPPI,Танкер-химовоз / продуктовоз (Chemical/Oil Products Tanker),51182.0,12.1,Сингапур,oil_tanker
9506693,,DARIKA,Танкер-химовоз / нефтепродуктовоз (Chemical/Oil Products Tanker),51063.0,10.0,Панама,oil_tanker
9583665,,"RED DIAMOND (бывш. NAVIGARE PARS, MISENO)",Танкер-химовоз / нефтепродуктовоз (LR1 / Panamax),51034.0,8.4,Мальта,oil_tanker
9417218,,"VIRGO (бывш. FPMC 22, NAN LIAN 11)",Танкер-химовоз / нефтепродуктовоз,50997.0,10.9,Либерия,oil_tanker
9396737,,"SKYLIGHT (ранее: FALCON IRIS, ISOLA BIANCA)",Танкер-химовоз / нефтепродуктовоз (MR2),50927.0,,Маршалловы Острова,oil_tanker
9669926,636016291.0,,Oil Tanker,50927.0,11.8,Либерия.,oil_tanker
9298492,,"TOA PAYOH (бывшие названия: NORTHERN OCEAN, NORTH POINT)",Танкер для перевозки химических грузов и нефтепродуктов (Chemical/Oil Products Tanker),50922.0,12.0,"Камерун (изменчив, ранее — Панама)",oil_tanker
9305867,,MINERVA RITA,Танкер-химовоз / нефтепродуктовоз (MR/LR1),50922.0,6.9,Либерия,oil_tanker
9318010,,MINERVA XANTHE,Танкер-химовоз / нефтепродуктовоз (MR2),50922.0,9.5,Мальта,oil_tanker
9379325,,"FORTUNE (ранее: PS LONDON, INDIAN POINT)",Танкер-химовоз / нефтепродуктовоз (MR2),50922.0,10.6,Либерия,oil_tanker
9388209,,"JOHNNY RANGER (бывш. PS HOUSTON, IRON POINT)",Танкер-химовоз / нефтепродуктовоз (MR/LR1),50922.0,,Либерия,oil_tanker
9528380,,VALLEBLU,Танкер-химовоз / нефтепродуктовоз (MR-танкер),50895.0,6.9,Италия,oil_tanker
9399868,,JAXSON (бывшее название: ORIENTAL DIAMOND),Танкер для перевозки химических грузов и нефтепродуктов (Chemical/Oil Products Tanker),50781.0,10.1,Либерия,oil_tanker
9396775,,PACIFIC PRIDE,Танкер-химовоз / Продуктовоз (LR1 / Panamax),50698.0,7.5,Панама,oil_tanker
9629548,,SEATREASURE,Танкер для перевозки химических грузов и нефтепродуктов (Chemical/Oil Products Tanker / Medium Range),50660.0,8.5,"Мальта IMO номер: 9629548 Год постройки: 2013 (верфь Hyundai Mipo Dockyard, Южная Корея)",oil_tanker
9412775,,ST GEORGE (бывшее название: ZOUZOU),Танкер для перевозки химических грузов и нефтепродуктов (Chemical/Oil Products Tanker),50651.0,8.0,Либерия,oil_tanker
1035052,,,Танкер-химовоз/продуктовоз.,50607.0,8.1,,oil_tanker
9418133,,,Oil Tanker,50571.0,10.5,Маршалловы Острова.,oil_tanker
9396787,,HARBIYE,Танкер-химовоз / Продуктовоз (LR1 / Panamax),50554.0,8.0,Панама,oil_tanker
9827059,,NORD VALOROUS,Танкер-химовоз / Продуктовоз (MR Tanker),50550.0,,Либерия,oil_tanker
9391517,538003578.0,OCEAN PRINCESS I (ранее — OCEAN PRINCESS),Chemical/Oil Products Tanker (танкер-химовоз / танкер для нефтепродуктов),50549.0,7.8,Маршалловы Острова,oil_tanker
9821847,,KOREA VENUS,Танкер-химовоз / нефтепродуктовоз,50542.0,7.8,Республика Корея,oil_tanker
9995442,,MUSTANG,Танкер-химовоз / нефтепродуктовоз (MR Tanker / Panamax LR1),50539.0,8.5,Либерия,oil_tanker
9827566,,CHIOS STAR,Танкер-химовоз / нефтепродуктовоз (MR / LR1),50506.0,,Маршалловы острова,oil_tanker
9828895,,IONIAN STAR,"Танкер-химовоз / нефтеналивной танкер (Chemical/Oil Products Tanker, MR/LR1)",50506.0,7.8,Маршалловы Острова,oil_tanker
9828900,,AEGEAN STARIMO номер: 9828900,Танкер для перевозки химических грузов и нефтепродуктов (LR1 / Panamax),50506.0,8.3,Маршалловы Острова,oil_tanker
9418145,,STRENGTH,Танкер-химовоз / нефтепродуктовоз (Chemical/Oil Products Tanker),50497.0,,Маршалловы острова,oil_tanker
1043138,,YASA ATLANTIC,Танкер-химовоз / нефтепродуктовоз (Chemical/Oil Products Tanker / Medium Range),50492.0,11.5,Маршалловы острова IMO номер: 1043138 Год постройки: 2026,oil_tanker
1043085,,DELOS T,Танкер-химовоз / нефтепродуктовоз (Chemical/Oil Products Tanker),50479.0,8.5,Маршалловы острова,oil_tanker
1074723,,,Танкер-химовоз / продуктовоз (Chemical/Oil Products Tanker),50469.0,7.4,Маршалловы острова IMO номер: 1074723 Год постройки: 2025,oil_tanker
1043140,,YASA PACIFIC,Танкер-химовоз / нефтепродуктовоз (Chemical/Oil Products Tanker),50458.0,11.0,Маршалловы острова,oil_tanker
9870707,,NORD ELEGANCE,Танкер-химовоз / нефтепродуктовоз (MR / Panamax LR1),50415.0,11.2,Панама,oil_tanker
9461659,636024552.0,,Танкер-химовоз / танкер для нефтепродуктов (Oil/Chemical Tanker).,50391.0,,Либерия (LR).,oil_tanker
9903499,,FLORA EXPRESS,"Танкер-химовоз / нефтепродуктовоз (Chemical/Oil Products Tanker, MR2)",50388.0,9.7,Панама,oil_tanker
9540833,,UNIQUE INFINITY,Танкер-химовоз / Продуктовоз (LR1 / Panamax),50378.0,11.6,Гонконг (КНР),oil_tanker
9428841,,SM NAVIGATOR,Танкер для сырой нефти (Crude Oil Tanker),50376.0,8.0,Панама,oil_tanker
9284788,,DHAN LAXMI (бывшее название: OCEAN SUNRISE),Танкер для перевозки сырой нефти / нефтепродуктов (LR1 / Panamax),50353.0,13.3,Антигуа и Барбуда,oil_tanker
9884825,,,Oil Tanker,50303.0,12.1,Маршалловы Острова.,oil_tanker
9884837,,LOUROSIMO номер: 9884837,Танкер-химовоз / продуктовоз (MR2 / LR1),50299.0,7.4,Либерия,oil_tanker
9884801,,AQUASMERALDA (бывшее название: YANGZE 18),Танкер для перевозки химических грузов и нефтепродуктов (Chemical/Oil Products Tanker),50295.0,10.0,Либерия,oil_tanker
9902873,,EVERGREEN MARINER,Танкер-химовоз / нефтепродуктовоз (MR / Panamax / LR1),50275.0,9.0,Маршалловы острова,oil_tanker
9798349,,ECO MARINA DEL REY,Танкер-химовоз / нефтепродуктовоз (MR Tanker),50267.0,,Маршалловы острова,oil_tanker
9439802,,DASТип судна: Танкер-химовоз / продуктовоз (Chemical/Oil Products Tanker),Танкер-химовоз / продуктовоз (Chemical/Oil Products Tanker),50261.0,11.4,Маршалловы острова (Marshall Islands) IMO номер: 9439802 Год постройки: 2009,oil_tanker
9478705,,ALPINE LEGENDIMO номер: 9478705,Танкер-химовоз / продуктовоз (LR1),50254.0,,Маршалловы Острова,oil_tanker
9747106,,LIAN XI HU,"Танкер-химовоз / нефтепродуктовоз (Chemical/Oil Products Tanker, LR1)",50252.0,12.2,Гонконг (Китай),oil_tanker
9439785,,"YAS (ранее RIDGEBURY ALEXANDRA Z, YASA SEYHAN)",Танкер-химовоз / нефтепродуктовоз (Chemical/Oil Products Tanker),50251.0,10.5,Маршалловы острова,oil_tanker
9934149,,,Oil Tanker,50226.0,8.5,Мальта.,oil_tanker
9857212,,YASA ALBATROSSIMO номер: 9857212,"Танкер-химовоз / нефтепродуктовоз (Chemical/Oil Products Tanker, класс LR1)",50215.0,11.6,Маршалловы острова,oil_tanker
9888340,,YASA ORION,Танкер-химовоз / нефтепродуктовоз (MR2),50215.0,,Маршалловы острова,oil_tanker
9478614,,ALPINE LINKIMO номер: 9478614,Танкер-химовоз / нефтепродуктовоз (LR1 / Panamax),50209.0,8.4,Маршалловы острова,oil_tanker
9859210,563113400.0,HARRISBURG,Chemical/Oil Products Tanker (танкер для перевозки химических грузов и нефтепродуктов),50192.0,8.5,Сингапур,oil_tanker
9859234,,ROYAL CHEMIST,Танкер-химовоз / Продуктовоз (LR1 / Panamax),50192.0,8.9,Либерия,oil_tanker
9877561,,HTM KNIGHT,Танкер-химовоз / нефтепродуктовоз (Chemical/Oil Products Tanker),50185.0,12.2,Маршалловы Острова,oil_tanker
1083217,563314100.0,,Oil Tanker,50184.0,11.2,Сингапур.,oil_tanker
9423906,,"FLORA MARIS (ранее: BACHATA, CHANG JIANG)",Нефтяной танкер (Panamax / LR1),50179.0,,Панама,oil_tanker
9478688,,PINE MEADOW,Танкер-химовоз / продуктовоз (MR2),50171.0,8.4,Португалия (Madeira),oil_tanker
1019773,,AEGEAN CIMO номер: 1019773,Танкер-химовоз / нефтепродуктовоз (MR2),50159.0,,Либерия,oil_tanker
9788473,,ST.MICHAELIS,Танкер-химовоз / продуктовоз (Chemical/Oil Products Tanker),50159.0,8.2,Сингапур,oil_tanker
9700342,,SEAWAYS LOOKOUT (ранее ACTIVE),"Танкер-химовоз / нефтепродуктовоз (Chemical/Oil Products Tanker, класс MR)",50135.0,,Либерия,oil_tanker
9788485,,ST.NIKOLAI,Танкер-химовоз / продуктовоз (Chemical/Oil Products Tanker),50129.0,9.8,Сингапур,oil_tanker
9820336,,"MATISA (текущее), бывшее PETUNIA",Танкер-химовоз (Chemical/Oil Products Tanker),50127.0,,Иран,oil_tanker
9953418,,AGISILAOSIMO номер: 9953418,Танкер-химовоз / нефтепродуктовоз (MR2),50113.0,8.0,Маршалловы острова,oil_tanker
9953432,,,Oil Tanker,50113.0,7.3,,oil_tanker
9953444,,ANIKITOS,Танкер для перевозки химических грузов и нефтепродуктов (LR1),50113.0,11.5,Маршалловы Острова,oil_tanker
9425526,,,Oil Tanker,50090.0,7.5,Сингапур.,oil_tanker
9797747,,,Oil Tanker,50090.0,9.0,Маршалловы Острова.,oil_tanker
9981219,416084000.0,AN YUN,Oil/Chemical Tanker (танкер для перевозки нефти и химических грузов),50089.0,9.5,Тайвань,oil_tanker
1064558,,GRAND WINNER 7,Танкер-химовоз / продуктовоз (Chemical/Oil Products Tanker),50082.0,8.5,Либерия,oil_tanker
9428372,,VIRGEN DEL CISNE,"Танкер-химовоз / нефтепродуктовоз (Chemical/Oil Products Tanker, класс MR)",50078.0,,Кипр,oil_tanker
9636694,,"FATIMA ZARAH (ранее: EVO, KIRIBORA)",Танкер-химовоз / нефтепродуктовоз (MR2),50044.0,7.2,Либерия,oil_tanker
9786243,,SM FALCON,Танкер-химовоз / нефтепродуктовоз (LR1 / Panamax),50017.0,7.4,Панама,oil_tanker
1035076,,CAPE BRASILIA,Танкер-химовоз / нефтеналивной танкер (Chemical/Oil Products Tanker),50000.0,10.7,Маршалловы острова,oil_tanker
9461685,,ORKIM CITRINE,Танкер-химовоз / продуктовоз (Chemical/Oil Products Tanker),50000.0,,Малайзия,oil_tanker
9830252,,CHEMICAL CHALLENGER,Танкер-химовоз / Продуктовоз,50000.0,,Либерия,oil_tanker
1013937,352005768.0,JEFFREYS BAY,Chemical/Oil Products Tanker (танкер-химовоз / танкер для нефтепродуктов),49999.0,11.2,Панама,oil_tanker
1015868,,GEM RUBY,Танкер-химовоз / нефтепродуктовоз (MR2),49999.0,10.5,Маршалловы Острова,oil_tanker
1018949,,KODKOD,Танкер-химовоз / нефтепродуктовоз (MR2),49999.0,12.5,Панама,oil_tanker
1022689,,GEM DIAMONDIMO номер: 1022689,Танкер-химовоз / нефтепродуктовоз (MR),49999.0,12.2,Маршалловы острова,oil_tanker
9304588,,PEACE GULF,Танкер-продуктовоз (MR2),49999.0,,Панама,oil_tanker
9337523,,ATLANTIS AMSTERDAM,Танкер-химовоз / нефтепродуктовоз (Chemical/Oil Products Tanker),49999.0,,Маршалловы острова,oil_tanker
9391440,,ISLEMAN,Танкер-химовоз / продуктовоз (MR2),49999.0,7.7,Маршалловы Острова,oil_tanker
9392808,,SEAWAYS MYSTERY (ранее ALPINE MYSTERY),"Танкер-химовоз / нефтепродуктовоз (Chemical/Oil Products Tanker, класс MR)",49999.0,8.0,Маршалловы острова,oil_tanker
9397511,249294000.0,,Oil Tanker,49999.0,,Мальта (MT).,oil_tanker
9421324,,"PRAGUE (бывшие названия: MR AQUARIUS, MARLIN GLORY, MERIOM GLORY)",Танкер для перевозки химических грузов и нефтепродуктов (MR — Medium Range),49999.0,7.5,Либерия,oil_tanker
9422512,,CLEAN MOXIE,Танкер-химовоз / нефтепродуктовоз (Chemical/Oil Products Tanker),49999.0,,Либерия,oil_tanker
9431317,,,Oil/Chemical Tanker (Танкер для перевозки нефтепродуктов и химии).,49999.0,7.7,Сингапур [SG].,oil_tanker
9433509,,"TORM ATLANTIC (бывш. MAERSK MALTA, GIACINTA)",Танкер-химовоз / нефтепродуктовоз (MR Tanker),49999.0,11.1,Дания,oil_tanker
9443140,,TORM AUSTRALIA,Танкер-химовоз / нефтепродуктовоз (MR2),49999.0,11.5,Дания,oil_tanker
9443164,,TORM MALAYSIA,Танкер-химовоз / нефтепродуктовоз (Chemical/Oil Products Tanker),49999.0,,Дания,oil_tanker
9447744,,CHAMPION CORNELIAIMO номер: 9447744,Танкер-химовоз / нефтепродуктовоз (MR Tanker),49999.0,,Либерия,oil_tanker
9447770,,"CEDAR EXPRESS (ранее: GAN TRUST, OCEAN QUARTZ)",Танкер-химовоз / нефтепродуктовоз (MR2),49999.0,10.8,Маршалловы острова,oil_tanker
9459084,,NAVE BELLATRIX,"Танкер-химовоз / нефтепродуктовоз (Chemical/Oil Products Tanker, класс MR)",49999.0,,Панама,oil_tanker
9459096,,NAVE ORION,Нефтяной танкер / химовоз (Chemical/Oil Products Tanker),49999.0,,Панама,oil_tanker
9476824,636026337.0,ORIS VIKTORIAIMO /,Chemical/Oil Products Tanker (Танкер-продуктовоз),49999.0,8.2,Либерия Год постройки: 2013,oil_tanker
9516222,,ARENDALIMO номер: 9516222,Танкер-химовоз / продуктовоз (MR2),49999.0,8.5,Панама,oil_tanker
9543548,,TORM ARAWA,Танкер-химовоз / нефтепродуктовоз (MR),49999.0,8.9,Дания,oil_tanker
9607174,,HAFNIA EGRET (ранее BW EGRET),Танкер-химовоз / продуктовоз (MR2 Tanker),49999.0,8.7,Сингапур,oil_tanker
9635808,,HAFNIA LYNX,Танкер-химовоз / нефтепродуктовоз (MR Tanker),49999.0,11.8,Сингапур,oil_tanker
9635834,,HAFNIA CHEETAH (ранее BW CHEETAH),Танкер для химических/нефтепродуктов (MR Tanker),49999.0,12.5,Сингапур (высший уровень комплаенса),oil_tanker
9655987,,CLEAROCEAN MARIGOLD,Танкер-химовоз / Продуктовоз (MR Tanker),49999.0,12.2,Сингапур,oil_tanker
9657038,,,Oil Tanker,49999.0,10.7,Маршалловы Острова.,oil_tanker
9682239,,HAFNIA MERLIN,Танкер-химовоз / нефтепродуктовоз,49999.0,7.8,Сингапур,oil_tanker
9697222,,,Oil Tanker,49999.0,10.1,Маршалловы Острова.,oil_tanker
9702209,,TORM DAGMAR (ранее JANE S),Танкер-химовоз / нефтепродуктовоз (MR — Medium Range),49999.0,,Сингапур,oil_tanker
9709776,,HAFNIA ANE,Танкер-химовоз / нефтепродуктовоз (MR Product/Chemical Tanker),49999.0,11.6,Мальта,oil_tanker
9721918,,MARLIN AVENTURINE,Танкер-химовоз / продуктовоз (Chemical/Oil Products Tanker),49999.0,9.7,Маршалловы Острова,oil_tanker
9725304,,LEIKANGER,Танкер-химовоз / нефтепродуктовоз (MR2),49999.0,12.1,Норвегия (NIS — Норвежский международный судовой регистр),oil_tanker
9725316,538012075.0,MARI JONE,Chemical/Oil Products Tanker (Танкер-химовоз/продуктовоз),49999.0,9.3,Маршалловы Острова,oil_tanker
9732046,,MARITIME HORIZON,Танкер-химовоз / нефтепродуктовоз,49999.0,10.6,Сингапур,oil_tanker
9732694,249329000.0,HAFNIA LOTTE,Chemical/Oil Products Tanker (танкер для перевозки нефтепродуктов и химических грузов),49999.0,11.4,Мальта,oil_tanker
9747338,,,Oil Tanker,49999.0,11.7,Маршалловы Острова.,oil_tanker
9798959,,ATLANTIC MARBLE,Танкер-химовоз / продуктовоз (MR2),49999.0,8.5,Маршалловы Острова,oil_tanker
9798973,,,Танкер для перевозки химических грузов и нефтепродуктов (Chemical/Oil Products Tanker),49999.0,10.2,Либерия,oil_tanker
9800659,353754000.0,RICH RAINBOW,Chemical/Oil Products Tanker (танкер для перевозки химических грузов и нефтепродуктов),49999.0,7.6,Панама,oil_tanker
9827578,,OINOUSSIAN STAR,Танкер-химовоз / нефтепродуктовоз (MR2),49999.0,,Маршалловы острова,oil_tanker
9828144,,CAPTAIN NIKOS,Танкер-химовоз / нефтепродуктовоз (Chemical/Oil Products Tanker),49999.0,10.7,Маршалловы Острова,oil_tanker
9829411,,AQUILA L,Танкер-химовоз / продуктовоз (MR2),49999.0,8.5,Либерия,oil_tanker
9831206,,"CAPTAIN LEON (бывш. ELANDRA PINE, PS ATENE)",Танкер-химовоз / нефтепродуктовоз (MR-танкер),49999.0,,Маршалловы острова,oil_tanker
9834337,,,Oil Tanker,49999.0,11.7,Либерия.,oil_tanker
9857250,,PHILOXENIA,Танкер для перевозки химических грузов и нефтепродуктов (Chemical/Oil Products Tanker),49999.0,11.2,Маршалловы Острова,oil_tanker
9859193,,HARMONY CHEMIST,Танкер-химовоз / нефтепродуктовоз,49999.0,8.5,Панама,oil_tanker
9862932,,,Oil Tanker,49999.0,10.5,Либерия.,oil_tanker
9864332,,STAMATIAТип судна: Танкер для перевозки химических грузов и нефтепродуктов (Chemical/Oil Products Tanker),Танкер для перевозки химических грузов и нефтепродуктов (Chemical/Oil Products Tanker),49999.0,10.5,Португалия (Мадейра) IMO номер: 9864332 Год постройки: 2019,oil_tanker
9865740,,TWEED,Танкер-химовоз / продуктовоз (Chemical/Oil Products Tanker / MR),49999.0,8.2,Маршалловы острова (Marshall Islands),oil_tanker
9880403,,FOREVER BRILLIANCY,Танкер-нефтепродуктовоз (MR2 — Medium Range),49999.0,,Гонконг,oil_tanker
9890446,,CLEAROCEAN MARAUDER,Танкер для перевозки химических/нефтепродуктов (MR),49999.0,8.2,Сингапур,oil_tanker
9893761,,,Танкер-химовоз / нефтепродуктовоз (MR),49999.0,,Либерия,oil_tanker
9899985,,NORD VISION,Танкер-химовоз / нефтепродуктовоз (MR2),49999.0,9.5,Маршалловы Острова,oil_tanker
9900825,,CLEAROCEAN MAVERICK,Нефтяной танкер / продуктовоз (MR2),49999.0,,Сингапур,oil_tanker
9930923,,,Oil Tanker,49999.0,8.0,Либерия.,oil_tanker
9935909,,LARGO EDENТип судна: Танкер-химовоз / продуктовоз (Chemical/Oil Products Tanker),Танкер-химовоз / продуктовоз (Chemical/Oil Products Tanker),49999.0,12.0,"Либерия IMO номер: 9935909 Год постройки: 2022 (верфь Guangzhou Shipyard International, Китай)",oil_tanker
9935923,,LARGO EXCELLENCE,Танкер-химовоз / нефтепродуктовоз (MR),49999.0,9.0,Либерия,oil_tanker
9939606,,,Танкер для перевозки химических грузов и нефтепродуктов (Chemical/Oil Products Tanker),49999.0,8.2,Либерия,oil_tanker
9939620,,REDAMANCYТип судна: Танкер для перевозки химических грузов и нефтепродуктов (Chemical/Oil Products Tanker / MR2),Танкер для перевозки химических грузов и нефтепродуктов (Chemical/Oil Products Tanker / MR2),49999.0,12.2,"Либерия (Liberia) IMO номер: 9939620 Год постройки: 2025 (верфь Guangzhou Shipyard International Co. Ltd, Китай)",oil_tanker
9939632,,TROUVAILLE,Танкер-химовоз / нефтепродуктовоз (MR2),49999.0,8.0,Либерия,oil_tanker
9941283,,IKIGAI,Танкер для перевозки химических грузов и нефтепродуктов (Chemical/Oil Products Tanker / MR Tanker),49999.0,10.4,Панама,oil_tanker
9944132,,"NORD VIRAGEТип судна: Танкер-химовоз / нефтеналивной танкер (Chemical/Oil Products Tanker, MR-танкер)","Танкер-химовоз / нефтеналивной танкер (Chemical/Oil Products Tanker, MR-танкер)",49999.0,11.6,Панама IMO номер: 9944132 Год постройки: 2022,oil_tanker
9967249,,BANTRY BAYТип судна: Танкер-химовоз / продуктовоз (Chemical/Oil Products Tanker),Танкер-химовоз / продуктовоз (Chemical/Oil Products Tanker),49999.0,8.5,"Сингапур IMO номер: 9967249 Год постройки: 2023 (верфь Hyundai Vietnam Shipbuilding, Вьетнам)",oil_tanker
9970363,,KALK BAY,Танкер-химовоз / нефтеналивной танкер (Chemical/Oil Products Tanker),49999.0,11.8,Сингапур,oil_tanker
9979448,,MARATHO,Танкер для перевозки нефтепродуктов/химикатов (MR2),49999.0,7.8,Либерия,oil_tanker
9985825,,NORD VALHALLA,Танкер-химовоз / продуктовоз (MR2),49999.0,8.2,Сингапур,oil_tanker
9994682,352005045.0,,Oil Tanker,49999.0,8.4,"Панама. Габариты: Длина (LOA) 183.06 м, ширина 32.20 м. Тоннаж:",oil_tanker
1045710,,VELOCITY,Танкер-химовоз / нефтепродуктовоз (Chemical/Oil Products Tanker),49998.0,8.5,Либерия,oil_tanker
9788552,,PACIFIC JASPER,Танкер-химовоз / нефтепродуктовоз (Chemical/Oil Products Tanker),49998.0,12.2,Либерия,oil_tanker
9919151,,SAKURA VOYAGER,"Танкер-химовоз / нефтепродуктовоз (Chemical/Oil Products Tanker, класс MR)",49998.0,11.5,Панама,oil_tanker
1061855,,PACIFIC EXPLORER,Нефтяной танкер / химовоз (Chemical/Oil Products Tanker),49997.0,,"Гонконг Основные габариты: Длина общая (LOA) — 183.00 м, ширина — 32.20 м",oil_tanker
9417206,,TAURUS (ранее: FPMC 21),Танкер-химовоз / нефтепродуктовоз (MR2),49997.0,11.3,Либерия,oil_tanker
9539925,,ARDMORE SEAVENTURE,Танкер для перевозки химических грузов и нефтепродуктов (Chemical/Oil Products Tanker / MR Tanker),49997.0,10.7,Маршалловы острова,oil_tanker
9667930,,VIRGEN DE LA AURORA,Танкер-химовоз / нефтепродуктовоз (Chemical/Oil Products Tanker),49997.0,7.5,Кипр,oil_tanker
9788435,,HIGH ADVENTURER,Танкер для перевозки химических/нефтепродуктов (Chemical/Oil Products Tanker),49997.0,9.0,Либерия,oil_tanker
9793387,,ORIENT INNOVATIONIMO номер: 9793387,Танкер-химовоз / нефтепродуктовоз (MR — Medium Range),49997.0,,Сингапур,oil_tanker
9853527,,MARITIME GRACIOUS,Танкер-химовоз / продуктовоз (Chemical/Oil Products Tanker),49997.0,10.9,Сингапур,oil_tanker
1058341,,DELOS CIMO номер: 1058341,"Танкер-химовоз / нефтепродуктовоз (Chemical/Oil Products Tanker, класс MR)",49996.0,8.5,Либерия,oil_tanker
9399882,370573000.0,LEFKARA,Chemical/Oil Products Tanker (танкер для перевозки нефтепродуктов и химических грузов),49996.0,7.7,Панама,oil_tanker
9747120,249791000.0,EGRET (ранее NORD OCEANIA),Chemical/Oil Products Tanker (Танкер-химовоз/продуктовоз),49996.0,11.2,Мальта (MT),oil_tanker
9798363,,ELAIA,Танкер-химовоз / нефтепродуктовоз (MR-танкер),49996.0,,Мальта,oil_tanker
1021922,,TRIPITI,"Танкер-химовоз / нефтепродуктовоз (Chemical/Oil Products Tanker, класс MR)",49995.0,,Либерия,oil_tanker
1062586,,PACIFIC HORIZON,Танкер-химовоз / нефтепродуктовоз (Chemical/Oil Products Tanker),49995.0,,Гонконг,oil_tanker
9425538,,PENTOZALI,Танкер-химовоз / Продуктовоз (MR2),49995.0,,Маршалловы Острова (престижная «открытая» юрисдикция),oil_tanker
9487471,,NAVE CAPELLAIMO номер: 9487471,Танкер-химовоз / нефтепродуктовоз (MR2),49995.0,,Панама,oil_tanker
9660657,,OCEAN VENTURE,Танкер-химовоз / нефтепродуктовоз (Chemical/Oil Products Tanker),49995.0,13.4,Португалия (Мадейра),oil_tanker
9747132,,ALLIED ATLANTICIMO номер: 9747132,Танкер-химовоз / продуктовоз (MR2),49995.0,,Маршалловы Острова,oil_tanker
9788576,,BLUE BUTTERFLY,Танкер-химовоз / нефтепродуктовоз (Chemical/Oil Products Tanker),49995.0,8.0,Панама,oil_tanker
9890939,,NORD MIRAIТип судна: Танкер для перевозки химических грузов и нефтепродуктов (Chemical/Oil Products Tanker),Танкер для перевозки химических грузов и нефтепродуктов (Chemical/Oil Products Tanker),49995.0,8.0,"Маршалловы острова (Marshall Islands) IMO номер: 9890939 Год постройки: 2021 (верфь Minaminippon Shipbuilding, Япония)",oil_tanker
1031513,,TIAN SHU XING,Танкер-химовоз / нефтепродуктовоз (MR — Medium Range),49994.0,,Гонконг,oil_tanker
9621596,273258520.0,,Oil Tanker,49994.0,,Россия.,oil_tanker
9724013,319100600.0,MANCHAC SUN,Chemical/Oil Products Tanker (танкер-химовоз / танкер для нефтепродуктов),49994.0,11.6,Каймановы Острова,oil_tanker
9724025,319103100.0,,Oil Tanker,49993.0,12.2,"Каймановы Острова. Габариты: Длина (LOA) 186.00 м, ширина 32.20 м. Тоннаж:",oil_tanker
9853539,,MARITIME GUARDIAN,Танкер-химовоз / продуктовоз (Chemical/Oil Products Tanker),49993.0,7.0,Сингапур,oil_tanker
9447732,,MAERSK MAGELLAN,Танкер-химовоз / Продуктовоз,49992.0,,Сингапур,oil_tanker
9459060,,"NAVE ATRIA (ранее: NAVE, NAVE&ATRIA)",Танкер-химовоз / нефтепродуктовоз (MR2),49992.0,11.7,Панама,oil_tanker
9539585,,SPRING STREET (ранее: MERCER STREET),Танкер-химовоз / нефтепродуктовоз (MR2),49992.0,7.5,Либерия,oil_tanker
9699866,538007574.0,LARGO MARINER,Chemical/Oil Products Tanker (Танкер-химовоз/продуктовоз),49992.0,8.5,Маршалловы Острова,oil_tanker
1021180,,JAL DHVANIIMO номер: 1021180,Танкер-химовоз (MR2 / Product Tanker),49990.0,7.8,Сингапур,oil_tanker
1056006,,PARIAN TRADER,Танкер-химовоз / Продуктовоз (MR2),49990.0,7.6,Либерия,oil_tanker
9247194,538005269.0,STI OPERA,Chemical/Oil Products Tanker,49990.0,,Маршалловы Острова,oil_tanker
9380831,,MINERVA JULIE,Танкер для перевозки химических грузов и нефтепродуктов (MR / Product Tanker),49990.0,11.9,Либерия,oil_tanker
9440514,238009000.0,PAG,Танкер для перевозки химических грузов и нефтепродуктов (Chemical/Oil Products Tanker).,49990.0,7.7,Хорватия (HR).,oil_tanker
9610767,,SEAWAYS WARWICK,Танкер-химовоз / нефтепродуктовоз,49990.0,8.0,Маршалловы Острова,oil_tanker
9669938,,STI DUCHESSAТип судна: Танкер-химовоз / продуктовоз (Chemical/Oil Products Tanker),Танкер-химовоз / продуктовоз (Chemical/Oil Products Tanker),49990.0,11.1,Маршалловы острова IMO номер: 9669938 Год постройки: 2014,oil_tanker
9669940,538005269.0,STI OPERA,Chemical/Oil Products Tanker,49990.0,,Маршалловы Острова,oil_tanker
9681120,,CMC ANTILLANCA (ранее: STI SAN ANTONIO),Танкер-химовоз / нефтепродуктовоз (MR2),49990.0,8.0,Либерия,oil_tanker
9681132,538005414.0,,Танкер-химовоз / танкер для нефтепродуктов (Chemical/Oil Products Tanker).,49990.0,,Маршалловы Острова.,oil_tanker
9681857,,,Oil Tanker,49990.0,8.4,Либерия.,oil_tanker
9686742,,LUCKY CHEMIST (ранее STI TRIBECA),Танкер-химовоз / нефтепродуктовоз (Chemical/Oil Products Tanker),49990.0,,Панама,oil_tanker
9689146,,HIGH FIDELITY,Танкер-химовоз / нефтепродуктовоз (MR-танкер),49990.0,12.5,Либерия,oil_tanker
9696254,,,Oil Tanker,49990.0,11.3,Либерия.,oil_tanker
9697612,,SEAWAYS LONSDALE (ранее: EXCELSIOR BAY),Танкер-химовоз / нефтепродуктовоз (MR2),49990.0,8.5,Маршалловы Острова,oil_tanker
9697636,,SEAWAYS CASTLE HILLТип судна: Танкер-химовоз / нефтепродуктовоз (Chemical/Oil Products Tanker / Medium Range),Танкер-химовоз / нефтепродуктовоз (Chemical/Oil Products Tanker / Medium Range),49990.0,12.7,"Маршалловы острова IMO номер: 9697636 Год постройки: 2015 (верфь SPP Shipbuilding, Южная Корея)",oil_tanker
9697648,,SEAWAYS STAMFORD (ранее SAINT ALBANS BAY),"Танкер-химовоз / нефтепродуктовоз (Chemical/Oil Products Tanker, класс MR)",49990.0,,Маршалловы острова,oil_tanker
9704465,,STI PONTIAC,Танкер-химовоз / нефтепродуктовоз (MR — Medium Range),49990.0,,Маршалловы острова,oil_tanker
9705914,,ELKA ELEFSIS,Нефтяной танкер / химовоз (Chemical/Oil Products Tanker),49990.0,,Либерия,oil_tanker
9707261,,MAGIC CHEMIST,Танкер-химовоз / нефтепродуктовоз (Chemical/Oil Products Tanker),49990.0,7.2,Панама,oil_tanker
9717761,,SEAWAYS WARWICK,Танкер-химовоз / нефтепродуктовоз,49990.0,8.0,Маршалловы Острова,oil_tanker
9717773,,SEAWAYS LOMA,Танкер-химовоз / продуктовоз (MR2),49990.0,9.7,Маршалловы Острова,oil_tanker
9737022,,BIBL (указано в данных AIS как название судна),Танкер для нефтепродуктов / Химовоз,49990.0,,Тайвань,oil_tanker
9740586,,HIGH CHALLENGEТип судна: Танкер-химовоз / продуктовоз (Chemical/Oil Products Tanker)Флаг: ЛиберияIMO номер: 9740586,Танкер-химовоз / продуктовоз (Chemical/Oil Products Tanker),49990.0,12.0,"ЛиберияIMO номер: 9740586 Год постройки: 2017 (верфь Hyundai Mipo Dockyard, Южная Корея)",oil_tanker
9746229,,CITRINE,Танкер-химовоз / продуктовоз (MR2),49990.0,8.5,Маршалловы Острова,oil_tanker
9746255,,"TIGER EYE (бывшие названия: LADY MEI, LARGO SUN)",Танкер для перевозки химических грузов и нефтепродуктов (Chemical/Oil Products Tanker / MR Tanker),49990.0,8.5,Мальта,oil_tanker
9785689,,STI GALATA,Танкер-химовоз / Продуктовоз (MR2),49990.0,10.6,Маршалловы острова,oil_tanker
9785706,,STI LEBLON,Танкер-химовоз / нефтепродуктовоз (MR2),49990.0,8.5,Маршалловы острова,oil_tanker
9785718,,STI LA BOCA,Танкер-продуктовоз / Химовоз (MR Tanker — Medium Range),49990.0,,Маршалловы Острова,oil_tanker
9899739,,STENA PRO MARINE,Танкер для перевозки химических грузов и нефтепродуктов,49990.0,11.1,Кипр,oil_tanker
9923750,,,Oil Tanker,49990.0,11.1,Кипр.,oil_tanker
9934890,241797000.0,IRINI,Chemical/Oil Products Tanker (танкер-химовоз/продуктовоз),49990.0,8.3,Греция,oil_tanker
1018860,,GOLDEN SUN,Танкер для перевозки химических/нефтепродуктов (Chemical/Oil Products Tanker),49988.0,11.2,Сингапур,oil_tanker
9820283,,"AGIOS NIKOLAOS (бывш. MARVIN INDEPENDENCE, NASIR)",Танкер-химовоз / нефтепродуктовоз (MR-танкер),49988.0,11.3,Маршалловы острова,oil_tanker
1055985,,,Танкер для перевозки химических грузов и нефтепродуктов.,49985.0,9.3,Либерия.,oil_tanker
9596363,,CHANG HANG HU PO,Танкер для сырой нефти (Crude Oil Tanker),49985.0,8.0,Китай,oil_tanker
9406350,,CHANG HANG SHUI JING,Танкер для перевозки нефтепродуктов (Product Tanker),49969.0,10.0,Китай (PRC),oil_tanker
1015181,,UM KISO,Танкер-химовоз / продуктовоз (Chemical/Oil Products Tanker),49953.0,8.2,Панама,oil_tanker
9789257,,ATLANTIC FALCONТип судна: Танкер-химовоз / продуктовоз (Chemical/Oil Products Tanker),Танкер-химовоз / продуктовоз (Chemical/Oil Products Tanker),49951.0,11.2,Маршалловы острова IMO номер: 9789257 Год постройки: 2018,oil_tanker
9800647,,PACIFIC GOLD,Танкер-химовоз / нефтеналивной танкер (Chemical/Oil Products Tanker),49950.0,11.8,Либерия IMO номер: 9800647 Год постройки: 2020,oil_tanker
9858852,,WISCO ADVENTURE,Танкер-химовоз (MR2),49949.0,8.2,Панама,oil_tanker
9994709,,UM YOSHINO,Танкер-химовоз / нефтепродуктовоз (MR-танкер),49948.0,,Панама,oil_tanker
9997218,,MH DAISEN,Танкер-химовоз / нефтепродуктовоз (MR2),49948.0,8.3,Сингапур,oil_tanker
9796937,477168500.0,FOREVER PROSPERITY,Oil/Chemical Tanker (танкер для перевозки нефти и химических продуктов),49940.0,11.6,Гонконг,oil_tanker
9854791,,TORM SPLENDID,Танкер-химовоз / продуктовоз (Chemical/Oil Products Tanker),49932.0,11.3,Дания,oil_tanker
9786164,,MAERSK CAYMAN,"Танкер-химовоз / нефтеналивной танкер (Chemical/Oil Products Tanker, HAZ-A)",49919.0,8.0,Дания,oil_tanker
9786217,219382000.0,MAERSK CYPRUS,Chemical/Oil Products Tanker (танкер-химовоз / продуктовоз),49919.0,11.8,Дания,oil_tanker
9847451,,DORIC COURAGE,Танкер-химовоз / продуктовоз (MR2 Tanker),49910.0,7.9,Либерия,oil_tanker
9708227,,ARDMORE SEAWOLF,Танкер-химовоз / продуктовоз (Chemical/Oil Products Tanker),49909.0,10.5,Маршалловы острова,oil_tanker
9849033,,SEA WOLF,Танкер-химовоз / Продуктовоз,49901.0,11.2,"Маршалловы Острова Основные габариты: Длина общая (LOA) — 182.93 м, ширина — 32.20 м",oil_tanker
1062627,,PACIFIC INFINITY,Танкер-химовоз / нефтеналивной танкер (Chemical/Oil Products Tanker),49900.0,7.5,Гонконг,oil_tanker
1051226,,SEA ADVENTURE,Танкер-продуктовоз / Химовоз (MR Tanker — Medium Range),49888.0,,Либерия,oil_tanker
9941910,,MULBERRY EXPRESS,Танкер-химовоз / нефтепродуктовоз (MR2),49858.0,,Маршалловы острова,oil_tanker
9876385,,PELICAN PACIFIC,Танкер-химовоз / нефтепродуктовоз (Chemical/Oil Products Tanker),49853.0,,Сингапур,oil_tanker
9798076,,HELLAS MARIANNAIMO номер: 9798076,Танкер-химовоз / нефтепродуктовоз (MR),49850.0,7.9,Мальта,oil_tanker
9788564,,HAKATA PRINCESS,Танкер-химовоз / продуктовоз (Chemical/Oil Products Tanker),49842.0,7.5,Панама,oil_tanker
9952610,,MARINA M,Танкер-химовоз / нефтепродуктовоз (MR-танкер),49842.0,11.0,Мальта,oil_tanker
9759898,369042000.0,AMERICAN FREEDOM,Chemical/Oil Products Tanker (танкер для перевозки химических грузов и нефтепродуктов),49828.0,9.6,США (United States of America),oil_tanker
1041453,538011373.0,,Танкер для перевозки химических/нефтепродуктов (Chemical/Oil Products Tanker).,49827.0,8.7,Маршалловы Острова.,oil_tanker
9987768,,MINTAKA,Танкер-химовоз / Продуктовоз,49818.0,9.0,Каймановы острова,oil_tanker
9906087,232027158.0,,Oil Tanker,49812.0,11.2,"Остров Мэн (Великобритания). Габариты: Длина (LOA) 182.90 м, ширина 32.20 м. Тоннаж:",oil_tanker
9942304,232036363.0,,Oil Tanker,49812.0,,"Великобритания (остров Мэн). Габариты: Длина (LOA) 183.00 м, ширина 32.20 м. Тоннаж:",oil_tanker
9947964,,ENERGY ACHILLES,Танкер-химовоз / нефтепродуктовоз (Chemical/Oil Products Tanker / MR),49812.0,,Остров Мэн (Великобритания),oil_tanker
9960291,,PARTRIDGE PACIFICТип судна: Танкер-химовоз / продуктовоз (Chemical/Oil Products Tanker),Танкер-химовоз / продуктовоз (Chemical/Oil Products Tanker),49808.0,8.4,Сингапур IMO номер: 9960291 Год постройки: 2023,oil_tanker
9948293,,DAT VENUS,"Танкер-химовоз / нефтепродуктовоз (Chemical/Oil Products Tanker, класс MR)",49801.0,,Маршалловы острова,oil_tanker
9960306,,PEREGRINE PACIFIC,"Танкер-химовоз / нефтепродуктовоз (MR Tanker, Type II/III)",49785.0,10.5,Сингапур,oil_tanker
9666077,,CS IMPERATIVE (ранее: STENA IMPERATIVE),Танкер-химовоз / нефтепродуктовоз (MR2),49777.0,5.9,США,oil_tanker
9683336,355511000.0,SILVER ESTHER,Chemical/Oil Products Tanker (танкер-химовоз / танкер для нефтепродуктов),49765.0,11.1,Панама,oil_tanker
9848584,,,Танкер-химовоз / продуктовоз (Chemical/Oil Products Tanker),49765.0,12.0,Норвегия (NIS — Норвежский международный судовой регистр),oil_tanker
9848687,,MARI KOKAKO,Танкер-химовоз / продуктовоз (Chemical/Oil Products Tanker),49765.0,8.5,Норвегия,oil_tanker
9853230,,NAVIG8 GLADIATOR,Танкер-химовоз / нефтепродуктовоз (MR Tanker),49762.0,9.0,Сингапур,oil_tanker
1071408,,ASP RAINBOW,Танкер для перевозки химических грузов и нефтепродуктов (Chemical/Oil Products Tanker),49761.0,8.3,Панама,oil_tanker
9833668,,NAVIG8 GALLANTRY,Танкер-химовоз / нефтепродуктовоз (MR Tanker),49759.0,8.7,Сингапур,oil_tanker
9667485,229748000.0,STENA IMPERIAL,"Chemical/Oil Products Tanker (танкер для перевозки нефтепродуктов и химических грузов, классификация «Hazardous B»)",49750.0,11.7,Мальта,oil_tanker
9682332,,,Oil Tanker,49746.0,8.6,Маршалловы Острова.,oil_tanker
9682344,,SILVER MONIKA,Танкер-химовоз / продуктовоз (Chemical/Oil Products Tanker),49746.0,8.1,Маршалловы острова,oil_tanker
9682368,,SILVER CINDY (ранее также: BAHIA MARINER),Танкер-химовоз / нефтепродуктовоз (MR — Medium Range),49746.0,,Маршалловы острова,oil_tanker
9683362,,SILVER GWEN,Танкер-химовоз / нефтепродуктовоз (MR Tanker),49746.0,11.9,Панама,oil_tanker
9683403,,SILVER HOUSTON,Танкер-химовоз / нефтепродуктовоз (Chemical/Oil Products Tanker),49746.0,,Панама,oil_tanker
9683415,,,Oil Tanker,49746.0,10.6,Панама.,oil_tanker
9718806,,DANK SILVER,Танкер-химовоз / нефтепродуктовоз (MR Tanker),49734.0,11.2,Маршалловы острова,oil_tanker
9718820,,SADAH SILVER,Танкер-химовоз / продуктовоз (MR),49734.0,,Маршалловы острова,oil_tanker
9718064,,CL YINGDU,Танкер-химовоз / продуктовоз (Chemical/Oil Products Tanker),49722.0,12.4,Маршалловы острова,oil_tanker
9845180,,FPMC 36,Танкер-химовоз / нефтепродуктовоз (MR2 Tanker),49721.0,7.9,Либерия,oil_tanker
9667473,,STENA IMAGEIMO номер: 9667473,Танкер-химовоз / нефтепродуктовоз (MR — Medium Range),49719.0,,Дания,oil_tanker
9682320,538005476.0,SILVER VALERIE,Chemical/Oil Products Tanker (танкер для перевозки нефтепродуктов и химических грузов),49715.0,8.0,Маршалловы Острова,oil_tanker
9732931,,ARDMORE PURSUIT,Танкер-химовоз / нефтепродуктовоз,49709.0,12.0,Маршалловы Острова,oil_tanker
1071410,,ASP SUNSHINE,Танкер-химовоз / Продуктовоз (Medium Range),49704.0,9.8,"Панама Основные габариты: Длина (LOA) — 183.00 м, ширина — 32.00 м",oil_tanker
9797383,,STENA IMPERATOR,Танкер-химовоз / продуктовоз (Chemical/Oil Products Tanker),49690.0,11.4,Соединенное Королевство (Великобритания),oil_tanker
9732929,,"ARDMORE PERSISTENCE (ранее: CL HUAIYANG, MAERSK TRENTON)",Танкер-химовоз / нефтепродуктовоз (MR2),49688.0,10.7,Маршалловы Острова,oil_tanker
9706425,,STI NOTTING HILLIMO номер: 9706425,Танкер-химовоз / нефтепродуктовоз (MR — Medium Range),49687.0,,Маршалловы острова,oil_tanker
9810226,,HAFNIA PACIFIC,Танкер-химовоз / нефтепродуктовоз (MR2),49686.0,7.5,Сингапур,oil_tanker
9682382,219647000.0,TORM DURGA,Chemical/Oil Products Tanker,49680.0,,Дания,oil_tanker
9682409,538005911.0,SILVER HANNAH,Chemical/Oil Products Tanker (Танкер-химовоз/продуктовоз),49680.0,8.5,Маршалловы Острова,oil_tanker
9692296,,SILVER PHILIPPA,Танкер-химовоз / нефтепродуктовоз (Chemical/Oil Products Tanker),49680.0,,Маршалловы острова,oil_tanker
9726475,,TORM TROILUS,Танкер-химовоз / нефтепродуктовоз (MR Tanker),49667.0,11.5,Сингапур,oil_tanker
9831701,636018724.0,,Oil Tanker,49660.0,,Либерия.,oil_tanker
9683427,374369000.0,SILVER DUBAI,Танкер для перевозки химических грузов и нефтепродуктов (Chemical/Oil Products Tanker).,49635.0,11.8,Панама (PA).,oil_tanker
9669897,,BOW TRIDENTТип судна: Танкер для перевозки химических грузов и нефтепродуктов (Chemical/Oil Products Tanker),Танкер для перевозки химических грузов и нефтепродуктов (Chemical/Oil Products Tanker),49622.0,12.4,"Норвегия (NIS) IMO номер: 9669897 Год постройки: 2014 (верфь Hyundai Mipo Dockyard, Южная Корея)",oil_tanker
9939577,,AUGENSTERN,Танкер-химовоз / Продуктовоз (MR2),49600.0,8.0,Либерия,oil_tanker
9706437,538005539.0,,Oil Tanker,49558.0,11.0,"Маршалловы Острова.Габариты: Длина (LOA) 183.11 м, ширина 32.20 м. Тоннаж:",oil_tanker
9692131,,PIS JAWA,Танкер-химовоз / продуктовоз (Chemical/Oil Products Tanker),49552.0,,Панама,oil_tanker
9215294,,BOW SIRIUS,Танкер-химовоз (Chemical/Oil Products Tanker),49539.0,10.9,Норвегия,oil_tanker
9654775,,ARDMORE EXPORTER (бывшее название: FRONT ESK),Танкер для перевозки химических грузов и нефтепродуктов (Chemical/Oil Products Tanker / MR Tanker),49526.0,10.7,Маршалловы Острова,oil_tanker
9753698,,HAFNIA TOURMALINE,Танкер-химовоз / нефтеналивной танкер (Chemical/Oil Products Tanker),49513.0,10.6,Маршалловы острова,oil_tanker
9215282,,BOW SEAТип судна: Танкер-химовоз / нефтепродуктовоз (Chemical/Oil Products Tanker),Танкер-химовоз / нефтепродуктовоз (Chemical/Oil Products Tanker),49511.0,12.8,"Норвегия IMO номер: 9215282 Год постройки: 2006 (верфь Stocznia Szczecinska Nowa, Польша)",oil_tanker
9215268,259787000.0,,Oil Tanker,49479.0,12.8,"Норвегия. Габариты: Длина (LOA) 182.77 м, ширина 32.18 м. Тоннаж:",oil_tanker
9197284,,BOW SUNТип судна: Танкер-химовоз / нефтепродуктовоз (Chemical/Oil Products Tanker),Танкер-химовоз / нефтепродуктовоз (Chemical/Oil Products Tanker),49466.0,7.3,"Норвегия IMO номер: 9197284 Год постройки: 2003 (верфь Stocznia Szczecinska, Польша)",oil_tanker
9654567,,,Oil Tanker,49466.0,7.2,Маршалловы Острова.,oil_tanker
9215256,257514000.0,,Oil Tanker,49429.0,9.4,Норвегия.,oil_tanker
9654787,,ARDMORE ENGINEER (бывш. FRONT MERSEY),Танкер-химовоз / нефтепродуктовоз (MR-танкер),49420.0,7.9,Маршалловы острова,oil_tanker
9907768,,SOLAR RUBA,Танкер-химовоз / нефтепродуктовоз (MR2),49367.0,12.5,Либерия,oil_tanker
9800702,,,Oil Tanker,49359.0,10.4,Либерия.,oil_tanker
9943396,,,Oil Tanker,49359.0,10.4,Либерия.,oil_tanker
9907809,,SOLAR LAI FONG,"Танкер-химовоз / нефтепродуктовоз (Chemical/Oil Products Tanker, MR-танкер)",49358.0,11.3,Либерия,oil_tanker
9943360,,CL GEORGE ELIOT,Танкер-химовоз / нефтепродуктовоз (MR-танкер),49355.0,11.7,Либерия,oil_tanker
9943384,,CL TONI MORRISON,Танкер-химовоз / продуктовоз (MR2),49352.0,8.2,Либерия,oil_tanker
9943322,,CL EMILY BRONTE,Танкер-химовоз / нефтепродуктовоз (MR2),49348.0,12.9,Либерия,oil_tanker
9943308,636022158.0,CL JANE AUSTEN,Chemical/Oil Products Tanker (танкер для перевозки нефтепродуктов и химических грузов),49328.0,11.9,Либерия,oil_tanker
9943346,,CL AGATHA CHRISTIEIMO номер: 9943346,Танкер-химовоз / нефтепродуктовоз (MR Tanker),49327.0,10.0,Либерия,oil_tanker
9710191,,,Oil Tanker,49181.0,8.5,США.,oil_tanker
9976874,,NAVIG8 EXPRESS,Танкер-химовоз / продуктовоз (Chemical/Oil Products Tanker),49153.0,,Сингапур,oil_tanker
9698018,,FLORIDA VOYAGER (ранее BAY STATE),Танкер-химовоз / нефтепродуктовоз,49130.0,8.2,США (Jones Act compliant),oil_tanker
9973901,,NAVIG8 EXCEL,Танкер-химовоз / нефтепродуктовоз (Medium Range / IMO 2),49127.0,11.2,Сингапур,oil_tanker
9690614,,HAFNIA VIRIDIAN,Танкер-химовоз / Продуктовоз (MR2),49126.0,8.8,"Маршалловы острова Основные габариты: Длина (LOA) — 183.06 м, ширина — 32.20 м",oil_tanker
9818539,,BOW ODYSSEY,Танкер-химовоз / Продуктовоз (MR2),49100.0,11.4,"Норвегия (NIS) Основные габариты: Длина (LOA) — 182.88 м, ширина — 32.20 м",oil_tanker
9697997,,MAGNOLIA STATE,Танкер-продуктовоз (MR Product Tanker),49076.0,9.0,США (Jones Act compliant),oil_tanker
9611694,,SHAN CHI,Танкер для сырой нефти (Crude Oil Tanker),48740.0,11.9,Китай,oil_tanker
9611620,,RONG CHIТип судна: Танкер для перевозки сырой нефти (Crude Oil Tanker / Product Tanker),Танкер для перевозки сырой нефти (Crude Oil Tanker / Product Tanker),48698.0,12.2,Китай IMO номер: 9611620 Год постройки: 2012,oil_tanker
9408138,,EVERGREEN STATE,Танкер-химовоз / продуктовоз (MR Product Tanker),48641.0,8.5,США (USA),oil_tanker
9408126,367353080.0,EMPIRE STATE,Chemical/Oil Products Tanker (танкер для перевозки химических грузов и нефтепродуктов),48635.0,8.6,США (United States of America),oil_tanker
9407562,,GOLDEN STATE,Танкер-химовоз / нефтепродуктовоз (Chemical/Oil Products Tanker),48632.0,8.9,США (Jones Act compliant),oil_tanker
9408102,,PELICAN STATE,"Танкер-химовоз / нефтепродуктовоз (Chemical/Oil Products Tanker, класс MR)",48598.0,12.0,США (US Flagged),oil_tanker
9489912,,ROMULO ALMEIDA,Танкер для перевозки нефтепродуктов (Product Tanker),48449.0,8.5,Бразилия,oil_tanker
9544592,,MAJESTY,Танкер-продуктовоз (Oil Products Tanker),48056.0,8.0,Индия,oil_tanker
9544607,,JANINE K,Танкер-продуктовоз (Oil Products Tanker),48045.0,11.4,Мальта,oil_tanker
9512757,,"ANDIAMO (ранее: HIGH PEARL, IA PEARL)",Танкер-продуктовоз (Oil Products Tanker),48023.0,,Маршалловы Острова,oil_tanker
9590905,,,Oil Tanker,48020.0,11.5,Мальта.,oil_tanker
9262912,352001225.0,,Oil Products Tanker (Танкер для перевозки нефтепродуктов),47999.0,,Панама,oil_tanker
9333242,,THARINEE NAREE,Танкер-химовоз / нефтепродуктовоз,47999.0,8.5,Панама,oil_tanker
9889045,,KOHZAN MARU VI,Танкер-химовоз / продуктовоз (Chemical/Oil Products Tanker),47962.0,9.3,Либерия,oil_tanker
9573660,,AQUA 1,Нефтяной танкер (MR Tanker),47917.0,,Панама,oil_tanker
9256913,,ELMO,Танкер-химовоз / продуктовоз (MR).,47880.0,7.5,Малави (Landlocked country — «удобный» флаг с нулевой прозрачностью).,oil_tanker
9431458,,SWARNA KALASH,Танкер для перевозки нефтепродуктов (Oil Products Tanker),47878.0,9.8,Индия,oil_tanker
9315939,,CHAMPION POLAR,Танкер-химовоз / нефтепродуктовоз (Chemical/Oil Products Tanker),47834.0,6.8,Норвегия (NIS),oil_tanker
9327451,,"CHAMPION ARCTIC (бывшее название: SEAWAYS GALLE, APOSTOLOS)",Танкер для перевозки химических грузов и нефтепродуктов (Chemical/Oil Products Tanker),47782.0,9.4,Норвегия,oil_tanker
9367671,,MINERVA MEDITERRANEA,Танкер для перевозки нефтепродуктов (MR2),47522.0,11.8,Мальта,oil_tanker
9833589,538010470.0,,Oil Tanker,47499.0,8.0,Маршалловы Острова (MHL).,oil_tanker
9833591,,STI MIRACLE (ранее MARLIN MIRACLE),"Танкер-химовоз / нефтепродуктовоз (Chemical/Oil Products Tanker, класс MR)",47499.0,,Маршалловы острова,oil_tanker
9854739,,STI MIGHTY (бывшее название: MARLIN MIGHTY),Танкер для перевозки химических грузов и нефтепродуктов (MR — Medium Range),47499.0,9.2,Маршалловы Острова,oil_tanker
9899480,,CS HU BEI,Танкер-химовоз / нефтепродуктовоз (Chemical/Oil Products Tanker),47495.0,,Гонконг (Китай),oil_tanker
9380063,,MINERVA EMILY,Танкер для нефтепродуктов (Product Tanker / MR2),47408.0,7.1,Мальта,oil_tanker
9380099,,PLATYTERA (ранее SILVER EXPRESS),Танкер-продуктовоз (Oil/Chemical Tanker),47401.0,7.5,Мальта,oil_tanker
9402770,,IPANEMA STREETIMO номер: 9402770,Танкер-химовоз / нефтепродуктовоз (MR Tanker),47378.0,7.3,Либерия,oil_tanker
9402782,,OCEAN ELECTRAIMO номер: 9402782,Танкер-продуктовоз (MR),47377.0,,Либерия,oil_tanker
9380104,,MITERA (бывш. PIONEER EXPRESS),Танкер для перевозки нефтепродуктов (MR-танкер),47370.0,11.4,Мальта,oil_tanker
9252072,,TRIMA,Танкер-химовоз / продуктовоз (MR2),47355.0,,Острова Кука (исторически сменялся на Кюрасао),oil_tanker
9252448,,IVY PEARL (бывш. BOURDA),Танкер для перевозки нефти и химических грузов (Medium Range Tanker),47323.0,7.7,Гонконг,oil_tanker
9391945,,EMERALD,Танкер для перевозки нефтепродуктов (Product Tanker),47302.0,7.7,Мальта,oil_tanker
9258595,306895000.0,,"Chemical/Oil Products Tanker (Танкер-химовоз, категория Hazard D)",47288.0,,Кюрасао,oil_tanker
9288368,636023192.0,,Oil Products Tanker,47278.0,,Либерия,oil_tanker
9333424,,PHOTON,Танкер для перевозки нефтепродуктов (Oil Products Tanker / MR2).,47218.0,7.3,Камерун.,oil_tanker
9168740,,ELITE,Нефтяной танкер / Продуктовоз,47204.0,,Гамбия,oil_tanker
9162928,632001088.0,"NOBLE (исторические названия: ARCTURUS, LADY SOFIA, TAGUS, HURON, ASTRA)",Chemical/Oil Products Tanker (Танкер-химовоз/продуктовоз),47198.0,,Гвинея (GN),oil_tanker
9272204,,CHAMPION CONCEPT,Танкер для перевозки химических грузов и нефтепродуктов (Chemical/Oil Products Tanker / MR Tanker),47171.0,12.2,Норвегия (NIS — Норвежский международный судовой регистр),oil_tanker
9455806,255917296.0,,Oil Tanker,47162.0,,Португалия (Madeira).,oil_tanker
9117480,,NEGRA HIPOLITA,Танкер для перевозки нефтепродуктов (Product Tanker),47144.0,8.9,Венесуэла,oil_tanker
9332171,,VIRENT,Танкер-химовоз / нефтепродуктовоз (Chemical/Oil Products Tanker),47128.0,,Панама,oil_tanker
9333400,,NOBLE,Танкер-химовоз / Продуктовоз,47125.0,,Камерун,oil_tanker
9178068,629009490.0,,Oil Products Tanker,47106.0,,Гамбия,oil_tanker
9333436,,SOLARIS,Танкер для перевозки нефтепродуктов (Oil Products Tanker / MR2).,47095.0,8.1,Оман.,oil_tanker
9299159,,FRIEND,Танкер-химовоз / Продуктовоз,47000.0,,Антигуа и Барбуда,oil_tanker
9318553,273277750.0,SAGA (ранее — NS Spirit),Oil/Chemical Tanker (Танкер для перевозки нефти и химических продуктов),46941.0,8.0,Россия (RUSSIA),oil_tanker
9389320,,VICENTE GUERRERO IIIMO номер: 9389320,Танкер-химовоз / нефтепродуктовоз (MR — Medium Range),46925.0,,Мексика,oil_tanker
9380386,,MINERVA JOANNA,Танкер-химовоз / нефтепродуктовоз (MR-танкер),46924.0,9.9,Греция,oil_tanker
9283722,,"BOURBON (ранее VICTOR 1, SPIRIT)",Танкер для перевозки нефтепродуктов (MR2 / Product Tanker),46921.0,8.0,Индия,oil_tanker
9335094,,"VARG (ранее WUDI, GULF ESPRIT)",Танкер-химовоз / нефтеналивной (Oil/Chemical Tanker),46891.0,,"Мьянма Основные габариты: Длина общая (LOA) — 183.21 м, ширина — 32.20 м",oil_tanker
9047386,,"BEAUTY ONE (бывш. AFRICAN BEAUTY, PACIFIC OPAL)",Танкер для сырой нефти (Medium Range Tanker),46851.0,6.8,Коморские острова,oil_tanker
9353539,367134000.0,SEAKAY STAR,Chemical/Oil Products Tanker (Танкер-продуктовоз),46817.0,11.0,Соединенные Штаты Америки (США),oil_tanker
9353541,,HATTERAS TRADER,Танкер-химовоз / продуктовоз (MR2),46810.0,8.2,США (USA),oil_tanker
9285756,629009484.0,"BILI (ранее BRITISH LIBERTY, LIBERTY, BLACK PANTHER)",Chemical/Oil Products Tanker (Танкер-химовоз/продуктовоз),46803.0,8.0,Гамбия (GM),oil_tanker
9288813,,CHAMPION ENDURANCE,Танкер-химовоз / нефтепродуктовоз (Chemical/Oil Products Tanker),46803.0,12.0,Маршалловы острова,oil_tanker
9234587,,,Oil Tanker,46764.0,11.5,Багамские острова.,oil_tanker
9239977,,LOANNA,Танкер-химовоз / Продуктовоз,46764.0,7.5,Сент-Китс и Невис,oil_tanker
9315783,,SEAVICTORY,Танкер-химовоз / нефтепродуктовоз (MR — Medium Range),46702.0,,Мальта,oil_tanker
9353577,,OVERSEAS NIKISKI,"Танкер-химовоз / нефтепродуктовоз (Chemical/Oil Products Tanker, класс MR)",46666.0,,США (US Flagged),oil_tanker
9353606,,,Танкер-химовоз / нефтепродуктовоз (Chemical/Oil Products Tanker),46666.0,11.3,США (USA),oil_tanker
9400837,,"KOBE (прежние названия: ST. GERTRUD, KILAKARAI STAR)",Танкер-продуктовоз (Oil Products Tanker),46622.0,10.8,Панама,oil_tanker
9609641,538005223.0,ORCHID EXPRESS,Oil Products Tanker,46594.0,,Маршалловы Острова,oil_tanker
1133751,,,Oil Tanker,46568.0,7.5,"Танзания (согласно данным AIS), исторически числился под флагом Китая.",oil_tanker
9382798,,TRUST (ранее известно как TRANSSIB BRIDGE),Нефтяной танкер / продуктовоз (Oil Products Tanker),46564.0,,Россия,oil_tanker
9381835,,GULF MUTTRAH,Танкер-химовоз / продуктовоз (Chemical/Oil Products Tanker),46556.0,11.4,Багамские острова,oil_tanker
9240885,511101781.0,,Chemical/Oil Products Tanker,46362.0,,Палау,oil_tanker
9250488,,CELESTE I,Танкер для перевозки химических/нефтяных грузов (Chemical/Oil Products Tanker),46350.0,8.0,Барбадос,oil_tanker
9265873,,"KAMELOT (ранее: Karema, Seaways Alcmar, Overseas Alcmar, Alcmar)",Нефтяной танкер / продуктовоз (Oil Products Tanker),46248.0,,Сьерра-Леоне,oil_tanker
9265885,,SEA MAVERICK,Танкер-химовоз / нефтепродуктовоз (Chemical/Oil Products Tanker),46195.0,7.0,Сьерра-Леоне,oil_tanker
9387671,,NCC QAMAR (бывш. BERGANGER),Танкер-химовоз / нефтепродуктовоз (MR Tanker),46195.0,,Саудовская Аравия,oil_tanker
9375329,,GRAND ACE6 (ранее STX ACE 6),"Танкер-химовоз / нефтепродуктовоз (Chemical/Oil Products Tanker, класс MR)",46192.0,,Панама,oil_tanker
9484912,219028419.0,"TORM ALLEGRO (ранее TEAM ALLEGRO, ALLEGRO)",Chemical/Oil Products Tanker (танкер для перевозки нефтепродуктов и химических грузов),46184.0,11.0,Дания,oil_tanker
9443877,,GRAND ACE 10,Танкер-химовоз / Продуктовоз,46159.0,,Панама,oil_tanker
9246463,,FUXI,Танкер-химовоз / нефтеналивной (Oil/Chemical Tanker),46157.0,11.0,Антигуа и Барбуда,oil_tanker
9430260,,"CLEAN SANCTUARY (ранее: FALCON MARYAM, STEALTH BAHLA, ALPINE ENDURANCE)",Танкер-химовоз / нефтепродуктовоз (MR2),46121.0,8.2,Либерия,oil_tanker
9359363,,BRAVE OCEAN,Танкер-химовоз / Продуктовоз (MR2),46105.0,9.2,Либерия,oil_tanker
9273650,,"SEAWAY (ранее BRUNO, ENDEAVOUR)",Танкер-химовоз / нефтепродуктовоз (MR),46101.0,,Панама,oil_tanker
9388302,,BOW ELM,Танкер-химовоз / Продуктовоз,46098.0,,"Норвегия Основные габариты: Длина общая (LOA) — 182.88 м, ширина — 32.20 м",oil_tanker
9131371,,SEABULK ARCTIC,Танкер-продуктовоз (Oil Products Tanker),46094.0,8.2,США (USA),oil_tanker
9273246,,STARWAY,Танкер-химовоз / продуктовоз (MR2),46048.0,7.9,Панама,oil_tanker
9388314,,BOW LIND,Танкер-химовоз / продуктовоз (Chemical/Oil Products Tanker),46047.0,,Норвегия,oil_tanker
9306811,,NCC QASSIM,Танкер-химовоз / продуктовоз (Chemical/Oil Products Tanker),46038.0,8.5,Саудовская Аравия,oil_tanker
9335044,256197000.0,MRC BELIZ,Chemical/Oil Products Tanker (танкер-химовоз/продуктовоз),46012.0,8.7,Мальта,oil_tanker
9251028,,KESTREL,Нефтяной танкер / Танкер-продуктовоз,45999.0,7.5,Индия,oil_tanker
9674725,,HIGH DISCOVERY,"Танкер-химовоз / нефтепродуктовоз (Chemical/Oil Products Tanker, класс MR)",45999.0,8.0,Либерия,oil_tanker
9681845,,,Oil Tanker,45999.0,12.6,,oil_tanker
9724609,,SEA FRACTUS,Танкер-химовоз / нефтепродуктовоз (MR Tanker),45999.0,10.5,Маршалловы острова,oil_tanker
9724697,,KOKOLIGHT (бывшее название: BRITISH OFFICER),Танкер для перевозки химических грузов и нефтепродуктов (Chemical/Oil Products Tanker / MR),45999.0,11.1,Маршалловы Острова,oil_tanker
9299874,,"VIREL (ранее: VIPER, BEKS ROSE, NCC NAJD)",Танкер-химовоз / нефтепродуктовоз,45998.0,10.8,Камерун,oil_tanker
9254927,,ENDEAVOR,Нефтяной танкер / Продуктовоз,45994.0,,Панама,oil_tanker
9359870,,GULF HUWAYLAT,Танкер-химовоз / продуктовоз (MR Tanker),45967.0,8.7,Панама,oil_tanker
9403334,538008411.0,,Oil Tanker,45965.0,,Маршалловы Острова (MH).,oil_tanker
9162526,,VENUS,Танкер-химовоз / нефтепродуктовоз (MR2),45964.0,,Тувалу,oil_tanker
9335032,,MRC SEDEF (ранее: NCC RABIGH),Танкер-химовоз / нефтепродуктовоз,45951.0,11.6,Мальта,oil_tanker
9295270,,PETREL 1,Танкер для перевозки химических/нефтепродуктов (MR),45948.0,7.5,Гонконг,oil_tanker
9326902,,ASHA,Танкер-химовоз / Продуктовоз,45947.0,,Кюрасао (согласно актуальным данным AIS),oil_tanker
9162514,,MARS,Химовоз (Chemical Tanker / HAZ-A),45941.0,11.8,Тувалу,oil_tanker
9718753,,RUSTAQ SILVER,Танкер-химовоз / продуктовоз (MR2),45923.0,11.2,Маршалловы Острова,oil_tanker
9718765,538006500.0,NAKHAL SILVER,Chemical/Oil Products Tanker (танкер для перевозки химических грузов и нефтепродуктов),45923.0,9.0,Маршалловы Острова,oil_tanker
9718777,,MAHADAH SILVER,Танкер-химовоз / нефтепродуктовоз (MR),45923.0,,Маршалловы острова,oil_tanker
9359868,,GULF FANATIRIMO номер: 9359868,Танкер-химовоз / Продуктовоз,45920.0,12.0,"Панама Основные габариты: Длина общая (LOA) — 183.22 м, ширина — 32.20 м",oil_tanker
9403310,,PIS PARAGON (бывш. CHALLENGE PARAGON)IMO номер: 9403310,Танкер-химовоз / нефтепродуктовоз (MR-танкер),45920.0,,Сингапур,oil_tanker
9273351,,ETERNAL,Танкер-продуктовоз (Oil Products Tanker),45915.0,8.2,Либерия,oil_tanker
9359894,,GULF JALMUDA,Химический танкер / Танкер для нефтепродуктов (MR Tanker),45907.0,,Панама,oil_tanker
9344148,538012305.0,,Oil Products Tanker (танкер-продуктовоз),45886.0,,Маршалловы Острова,oil_tanker
9262481,477217800.0,WEI CHI,Crude Oil Tanker,45854.0,,Гонконг,oil_tanker
9245691,,DA QING 453,Танкер для перевозки сырой нефти (Crude Oil Tanker),45773.0,,Китай (PRC),oil_tanker
9233973,511101749.0,,Oil Products Tanker (Танкер для перевозки нефтепродуктов),45763.0,,Палау,oil_tanker
9310161,,RENADIMO номер: 9310161,Танкер-химовоз / продуктовоз (MR2),45744.0,11.6,Либерия,oil_tanker
9365635,,SEYCHELLES PATRIOT,Танкер-химовоз / нефтепродуктовоз (Type II),45680.0,10.8,Сейшельские острова,oil_tanker
9409493,,DIAMOND EXPRESS,Нефтяной танкер / Продуктовоз (Medium Range — MR),45634.0,,"Гонконг Основные габариты: Длина общая (LOA) — 180.00 м, ширина — 32.20 м",oil_tanker
9281578,,,Oil Tanker,45557.0,6.3,Маршалловы острова.,oil_tanker
9281580,,"NEW VENTURE (ранее BLUE OCEAN, IOANNIS I)",Танкер для перевозки нефтепродуктов/химикатов (MR2),45557.0,,Барбадос,oil_tanker
9411317,,NCC AMAL,Танкер-химовоз / Продуктовоз,45544.0,,Саудовская Аравия,oil_tanker
9459034,,NCC REEM,Танкер-химовоз / продуктовоз (Chemical/Oil Products Tanker),45498.0,8.7,"Саудовская Аравия Основные габариты: Длина общая (LOA) — 182.99 м, ширина — 32.20 м",oil_tanker
9458858,,UACC SHAMIYA,Танкер-химовоз / продуктовоз (Chemical/Oil Products Tanker),45479.0,6.7,Маршалловы острова,oil_tanker
9399272,,NCC HUDA,Танкер-химовоз / нефтепродуктовоз (Chemical/Oil Products Tanker),45459.0,,Саудовская Аравия,oil_tanker
9197155,,SILVER DAWN,Танкер-химовоз / Продуктовоз,45303.0,,Панама,oil_tanker
9174373,,SANTIAGO,Танкер-нефтепродуктовоз (Oil Products Tanker),45274.0,,Эквадор,oil_tanker
9174385,,ZAMORA,Танкер-нефтепродуктовоз (Oil Products Tanker),45268.0,,Эквадор,oil_tanker
8617055,,"SIMBA (ранее ORE, LORENA, LORENA BR)",Oil Products Tanker (Танкер-продуктовоз),45229.0,,Самоа,oil_tanker
9424649,,"TOKYO (ранее: PS TOKYO, HIGH EFFICIENCY)",Танкер-продуктовоз (MR2),44999.0,12.6,Панама,oil_tanker
9359399,,"XING TONG 789 (бывш. GULF MIRDIF, STOLT GULF MIRDIF)",Танкер-химовоз / нефтепродуктовоз (Chemical/Oil Products Tanker),44997.0,11.3,Китай (PRC),oil_tanker
9433810,,"VELOS ZIRCON (предыдущие названия: UOG KYMA, EAGLE MELBOURNE)",Танкер-продуктовоз (Oil Products Tanker / MR),44995.0,10.8,Маршалловы Острова,oil_tanker
9995478,,NARRATOR,Танкер-химовоз / продуктовоз (MR2 Tanker),44995.0,8.6,Либерия,oil_tanker
9133068,,"CR TETHYS (бывш. YONGSHENG OCEAN, AGILITY, MAERSK CLARISSA, BRO CHARLOTTE)",Танкер-химовоз / нефтепродуктовоз (MR Tanker),44970.0,9.6,Камерун (Cameroon),oil_tanker
9183609,,DAN EAGLE,Нефтяной танкер (Crude Oil Tanker),44700.0,,Дания (регистрация не обновлялась),oil_tanker
9251535,,CORONA (ex. MARITIME MAISIE),Танкер-химовоз / нефтепродуктовоз (Chemical/Oil Products Tanker).,44700.0,,Вьетнам (на текущий момент по актуальным данным).,oil_tanker
9242443,350708000.0,,Chemical/Oil Products Tanker,44485.0,,Никарагуа,oil_tanker
9251523,,APREX,Танкер-химовоз / продуктовоз (Chemical/Oil Products Tanker / MR).,44411.0,7.5,Гонконг (Китай).,oil_tanker
9352200,,STOLT SAGALAND,Танкер для перевозки химических грузов и нефтепродуктов (Chemical/Oil Products Tanker),44044.0,9.5,Каймановы острова,oil_tanker
9414058,,,Oil Tanker,43593.0,7.3,,oil_tanker
9414060,,STOLT NORLAND,Танкер-химовоз / нефтепродуктовоз (Chemical/Oil Products Tanker),43593.0,1.9,Каймановы острова,oil_tanker
9251547,,RADHIKA,Танкер-продуктовоз (Chemical/Oil Products Tanker / Handymax).,42721.0,6.5,Нигерия.,oil_tanker
9617454,,ESSIEN,Танкер для перевозки сырой нефти (Crude Oil Tanker / MR Tanker),42190.0,8.3,Сингапур (Singapore),oil_tanker
9752101,,SHTURMAN OVTSYN,"Арктический челночный танкер для сырой нефти (Crude Oil Tanker, Ice Class Arc7)",41551.0,,Российская Федерация,oil_tanker
9752096,,SHTURMAN MALYGIN,"Арктический челночный танкер для сырой нефти (Crude Oil Tanker, Ice Class Arc7)",41542.0,,Российская Федерация,oil_tanker
9759939,273391160.0,,Oil Tanker,41457.0,,Россия.,oil_tanker
9752084,,SHTURMAN ALBANOV,"Арктический челночный танкер для сырой нефти (Crude Oil Tanker, Ice Class Arc7)",41455.0,9.3,Российская Федерация,oil_tanker
9759915,,SHTURMAN SKURATOV,"Арктический танкер для перевозки нефтепродуктов / нефти (Oil Tanker, Ice Class)",41401.0,,Российская Федерация,oil_tanker
9759927,273385570.0,,Oil Tanker,41401.0,,Россия.,oil_tanker
9379052,,NOVA (ранее известное как OCEAN AUTUMN),Танкер-химовоз / нефтеналивной (Chemical/Oil Products Tanker),41340.0,,Камерун (ранее — Панама),oil_tanker
1044211,,SEASCORPION,Танкер-химовоз / нефтепродуктовоз (Chemical/Oil Products Tanker),41000.0,,Германия,oil_tanker
9801079,,SC SCORPIO,Танкер-химовоз / нефтепродуктовоз (Chemical/Oil Products Tanker),40964.0,,Гонконг (КНР),oil_tanker
9752010,,BOW CAPRICORN,Танкер-химовоз / продуктовоз (MR2),40929.0,10.9,Норвегия (NIS),oil_tanker
9753791,,BOW AQUARIUS,Танкер-химовоз / продуктовоз (Chemical/Oil Products Tanker),40900.0,7.2,Норвегия,oil_tanker
9351529,,RYNEM,Танкер-химовоз / нефтепродуктовоз (Chemical/Oil Products Tanker),40441.0,10.6,Маршалловы острова,oil_tanker
9239654,,MATRIX S. ILU (ранее: JINAN),Танкер-химовоз / нефтепродуктовоз (Handy),40232.0,8.6,Нигерия,oil_tanker
9260055,,DORIN,Танкер-химовоз / Продуктовоз,40225.0,,Гамбия (согласно данным AIS; предыдущие флаги и смена названий свидетельствуют о частой смене юрисдикций),oil_tanker
9292278,,VERA,Танкер-химовоз / нефтеналивной танкер (Chemical/Oil Products Tanker),40218.0,11.0,Панама,oil_tanker
9376854,,CLEAN IMPERIAL,Химический танкер / Танкер для перевозки нефтепродуктов (MR Tanker),40174.0,7.4,Маршалловы острова,oil_tanker
9239460,,CALM LAKE,Танкер-химовоз / Продуктовоз,40165.0,,Гонконг,oil_tanker
9293959,613902601.0,,Oil Tanker,40158.0,,Камерун (CM).,oil_tanker
9294123,631010105.0,"CHONGCHON (ранее LEONIDAS I, PRINCE I, MONTENERO)",Chemical/Oil Products Tanker (танкер для перевозки нефтепродуктов и химических грузов),40158.0,11.0,Экваториальная Гвинея,oil_tanker
9241815,,ST ZEEZEE (ранее: CIELO DI MILANO),Танкер-химовоз / нефтепродуктовоз (Handy),40083.0,,Нигерия,oil_tanker
9808326,,DIADEMA,Танкер-химовоз (Chemical/Oil Products Tanker),40072.0,7.6,Багамские Острова,oil_tanker
9274082,,TM HAI HA 568,Танкер для перевозки химических грузов и нефтепродуктов,40058.0,,Вьетнам,oil_tanker
9260079,,PIONEER (прежние названия: MOUNT FUJI),Танкер для перевозки химических грузов и нефтепродуктов,40055.0,7.2,Маршалловы Острова,oil_tanker
9808314,,GEMMA,Танкер-химовоз / продуктовоз (MR2 / Handy),40019.0,7.6,Мальта,oil_tanker
9378371,,FANTASIA,Танкер-химовоз / нефтепродуктовоз (Handy Tanker),40000.0,11.8,Италия,oil_tanker
9724544,,"SEA NIMBUS (бывш. MAERSK NIMBUS, BRITISH NIMBUS)",Танкер-химовоз / нефтепродуктовоз (Handy / MR Tanker),39999.0,10.3,Мальта,oil_tanker
9568043,,ORKIM FORTITUDE,Танкер для перевозки нефтепродуктов (Oil Products Tanker),39996.0,8.0,Малайзия,oil_tanker
9670937,,MARIA DEL CARMEN IX (ранее NORD GERANIUM),Танкер-химовоз / нефтепродуктовоз (Chemical/Oil Products Tanker),39826.0,,Эквадор,oil_tanker
9260081,,MOUNT OLYMPUS,Танкер для перевозки химических грузов и нефтепродуктов (Chemical/Oil Products Tanker),39816.0,6.6,Маршалловы Острова,oil_tanker
9431288,,MAERSK KAYA,Танкер-химовоз / нефтепродуктовоз (MR1),39738.0,11.0,Сингапур,oil_tanker
9315898,538008905.0,BYZANTION,Chemical/Oil Products Tanker (танкер-химовоз/продуктовоз),39589.0,7.7,Маршалловы Острова,oil_tanker
9315903,,BOSPOROS,"Танкер для перевозки химических грузов и нефтепродуктов (Chemical/Oil Products Tanker, IMO II/III)",39589.0,9.2,Маршалловы Острова,oil_tanker
9717280,,CIELO DI HANOI,"Танкер-химовоз / нефтепродуктовоз (Chemical/Oil Products Tanker, класс Handy)",39309.0,,Либерия,oil_tanker
1077921,,TROPHY,Танкер-химовоз / нефтепродуктовоз (Chemical/Oil Products Tanker),39247.0,7.5,Либерия,oil_tanker
9723291,,MINERVA TYCHI,Танкер-химовоз / нефтепродуктовоз (Handy),39070.0,8.0,Греция,oil_tanker
9729271,,HAFNIA SOYA,Танкер для перевозки химических грузов и нефтепродуктов (Chemical/Oil Products Tanker),39067.0,9.1,Сингапур,oil_tanker
1077957,,BETA (S/T),Танкер-химовоз / продуктовоз (Chemical/Oil Products Tanker),38999.0,,Либерия,oil_tanker
9256298,,ALFONSO,Танкер-химовоз (Chemical/Oil Products Tanker),38877.0,,Барбадос,oil_tanker
9720081,,,Танкер-химовоз / нефтепродуктовоз (Parcel Tanker),38789.0,9.8,Каймановы Острова,oil_tanker
9686869,,STI BRIXTON,Танкер-химовоз / Продуктовоз,38734.0,11.4,"Маршалловы Острова Основные габариты: Длина (LOA) — 184.00 м, ширина — 27.40 м",oil_tanker
9706475,,STI ROTHERHITHE,Танкер-химовоз / нефтепродуктовоз (MR-танкер),38734.0,7.2,Маршалловы острова,oil_tanker
9303728,,CHRYSOPIGI,Танкер для перевозки нефтепродуктов (Oil Products Tanker),38554.0,7.5,Индонезия (согласно AIS) / Мальта (согласно данным о судне),oil_tanker
9711547,538005774.0,HAFNIA AVENTURINE,Chemical/Oil Products Tanker (танкер для перевозки химических грузов и нефтепродуктов),38506.0,10.0,Маршалловы Острова,oil_tanker
9714501,,HAFNIA AMETHYST,Танкер-химовоз / нефтеналивной танкер (Chemical/Oil Products Tanker),38506.0,7.9,Маршалловы острова,oil_tanker
9719771,,HAFNIA AXINITEТип судна: Танкер-химовоз / нефтепродуктовоз (Chemical/Oil Products Tanker),Танкер-химовоз / нефтепродуктовоз (Chemical/Oil Products Tanker),38506.0,8.0,"Сингапур IMO номер: 9719771Год постройки: 2015 (верфь Hyundai Mipo Dockyard, Южная Корея)",oil_tanker
9384100,,,Танкер для перевозки химических грузов и нефтепродуктов (Chemical/Oil Products Tanker),38402.0,8.9,Панама (Panama),oil_tanker
9340116,636013337.0,,Oil Tanker,38396.0,,Либерия (LR).,oil_tanker
9376828,,ATLAS STAR,Танкер-химовоз / нефтепродуктовоз (Oil/Chemical Tanker),38289.0,7.7,Либерия,oil_tanker
9399351,,HENRY MAERSK,Танкер-химовоз (Chemical/Oil Products Tanker),37933.0,6.6,"Дания Основные габариты: Длина (LOA) — 180.00 м, ширина — 32.00 м",oil_tanker
9176929,620800174.0,,Crude Oil Tanker,37916.0,,Коморские острова,oil_tanker
9377652,,STARLIGHT II,Танкер-химовоз (Chemical/Oil Products Tanker),37847.0,10.7,Маршалловы Острова,oil_tanker
9327437,311001730.0,,Oil Tanker,37623.0,,Багамские острова (BS).,oil_tanker
9732826,,MALBEC LEGACY (бывш. TRF MOSS),Танкер-химовоз / нефтепродуктовоз (Chemical/Oil Products Tanker),37596.0,7.8,Маршалловы Острова,oil_tanker
9443425,538011812.0,,Oil Tanker,37594.0,10.6,"Маршалловы Острова. Габариты: Длина (LOA) 183 м, ширина (Beam) 28 м. Тоннаж:",oil_tanker
9595137,,,Танкер для перевозки химических грузов и нефтепродуктов (Chemical/Oil Products Tanker),37583.0,8.0,Италия,oil_tanker
9380594,,,Oil Tanker,37538.0,9.7,Маршалловы Острова.,oil_tanker
9636644,,MAERSK AEGEAN (ранее: SEA AUVA),Танкер-химовоз / нефтепродуктовоз (MR1),37538.0,,Дания (DIS),oil_tanker
9298739,,,Oil Tanker,37515.0,7.4,Маршалловы Острова.,oil_tanker
9327413,632001110.0,"KAROL (исторические названия: ARISTO, ARISTIDIS)",Oil/Chemical Tanker (Танкер для перевозки нефти и химических грузов),37497.0,,Гвинея (флаг удобства),oil_tanker
9335123,309832000.0,,Oil Tanker,37488.0,7.1,Багамы (BS).,oil_tanker
9214305,,STOLT FOCUS (ранее BOW FAVOUR),"Танкер-химовоз / нефтепродуктовоз (Chemical/Oil Products Tanker, класс MR)",37467.0,,Каймановы острова,oil_tanker
9351921,,,Oil Tanker,37456.0,7.4,Маршалловы Острова.,oil_tanker
9288796,256901000.0,,Oil Tanker,37432.0,10.0,Мальта (MT).,oil_tanker
9250751,,BOW FIRDA,Танкер для перевозки химических грузов и нефтепродуктов,37427.0,6.9,Норвегия,oil_tanker
9350642,,,Oil Tanker,37412.0,8.4,Маршалловы Острова.,oil_tanker
9143207,,BOW FLORA,Танкер-химовоз / нефтепродуктовоз,37369.0,7.5,Маршалловы Острова,oil_tanker
9242481,,"MIRAAN (ранее CHINTAMANI, JAYANTI, RISHABH, OCEAN VICTORY, BRITISH ENDURANCE)",Танкер-продуктовоз (Handy),37296.0,11.3,"Кюрасао (ранее Коморские острова, Габон)",oil_tanker
9353125,667001251.0,,Chemical/Oil Products Tanker,37296.0,,Сьерра-Леоне,oil_tanker
9228849,,SC EXPRESS LV,Танкер для перевозки сырой нефти (Crude Oil Tanker),37270.0,9.5,Индонезия,oil_tanker
9302657,,TOTAL ENERGY,Танкер для перевозки сырой нефти (Handymax).,37255.0,7.1,Индонезия.,oil_tanker
9799678,,GALLOPТип судна: Танкер-химовоз / нефтепродуктовоз (Chemical/Oil Products Tanker),Танкер-химовоз / нефтепродуктовоз (Chemical/Oil Products Tanker),37250.0,7.3,"Сингапур IMO номер: 9799678 Год постройки: 2019 (верфь Kitanihon Shipbuilding, Япония)",oil_tanker
9261396,,STEF,Танкер для перевозки нефти и химических грузов (Handy),37248.0,9.8,Панама,oil_tanker
1022079,,ALGOMA EAST COAST,"Танкер-химовоз / нефтепродуктовоз (Chemical/Oil Products Tanker, Ice Class 1B)",37242.0,9.7,Канада,oil_tanker
9302669,,TENDER HARMONY,Танкер-химовоз / продуктовоз (Handymax).,37217.0,7.9,Индонезия.,oil_tanker
9274666,,KOCATEPE,Нефтяной танкер / химовоз (Chemical/Oil Products Tanker),37082.0,,Панама,oil_tanker
9102124,,STOLT CAPABILITY,Танкер-химовоз / продуктовоз (Chemical/Oil Products Tanker),37042.0,11.9,Либерия,oil_tanker
9274642,657243700.0,,Oil Tanker,36941.0,3.8,Нигерия (NGA).,oil_tanker
9102112,,STOLT EFFICIENCY,Танкер-химовоз / нефтепродуктовоз (Oil/Chemical Tanker),36902.0,8.3,Каймановы острова,oil_tanker
9794159,,ASPHALT SYNERGY,Танкер-битумовоз (Asphalt/Bitumen Tanker),36771.0,9.3,Маршалловы острова,oil_tanker
9917957,,WHITE PEARL,Танкер для перевозки асфальта / битума (Asphalt/Bitumen Tanker),36754.0,8.8,Маршалловы Острова,oil_tanker
9383974,538010212.0,,Oil Tanker,36677.0,,Маршалловы Острова (MH).,oil_tanker
9283772,,SIRIUS (историческое название: HMAS SIRIUS),Танкер-заправщик (бывший танкер Королевского флота Австралии),36553.0,,Кения (текущий статус регистрации требует уточнения),oil_tanker
9425497,,"PATRICK C (ранее PERSEUS N, ELBTANK FRANCE)","Танкер-химовоз / нефтепродуктовоз (Chemical/Oil Products Tanker, класс Handy/MR1)",36264.0,,Либерия,oil_tanker
9163271,,MONARCH NO. 1,Танкер-химовоз / Продуктовоз,36233.0,,Панама,oil_tanker
9866782,,BOW PERSISTENT,Танкер-химовоз (Chemical/Oil Products Tanker),36225.0,11.6,Норвегия (NIS),oil_tanker
9866770,,,Танкер для перевозки химических грузов и нефтепродуктов.,36221.0,11.1,Норвегия.,oil_tanker
9749386,,MTM NEW YORK,Танкер-химовоз / нефтепродуктовоз (MR Tanker),36068.0,11.5,Сингапур,oil_tanker
9536923,,CHEMROAD POLARIS,Танкер-химовоз / нефтепродуктовоз (Chemical/Oil Products Tanker),35923.0,10.4,Панама,oil_tanker
9790608,,CHEMROAD ORCHID,Танкер-химовоз / продуктовоз (Chemical/Oil Products Tanker),35703.0,11.2,Либерия,oil_tanker
9757967,,CHEMROAD SAKURAIMO номер: 9757967,Танкер-химовоз / продуктовоз (Chemical/Oil Products Tanker),35688.0,11.2,Панама,oil_tanker
9790610,,CHEMROAD AQUA,"Танкер-химовоз / нефтеналивной танкер (Chemical/Oil Products Tanker, HAZ-B)",35678.0,11.1,Либерия,oil_tanker
9790622,,CHEMROAD HAWK,Танкер для перевозки химических грузов и нефтепродуктов (Chemical/Oil Products Tanker),35647.0,9.3,Панама (Panama),oil_tanker
9044504,445798000.0,MORNING GLORY (ранее эксплуатировалось под именами GULF GLORY и PERGIWATI),Crude Oil Tanker (танкер для перевозки сырой нефти),35583.0,,КНДР (Демократическая Народная Республика Корея),oil_tanker
9167136,,DAWN HARIDWAR,Нефтяной танкер / Танкер-продуктовоз (Crude Oil/Product Tanker),35024.0,6.5,Индия,oil_tanker
9167162,620999032.0,,Crude Oil Tanker,34999.0,,Коморские острова (в текущих данных) / Никарагуа (на изображении image_a81c23.jpg),oil_tanker
9459280,538004167.0,ARGENT IRIS,Chemical/Oil Products Tanker (танкер для перевозки химических грузов и нефтепродуктов),34862.0,7.7,Маршалловы Острова,oil_tanker
9167174,,RIANA,Танкер для перевозки сырой нефти (Handysize),34860.0,,"Панама Основные габариты: Длина (LOA) — 171.00 м, ширина — 27.40 м",oil_tanker
9810654,,PRELUDE,Танкер-химовоз / Продуктовоз (Handy),34843.0,,"Панама Основные габариты: Длина общая (LOA) — 179.54 м, ширина — 27.40 м",oil_tanker
9858785,,"HOLMES (ранее: GOLDEN DAHLIA, OCEAN ROSE)",Танкер-химовоз / нефтепродуктовоз,34834.0,,Маршалловы острова,oil_tanker
9878046,,SHERLOCK,Танкер-химовоз / нефтепродуктовоз,34798.0,,Нигерия,oil_tanker
9878034,636021516.0,,Oil Tanker,34777.0,6.0,Либерия (LBR).,oil_tanker
9878060,636021159.0,,Oil Tanker,34775.0,5.0,Либерия (LBR).,oil_tanker
9810666,,RHAPSODY,Танкер-химовоз (Handy Chemical/Oil Tanker),34766.0,8.2,Сингапур,oil_tanker
9878058,,"LEANDER FISHER (бывшие названия: LAGAVULIN, OCEAN IXORA)",Танкер для перевозки химических грузов и нефтепродуктов (Chemical/Oil Products Tanker),34724.0,8.4,Великобритания,oil_tanker
9306641,,,Oil Tanker,34663.0,9.8,Гвинея-Бисау.,oil_tanker
9275256,,"SIYA RAM (ранее: MAERSK RYE, ANWAAR LIBYA)IMO номер: 9275256",Танкер-продуктовоз (Oil Products Tanker),34656.0,,Антигуа и Барбуда,oil_tanker
9295048,667002501.0,,Oil Tanker,34620.0,,Сьерра-Леоне (SL).,oil_tanker
9284685,,CHEMROAD ECHOIMO номер: 9284685,Танкер-химовоз / нефтепродуктовоз (Chemical/Oil Products Tanker),33944.0,10.4,Панама,oil_tanker
9303649,,CHEMROAD HAYA,Танкер-химовоз / нефтепродуктовоз,33916.0,7.3,Панама,oil_tanker
9363481,,,Oil Tanker,33707.0,7.7,Сингапур.,oil_tanker
9420710,,BOCHEM OSLO,Танкер-химовоз / Продуктовоз (MR1),33655.0,10.5,Португалия (Мадейра),oil_tanker
9379894,,KISO,Танкер-химовоз / нефтепродуктовоз (Chemical/Oil Products Tanker),33641.0,7.5,Панама,oil_tanker
9379911,,SAGAMI,Танкер-химовоз / продуктовоз (Medium Range).,33614.0,11.5,Панама.,oil_tanker
9597147,,STOLT ORCA (бывшее название: GENUINE HERCULES),Танкер-химовоз / продуктовоз,33559.0,6.5,Либерия,oil_tanker
9414254,,CHEMROAD JOURNEY,Танкер-химовоз / нефтепродуктовоз (Chemical/Oil Products Tanker),33526.0,11.1,Панама,oil_tanker
9938004,,CHEM BROADWAY,Танкер-химовоз / нефтепродуктовоз,33450.0,10.4,Либерия,oil_tanker
9954199,,,Oil Tanker,33450.0,8.5,Либерия.,oil_tanker
9907017,,MISTRAL FLAME,Танкер-химовоз / Продуктовоз,33343.0,8.3,Либерия,oil_tanker
9719240,,STOLT APAL,Танкер для перевозки химических грузов и нефтепродуктов (Chemical/Oil Products Tanker),32798.0,10.1,Португалия (Мадейра),oil_tanker
9764506,,STOLT PALM,Танкер-химовоз / Продуктовоз,32761.0,8.9,Португалия (Мадейра),oil_tanker
9255490,,SEARAY,Танкер для перевозки химических/нефтепродуктов (Chemical/Oil Products Tanker),32310.0,11.0,Германия,oil_tanker
9165176,,CAPT GREGORY,Танкер-нефтепродуктовоз,31259.0,,Нигерия,oil_tanker
9733698,,STORE BAY,Танкер-химовоз / продуктовоз,30711.0,7.5,Панама,oil_tanker
9617648,,STOLT LOTUS,Танкер-химовоз / продуктовоз (Chemical/Oil Products Tanker),30345.0,8.4,Либерия,oil_tanker
9659672,,THE DIPLOMAT,Танкер-битумовоз (Bitumen Tanker),30158.0,9.5,Маршалловы Острова,oil_tanker
9231690,,TIANZE,Нефтяной танкер / Продуктовоз (MR),29400.0,,"Коморские острова (согласно актуальным данным AIS; в исторических данных также встречается Панама, что является характерным для судов, часто меняющих флаги для обхода мониторинга)",oil_tanker
9827944,,SEA LION,Танкер-химовоз / нефтепродуктовоз (Chemical/Oil Products Tanker),28310.0,7.2,Гонконг (Китай),oil_tanker
9739317,636020425.0,STOLT MAGNESIUM,Chemical/Oil Products Tanker (Hazardous Category B),27605.0,,Либерия,oil_tanker
9777400,,BOW TUNGSTEN,Танкер-химовоз / Продуктовоз,27601.0,8.6,Норвегия (NIS),oil_tanker
9536038,,CHANG AN ZHOU,Танкер для перевозки нефтепродуктов (Oil Products Tanker),27112.0,6.2,Китай,oil_tanker
9568495,,SAKURA ADVANCE (ранее: KOKUKA COURAGEOUS),Танкер-химовоз / нефтепродуктовоз (MR1),27000.0,10.8,Панама,oil_tanker
1066324,,SC DIAMOND,"Танкер-химовоз / нефтеналивной танкер (Chemical/Oil Products Tanker), часто классифицируется как судно типа «Flexy»",26700.0,10.5,Гонконг,oil_tanker
9410533,,MED ATLANTICТип судна: Танкер-химовоз / нефтепродуктовоз (Chemical/Oil Products Tanker),Танкер-химовоз / нефтепродуктовоз (Chemical/Oil Products Tanker),26234.0,10.4,"Мальта IMO номер: 9410533 Год постройки: 2011 (верфь Eregli Shipyard, Турция)",oil_tanker
9231705,,HALIMA (ранее: VALDAOSTA),Танкер-нефтепродуктовоз,26200.0,,Нигерия,oil_tanker
9791157,,HODAKA GALAXY,Танкер-химовоз / нефтепродуктовоз,26198.0,8.7,Сингапур,oil_tanker
9796834,,TSUKUBA GALAXY,Танкер-химовоз / Продуктовоз,26175.0,,Панама,oil_tanker
9414216,,GINGA CHEETAH,"Танкер-химовоз / нефтепродуктовоз (Chemical/Oil Products Tanker, класс Handy)",26100.0,,Панама,oil_tanker
9821299,,SOUTHERN SHARK,Танкер-химовоз / нефтепродуктовоз (Chemical/Oil Products Tanker),26051.0,10.7,Либерия,oil_tanker
9796822,,NORDIC CALLAO,Танкер-продуктовоз / Химический танкер (Chemical/Oil Products Tanker),26029.0,8.5,Панама,oil_tanker
9796810,,NORDIC COPENHAGEN,Танкер-продуктовоз / Химический танкер (Chemical/Oil Products Tanker),26024.0,9.8,Панама,oil_tanker
9425992,,GINGA LEOPARD,Танкер-химовоз / продуктовоз (Chemical/Oil Products Tanker),25982.0,9.7,Панама,oil_tanker
9472737,,GINGA BOBCAT,Танкер-химовоз / нефтепродуктовоз (Chemical/Oil Products Tanker),25954.0,,Панама,oil_tanker
9674775,,PRABHU MIHIKAA (ранее CLARICE),Танкер-химовоз / нефтепродуктовоз (Chemical/Oil Products Tanker),25926.0,,Сингапур,oil_tanker
1042380,,XT SEAL,Танкер-химовоз / нефтепродуктовоз (Chemical/Oil Products Tanker),25900.0,,Либерия,oil_tanker
9576753,,REBECCA SCHULTE,Танкер-химовоз / нефтепродуктовоз (Chemical/Oil Products Tanker),25620.0,8.3,Сингапур,oil_tanker
1075600,,BOW OCELOT,Танкер-химовоз / продуктовоз (Chemical/Oil Products Tanker),25593.0,7.0,Панама,oil_tanker
9576777,,"NING HUA 451 (бывш. SEAHAWK, INTREPID SEAHAWK)",Танкер-химовоз / нефтепродуктовоз (Chemical/Oil Products Tanker),25588.0,6.5,Китай (PRC),oil_tanker
9576789,,REINHOLD SCHULTE,Танкер-химовоз / нефтепродуктовоз,25583.0,8.6,Сингапур,oil_tanker
9396024,,BOMAR OSPREY,Танкер-химовоз / нефтепродуктовоз (Chemical/Oil Products Tanker),25432.0,6.9,Маршалловы острова,oil_tanker
1054319,563326700.0,BOW FRATERNITY,Chemical/Oil Products Tanker (танкер для перевозки нефтепродуктов и химических грузов),25400.0,9.8,Сингапур,oil_tanker
9739264,,CHEM SPICA,Танкер-химовоз / нефтепродуктовоз (Chemical/Oil Products Tanker),25268.0,5.6,Либерия,oil_tanker
9809394,,GINGA ANGEL (ранее: FAIRCHEM ANGEL),"Танкер-химовоз / нефтепродуктовоз (Chemical/Oil Products Tanker, IMO II/III)",25245.0,10.7,Маршалловы Острова,oil_tanker
9707845,,ARDMORE CHEROKEE,Танкер-химовоз / нефтепродуктовоз (Chemical/Oil Products Tanker),25215.0,8.9,Маршалловы Острова,oil_tanker
9804837,,GINGA BLUE SHARK,Танкер-химовоз / нефтепродуктовоз (Chemical/Oil Products Tanker),25202.0,6.3,"Сингапур IMO номер: 9804837 Год постройки: 2019 (верфь Kitanihon Shipbuilding, Япония)",oil_tanker
9749362,,WILLARD JТип судна: Танкер-химовоз / продуктовоз (Chemical/Oil Products Tanker),Танкер-химовоз / продуктовоз (Chemical/Oil Products Tanker),25161.0,6.5,"Маршалловы острова IMO номер: 9749362 Год постройки: 2016 (верфь Hyundai Mipo Dockyard, Южная Корея)",oil_tanker
9919333,,GINGA GRUTTO (ранее FAIRCHEM GRUTTO),Танкер-химовоз / нефтепродуктовоз (Chemical/Oil Products Tanker),25151.0,,Маршалловы острова,oil_tanker
9457024,,SONGA COSMOS,Танкер-химовоз / Продуктовоз,25130.0,9.3,Мальта,oil_tanker
9760550,,BOCHEM BUCEPHALAS,Танкер-химовоз / нефтепродуктовоз (Chemical/Oil Products Tanker),25086.0,10.6,"Гонконг (КНР) IMO номер: 9760550 Год постройки: 2017 (верфь Kitanihon Shipbuilding, Япония)",oil_tanker
9887396,,SOLAR NAAMA,Танкер для перевозки химических грузов и нефтепродуктов (Chemical/Oil Products Tanker),24621.0,7.9,Либерия,oil_tanker
9798296,,"SAVANNA (ранее: PANGNIU, BABYLON)",Танкер-нефтепродуктовоз,24202.0,,Панама,oil_tanker
9459539,,STOLT OCELOT,Танкер-химовоз (Chemical/Oil Products Tanker),23324.0,7.4,Либерия,oil_tanker
9758090,,BOW SUCCESS (ранее: FAIRCHEM SUCCESS),Танкер-химовоз / нефтепродуктовоз (Chemical/Oil Products Tanker),22346.0,9.5,Панама,oil_tanker
9867607,,MTM VANCOUVER,Танкер-химовоз (Chemical/Oil Products Tanker),22344.0,9.5,Сингапур,oil_tanker
9973676,,AQUA RAY,Танкер-химовоз / нефтепродуктовоз (Chemical/Oil Products Tanker),21950.0,7.1,Либерия,oil_tanker
9457878,,HURON,Танкер-химовоз / Продуктовоз,21224.0,7.1,Маршалловы острова,oil_tanker
9827451,,CHEMSTAR TIERRAIMO номер: 9827451,Танкер-химовоз / нефтепродуктовоз (Chemical/Product Tanker),21117.0,,Панама,oil_tanker
9256834,,SYNERGY STAR,Танкер-химовоз / нефтепродуктовоз (Chemical/Oil Products Tanker).,21081.0,10.1,Маршалловы Острова.,oil_tanker
9867267,,SOUTHERN WOLF,Танкер-химовоз / нефтепродуктовоз (Chemical/Oil Products Tanker),21026.0,9.1,Либерия,oil_tanker
9860192,563084900.0,,Oil Tanker,21020.0,9.5,"Сингапур. Габариты: Длина (LOA) 149.03 м, ширина 24.00 м. Тоннаж:",oil_tanker
9736810,,GLOVIS SIGMA,Автовоз (Pure Car and Truck Carrier — PCTC),20970.0,,Багамские острова,oil_tanker
9736808,,GLOVIS STAR,Автомобилевоз (Vehicles Carrier),20941.0,8.6,Багамские Острова,oil_tanker
9986049,,,Танкер-химовоз/продуктовоз (Chemical/Oil Products Tanker).,20799.0,5.9,,oil_tanker
9418822,,HARBOUR EXPRESSIMO номер: 9418822,Танкер-химовоз / Продуктовоз,20522.0,6.8,"Португалия (Мадейра) Основные габариты: Длина (LOA) — 161.65 м, ширина — 22.40 м",oil_tanker
9913767,,FPMC S RUBY,Танкер-химовоз / Продуктовоз,19999.0,,Тайвань,oil_tanker
9942689,563158100.0,MOCKINGBIRD,Chemical/Oil Products Tanker (Танкер-химовоз/продуктовоз),19999.0,6.5,Сингапур,oil_tanker
9340441,,EASTERLY BEECH GALAXY (бывшее название: BEECH GALAXY),Танкер для перевозки химических грузов и нефтепродуктов,19998.0,9.9,Маршалловы Острова,oil_tanker
9391141,636017875.0,,Oil Tanker,19998.0,7.0,Либерия (LBR).,oil_tanker
9817509,,CHEM SELENIUM (ранее: STREAM ARCTIC),Танкер-химовоз / нефтепродуктовоз (Chemical/Oil Products Tanker),19998.0,,Маршалловы острова,oil_tanker
9705768,,CHEM SINGAPORE,Танкер-химовоз / нефтепродуктовоз (Chemical/Oil Products Tanker),19996.0,9.7,Либерия,oil_tanker
9485863,,FG ROTTERDAM (бывшее название: SIVA ROTTERDAM),Танкер-химовоз / продуктовоз (Chemical/Oil Products Tanker),19995.0,7.7,Панама,oil_tanker
9363833,538011547.0,GOBY,Chemical/Oil Products Tanker (танкер для перевозки химических грузов и нефтепродуктов),19994.0,8.9,Маршалловы Острова,oil_tanker
9416070,,DING HENG 39,"Танкер-химовоз / продуктовоз (Chemical/Oil Products Tanker), класс HAZ-B",19994.0,5.8,Либерия,oil_tanker
9725859,,BOCHEM WALVIS BAY (бывшее название: TIGER HARMONY),Танкер для перевозки химических грузов и нефтепродуктов (Chemical/Oil Products Tanker),19994.0,10.0,Гонконг,oil_tanker
9740794,,LAVENDER RAY,Танкер-химовоз (Chemical/Oil Products Tanker),19994.0,6.5,Либерия,oil_tanker
9340427,,LILA CONFIDENCE,Танкер-химовоз / нефтепродуктовоз (Chemical/Oil Products Tanker),19993.0,5.6,Либерия,oil_tanker
9716016,,INDIGO RAY,Танкер-химовоз / Продуктовоз,19989.0,8.9,Либерия,oil_tanker
9804899,,PURPLE RAY,Танкер-химовоз / нефтеналивной танкер (Chemical/Oil Products Tanker),19987.0,6.0,Либерия,oil_tanker
9558397,,"CHEM SIRIUS (ранее: VALOROUS QUEEN, LADY KIHO)",Танкер-химовоз / нефтепродуктовоз (IMO II/III),19986.0,,Либерия,oil_tanker
9340477,,OCTONAUTIMO номер: 9340477,Танкер-химовоз / Продуктовоз,19983.0,6.2,"Маршалловы острова Основные габариты: Длина (LOA) — 145.50 м, ширина — 23.70 м",oil_tanker
9914292,,FAIRCHEM FYNBOS,Танкер-химовоз / нефтепродуктовоз (Chemical/Oil Products Tanker),19982.0,7.2,Маршалловы острова,oil_tanker
9815252,,CHEM LITHIUM (ранее: BW LITHIUM),Танкер-химовоз (Chemical/Oil Products Tanker),19981.0,9.8,Либерия,oil_tanker
9981465,,KOMODO PARK,Танкер-химовоз / Продуктовоз (Chemical/Oil Products Tanker),19981.0,9.71,"Либерия Основные габариты: Длина (LOA) — 146.50 м, ширина — 24.00 м",oil_tanker
9749685,,KATANA GALAXY (бывш. FAIRCHEM KATANA),Танкер-химовоз / нефтепродуктовоз (Chemical/Oil Products Tanker),19980.0,6.8,Маршалловы Острова,oil_tanker
9829679,,SUNRISE RAY (бывш. BW RADON),Танкер-химовоз / нефтепродуктовоз (Chemical/Oil Products Tanker),19976.0,,Либерия,oil_tanker
9689029,,CHANG LONG 21 (бывш. FENG HAI 36),Танкер-химовоз / нефтепродуктовоз (Chemical/Oil Products Tanker),19975.0,8.6,Китай (PRC),oil_tanker
9749697,636019178.0,RADIANT RAY,Oil/Chemical Tanker (танкер-химовоз/продуктовоз),19974.0,,Либерия,oil_tanker
9981477,,TOUBKAL PARKIMO номер: 9981477,Танкер-химовоз / нефтепродуктовоз (Chemical/Oil Products Tanker),19971.0,6.1,Либерия,oil_tanker
9340465,,MULAN,Танкер-химовоз / продуктовоз (Chemical/Oil Products Tanker).,19966.0,6.0,Барбадос.,oil_tanker
9985992,,EVA PEARL,Танкер-химовоз / нефтепродуктовоз (Chemical/Oil Products Tanker),19910.0,10.0,Филиппины,oil_tanker
9800013,,EVA BERGEN,Танкер-химовоз / продуктовоз (Chemical/Oil Products Tanker),19888.0,6.3,Филиппины,oil_tanker
9808261,,,Oil Tanker,19881.0,7.8,Норвегия.,oil_tanker
9360946,,DOLPHIN 21,Танкер-химовоз / нефтепродуктовоз (Chemical/Oil Products Tanker),19874.0,6.3,Багамские острова,oil_tanker
9724051,370568000.0,SWAN INDIAN,Oil/Chemical Tanker (Hazardous Category C),19855.0,,Панама,oil_tanker
9271999,,,Танкер для перевозки химических грузов и нефтепродуктов (Chemical/Oil Products Tanker).,19806.0,6.7,Гибралтар.,oil_tanker
9493133,,JN JUPITER,Танкер-химовоз / танкер для нефтепродуктов (Chemical/Oil Products Tanker),19801.0,6.4,Республика Корея,oil_tanker
9223916,,LISBON (ранее: CHEM HARVEST),Танкер-химовоз / нефтепродуктовоз,19783.0,,Багамские Острова,oil_tanker
9327140,,SEA FORTUNE,Танкер-химовоз / нефтепродуктовоз (Chemical/Oil Products Tanker),19766.0,6.3,Гонконг (Китай),oil_tanker
9171175,,CILICIA,Танкер-химовоз / нефтепродуктовоз (Chemical/Oil Products Tanker).,19740.0,7.0,Россия.,oil_tanker
9339351,563326400.0,GINGA MAYA,Chemical/Oil Products Tanker (танкер-химовоз/продуктовоз),19728.0,6.0,Сингапур,oil_tanker
9304306,,MARINA AMAN,Танкер-химовоз / нефтепродуктовоз (Chemical/Oil Products Tanker),19707.0,8.1,Панама,oil_tanker
9407067,,LILA VANCOUVER,Танкер-химовоз / Продуктовоз,19702.0,9.9,Либерия,oil_tanker
9407093,,"CHEM MIA (ранее: BW MIA, STREAM MIA, GOLDEN MIA)",Танкер-химовоз / нефтепродуктовоз (Small Chemical/Oil Parcel Tanker),19702.0,8.4,Либерия,oil_tanker
9552666,,FAIRCHEM ALDEBARAN,Танкер-химовоз / нефтеналивной танкер (Chemical/Oil Products Tanker),19697.0,8.6,Либерия,oil_tanker
9422677,,MARI GALAXY,Танкер-химовоз / Продуктовоз,19355.0,6.9,"Сингапур Основные габариты: Длина (LOA) — 146.60 м, ширина — 23.70 м",oil_tanker
9231602,,LEVANTO (ранее: ST VANESSA),Танкер-нефтепродуктовоз,19117.0,4.1,Нигерия,oil_tanker
9828974,244046000.0,,Oil Tanker,18684.0,8.0,Нидерланды.,oil_tanker
9828998,,THUN LIVERPOOL,Танкер-химовоз / нефтепродуктовоз (Chemical/Oil Products Tanker),18684.0,,Нидерланды,oil_tanker
1031783,,BURAN,Танкер-химовоз (Chemical/Oil Products Tanker),18656.0,6.3,Маршалловы острова,oil_tanker
1021702,,BISE,Танкер-химовоз / нефтепродуктовоз (Product Tanker),18644.0,7.3,Маршалловы острова,oil_tanker
9460241,,STEN FJELL,Танкер-химовоз / нефтепродуктовоз (Product/Chemical Tanker),18561.0,,Португалия (регистр Мадейра),oil_tanker
1025411,,CAPTAIN M. KYRIAKOU,Танкер-химовоз / Продуктовоз,18330.0,7.7,Португалия (Мадейра),oil_tanker
9576832,,"XT HONESTY (бывш. TZ GLORY, CYBELE)",Танкер-химовоз / нефтепродуктовоз,18188.0,,Либерия,oil_tanker
9367372,,ERICUSA M (бывш. PROCIDA),Танкер-химовоз / нефтепродуктовоз (Chemical/Oil Products Tanker),17999.0,6.4,Италия,oil_tanker
9447328,,"TIMA WOURI (бывшие названия: SONGA ATLANTIC, ATLANTIK PRIDE, LIDO, FT STROMBOLI)",Танкер для перевозки химических грузов и нефтепродуктов,17999.0,7.0,Либерия,oil_tanker
9739836,,SAANA (бывшее название: FURE VALO)IMO номер: 9739836,Танкер для перевозки химических грузов и нефтепродуктов,17999.0,8.0,Финляндия,oil_tanker
9890599,,RAMIRA,Танкер-химовоз / Продуктовоз,17999.0,6.6,Швеция,oil_tanker
9898204,,FURE VITEN,Танкер-химовоз / нефтепродуктовоз (Chemical/Oil Products Tanker),17999.0,8.6,Швеция,oil_tanker
9350757,,"HEINRICH (предыдущие названия: JUTLANDIA SWAN, BESIKTAS ENGLAND)",Танкер для перевозки химических грузов и нефтепродуктов (Chemical/Oil Products Tanker),17998.0,9.5,Гибралтар,oil_tanker
9739812,,RAMANDA,Танкер-химовоз / Продуктовоз,17994.0,8.8,Швеция,oil_tanker
9818280,,RAMELIAIMO номер: 9818280,Танкер для перевозки химических грузов и нефтепродуктов,17994.0,9.1,Швеция,oil_tanker
9808467,,BEDFORD (ранее: BELUGA PACIFIC),Танкер-нефтепродуктовоз,17988.0,4.5,Нигерия,oil_tanker
9808479,,"BALHAM (ранее: ORCA PACIFIC, BILLITON PALM)",Танкер-нефтепродуктовоз,17962.0,,Нигерия,oil_tanker
9980320,,FURE VISKARIMO номер: 9980320,Танкер для перевозки химических грузов и нефтепродуктов (Ice Class 1A),17953.0,6.0,Швеция,oil_tanker
9983956,,FURE VYL,Танкер-химовоз / нефтепродуктовоз (Handy-Tanker),17952.0,5.9,Швеция,oil_tanker
9938987,538011839.0,,Oil Tanker,17933.0,5.0,Маршалловы Острова (MHL).,oil_tanker
9831024,,SONGA ORION (бывшее название: PENINSULA X),Танкер для перевозки химических грузов и нефтепродуктов (Chemical/Oil Products Tanker),17916.0,7.7,Португалия (Мадейра),oil_tanker
9798428,,ATLANTIC ASPHALT,Танкер для перевозки битума (Bitumen Tanker),17764.0,8.4,Маршалловы острова,oil_tanker
9473913,636026011.0,,Oil Tanker,17588.0,6.2,Либерия (LBR).,oil_tanker
9473937,,JC BAZAN,Танкер-химовоз / нефтепродуктовоз (Chemical/Oil Products Tanker),17567.0,,Аргентина,oil_tanker
9421269,,BTS FABULOUS,Танкер-химовоз / нефтеналивной танкер (Chemical/Oil Products Tanker),17540.0,8.4,Сингапур,oil_tanker
9939993,,SOUTHERN BELUGA,Танкер-химовоз / нефтеналивной танкер (Chemical/Oil Products Tanker),17405.0,8.6,Либерия,oil_tanker
9404376,,IEVOLI GOLD (бывшее название: MARIA LAURA),Танкер для перевозки химических грузов и нефтепродуктов (Chemical/Oil Products Tanker),17011.0,9.1,Италия,oil_tanker
9356622,,EKFJORD (бывш. GAN-SKY),Танкер для перевозки нефтепродуктов (Oil Products Tanker),17006.0,8.5,Норвегия,oil_tanker
9344423,,RUBIKON 202,Танкер-химовоз / Продуктовоз,16979.0,8.9,Португалия (Мадейра),oil_tanker
9362152,,FURE SKAGEN,Танкер-химовоз / Продуктовоз,16979.0,9.4,Фарерские острова (Дания),oil_tanker
9382504,,KOWIE,Танкер-химовоз / нефтепродуктовоз,16886.0,4.0,Нигерия,oil_tanker
9502439,,SAN SAN H (ранее JIUJIANG),Танкер-химовоз / нефтепродуктовоз (Chemical/Oil Products Tanker),16880.0,5.4,Либерия,oil_tanker
9436408,,STORHOLMEN,Танкер-химовоз (Chemical/Oil Products Tanker),16849.0,8.6,Маршалловы Острова,oil_tanker
9436410,,,Oil Tanker,16803.0,7.8,,oil_tanker
9475430,,"GOLDEN JASMINE (бывшие названия: KENRICK, ORCHARD, BLUE EMERALD, GAMTOOS)","Танкер для перевозки химических грузов и нефтепродуктов (Chemical/Oil Products Tanker, класс HAZ-A)",16788.0,6.8,Маршалловы Острова,oil_tanker
9127186,,"ALGO (ранее: ALGOMA HANSA, AMALIENBORG)",Танкер-химовоз / нефтепродуктовоз,16775.0,5.4,Либерия,oil_tanker
9802059,,CELSIA,Танкер для перевозки химических грузов и нефтепродуктов (Chemical/Oil Products Tanker),16773.0,6.4,Панама,oil_tanker
9439814,,ERIN SCHULTE,Танкер-химовоз / нефтепродуктовоз (Chemical/Oil Products Tanker),16716.0,6.3,Соединенное Королевство (о. Мэн),oil_tanker
9305180,,PATALYA,Танкер-химовоз / Продуктовоз,16664.0,,Антигуа и Барбуда,oil_tanker
9439838,,EVERHARD SCHULTE,Танкер-химовоз / нефтепродуктовоз,16658.0,7.3,Сингапур,oil_tanker
9407988,,STEN BERGEN,Танкер-химовоз / Продуктовоз,16655.0,7.8,Португалия (регистр Мадейра),oil_tanker
9508990,,,Oil Tanker,16647.0,7.6,,oil_tanker
9400978,,CENTAURUS (ранее OCEAN SUCCESS),Танкер-химовоз / нефтепродуктовоз,16622.0,,"Либерия (удобный флаг, стандарт для коммерческого флота)",oil_tanker
9261102,636093165.0,STEN IDUN,Chemical/Oil Products Tanker,16614.0,,Либерия,oil_tanker
9378735,255915981.0,,Oil Tanker,16611.0,9.0,Португалия (Madeira).,oil_tanker
9307671,255915985.0,,Oil Tanker,16607.0,7.6,Португалия (Madeira).,oil_tanker
9371610,,STEN ARNOLD,Танкер-химовоз / нефтепродуктовоз (Intermediate),16578.0,8.1,Португалия (Мадейра),oil_tanker
9043093,,"TABLONES (ранее BOMAR LYNX, NORDIC LYNX, NORTHERN LYNX)",Танкер-химовоз / нефтепродуктовоз (Chemical/Oil Products Tanker),16533.0,,Перу,oil_tanker
9469455,,EMANTHA,Танкер-химовоз / нефтепродуктовоз (Intermediate),16500.0,,Панама,oil_tanker
9439876,,ELISALEX SCHULTE,Танкер-химовоз / нефтепродуктовоз,16427.0,7.8,Сингапур,oil_tanker
9466738,,SLOMAN HERMES,Танкер-химовоз / нефтепродуктовоз (Chemical/Oil Products Tanker),16418.0,5.8,Антигуа и Барбуда,oil_tanker
9466752,,SIDRA DOHA,Танкер-химовоз / нефтепродуктовоз,16412.0,,Катар,oil_tanker
9160932,,"ZANGO (ранее: SADO, MOSUNMOLA, BRO ATLAND)",Танкер-нефтепродуктовоз,16326.0,,Нигерия,oil_tanker
1033365,,FURE VASA,Танкер-химовоз / нефтепродуктовоз (Chemical/Oil Products Tanker / Intermediate),16300.0,9.1,Швеция IMO номер: 1033365 Год постройки: 2026,oil_tanker
9758313,,GOLDEN ASPIRANT,"Танкер-химовоз / нефтеналивной танкер (Chemical/Oil Products Tanker, HAZ-B)",16298.0,5.6,Панама,oil_tanker
9792151,,GOLDEN SKY,Танкер-химовоз / Продуктовоз,16297.0,,Либерия,oil_tanker
9800049,,ORIENTAL COSMOS,Танкер-химовоз / нефтепродуктовоз (Oil/Chemical Tanker),16296.0,7.2,Панама,oil_tanker
9824928,,ORIENTAL VIOLA,Танкер-химовоз / нефтепродуктовоз (Small Chemical/Products Tanker),16293.0,8.7,Панама,oil_tanker
9924716,,ORIENTAL GERBERA,Танкер-химовоз / нефтепродуктовоз,16279.0,,Панама,oil_tanker
9890549,,"ORIENTAL TULIPТип судна: Танкер для перевозки химических грузов и нефтепродуктов (Chemical/Oil Products Tanker, Тип II и III)","Танкер для перевозки химических грузов и нефтепродуктов (Chemical/Oil Products Tanker, Тип II и III)",16268.0,9.3,Панама IMO номер: 9890549 Год постройки: 2020,oil_tanker
9214032,,BOW CONDOR,Танкер-химовоз / нефтепродуктовоз (Chemical/Oil Products Tanker),16121.0,,Маршалловы острова,oil_tanker
9362138,,YM SATURN,Танкер-химовоз / Продуктовоз,15988.0,,"Мальта Основные габариты: Длина (LOA) — 148.00 м, ширина — 21.60 м",oil_tanker
9847140,,CHEMICAL CONTENDER,Танкер для перевозки химических грузов и нефтепродуктов (Chemical/Oil Products Tanker),15945.0,9.1,Мальта,oil_tanker
1100508,,CYGNET,Танкер-химовоз / нефтеналивной танкер (Chemical/Oil Products Tanker),15817.0,5.6,Сингапур,oil_tanker
9970612,,BONITA ANGELAIMO номер: 9970612,Танкер-химовоз (Chemical/Oil Products Tanker),14948.0,6.4,Сингапур,oil_tanker
9900265,,ORKIM EMERALD,Танкер для перевозки нефтепродуктов (Oil Products Tanker),14932.0,8.1,Малайзия,oil_tanker
9747998,,,Oil Tanker,14911.0,9.0,Маршалловы Острова.,oil_tanker
9748007,,PALANCA CADIZ,Танкер-битумовоз (Asphalt/Bitumen Tanker),14911.0,5.7,Маршалловы Острова,oil_tanker
9747974,,TERN SEA,Танкер-химовоз / нефтепродуктовоз (Intermediate),14878.0,8.1,Дания (DIS),oil_tanker
9277371,257945367.0,,Chemical/Oil Products Tanker (Танкер для перевозки химических грузов и нефтепродуктов),14803.0,,Норвегия,oil_tanker
9313125,,HAWKS PROGRESS,Танкер-химовоз / нефтепродуктовоз,14737.0,8.2,Маршалловы Острова,oil_tanker
9427990,,CYGNI,Танкер-химовоз / нефтепродуктовоз (Chemical/Oil Products Tanker),14374.0,7.3,Мальта,oil_tanker
9330381,,BEGONIA,Танкер-химовоз / продуктовоз (Chemical/Oil Products Tanker),14364.0,9.4,Республика Корея (Korea),oil_tanker
9330393,,THAI CHEMI (бывш. ORIENTAL ROSE),"Танкер-химовоз / нефтепродуктовоз (Chemical/Oil Products Tanker, HAZ-B)",14351.0,6.7,Маршалловы Острова,oil_tanker
9558971,,CHEMICAL MARINER,Танкер-химовоз / нефтепродуктовоз (IMO II/III),14301.0,,Мальта,oil_tanker
9526681,,ACONCAGUA (ранее HENG XIN),Танкер-химовоз / нефтепродуктовоз (Chemical/Oil Products Tanker),13968.0,,Эквадор,oil_tanker
9430715,306077000.0,,Chemical/Oil Products Tanker,13937.0,,Кюрасао,oil_tanker
9843663,,HAI GANG ZHI YUAN,"Специализированное судно-бункеровщик (Chemical/Oil Products Tanker, модернизированное под бункеровку метанолом).",13798.0,5.2,Китай (PRC).,oil_tanker
9845087,636024968.0,MACALLAN,Chemical/Oil Products Tanker,13774.0,,Либерия,oil_tanker
1121447,,DI HAI FU TAI,Танкер-химовоз / нефтеналивной танкер (Chemical/Oil Products Tanker),13705.0,5.8,Китай,oil_tanker
9812420,563273100.0,CASTOR,Chemical/Oil Products Tanker,13523.0,,Сингапур,oil_tanker
9827982,,DAI QUANG,Танкер для перевозки химических/нефтепродуктов (Chemical/Oil Products Tanker),13499.0,7.6,Панама (согласно характеристикам) / Маршалловы Острова (согласно данным AIS),oil_tanker
9827970,,DAI VINH,Танкер-химовоз / нефтеналивной танкер (Chemical/Oil Products Tanker),13498.0,4.8,Панама,oil_tanker
9435428,,ALFORAT,Танкер для перевозки нефтепродуктов,13440.0,,Ирак,oil_tanker
9544683,,"TORC (бывш. FMT KNIDOS, ATLANTIK GLORY)",Танкер-химовоз / нефтепродуктовоз (Chemical/Oil Products Tanker),13214.0,8.4,Мальта,oil_tanker
9989560,,XT PROSPERITY,"Химовоз / Танкер-продуктовоз (Chemical/Oil Products Tanker, HAZ-D)",13185.0,7.0,Либерия,oil_tanker
9445655,,GOLDEN OAK,Танкер-химовоз / Продуктовоз,13168.0,8.3,Маршалловы острова,oil_tanker
9352133,,CARIBE LUNA,Танкер-химовоз / нефтепродуктовоз (Intermediate),13157.0,,Либерия,oil_tanker
9462689,636019696.0,,Oil Tanker,13151.0,,"Либерия (LR). Габариты: Длина (LOA) 128.60 м, ширина 20.40 м. Тоннаж:",oil_tanker
9353905,422000102.0,,Chemical/Oil Products Tanker,13148.0,,Иран,oil_tanker
9388223,,DANIEL FIMO номер: 9388223,Танкер-химовоз / нефтепродуктовоз (Chemical/Oil Products Tanker),13117.0,,Аргентина,oil_tanker
9367437,,OM JAIPUR,Танкер-химовоз / нефтепродуктовоз (Chemical/Oil Products Tanker),13102.0,6.0,Маршалловы острова,oil_tanker
9322114,538002661.0,,Oil Tanker,13089.0,7.5,Маршалловы Острова (MHL).,oil_tanker
9430454,574005860.0,AULAC EAGLE,Oil/Chemical Tanker,13033.0,,Вьетнам,oil_tanker
9503926,,SHANNON STAR (бывшее название: SEINE STAR),Танкер для перевозки химических грузов и нефтепродуктов (Chemical/Oil Products Tanker),13023.0,6.6,Мальта,oil_tanker
9439307,,PANCARAN KHATULISTIWA,Танкер-химовоз / нефтеналивной танкер (Chemical/Oil Products Tanker),13020.0,5.9,Индонезия,oil_tanker
1026788,,HIKARI THERESA,Танкер-химовоз / продуктовоз (Chemical/Oil Products Tanker),13000.0,4.5,Панама,oil_tanker
9300788,,DOLPHIN 06,Танкер-химовоз / нефтеналивной танкер (Chemical/Oil Products Tanker),12975.0,8.8,Панама,oil_tanker
9363807,,JN NEPTUNE (бывш. SUN NEPTUNE)IMO номер: 9363807,Танкер-химовоз / нефтепродуктовоз (Chemical/Oil Products Tanker),12909.0,7.6,Республика Корея (South Korea),oil_tanker
9452816,,JULIO A,Танкер-химовоз / нефтепродуктовоз (Chemical/Oil Products Tanker),12891.0,,Аргентина,oil_tanker
9464156,511100268.0,,Oil/Chemical Tanker (Танкер для перевозки нефтепродуктов и химических грузов),12807.0,,Палау,oil_tanker
9229025,,"TALIA (ранее SEA CROWN, NOTUS)",Танкер-химовоз / нефтепродуктовоз,12681.0,4.5,Острова Кука,oil_tanker
9806706,,SWAN DIGNITY,Танкер-химовоз (Chemical/Oil Products Tanker),12661.0,7.4,Панама,oil_tanker
9389722,,AULAC DIAMOND,Танкер-химовоз / Продуктовоз,12639.0,,Вьетнам,oil_tanker
9837573,,JULIA THERESA (бывш. SUN JUPITER),Танкер-химовоз / нефтепродуктовоз (Chemical/Oil Products Tanker),12606.0,8.4,Мальта,oil_tanker
9425227,,CALDERA STAR (ранее NIDA STAR)IMO номер: 9425227,Танкер-химовоз / нефтепродуктовоз (Chemical/Oil Products Tanker),12593.0,,Либерия,oil_tanker
9376660,,STOLT QUETZAL,Танкер-химовоз (Chemical Tanker),12564.0,5.8,Каймановы Острова,oil_tanker
9366196,,GOLDEN DENISE,Танкер-химовоз / Продуктовоз,12495.0,5.1,Панама,oil_tanker
9814909,354996000.0,DIONNE,Chemical/Oil Products Tanker (Hazardous Category B),12384.0,,Панама,oil_tanker
9209996,,SHAOLIN (ранее ANDINO NU),Химический танкер / танкер для нефтепродуктов,12288.0,,Кипр,oil_tanker
9341380,,"RATHBONE (ранее EMOCEAN, HANZE MANGALORE и др.)",Танкер-химовоз / нефтепродуктовоз,12278.0,,Маршалловы острова,oil_tanker
1050313,563276900.0,EAGLE AQUAMARINE,Oil/Chemical Products Tanker,12113.0,,Сингапур,oil_tanker
9874234,,HENG XING YOU YI (бывш. ZHE NENG YOU 1),Танкер для перевозки нефтепродуктов (Oil Products Tanker),12097.0,5.5,Китай (PRC),oil_tanker
9300544,,ROSEANNE,Танкер-химовоз / нефтеналивной танкер (Chemical/Oil Products Tanker),12083.0,6.6,Панама,oil_tanker
9980485,,DONG BAI,Танкер-химовоз / Танкер для перевозки нефтепродуктов (Chemical/Oil Products Tanker),11721.0,5.5,Китай (PRC),oil_tanker
9980497,,BI WU,Танкер-химовоз / продуктовоз (Chemical/Oil Products Tanker),11697.0,5.4,Китай,oil_tanker
9386249,,"SCANDIC (бывш. NORSTAR BALTIC, SWAN BALTIC, OZAY-5)",Танкер-химовоз / нефтепродуктовоз,11505.0,7.7,Дания,oil_tanker
9909742,636022300.0,EASTERN ROSELLE,Oil Products Tanker (танкер-продуктовоз),11502.0,,Либерия,oil_tanker
9358802,511101645.0,,Chemical/Oil Products Tanker,11410.0,,Палау,oil_tanker
9406582,220624000.0,,Oil Tanker,11383.0,6.4,"Дания. Габариты: Длина (LOA) 129.50 м, ширина 19.20 м. Тоннаж:",oil_tanker
9340908,,"PLEVNE (бывш. CURACAO TRADER, CLIPPER KITTY)",Танкер-химовоз (Chemical/Oil Products Tanker),11321.0,,Мальта,oil_tanker
9432866,,KATTEGAT (бывш. SAPPHIRE-T),Танкер-химовоз / нефтепродуктовоз,11299.0,,Дания,oil_tanker
9424223,,NYALA,Танкер-продуктовоз (малотоннажный),11276.0,5.0,Сент-Китс и Невис,oil_tanker
9451226,,BALTIC,Танкер-химовоз / Продуктовоз,11253.0,8.5,Дания,oil_tanker
9318228,,ZEA LILIAN,Танкер-химовоз (Chemical/Oil Products Tanker),11249.0,6.1,Португалия (Madeira),oil_tanker
9488839,,ASTREA,Танкер-химовоз / Продуктовоз,11215.0,8.1,Швеция,oil_tanker
9357614,,AFRICAN RUBY (бывшее название: CHER),Танкер для перевозки нефтепродуктов и химикатов (Chemical/Oil Products Tanker),11027.0,5.0,Панама,oil_tanker
9447067,,SELENKAIMO номер: 9447067,Танкер для перевозки химических грузов и нефтепродуктов (Chemical/Oil Products Tanker),10745.0,8.8,Мальта,oil_tanker
9321457,,SOLO 7,Танкер-химовоз / Продуктовоз (Small),10737.0,,Сент-Китс и Невис,oil_tanker
9082398,,TRISTAN (ранее JABAL SHAMS),Танкер-продуктовоз (Coaster),10597.0,5.5,Бенин (ранее Гамбия),oil_tanker
9564372,533056200.0,ORKIM CHALLENGER,Oil Products Tanker,9998.0,,Малайзия,oil_tanker
9546710,647553022.0,,Oil Products Tanker,9985.0,,Мадагаскар,oil_tanker
9314753,,TRANS EXETER (бывшее название: CAPE EXETER),Танкер-химовоз (Chemical/Oil Products Tanker),9456.0,5.9,Норвегия (NIS),oil_tanker
9306081,,JADE,Внутренний танкер (Inland Tanker),9000.0,,"Нидерланды Основные габариты: Длина (LOA) — 134.95 м, ширина — 20.24 м",oil_tanker
9498975,,"MONJASA STRIKER (ранее ACCRA, SP ATHENS, BUSCHUR)",Танкер-бункеровщик (Bunker Tanker / Oil Products Tanker),8839.0,,Панама,oil_tanker
9843285,,SHENG YOU 233,Танкер для перевозки нефтепродуктов (Oil Products Tanker),8830.0,,Китай (PRC),oil_tanker
8813697,,"PACIFIC MOON (ранее известен как JIREH PROVIDER, OTILIA)",Танкер для нефтепродуктов (Oil Products Tanker),8828.0,,Танзания,oil_tanker
9276224,,WENZHOU STAR,Танкер-химовоз / продуктовоз (Chemical/Oil Products Tanker),8792.0,5.0,Панама,oil_tanker
9199311,,STOLT SKUA,Танкер-химовоз (Chemical Tanker),8594.0,7.5,Каймановы Острова,oil_tanker
9272735,,"W NORTH (бывш. BOMAR QUEST, ESHIPS QUEST, NAVITAS QUEST)",Танкер-химовоз / нефтепродуктовоз (Small/Coastal Tanker),8501.0,5.5,Мальта,oil_tanker
9984962,,XIANG HONG 69,Танкер-продуктовоз (Oil Products Tanker),8330.0,,Китай (PRC),oil_tanker
9617557,,SHENG HANG HUA 5 (бывш. FENG HAI 25),"Танкер-химовоз / нефтепродуктовоз (Chemical/Oil Products Tanker, HAZ-B)",8045.0,6.5,Китай (PRC),oil_tanker
9173202,,EXPRESS SAIL,Танкер-химовоз / Продуктовоз,8012.0,,Панама,oil_tanker
9970519,,THUN RELIANCE,Танкер-химовоз / нефтепродуктовоз (Product Tanker),7999.0,5.7,Нидерланды,oil_tanker
9988621,,THUN RESOLVE,"Танкер-химовоз / нефтепродуктовоз (Product Tanker, класс ""R-Class"")",7999.0,,Нидерланды,oil_tanker
9816531,,MERCURIUS,Танкер-химовоз / нефтепродуктовоз (малый танкер),7998.0,,Швеция,oil_tanker
9916135,,HERCULES STAR,Бункеровщик / Танкер-продуктовоз,7998.0,,Гибралтар,oil_tanker
1027237,,GREAT FIVE OCEAN,Танкер для нефтепродуктов (малотоннажный),7944.0,,Панама,oil_tanker
9428437,,"EXCELLION (бывшие названия: AC-D, NORDIC THERESA, MALOU THERESA, UMAY)",Танкер для перевозки химических грузов и нефтепродуктов (Chemical/Oil Products Tanker),7842.0,5.1,Панама,oil_tanker
9335408,,DONG HAI 210,Танкер для перевозки нефтепродуктов (Oil Products Tanker),7679.0,,Китай (PRC),oil_tanker
9229051,657241800.0,,Oil Tanker,7559.0,6.5,Нигерия (NGA).,oil_tanker
9229063,657241700.0,,Oil Tanker,7559.0,6.5,Нигерия (NGA).,oil_tanker
9266425,,THUN GRANITE (бывш. BRO GRANITE),Танкер-химовоз / нефтепродуктовоз (Chemical/Oil Products Tanker),7559.0,5.0,Нидерланды,oil_tanker
9471173,538012210.0,"BLUE ALLIANCEТип: Танкер-бункеровщик / Танкер для перевозки нефтепродуктов (Bunker Tanker / Oil Products Tanker). Идентификаторы: IMO 9471173,","Танкер-бункеровщик / Танкер для перевозки нефтепродуктов (Bunker Tanker / Oil Products Tanker). Идентификаторы: IMO 9471173, MMSI 538012210, позывной V7A4109.",7550.0,4.5,"Маршалловы Острова (MH). Год постройки: 2008. Габариты: Длина (LOA) 115 м, ширина 17 м. Тоннаж:",oil_tanker
9957751,,DONG GUI 18,Танкер-продуктовоз (Chemical/Oil Products Tanker),7498.0,4.2,Китай,oil_tanker
1087328,,CHANG LONG 76,Танкер-химовоз / нефтепродуктовоз (Chemical/Oil Products Tanker),7473.0,6.2,Китай (PRC),oil_tanker
9989558,,CHANG LONG 75,Химовоз (Chemical Tanker),7469.0,5.6,Китай,oil_tanker
8684888,567522000.0,,Oil Products Tanker (танкер-продуктовоз),7450.0,4.4,Таиланд,oil_tanker
9889722,,WU TONG,Танкер-химовоз (Chemical/Oil Products Tanker),7423.0,,Китай,oil_tanker
9680035,,MARIA EMILIA LV,Танкер-химовоз / нефтепродуктовоз (Chemical/Oil Products Tanker),7115.0,5.8,Аргентина,oil_tanker
9521485,,MADHURI,Небольшой танкер для перевозки нефтепродуктов,7058.0,5.0,Антигуа и Барбуда,oil_tanker
9777670,,SANAR-15,Танкер-продуктовоз / река-море (River-Sea Oil Products Tanker).,7005.0,2.9,Россия.,oil_tanker
9438327,,SEA BRILLIANCE,Танкер для перевозки нефтепродуктов (Oil Products Tanker),6989.0,6.2,Сингапур,oil_tanker
9268277,,PAUL E.,Танкер-химовоз (Chemical/Oil Products Tanker),6974.0,5.3,Гибралтар,oil_tanker
9438224,,VALME B,Бункеровщик / Танкер для нефтепродуктов (Bunker Tanker / Oil Products Tanker),6936.0,,Панама,oil_tanker
9246487,518998202.0,,Oil Products Tanker (Танкер для перевозки нефтепродуктов),6902.0,,Острова Кука,oil_tanker
9404364,,JOHN AUGUSTUS ESSBERGER (бывш. BLUE GARNET),Танкер-химовоз / нефтепродуктовоз,6870.0,7.8,Португалия (Мадейра),oil_tanker
9797943,,BUANA ENERGY,Танкер-продуктовоз / SPOB (Oil Products Tanker),6813.0,,Индонезия,oil_tanker
9797955,,BUANA DYNAMIC,Танкер-продуктовоз / SPOB (Oil Products Tanker),6813.0,,Индонезия,oil_tanker
1074797,,HOANG HA OCEAN,Танкер для нефтепродуктов (малотоннажный),6800.0,,Вьетнам,oil_tanker
9409986,350654000.0,,"Chemical/Oil Products Tanker (Танкер-химовоз, категория Hazard D)",6790.0,,Никарагуа,oil_tanker
9039755,,TRANS OCEAN,Танкер-химовоз / нефтепродуктовоз (Chemical/Oil Products Tanker).,6783.0,,Камерун.,oil_tanker
9474345,,SUNNY MARS,Танкер-химовоз / танкер для нефтепродуктов (Chemical/Oil Products Tanker),6729.0,5.3,Япония,oil_tanker
9256432,,BIT POWERIMO номер: 9256432,Танкер-асфальтовоз / битумовоз (Asphalt/Bitumen Tanker),6719.0,7.1,"Нидерланды Основные габариты: Длина (LOA) — 116.90 м, ширина — 18.00 м",oil_tanker
9466910,,SWAN BALTIC,Танкер-химовоз / Продуктовоз,6702.0,6.0,Португалия (Мадейра),oil_tanker
9175169,657286000.0,,Oil Tanker,6623.0,3.6,Нигерия (NGA).,oil_tanker
9175212,,SUNDARI,Танкер для нефтепродуктов (Small Oil Products Tanker),6623.0,,Нигерия,oil_tanker
9175195,341328002.0,,Oil Tanker,6620.0,3.6,Сент-Китс и Невис (KN).,oil_tanker
1065851,,RASHEEDA,Танкер-продуктовоз (Oil Products Tanker),6612.0,4.3,Гамбия,oil_tanker
9377042,273311240.0,,Chemical/Oil Products Tanker (танкер-химовоз/продуктовоз),6526.0,,Россия,oil_tanker
9809576,,REDWOOD TRADER,Танкер-химовоз / продуктовоз (Chemical/Oil Products Tanker),6510.0,5.9,США (USA),oil_tanker
9896816,,DONG RUN 16,Танкер-химовоз / продуктовоз (Chemical/Oil Products Tanker),6505.0,6.8,Китай,oil_tanker
9548990,422044800.0,"ATEELA 1 (исторические названия: CHINO 1, CYRUS 1)",Oil Products Tanker (Танкер-продуктовоз малого дедвейта),6500.0,,Иран,oil_tanker
9805221,371937000.0,CRANE MAIA,Chemical/Oil Products Tanker (Танкер для перевозки нефти и химических продуктов),6485.0,,ПАНАМА (PANAMA),oil_tanker
9398591,,"VICTORIA (ранее SAMPURNA, FENG HAI YOU 1)",Танкер-нефтепродуктовоз (Oil Products Tanker),6412.0,,Эквадор,oil_tanker
9479802,,KEY SOUTH (бывш. EKIN-S),Танкер-химовоз / нефтепродуктовоз,6412.0,,Мальта,oil_tanker
9994931,,DING HENG 31,Танкер-химовоз (Chemical/Oil Products Tanker),6410.0,,"Китай Основные габариты: Длина общая (LOA) — 111.98 м, ширина — 17.60 м",oil_tanker
9687992,,ORENBURGIMO номер: 9687992,Танкер-химовоз / нефтепродуктовоз (Chemical/Oil Products Tanker).,6407.0,2.9,Россия.,oil_tanker
9458028,,AMARANTH,Танкер-химовоз / Продуктовоз (Chemical/Oil Products Tanker),6405.0,6.5,Кипр,oil_tanker
9684108,,FIDELIO,Танкер-химовоз / Продуктовоз,6346.0,6.0,Кипр,oil_tanker
9560986,352006800.0,RONG JIN ZHI LU,Chemical/Oil Products Tanker (танкер для перевозки нефтепродуктов и химических грузов),6284.0,7.0,Вануату,oil_tanker
9130470,,ATH LEMBA,Танкер для перевозки нефтепродуктов (Product Tanker),6249.0,4.6,Танзания,oil_tanker
9940382,,JIAN HANG AN DA,Танкер-химовоз / нефтепродуктовоз (Chemical/Oil Products Tanker),6165.0,5.0,Китай (PRC),oil_tanker
9571064,,"RUDRA (ранее JS LANSHAN, NING BO WAN)",Танкер-асфальтовоз / битумовоз (Asphalt/Bitumen Tanker),6000.0,6.0,Палау,oil_tanker
9401312,,RIO FREDRIKSTAD (бывш. SAMUS SWAN),Танкер-химовоз / нефтепродуктовоз (малый танкер),5717.0,5.5,Португалия (регистр Мадейра),oil_tanker
9864277,,VINGAREN,Танкер-бункеровщик (Bunkering Tanker),5561.0,5.3,Швеция,oil_tanker
9251509,,CRYSTAL VLADIVOSTOK,Генеральный груз (General Cargo Ship / Dry Bulk).,5560.0,5.8,Россия.,oil_tanker
9413664,,R.C BEHAR,Танкер-химовоз (Chemical/Oil Products Tanker / Small).,5554.0,4.8,Мальта.,oil_tanker
1101930,567075300.0,,"Oil Products Tanker (танкер-продуктовоз), категория HAZ-A (опасные грузы)",5187.0,4.4,Таиланд,oil_tanker
1061348,,LONG MEI,Танкер для нефтепродуктов (Small),5000.0,,"ГондурасОсновные габариты: Длина общая (LOA) — 109.12 м, ширина — 15.00 м",oil_tanker
9898034,,MERCANTILE-48,Танкер для перевозки нефтепродуктов (Oil Products Tanker),5000.0,4.5,Бангладеш,oil_tanker
9175482,,MARIA DEL CARMEN VI,Танкер-нефтепродуктовоз (Oil Products Tanker),4999.0,,Эквадор,oil_tanker
9233935,,CHIE MARU,Танкер-продуктовоз (Oil Products Tanker),4999.0,6.5,Япония,oil_tanker
9600190,,JADE STAR 15,Танкер для нефтепродуктов (малотоннажный),4998.0,,Вьетнам,oil_tanker
9853175,,KIRISHIMA MARU NO. 7,Танкер-химовоз / продуктовоз (Chemical/Oil Products Tanker),4998.0,6.5,Япония,oil_tanker
9487380,,ALAND (ранее: ANZER),Небольшой танкер для перевозки нефтепродуктов и химикатов (Chemical/Oil Products Tanker),4995.0,,Мальта,oil_tanker
9352262,,HD PETROL,Танкер для нефтепродуктов (малотоннажный),4814.0,,Вьетнам,oil_tanker
9136797,,AL MAJD AL SAUDI,Малый танкер-продуктовоз (Oil Products Tanker),4762.0,,Саудовская Аравия,oil_tanker
9642411,,"LIBERTAD VII (ранее XIN HANG 707, ZHONG YUN 57, HUA HENG 6)",Танкер-нефтепродуктовоз (Oil Products Tanker),4732.0,,Эквадор,oil_tanker
1088126,,GOLDEN PETUNIA (ранее: LIAN HAI 505),Химовоз / танкер (Chemical Tanker / Small),4678.0,6.1,Португалия (Мадейра),oil_tanker
9813319,,ALBERTO V,Танкер для нефтепродуктов (Oil Products Tanker),4622.0,,Аргентина,oil_tanker
9297137,,LOTUS (бывш. STOC PETREA),Танкер-химовоз / нефтепродуктовоз,4514.0,5.0,Швеция,oil_tanker
9164081,,ARAGONITH,Танкер-химовоз / Продуктовоз,4482.0,5.2,"Кипр Основные габариты: Длина (LOA) — 92.60 м, ширина — 15.30 м",oil_tanker
9566758,,STOLT SANDPIPER,Танкер-химовоз (Chemical/Oil Products Tanker),4449.0,,Великобритания,oil_tanker
9285196,,SENIORITY (бывшее название: SUPERIORITY),Танкер для перевозки химических грузов и нефтепродуктов (Chemical/Oil Products Tanker),4432.0,4.9,Великобритания (UK),oil_tanker
9402653,,STAR CURACAO,Танкер для растительных масел (Edible Oil Tanker),4400.0,,Нидерланды,oil_tanker
9327281,,"MONJASA PROVIDER (бывш. SKAW PROVIDER, BROVIG WIND)",Танкер-бункеровщик / нефтепродуктовоз,4279.0,,Мальта,oil_tanker
9895331,,SHOWA MARU,Нефтяной танкер / Продуктовоз (малотоннажный),4198.0,,Япония,oil_tanker
9517458,,BARTOK (бывшее название: BESIKTAS PERA),Танкер для перевозки химических грузов и нефтепродуктов (Chemical/Oil Products Tanker),4121.0,5.0,Португалия (регистр Мадейра),oil_tanker
8795871,,JIAN XING 15,Танкер-химовоз / нефтепродуктовоз (Chemical/Oil Products Tanker),4071.0,5.5,Китай (PRC),oil_tanker
9596533,,PACIFIC SINCERE,Танкер для перевозки нефтепродуктов (Oil Products Tanker),4057.0,3.9,Сингапур,oil_tanker
9354480,,KYOEI MARU (вероятное обозначение в регистрах для этого IMO),Нефтяной танкер / Танкер-бункеровщик (малотоннажный),4000.0,,Япония,oil_tanker
9655200,,SCHOTSMAN,Внутренний танкер (Inland Tanker),4000.0,,Нидерланды,oil_tanker
9324590,,SPRING ALPHA,Танкер-химовоз / нефтепродуктовоз,3948.0,4.0,Республика Корея,oil_tanker
9866976,,SCARLATTI,Танкер-химовоз / нефтепродуктовоз (Chemical/Oil Products Tanker),3888.0,4.8,Кипр,oil_tanker
9229532,,ORACLIFF (бывш. CLIFFWATER),Танкер-химовоз / нефтепродуктовоз (Chemical/Oil Products Tanker),3701.0,,Размерения: 91.29 м × 12.04 м,oil_tanker
8534069,567070500.0,NAPAPA,"Oil Products Tanker (Inland, Motor Tanker)",3700.0,,Таиланд,oil_tanker
9390458,,FOX LUNA,Танкер-бункеровщик / малый танкер для перевозки нефтепродуктов,3692.0,6.0,Швеция,oil_tanker
9297773,273292650.0,,Oil Tanker,3660.0,,Россия (RU).,oil_tanker
8585381,567072500.0,,Oil Products Tanker (танкер-продуктовоз),3580.0,3.8,Таиланд,oil_tanker
9808857,,GOLDEN SUNNY HANA,Танкер-химовоз / продуктовоз (Chemical/Oil Products Tanker),3551.0,5.1,Южная Корея,oil_tanker
9459204,,CAP MEJEAN,Бункеровщик (Bunkering Tanker),3536.0,,Франция,oil_tanker
9281798,,"LIBERTAD VI (ранее CLIPPER BEAUNE, CRESCENT BEAUNE)",Танкер-нефтепродуктовоз (Oil Products Tanker),3491.0,,Эквадор,oil_tanker
9318230,,AMAK SWAN,Бункеровщик / Танкер-химовоз (Bunker Tanker / Chemical/Oil Products Tanker),3476.0,5.8,"Дания Основные габариты: Длина (LOA) — 93 м, ширина — 14 м",oil_tanker
9342023,,YU LAN,Танкер-химовоз / нефтепродуктовоз,3452.0,5.8,Китай,oil_tanker
8204729,667001260.0,VICTOR,Oil Products Tanker (танкер для перевозки нефтепродуктов),3348.0,,Сьерра-Леоне,oil_tanker
9018115,,NANY,Танкер-химовоз (Chemical/Oil Products Tanker),3294.0,4.9,Аргентина,oil_tanker
9750373,567551000.0,SRI DON SAK,Oil Products Tanker (танкер-продуктовоз),3021.0,3.5,Таиланд,oil_tanker
9334222,,WHITHAVEN (бывш. GALP MARINE),Нефтеналивной танкер (специализация: бункеровщик / Bunkering Tanker),2967.0,,Соединенное Королевство (UK),oil_tanker
9430911,,VANQUISH,Внутренний танкер (Inland Tanker),2950.0,,Нидерланды,oil_tanker
9833943,567002260.0,RUJIPA,Oil Products Tanker (танкер-продуктовоз),2507.0,3.6,Таиланд,oil_tanker
9611541,,THALIA,Малый танкер-продуктовоз (Bunker/Oil Products Tanker).,2430.0,3.0,Либерия.,oil_tanker
9860154,,SUISO FRONTIER,Танкер для перевозки сжиженного водорода (World's first Liquefied Hydrogen Carrier),2272.0,4.5,Япония,oil_tanker
9254977,,"TRESFJORD (бывш. VADERO HIGHLANDER, CLIPPER HIGHLANDER, CRESCENT HIGHLANDER, MONTIPORA)",Танкер-бункеровщик / малый танкер для перевозки нефтепродуктов,1862.0,3.6,Швеция,oil_tanker
9797931,,SHAUN I,Танкер-продуктовоз / Бункеровщик,1772.0,2.0,Индия,oil_tanker
9737204,,SENWA MARU,Нефтеналивной танкер (маломерный),1234.0,,Япония,oil_tanker
9750684,,VAILANKANNIIMO номер: 9750684,Малотоннажный танкер для нефтепродуктов (Small Oil Products Tanker),1162.0,2.6,Индия,oil_tanker
9214410,,"ALMAK (ранее: Kvaloyfjord, Mary M)",Рыболовецкое судно (Траулер),1100.0,6.7,Россия,oil_tanker
9654713,,MCARTHUR,"Нефтяной танкер (малотоннажный, Oil Products Tanker)",1035.0,2.2,Австралия,oil_tanker
9275074,,PIONEER KNUTSEN,Маломерный танкер (нефтепродукты/химия),817.0,,Норвегия,oil_tanker
9990155,,SUPREME 01,Танкер-продуктовоз / Бункеровщик (Oil Products Tanker),630.0,,Индонезия,oil_tanker
9777151,,HYUNDAI PIONEER III,Офшорное строительное судно / судно обеспечения (Offshore Construction Vessel / Support Vessel).,494.0,,"Панама (исторически), в текущих AIS-системах статус флага может отображаться как «Unknown» из-за отсутствия регулярных сигналов.",oil_tanker
1013391,,PACIFIC VALLERY,Yacht (Яхта),,2.8,ОСТРОВА КУКА (COOK ISLANDS),oil_tanker
1013834,636016644.0,ELKA GLORY.,Oil/Chemical Tanker (Танкер для перевозки нефти и химикатов).,,8.0,LIBERIA (Либерия).,oil_tanker
1013975,,SUIHA,Oil Products Tanker (Танкер для перевозки нефтепродуктов),,3.6,ЯПОНИЯ (JAPAN),oil_tanker
1013987,636021085.0,HISTRIA CORAL.,Oil Tanker,,7.3,LIBERIA (Либерия).,oil_tanker
1013999,,JAL KAILASH,Oil/Chemical Tanker (Танкер для перевозки нефтепродуктов и химикатов),,11.4,СИНГАПУР (SINGAPORE),oil_tanker
1014072,563212800.0,MARITIME AMANDINE,Chemical/Oil Products Tanker (Танкер для перевозки химикатов и нефтепродуктов),,11.2,SINGAPORE (Сингапур),oil_tanker
1014096,636021017.0,HISTRIA CORAL.,Oil Tanker,,7.3,LIBERIA (Либерия).,oil_tanker
1014876,,IMOLA,"Нефтяной танкер (Suezmax / Crude Oil Tanker), построен в 2025 году",,15.4,Либерия,oil_tanker
1015208,636020825.0,HISTRIA CORAL.,Oil Tanker,,7.3,LIBERIA (Либерия).,oil_tanker
1015492,413999150.0,JIA YUE 18,Oil Products Tanker (Танкер для перевозки нефтепродуктов),,5.3,Китай,oil_tanker
1016214,636023092.0,KEDROS,Crude Oil Tanker,,14.4,LIBERIA (Либерия),oil_tanker
1016276,538010534.0,PROCTOR,Chemical/Oil Products Tanker (Танкер для перевозки химикатов и нефтепродуктов),,11.2,MARSHALL ISLANDS (Маршалловы Острова),oil_tanker
1017048,241959000.0,METRO MISTRAL,Oil/Chemical Tanker,,8.5,GREECE (Греция),oil_tanker
1019539,,HIMALAYASAN,Crude Oil Tanker (Танкер для перевозки сырой нефти),,8.4,ПАНАМА (PANAMA),oil_tanker
1019747,636025579.0,NEW AMBERIMO: 1019747,Crude Oil Tanker (Танкер для перевозки сырой нефти / Aframax / LR2),,12.7,"Либерия Год постройки: 2026 Габариты: Длина — 243 м, ширина — 44 м,",oil_tanker
1019761,636024278.0,ATHENS C.,Oil Tanker,,8.6,LIBERIA (Либерия).,oil_tanker
1020863,636021055.0,HISTRIA CORAL.,Oil Tanker,,7.3,LIBERIA (Либерия).,oil_tanker
1020942,636020985.0,ELKA ATHINA.,Oil/Chemical Tanker (Танкер для перевозки нефти и химикатов).,,8.0,LIBERIA (Либерия).,oil_tanker
1021611,,OROSHI,Oil/Chemical Tanker (Танкер для перевозки нефтепродуктов и химикатов),,7.0,СИНГАПУР (SINGAPORE),oil_tanker
1021685,636021171.0,ELKA ATHINA.,Oil/Chemical Tanker (Танкер для перевозки нефти и химикатов).,,8.0,LIBERIA (Либерия).,oil_tanker
1021697,636021127.0,ELKA ATHINA.,Oil/Chemical Tanker (Танкер для перевозки нефти и химикатов).,,8.0,LIBERIA (Либерия).,oil_tanker
1021776,636024787.0,LAMU.,Oil Tanker,,8.7,LIBERIA (Либерия).,oil_tanker
1021934,538010537.0,KAVO ALKYON.,Oil Tanker,,7.7,MARSHALL ISLANDS (Маршалловы Острова).,oil_tanker
1022457,636021173.0,ELKA ATHINA.,Oil/Chemical Tanker (Танкер для перевозки нефти и химикатов).,,8.0,LIBERIA (Либерия).,oil_tanker
1022469,636024113.0,ATLANTIC GEM,Crude Oil Tanker (Танкер для перевозки сырой нефти),,8.1,LIBERIA (Либерия),oil_tanker
1022706,636020950.0,ELKA ATHINA.,Oil/Chemical Tanker (Танкер для перевозки нефти и химикатов).,,8.0,LIBERIA (Либерия).,oil_tanker
1022732,352006069.0,HOKKAIDO,Oil/Chemical Tanker (Танкер для перевозки нефти и химикатов),,8.2,PANAMA (Панама),oil_tanker
1024613,,INSPIRATION,Crude Oil Tanker (Танкер для перевозки сырой нефти),,8.8,МАРШАЛЛОВЫ ОСТРОВА (MARSHALL ISLANDS),oil_tanker
1024948,636025214.0,RODOS.,Oil Tanker,,8.8,LIBERIA (Либерия).,oil_tanker
1024974,636025413.0,KALYMNOS I,Crude Oil Tanker,,14.3,LIBERIA (Либерия),oil_tanker
1025368,620999173.0,ENERGY TITAN,Oil Products Tanker (Танкер для нефтепродуктов),,5.0,COMOROS (Коморские острова),oil_tanker
1025564,241960000.0,SEA PENGUIN.,Crude Oil Tanker.,,13.9,GREECE (Греция).,oil_tanker
1025588,241962000.0,SEA WHALE.,Oil Tanker,,8.6,GREECE (Греция).,oil_tanker
1025590,241983000.0,SEA CONDOR,Crude Oil Tanker (Танкер для перевозки сырой нефти),,11.5,GREECE (Греция),oil_tanker
1026635,636020907.0,HISTRIA CORAL.,Oil Tanker,,7.3,LIBERIA (Либерия).,oil_tanker
1026661,636021211.0,ELKA ATHINA.,Oil/Chemical Tanker (Танкер для перевозки нефти и химикатов).,,8.0,LIBERIA (Либерия).,oil_tanker
1026805,258220000.0,CLIPPER GUARDIAN.,Oil Tanker,,12.2,NORWAY (Норвегия).,oil_tanker
1026817,636021260.0,ELKA ATHINA.,Oil/Chemical Tanker (Танкер для перевозки нефти и химикатов).,,8.0,LIBERIA (Либерия).,oil_tanker
1027873,,KYOKUHOUMARU,Oil Products Tanker (Танкер для перевозки нефтепродуктов),,5.9,ЯПОНИЯ (JAPAN),oil_tanker
1028683,636021079.0,HISTRIA CORAL.,Oil Tanker,,7.3,LIBERIA (Либерия).,oil_tanker
1028736,636020800.0,HISTRIA CORAL.,Oil Tanker,,7.3,LIBERIA (Либерия).,oil_tanker
1029261,228475700.0,ECOMAR GASCOGNEIMO: 1029261,Chemical/Oil Products Tanker (Танкер-химовоз/продуктовоз),,8.4,"Франция Год постройки: 2025 Габариты: Длина (LOA) — 183 м, ширина — 32 м,",oil_tanker
1029895,,MARAN MYRTO,Crude Oil Tanker (Танкер для перевозки сырой нефти),,7.5,КИТАЙ (CHINA),oil_tanker
1030076,636025227.0,CAMARO.,Oil Tanker,,12.4,LIBERIA (Либерия).,oil_tanker
1031537,677099900.0,LADY JASMINE.,Oil Tanker,,4.3,TANZANIA (Танзания).,oil_tanker
1032816,,BEAUTIFUL FUTURE,Нефтяной/химический танкер (Oil/Chemical Tanker),,8.0,Португалия (Мадейра),oil_tanker
1034010,636020836.0,HISTRIA CORAL.,Oil Tanker,,7.3,LIBERIA (Либерия).,oil_tanker
1034199,636020928.0,HISTRIA CORAL.,Oil Tanker,,7.3,LIBERIA (Либерия).,oil_tanker
1036202,477212600.0,WESTERN ACACIA.,Oil Tanker,,9.0,HONG KONG (Гонконг).,oil_tanker
1038884,636024742.0,ALIAKMON I.,Crude Oil Tanker.,,20.1,LIBERIA (Либерия).,oil_tanker
1039589,636024103.0,ELKA ATHINA.,Oil/Chemical Tanker (Танкер для перевозки нефти и химикатов).,,8.0,LIBERIA (Либерия).,oil_tanker
1041477,636020975.0,ELKA ATHINA.,Oil/Chemical Tanker (Танкер для перевозки нефти и химикатов).,,8.0,LIBERIA (Либерия).,oil_tanker
1041764,620800104.0,DRACARYS,Oil Products Tanker (Танкер для перевозки нефтепродуктов),,4.0,Коморы (COMOROS),oil_tanker
1042342,636020929.0,HISTRIA CORAL.,Oil Tanker,,7.3,LIBERIA (Либерия).,oil_tanker
1042354,636021288.0,ELKA GLORY.,Oil/Chemical Tanker (Танкер для перевозки нефти и химикатов).,,8.0,LIBERIA (Либерия).,oil_tanker
1042378,1042378.0,ELKA ATHINA.,Oil/Chemical Tanker (Танкер для перевозки нефти и химикатов).,,8.0,LIBERIA (Либерия).,oil_tanker
1042524,241964000.0,AEGEAN WINNER,Crude Oil Tanker (Танкер для перевозки сырой нефти),,10.0,GREECE (Греция),oil_tanker
1043152,,YASA AEGEAN SEA,Oil/Chemical Tanker (Танкер для перевозки нефти и химических продуктов),,8.0,МАРШАЛЛОВЫ ОСТРОВА (MARSHALL ISLANDS),oil_tanker
1043592,671420100.0,SUDARSHAN,Oil Products Tanker (Танкер для перевозки нефтепродуктов),,4.5,TOGO (Того),oil_tanker
1044209,636020909.0,HISTRIA CORAL.,Oil Tanker,,7.3,LIBERIA (Либерия).,oil_tanker
1045215,338161000.0,MAERSK DETROIT.,Oil Tanker,,12.1,USA (США).,oil_tanker
1045784,352001513.0,SOFIA V.,Oil Tanker,,5.7,PANAMA (Панама).,oil_tanker
1045980,538011455.0,ADVANTAGE PASSION.,Oil Tanker,,8.4,MARSHALL ISLANDS (Маршалловы Острова).,oil_tanker
1047287,629009488.0,PRESTIGE PRIDE,Oil Products Tanker (Танкер для нефтепродуктов),,5.6,GAMBIA (Гамбия),oil_tanker
1050387,636021153.0,HISTRIA CORAL.,Oil Tanker,,7.3,LIBERIA (Либерия).,oil_tanker
1051020,636020976.0,ELKA ATHINA.,Oil/Chemical Tanker (Танкер для перевозки нефти и химикатов).,,8.0,LIBERIA (Либерия).,oil_tanker
1052878,636021052.0,ELKA ATHINA.,Oil/Chemical Tanker (Танкер для перевозки нефти и химикатов).,,8.0,LIBERIA (Либерия).,oil_tanker
1052880,538012068.0,ATARAKTOS,Crude Oil Tanker (Танкер для перевозки сырой нефти),,9.9,MARSHALL ISLANDS (Маршалловы Острова),oil_tanker
1054620,538011264.0,CAPE TAINARON.,Oil Tanker,,9.0,MARSHALL ISLANDS (Маршалловы Острова).,oil_tanker
1055179,636021213.0,ELKA ATHINA.,Oil/Chemical Tanker (Танкер для перевозки нефти и химикатов).,,8.0,LIBERIA (Либерия).,oil_tanker
1055466,563310800.0,AULTMORE,Chemical/Oil Products Tanker (Танкер-химовоз / продуктовоз),,,Сингапур,oil_tanker
1055844,636020976.0,HISTRIA CORAL.,Oil Tanker,,7.3,LIBERIA (Либерия).,oil_tanker
1055856,636024467.0,GOLDEN CEDAR,Oil/Chemical Tanker (Танкер для перевозки нефти и химикатов),,7.2,LIBERIA (Либерия),oil_tanker
1055868,636021139.0,ELKA ATHINA.,Oil/Chemical Tanker (Танкер для перевозки нефти и химикатов).,,8.0,LIBERIA (Либерия).,oil_tanker
1055894,636020978.0,HISTRIA CORAL.,Oil Tanker,,7.3,LIBERIA (Либерия).,oil_tanker
1056989,636021028.0,ELKA ATHINA.,Oil/Chemical Tanker (Танкер для перевозки нефти и химикатов).,,8.0,LIBERIA (Либерия).,oil_tanker
1057218,538011976.0,P. MARSEILLE.,Oil Tanker,,8.0,MARSHALL ISLANDS (Маршалловы Острова).,oil_tanker
1058092,1058092.0,MAERSK DENVER.,Oil Tanker,,12.1,USA (США).,oil_tanker
1059577,,PUSAKA JAYA,Crude Oil Tanker (Танкер для перевозки сырой нефти),,8.4,СИНГАПУР (SINGAPORE),oil_tanker
1059785,470990000.0,TRISTAR ECO VOYAGER,Bunkering Tanker (Бункеровочный танкер),,3.0,UNITED ARAB EMIRATES (ОАЭ),oil_tanker
1062225,620067000.0,FENG FU YOU 8,Oil/Chemical Tanker (Танкер для перевозки нефти и химикатов),,7.0,COMOROS (Коморские острова),oil_tanker
1063762,720222000.0,BLACK DIAMOND,Oil Products Tanker (Танкер для перевозки нефтепродуктов),,3.0,BOLIVIA (Боливия),oil_tanker
1064015,636023765.0,CHEMROAD ODYSSEY,Oil/Chemical Tanker (Танкер для перевозки нефти и химикатов),,11.2,Либерия (LIBERIA),oil_tanker
1064936,477205100.0,SC EMERALD.,Oil Tanker,,10.4,HONG KONG (Гонконг).,oil_tanker
1065289,636020833.0,HISTRIA CORAL.,Oil Tanker,,7.3,LIBERIA (Либерия).,oil_tanker
1066219,341762001.0,AYODHYA,Oil/Chemical Tanker (Танкер для перевозки нефти и химикатов),,1.5,SAINT KITTS AND NEVIS (Сент-Китс и Невис),oil_tanker
1066271,671534100.0,MAYS AL RAYM,Oil Products Tanker (Танкер для перевозки нефтепродуктов),,5.4,TOGO (Того),oil_tanker
1067768,,AEGEAN MIRACLE,Crude Oil Tanker (Танкер для перевозки сырой нефти),,,ГРЕЦИЯ (GREECE),oil_tanker
1068358,636021066.0,HISTRIA CORAL.,Oil Tanker,,7.3,LIBERIA (Либерия).,oil_tanker
1068360,636021166.0,ELKA ATHINA.,Oil/Chemical Tanker (Танкер для перевозки нефти и химикатов).,,8.0,LIBERIA (Либерия).,oil_tanker
1069405,,DALIAN NO 2 P110K73,Crude Oil Tanker (Танкер для перевозки сырой нефти),,5.8,Маршалловы Острова,oil_tanker
1069998,,KASUGA MARU,Oil Products Tanker (Танкер для перевозки нефтепродуктов),,4.0,ЯПОНИЯ (JAPAN),oil_tanker
1072036,671448100.0,RENA,Oil/Chemical Tanker (Танкер для перевозки нефти и химикатов),,3.0,TOGO (Того),oil_tanker
1073303,,HAKURYO MARU,Oil/Chemical Tanker (Танкер для перевозки нефтепродуктов и химикатов),,6.3,ЯПОНИЯ (JAPAN),oil_tanker
1073705,636021276.0,ELKA ATHINA.,Oil/Chemical Tanker (Танкер для перевозки нефти и химикатов).,,8.0,LIBERIA (Либерия).,oil_tanker
1074735,636024102.0,ELKA DELPHI.,Oil/Chemical Tanker (Танкер для перевозки нефти и химикатов).,,8.0,LIBERIA (Либерия).,oil_tanker
1074814,538012097.0,RONG YAO WU ZHOU,Chemical/Oil Products Tanker (Танкер-химовоз/продуктовоз),,6.0,Маршалловы Острова,oil_tanker
1077945,,HD HYUNDAI MIPO 2939,Oil/Chemical Tanker (Танкер для перевозки нефтепродуктов и химикатов),,7.0,ЛИБЕРИЯ (LIBERIA),oil_tanker
1078896,,K SHIPBUILDING 1956,Oil/Chemical Tanker (Танкер для перевозки нефтепродуктов и химикатов),,6.0,ПАНАМА (PANAMA),oil_tanker
1079199,636093413.0,,Oil Tanker,,13.5,Либерия (Liberia). Борт оперирует под международным открытым регистром.,oil_tanker
1080241,412743000.0,SEEHORN,Танкер-продуктовоз (Oil Products Tanker).,,6.5,Либерия (в AIS указан Китай).,oil_tanker
1082902,636024694.0,MC HERA,Chemical/Oil Products Tanker (Танкер-химовоз / продуктовоз),,9.0,Либерия,oil_tanker
1084338,,XIN TAI HU 9,Oil/Chemical Tanker (Танкер для перевозки нефти и химических продуктов),,5.3,КИТАЙ (CHINA),oil_tanker
1087639,338573000.0,MAERSK DETROIT.,Oil Tanker,,12.1,USA (США).,oil_tanker
1088449,,ORIENTAL SUNSTONE,Oil/Chemical Tanker (Танкер для перевозки нефти и химических продуктов),,10.6,ПАНАМА (PANAMA),oil_tanker
1093418,636025883.0,LUCKY STAR,Crude Oil Tanker (Танкер для перевозки сырой нефти),,14.9,ЛИБЕРИЯ (LIBERIA),oil_tanker
1095337,636020945.0,ELKA ATHINA.,Oil/Chemical Tanker (Танкер для перевозки нефти и химикатов).,,8.0,LIBERIA (Либерия).,oil_tanker
1107934,,EISHIN MARU NO.2,Oil Products Tanker (Танкер для перевозки нефтепродуктов),,5.2,ЯПОНИЯ (JAPAN),oil_tanker
112000,677024300.0,,Oil/Chemical Tanker (Танкер для перевозки нефти и химикатов),,7.5,Танзания (Tanzania),oil_tanker
1120510,671536000.0,MARIA,Oil Products Tanker (Танкер для перевозки нефтепродуктов),,3.8,TOGO (Того),oil_tanker
1132147,,OMEGA,"Внутренний моторный танкер (Inland, Motor Tanker)",,3.6,Бельгия,oil_tanker
1137745,613701904.0,SPADE,Oil Products Tanker (Танкер для перевозки нефтепродуктов),,3.5,CAMEROON (Камерун),oil_tanker
1145039,352006302.0,GOLDEN WEAL,Tanker,,5.4,PANAMA (Панама),oil_tanker
5165776,422325000.0,MIR MAHNA,Oil Products Tanker (Танкер для нефтепродуктов),,5.3,IRAN (Иран),oil_tanker
7367275,636021248.0,ELKA ATHINA.,Oil/Chemical Tanker (Танкер для перевозки нефти и химикатов).,,8.0,LIBERIA (Либерия).,oil_tanker
7804936,636020947.0,ELKA ATHINA.,Oil/Chemical Tanker (Танкер для перевозки нефти и химикатов).,,8.0,LIBERIA (Либерия).,oil_tanker
7816551,303104000.0,CHALLENGE.,Oil Tanker,,7.3,UNITED STATES OF AMERICA (США).,oil_tanker
8007195,620551000.0,ALMAN,Chemical Tanker (Химический танкер),,4.5,Коморы (COMOROS),oil_tanker
8317992,636021036.0,ELKA ATHINA.,Oil/Chemical Tanker (Танкер для перевозки нефти и химикатов).,,8.0,LIBERIA (Либерия).,oil_tanker
8325547,636021139.0,HISTRIA CORAL.,Oil Tanker,,7.3,LIBERIA (Либерия).,oil_tanker
8331508,,NORD,Oil Products Tanker (Танкер для перевозки нефтепродуктов),,5.4,РОССИЯ (RUSSIA),oil_tanker
8348006,,,Oil Tanker,,2.8,,oil_tanker
8360688,669555000.0,AMIR,Oil Products Tanker (Танкер для нефтепродуктов),,3.0,ESWATINI (Эсватини),oil_tanker
8530398,412766810.0,XING LONG ZHOU 998,Oil Products Tanker (Танкер для перевозки нефтепродуктов),,4.0,CHINA (Китайская Народная Республика),oil_tanker
8533649,352003860.0,PEGASUS I,Oil Products Tanker (Танкер для нефтепродуктов),,2.6,PANAMA (Панама),oil_tanker
8541622,341224002.0,RUDRA SHAKTHI,Tanker,,2.0,SAINT KITTS AND NEVIS (Сент-Китс и Невис),oil_tanker
8613736,672700000.0,THAPSUS.,Oil Tanker,,6.0,TUNISIA (Тунис).,oil_tanker
8691702,,YU SON,Oil Products Tanker (Танкер-продуктовоз),,5.6,КНДР (DEMOCRATIC PEOPLE'S REPUBLIC OF KOREA),oil_tanker
8712166,636021113.0,ELKA ATHINA.,Oil/Chemical Tanker (Танкер для перевозки нефти и химикатов).,,8.0,LIBERIA (Либерия).,oil_tanker
8724779,636020773.0,HISTRIA CORAL.,Oil Tanker,,7.3,LIBERIA (Либерия).,oil_tanker
8724793,636020775.0,HISTRIA CORAL.,Oil Tanker,,7.3,LIBERIA (Либерия).,oil_tanker
8727941,636021067.0,ELKA ATHINA.,Oil/Chemical Tanker (Танкер для перевозки нефти и химикатов).,,8.0,LIBERIA (Либерия).,oil_tanker
8774889,341127001.0,ZETAE TRIUMT,Oil Products Tanker (Танкер для нефтепродуктов),,3.0,SAINT KITTS AND NEVIS (Сент-Китс и Невис),oil_tanker
8801084,620273000.0,DUSTIN,Oil/Chemical Tanker (Танкер для перевозки нефти и химикатов),,4.3,Коморы (COMOROS),oil_tanker
8816388,470962000.0,EMIRATES NADA II,Oil Products Tanker (Танкер для нефтепродуктов),,3.2,UNITED ARAB EMIRATES (ОАЭ),oil_tanker
8838556,,NIKOLAY KUDAKOVSKIY,Oil Products Tanker (Танкер для перевозки нефтепродуктов),,4.8,РОССИЯ (RUSSIA),oil_tanker
8862935,636021078.0,ELKA ATHINA.,Oil/Chemical Tanker (Танкер для перевозки нефти и химикатов).,,8.0,LIBERIA (Либерия).,oil_tanker
8883290,636021022.0,ELKA ATHINA.,Oil/Chemical Tanker (Танкер для перевозки нефти и химикатов).,,8.0,LIBERIA (Либерия).,oil_tanker
8909939,457635000.0,VARDAAN 2,Oil Products Tanker (Танкер для перевозки нефтепродуктов),,11.0,Монголия (MONGOLIA),oil_tanker
8912508,636020868.0,HISTRIA CORAL.,Oil Tanker,,7.3,LIBERIA (Либерия).,oil_tanker
8912558,538011246.0,FALCON GRACE,Crude Oil Tanker (Танкер для сырой нефти),,14.5,Маршалловы Острова (MARSHALL IS),oil_tanker
8914829,620999154.0,BURAAQ.,Oil Tanker,,8.3,COMOROS (Коморы).,oil_tanker
8920579,636020776.0,HISTRIA CORAL.,Oil Tanker,,7.3,LIBERIA (Либерия).,oil_tanker
9012501,620094000.0,VER.,Bunkering Tanker.,,8.5,COMOROS (Коморы).,oil_tanker
9013426,671403100.0,CABRI,Oil/Chemical Tanker (Нефтехимический танкер),,8.8,Того (TOGO),oil_tanker
9030802,636014389.0,ELKA GLORY.,Oil/Chemical Tanker (Танкер для перевозки нефти и химикатов).,,8.0,LIBERIA (Либерия).,oil_tanker
9031894,518100307.0,NOBLE ONE,Asphalt/Bitumen Tanker (Танкер для перевозки асфальта и битума),,3.9,COOK ISLANDS (Острова Кука),oil_tanker
9033919,403243770.0,SPARTAKOS.,Oil Tanker,,7.8,SAUDI ARABIA (Саудовская Аравия).,oil_tanker
9036052,422055500.0,HAMD,Bunkering Tanker (Бункеровщик),,,IRAN (Иран),oil_tanker
9037159,403480240.0,RAWABI INTEGRITY,Floating Storage/Production (Плавучее нефтехранилище / Установка для добычи и хранения),,9.5,Саудовская Аравия (SAUDI ARABIA),oil_tanker
9038969,,NADEZHDA,Oil Products Tanker (Танкер для перевозки нефтепродуктов),,4.4,РОССИЯ (RUSSIA),oil_tanker
9040170,620635000.0,PREMIER.,Oil Tanker,,5.4,COMOROS (Коморы).,oil_tanker
9041655,620800045.0,ZIRAN.,Oil Tanker,,10.8,COMOROS (Коморы).,oil_tanker
9042697,341524000.0,MELANIE,Oil Products Tanker (Танкер для нефтепродуктов),,3.9,SAINT KITTS AND NEVIS (Сент-Китс и Невис),oil_tanker
9053995,620800194.0,WASEL,Oil Products Tanker (Танкер для перевозки нефтепродуктов),,4.0,COMOROS (Коморы),oil_tanker
9054030,,KORF,Oil Products Tanker (Танкер для перевозки нефтепродуктов),,4.4,РОССИЯ (RUSSIA),oil_tanker
9064073,636021029.0,ELKA ATHINA.,Oil/Chemical Tanker (Танкер для перевозки нефти и химикатов).,,8.0,LIBERIA (Либерия).,oil_tanker
9066095,620999896.0,,Oil Products Tanker (Танкер для перевозки нефтепродуктов),,6.0,Коморы (COMOROS),oil_tanker
9066136,471112000.0,EMIRATES NADA III,Chemical Tanker (Химовоз),,3.5,UNITED ARAB EMIRATES (ОАЭ),oil_tanker
9066203,620844000.0,AKIRA,Oil Products Tanker (Танкер для перевозки нефтепродуктов / Hazard A),,4.9,Коморы (COMOROS),oil_tanker
9066461,,KOYO MARU NO.8,Oil Products Tanker (Танкер для перевозки нефтепродуктов),,3.8,ЯПОНИЯ (JAPAN),oil_tanker
9078098,249677000.0,VANNA.,Oil Tanker,,5.5,MALTA (Мальта).,oil_tanker
9078359,,MASSONGO Номер IMO: 9078359,Плавучая установка для хранения и отгрузки нефти (FSO) / Нефтяной танкер,,,,oil_tanker
9078892,671385100.0,QUEEN SARA,Oil Products Tanker (Танкер для нефтепродуктов),,3.2,TOGO (Того),oil_tanker
9081564,636012365.0,HISTRIA CORAL.,Oil Tanker,,7.3,LIBERIA (Либерия).,oil_tanker
9084267,511100711.0,SUVARI REIS,Bulk Carrier (Балкер),,5.0,PALAU (Палау),oil_tanker
9102095,319498000.0,STOLT CREATIVITYIMO: 9102095,Chemical/Oil Products Tanker,,11.2,"Каймановы островаГабариты: Длина (LOA) — 176.75 м, ширина — 31.0 м 2. Оперативные данные (Контрольный блок)Навигационный статус: At anchor (На якоре) Локация: Район порта Фрипорт, США (Мексиканский залив) Скорость (Speed): 0.0 узла Осадка (Draught): 11.2 м Актуальность: Данные получены 7 июня 2026 года3. Анализ параметровАнализ состояния: Судно находится в режиме ожидания на якорной стоянке в районе Фрипорта, США. Предыдущие заходы в порты региона (Лейк-Чарльз, Хьюстон, Нью-Орлеан) свидетельствуют о регулярной работе в бассейнах Мексиканского залива. Операционная активность: Последние данные показывают статус ""At anchor"" (на якоре) после пребывания в порту Фрипорт (TX) в начале июня. 4. Риск-профильСанкции: Не числится в санкционных списках.Оператор: Танкер 1997 года постройки, оператор — Stolt Tankers BV. Заключение: Объект классифицируется как «Активен / Коммерческий энергетический транспорт». Судно ведет стандартную деятельность в регионе. Риск взаимодействия оценивается как низкий.",oil_tanker
9105114,636021282.0,ELKA ATHINA.,Oil/Chemical Tanker (Танкер для перевозки нефти и химикатов).,,8.0,LIBERIA (Либерия).,oil_tanker
9110432,511100554.0,HARBOUR PHOENIX,Oil Products Tanker (Танкер для нефтепродуктов),,4.8,PALAU (Палау),oil_tanker
9112117,620800335.0,QUAR,Oil/Chemical Tanker (Танкер для перевозки нефти и химикатов),,7.0,Коморы (COMOROS),oil_tanker
9113135,620999091.0,ALISA.,Oil Tanker,,7.5,COMOROS (Коморы).,oil_tanker
9114763,636020871.0,HISTRIA CORAL.,Oil Tanker,,7.3,LIBERIA (Либерия).,oil_tanker
9115432,620808318.0,RAMESSES II,Asphalt/Bitumen Tanker (Танкер для перевозки асфальта и битума),,3.0,Коморы (COMOROS),oil_tanker
9117507,636021104.0,HISTRIA CORAL.,Oil Tanker,,7.3,LIBERIA (Либерия).,oil_tanker
9117765,620800339.0,MARINERO,Oil Products Tanker (Танкер для перевозки нефтепродуктов),,9.5,COMOROS (Коморы),oil_tanker
9118630,367455000.0,SEABULK PRIDE,Crude Oil Tanker (Танкер для перевозки сырой нефти),,11.4,UNITED STATES OF AMERICA (США),oil_tanker
9121699,511100684.0,ANDIA,Oil/Chemical Tanker (Танкер для перевозки нефти и химикатов),,7.7,Палау (PALAU),oil_tanker
9125126,422231800.0,CASPIA,Chemical Tanker (Химовоз),,7.0,IRAN (Иран),oil_tanker
9125138,422231100.0,DELICE,Chemical Tanker (Химовоз),,7.3,IRAN (Иран),oil_tanker
9125205,373544000.0,MELODIE V,Oil/Chemical Tanker (Танкер для нефтепродуктов/химпродуктов),,12.0,PANAMA (Панама),oil_tanker
9125279,572836220.0,NORMAN.,Oil Tanker,,5.5,TUVALU (Тувалу).,oil_tanker
9131187,636020946.0,ELKA ATHINA.,Oil/Chemical Tanker (Танкер для перевозки нефти и химикатов).,,8.0,LIBERIA (Либерия).,oil_tanker
9131369,366962000.0,MARINER.,Oil Products Tanker (Танкер для перевозки нефтепродуктов).,,8.1,UNITED STATES OF AMERICA (США).,oil_tanker
9133599,352491000.0,PRINCE IX,Oil/Chemical Tanker (Танкер для нефтепродуктов и химикатов),,5.7,PANAMA (Панама),oil_tanker
9134165,538011247.0,FALCON CARRIER,Product Tanker (Танкер-продуктовоз),,11.4,Маршалловы Острова (MARSHALL IS),oil_tanker
9135781,636021074.0,ELKA ATHINA.,Oil/Chemical Tanker (Танкер для перевозки нефти и химикатов).,,8.0,LIBERIA (Либерия).,oil_tanker
9135793,636016188.0,SEAGAS MAJOR.,Oil Tanker,,5.4,LIBERIA (Либерия).,oil_tanker
9140451,620800275.0,SEA ROCK.,Oil/Chemical Tanker.,,7.5,COMOROS (Коморы).,oil_tanker
9143219,259928000.0,BOW CECIL.,Oil Tanker,,9.3,NORWAY (Норвегия).,oil_tanker
9143439,215330000.0,SANTA MARTINA.,Oil Tanker,,7.8,MALTA (Мальта).,oil_tanker
9144184,620999559.0,B2 OCEAN,Asphalt/Bitumen Tanker (Танкер для перевозки асфальта и битума),,4.3,COMOROS (Коморы),oil_tanker
9144914,367457000.0,OVERSEAS KEY WEST,Chemical/Oil Products Tanker (Танкер-химовоз),,7.3,США,oil_tanker
9144926,9144926.0,BRENTON REEF.,Oil/Chemical Tanker (Танкер для перевозки нефти и химикатов).,,11.3,UNITED STATES OF AMERICA (США).,oil_tanker
9148960,636021102.0,HISTRIA CORAL.,Oil Tanker,,7.3,LIBERIA (Либерия).,oil_tanker
9151149,636024327.0,GAS MILANO.,Oil Tanker,,5.0,LIBERIA (Либерия).,oil_tanker
9151890,636020761.0,HISTRIA CORAL.,Oil Tanker,,7.3,LIBERIA (Либерия).,oil_tanker
9153422,636021017.0,ELKA ATHINA.,Oil/Chemical Tanker (Танкер для перевозки нефти и химикатов).,,8.0,LIBERIA (Либерия).,oil_tanker
9153733,511101725.0,ROBA.,Oil Tanker,,6.0,PALAU (Палау).,oil_tanker
9156981,636020779.0,HISTRIA CORAL.,Oil Tanker,,7.3,LIBERIA (Либерия).,oil_tanker
9162916,,SETTEBELLO,Oil Products Tanker (Танкер для нефтепродуктов),,6.0,ПАЛАУ (PALAU),oil_tanker
9163283,352978269.0,SEASTAR 1.,Chemical Tanker.,,6.4,PANAMA (Панама).,oil_tanker
9165451,354409000.0,STELLAR.,Oil Tanker,,5.8,PANAMA (Панама).,oil_tanker
9166156,647553072.0,BERBERA STAR 7.,Oil/Chemical Tanker.,,9.0,MADAGASCAR (Мадагаскар).,oil_tanker
9167930,636020942.0,ELKA ATHINA.,Oil/Chemical Tanker (Танкер для перевозки нефти и химикатов).,,8.0,LIBERIA (Либерия).,oil_tanker
9168611,636012668.0,HISTRIA CROWN.,Oil Tanker,,7.3,LIBERIA (Либерия).,oil_tanker
9169770,518101006.0,POSEIDON ECO,Asphalt/Bitumen Tanker (Танкер для перевозки асфальта и битума),,7.2,COOK ISLANDS (Острова Кука),oil_tanker
9169782,620800114.0,ONYX 2,Oil/Chemical Tanker (Нефтеналивной танкер/Химовоз),,6.8,COMOROS (Коморские острова),oil_tanker
9171321,760000500.0,,Oil Tanker,,7.7,"Перу (Peru). Судно находится под национальным флагом южноамериканского государства, что накладывает специфические условия на каботажные операции в данном регионе.",oil_tanker
9171448,668116257.0,IMPALAS,Crude Oil Tanker (Танкер для перевозки сырой нефти),,11.5,SAO TOME AND PRINCIPE (Сан-Томе и Принсипи),oil_tanker
9172167,247326000.0,IEVOLI SHINE.,Oil Tanker,,7.6,ITALY (Италия).,oil_tanker
9172868,,SEA LION,Oil Products Tanker (Танкер для перевозки нефтепродуктов),,7.9,ПАНАМА (PANAMA),oil_tanker
9174608,477113200.0,HALIA,Oil/Chemical Tanker (Танкер для перевозки нефти и химикатов),,7.2,HONG KONG (Гонконг),oil_tanker
9174713,,ZALIV STRELOK,Oil/Chemical Tanker (Танкер для перевозки нефтепродуктов и химикатов),,4.2,РОССИЯ (RUSSIA),oil_tanker
9175078,636014234.0,HISTRIA LADY.,Oil Tanker,,7.3,LIBERIA (Либерия).,oil_tanker
9175183,341322002.0,ELVIN SAFAROV.,Oil Tanker,,3.8,SAINT KITTS AND NEVIS (Сент-Китс и Невис).,oil_tanker
9175535,477108300.0,JORYA,Crude Oil Tanker (Танкер для перевозки сырой нефти),,7.8,Гонконг (HONG KONG),oil_tanker
9175767,636021129.0,HISTRIA CORAL.,Oil Tanker,,7.3,LIBERIA (Либерия).,oil_tanker
9176656,307072000.0,ASTRID 1,Tanker (Танкер),,7.4,ARUBA (Аруба),oil_tanker
9176694,,TRANS CATALONIA,Нефтеналивной/Химический танкер (Oil/Chemical Tanker),,6.8,Сингапур,oil_tanker
9177545,636020784.0,HISTRIA CORAL.,Oil Tanker,,7.3,LIBERIA (Либерия).,oil_tanker
9181869,,SANMAR SRUTHI,Oil Products Tanker (Танкер для перевозки нефтепродуктов),,10.4,ИНДИЯ (INDIA),oil_tanker
9182095,735058741.0,,Oil Tanker,,3.9,"Эквадор (Ecuador) [Уведомление от пользователя]. Актив оперирует в рамках национального торгового флота южноамериканского региона [Уведомление от пользователя, Снимок экрана ""image_5a2d80.jpg""].",oil_tanker
9183295,667002409.0,NEON.,Oil Tanker,,7.9,SIERRA LEONE (Сьерра-Леоне).,oil_tanker
9184392,,MARITIME JEWEL (историческое название: LIMBURG),Crude Oil Tanker (Танкер для перевозки сырой нефти),,,,oil_tanker
9185499,352004215.0,RATTA,Oil/Chemical Tanker (Танкер-химовоз),,5.8,PANAMA (Панама),oil_tanker
9185578,403062000.0,AL SUMUO AL SAUDI.,Oil Tanker,,5.4,SAUDI ARABIA (Саудовская Аравия).,oil_tanker
9186352,636021102.0,ELKA ATHINA.,Oil/Chemical Tanker (Танкер для перевозки нефти и химикатов).,,8.0,LIBERIA (Либерия).,oil_tanker
9186728,403138000.0,AL AMAL AL SAUDI.,Oil Tanker,,5.5,SAUDI ARABIA (Саудовская Аравия).,oil_tanker
9187227,636021083.0,ELKA ATHINA.,Oil/Chemical Tanker (Танкер для перевозки нефти и химикатов).,,8.0,LIBERIA (Либерия).,oil_tanker
9187760,667002307.0,BURSA,Crude Oil Tanker (Танкер для перевозки сырой нефти),,7.5,СЬЕРРА-ЛЕОНЕ (SIERRA LEONE),oil_tanker
9187904,477647700.0,CT BRIGHT.,Oil Tanker,,10.5,HONG KONG (Гонконг).,oil_tanker
9189134,636022009.0,RED SEA II.,Crude Oil Tanker.,,8.0,LIBERIA (Либерия).,oil_tanker
9190195,636021015.0,ELKA ATHINA.,Oil/Chemical Tanker (Танкер для перевозки нефти и химикатов).,,8.0,LIBERIA (Либерия).,oil_tanker
9191723,413346760.0,BAO FLOURISH,Crude Oil Tanker (Нефтеналивной танкер для сырой нефти),,14.3,CHINA (Китай),oil_tanker
9193721,,XIANG YUN HU,Oil/Chemical Tanker (Танкер-химовоз),,11.2,ПАНАМА (PANAMA),oil_tanker
9197296,,BOW STAR,Oil/Chemical Tanker (Танкер для перевозки нефти и химических продуктов),,9.9,НОРВЕГИЯ (NORWAY),oil_tanker
9197844,610107156.0,HORNET.,Crude Oil Tanker (Танкер для сырой нефти).,,10.7,BENIN (Бенин).,oil_tanker
9197894,,RAPHAELA,Crude Oil Tanker (Танкер для перевозки сырой нефти),,19.0,КАМЕРУН (CAMEROON),oil_tanker
9198290,629009783.0,MD MIRANDA.,Oil/Chemical Tanker.,,12.2,GAMBIA (Гамбия).,oil_tanker
9198305,352004923.0,OCEAN JEWEL,Oil/Chemical Tanker (Нефтеналивной/химический танкер),,12.0,PANAMA (Панама),oil_tanker
9200598,441113000.0,,Oil/Chemical Tanker (Танкер для нефти и химпродуктов),,6.8,Южная Корея (KOREA),oil_tanker
9200603,668116406.0,,Oil/Chemical Tanker (Танкер для нефти и химпродуктов),,5.4,Сан-Томе и Принсипи (SAO TOME AND PRINCIPE),oil_tanker
9200615,,,Oil Products Tanker (Танкер-продуктовоз),,,,oil_tanker
9200639,431000405.0,,Oil Products Tanker (Танкер-продуктовоз),,3.5,Япония (JAPAN),oil_tanker
9200964,373492000.0,,Crude Oil Tanker (Танкер для сырой нефти),,8.0,Панама (PANAMA),oil_tanker
9200976,574000040.0,,Oil Products Tanker (Танкер для нефтепродуктов),,6.3,Вьетнам (VIETNAM),oil_tanker
9201138,247352900.0,,Oil Products Tanker (Танкер для нефтепродуктов),,3.0,Италия (ITALY),oil_tanker
9201774,271047982.0,,Oil/Chemical Tanker (Танкер для нефти и химовозов),,5.2,Турция (TURKIYE),oil_tanker
9202388,636022646.0,,Oil Products Tanker (Танкер для перевозки нефтепродуктов),,11.2,Либерия (Liberia),oil_tanker
9202716,561000302.0,,Crude Oil Tanker (Танкер для сырой нефти),,11.0,Самоа (Samoa),oil_tanker
9202821,636022839.0,,Crude Oil Tanker (Танкер для перевозки сырой нефти),,9.2,Либерия (Liberia),oil_tanker
9202912,,,Oil Products Tanker (Танкер-продуктовоз),,,,oil_tanker
9202948,431501584.0,FUKUTOKU MARU NO.28,Oil Products Tanker (Танкер для нефтепродуктов),,4.1,Япония (JAPAN),oil_tanker
9202950,,KOKI MARU,Oil Products Tanker (Танкер для нефтепродуктов),,,,oil_tanker
9203083,525007029.0,,Oil Products Tanker (Танкер для перевозки нефтепродуктов),,4.7,Индонезия (Indonesia),oil_tanker
9203253,629009384.0,,Crude Oil Tanker (Танкер для перевозки сырой нефти),,11.0,Гамбия (Gambia),oil_tanker
9203265,611000248.0,,Crude Oil Tanker (Танкер для перевозки сырой нефти),,11.0,Ботсвана (Botswana),oil_tanker
9203277,611000293.0,LEXIE,Crude Oil Tanker (Танкер для перевозки сырой нефти),,12.0,BOTSWANA (Ботсвана),oil_tanker
9203289,511764000.0,,Crude Oil Tanker (Танкер для сырой нефти),,,Палау (Palau),oil_tanker
9203332,,,Oil/Chemical Tanker (Танкер для нефти и химпродуктов),,6.0,Сент-Китс и Невис (St Kitts Nevis),oil_tanker
9203394,574001900.0,,Oil/Chemical Tanker (Танкер для перевозки нефти и химпродуктов),,6.7,Вьетнам (Vietnam),oil_tanker
9203564,,,Crude Oil Tanker (Танкер для перевозки сырой нефти),,,,oil_tanker
9203679,636021132.0,,Chemical/Oil Products Tanker (Танкер-химовоз),,7.6,Либерия (LIBERIA),oil_tanker
9203693,269057051.0,,"Inland, Motor Tanker, liquid cargo, type C (Речной танкер для перевозки жидких грузов)",,1.5,Швейцария (SWITZERLAND),oil_tanker
9203734,352002167.0,,Crude Oil Tanker (Танкер для перевозки сырой нефти),,8.8,Панама (PANAMA),oil_tanker
9203760,311036000.0,,Crude Oil Tanker (Танкер для перевозки сырой нефти),,8.5,Багамы (BAHAMAS),oil_tanker
9203772,352002811.0,,Crude Oil Tanker (Танкер для перевозки сырой нефти),,8.0,Панама (PANAMA),oil_tanker
9203796,,,Oil Products Tanker (Танкер-продуктовоз),,,Багамские Острова (BAHAMAS),oil_tanker
9203801,419001360.0,,Crude Oil Tanker (Танкер для сырой нефти),,9.5,Индия (INDIA),oil_tanker
9203928,307010000.0,,Oil/Chemical Tanker (Нефтехимический танкер),,11.8,Аруба (ARUBA),oil_tanker
9203930,750101000.0,,Oil/Chemical Tanker (Нефтехимический танкер),,8.3,Гайана (GUYANA),oil_tanker
9203966,533133796.0,,Oil/Chemical Tanker (Нефтехимический танкер),,4.5,Малайзия (MALAYSIA),oil_tanker
9203992,533130768.0,,Oil/Chemical Tanker (Нефтехимический танкер),,4.5,Малайзия (MALAYSIA),oil_tanker
9204049,373420000.0,OPHELIA I,Oil/Chemical Tanker (Нефтеналивной/химический танкер),,5.5,Панама (PANAMA),oil_tanker
9204075,563021470.0,,Oil Products Tanker (Танкер-продуктовоз),,,Сингапур (SINGAPORE),oil_tanker
9204336,533130767.0,,Oil Products Tanker (Танкер-продуктовоз),,4.0,Малайзия (MALAYSIA),oil_tanker
9204350,,,Oil Products Tanker (Танкер для перевозки нефтепродуктов),,,Данные в системе отсутствуют.,oil_tanker
9204415,205238190.0,,"Inland, Motor Tanker, liquid cargo, type C (Речной самоходный танкер для жидких грузов, тип C)",,1.6,Бельгия (BELGIUM),oil_tanker
9204427,244660404.0,,Inland Tanker (Танкер внутреннего/речного плавания),,1.6,Нидерланды (NETHERLANDS),oil_tanker
9204752,,,Crude Oil Tanker (Танкер для перевозки сырой нефти),,8.0,,oil_tanker
9204764,620834000.0,,Oil Products Tanker / Tanker - Hazard A (Major),,7.5,Коморы (COMOROS),oil_tanker
9204776,511100347.0,,Oil Products Tanker (Танкер для нефтепродуктов),,9.0,Палау (PALAU),oil_tanker
9204790,750438000.0,,Chemical Tanker (Танкер-химовоз),,4.9,Гайана (GUYANA),oil_tanker
9204805,750405000.0,,Chemical Tanker (Танкер-химовоз),,4.7,Гайана (GUYANA),oil_tanker
9204829,,DAEDONG JINHAE 1045,Oil Products Tanker (Танкер для нефтепродуктов),,,,oil_tanker
9204831,,DAEDONG JINHAE 1046,Oil Products Tanker (Танкер для нефтепродуктов),,,,oil_tanker
9204843,,DAEDONG JINHAE 1047,Oil Products Tanker (Танкер для нефтепродуктов),,,,oil_tanker
9204855,,DAEDONG JINHAE 1048,Oil Products Tanker (Танкер для нефтепродуктов),,,,oil_tanker
9204867,,,Oil Products Tanker (Танкер для нефтепродуктов),,,,oil_tanker
9204879,,,Oil Products Tanker (Танкер для нефтепродуктов),,,,oil_tanker
9204881,,,Oil Products Tanker (Танкер для нефтепродуктов),,,,oil_tanker
9204893,,,Oil Products Tanker (Танкер для нефтепродуктов),,,,oil_tanker
9205067,636020789.0,HISTRIA CORAL.,Oil Tanker,,7.3,LIBERIA (Либерия).,oil_tanker
9205093,567532000.0,,Floating Storage/Production (Плавучее хранилище/производство),,15.4,Таиланд (Thailand),oil_tanker
9205134,247035100.0,,Chemical/Oil Products Tanker (Танкер для химпродуктов и нефтепродуктов),,10.5,Италия (Italy),oil_tanker
9205158,256870000.0,,Oil/Chemical Tanker (Танкер для нефти и химпродуктов),,3.5,Мальта (Malta),oil_tanker
9205457,205436690.0,,Inland Tanker (Речной танкер),,1.3,Бельгия (Belgium),oil_tanker
9205469,244670267.0,,"Inland, Motor Tanker, liquid cargo, type C (Речной моторный танкер для наливных грузов типа C)",,2.0,Нидерланды (Netherlands),oil_tanker
9205471,205351290.0,,"Inland, Motor Tanker (Танкер внутреннего плавания)",,3.2,Бельгия (Belgium),oil_tanker
9205483,269057726.0,,"Inland, Motor Tanker, liquid cargo, type C (Речной моторный танкер для наливных грузов типа C)",,1.4,Швейцария (Switzerland),oil_tanker
9205598,574002210.0,,Oil Products Tanker (Танкер-продуктовоз),,5.6,Вьетнам (Vietnam),oil_tanker
9205615,525001484.0,,Oil Products Tanker (Танкер-продуктовоз),,5.7,Индонезия (Indonesia),oil_tanker
9205641,525001494.0,,Oil Products Tanker (Танкер-продуктовоз),,5.7,Индонезия (Indonesia),oil_tanker
9205653,620999825.0,OCEAN FUEL,Oil/Chemical Tanker (Танкер для перевозки нефти и химикатов),,3.6,COMOROS (Коморы),oil_tanker
9205794,,,Oil Products Tanker (Танкер для нефтепродуктов),,6.5,Палау (Palau),oil_tanker
9205809,271000639.0,GULFIK,Chemical/Oil Products Tanker (Химовоз/Танкер),,4.8,Турция (TURKEY),oil_tanker
9205859,563032700.0,SINCERE 18,Chemical/Oil Products Tanker (Химовоз/Танкер),,6.4,Сингапур (SINGAPORE),oil_tanker
9206035,,TULJA KALYANI,Плавучая установка для хранения и отгрузки нефти (FSO),,17.6,Нигерия,oil_tanker
9206114,369272000.0,,Crude Oil Tanker (Танкер для сырой нефти),,10.2,США (United States of America),oil_tanker
9206217,,SWISSCO 118,Oil Products Tanker (Танкер для нефтепродуктов),,,Данные отсутствуют,oil_tanker
9206310,373731000.0,,Crude Oil Tanker (Танкер для сырой нефти),,21.8,Панама (Panama),oil_tanker
9206372,352003504.0,,Crude Oil Tanker (Танкер для сырой нефти),,20.5,Панама (Panama),oil_tanker
9206425,470359000.0,MARAWAH 3,Oil Products Tanker (Танкер для нефтепродуктов),,3.5,Объединенные Арабские Эмираты (UNITED ARAB EMIRATES),oil_tanker
9206671,613670000.0,,Crude Oil Tanker (Танкер для сырой нефти),,14.8,Камерун (Cameroon),oil_tanker
9206815,470123000.0,MARAWAH 2,Oil Products Tanker (Танкер для нефтепродуктов),,4.0,Объединенные Арабские Эмираты (UNITED ARAB EMIRATES),oil_tanker
9206891,657312000.0,PRAISEL,Oil Products Tanker (Танкер для нефтепродуктов),,1.8,Нигерия (NIGERIA),oil_tanker
9206906,657114000.0,IGBERE,Oil Products Tanker (Танкер для нефтепродуктов),,2.0,Нигерия (NIGERIA),oil_tanker
9207015,470557000.0,MARAWAH 4,Oil Products Tanker (Танкер для нефтепродуктов),,4.2,Объединенные Арабские Эмираты (UNITED ARAB EMIRATES),oil_tanker
9207027,636020769.0,HISTRIA CORAL.,Oil Tanker,,7.3,LIBERIA (Либерия).,oil_tanker
9207144,369222000.0,,Crude Oil Tanker (Танкер для сырой нефти),,10.2,США (United States of America),oil_tanker
9207182,657113100.0,FALCON 1,Oil Products Tanker (Танкер для нефтепродуктов),,3.5,Нигерия (NIGERIA),oil_tanker
9207194,636015617.0,,Oil/Chemical Tanker (Танкер для перевозки нефти и химикатов),,5.1,Либерия (Liberia),oil_tanker
9207273,511101228.0,,Oil Products Tanker (Танкер для нефтепродуктов),,9.1,Палау (Palau),oil_tanker
9207285,,SASAKI 621,Tanker (Танкер),,,Данные отсутствуют,oil_tanker
9207417,470986000.0,AL HAMRA 1,Oil Products Tanker (Танкер для нефтепродуктов),,4.5,Объединенные Арабские Эмираты (UNITED ARAB EMIRATES),oil_tanker
9207716,518999353.0,,Oil/Chemical Tanker (Танкер для перевозки нефти и химикатов),,7.2,Острова Кука (Cook Islands),oil_tanker
9207728,,HARI LEELA,Oil/Chemical Tanker (Танкер для перевозки нефтепродуктов и химикатов),,10.7,ИНДИЯ (INDIA),oil_tanker
9207845,,,Oil/Chemical Tanker (Танкер для перевозки нефти и химикатов),,4.0,Панама (Panama),oil_tanker
9207857,470987000.0,AL HAMRA 2,Oil Products Tanker (Танкер для нефтепродуктов),,4.5,Объединенные Арабские Эмираты (UNITED ARAB EMIRATES),oil_tanker
9208033,,,Crude Oil Tanker (Танкер для перевозки сырой нефти),,9.2,Данные не указаны (null),oil_tanker
9208045,533132644.0,SINCERE 02,Oil Products Tanker (Танкер для нефтепродуктов),,4.5,Малайзия (MALAYSIA),oil_tanker
9208057,,,Crude Oil Tanker (Танкер для перевозки сырой нефти),,8.8,Данные не указаны (null),oil_tanker
9208069,613471902.0,STELLAR BEVERLY,Crude Oil Tanker (Танкер для перевозки сырой нефти),,8.5,Камерун (CAMEROON),oil_tanker
9208095,,,Crude Oil Tanker (Танкер для перевозки сырой нефти),,8.5,Данные не указаны (null),oil_tanker
9208100,,,Oil/Chemical Tanker (Танкер для перевозки нефти и химикатов),,7.8,Либерия (Liberia),oil_tanker
9208112,636015502.0,,Oil/Chemical Tanker (Танкер для перевозки нефти и химикатов),,11.5,Либерия (Liberia),oil_tanker
9208124,636015501.0,,Oil/Chemical Tanker (Танкер для перевозки нефти и химикатов),,11.5,Либерия (Liberia),oil_tanker
9208136,574005070.0,,Crude Oil Tanker (Танкер для перевозки сырой нефти),,9.0,Вьетнам (Vietnam),oil_tanker
9208215,306253000.0,RHN,Crude Oil Tanker (Танкер для перевозки сырой нефти),,11.5,Кюрасао (CURACAO),oil_tanker
9208409,538009386.0,MARIA M,Oil/Chemical Tanker (Танкер для нефтепродуктов и химикатов),,7.5,Маршалловы Острова (MARSHALL ISLANDS),oil_tanker
9208473,677024300.0,ANGEL K,Oil/Chemical Tanker (Танкер для нефтепродуктов и химикатов),,7.5,Танзания (TANZANIA),oil_tanker
9208485,419001156.0,,Oil/Chemical Tanker (Танкер для перевозки нефти и химикатов),,11.0,Индия (India),oil_tanker
9208564,403204000.0,FALCON OF JEDDAH,Oil/Chemical Tanker (Танкер для нефтепродуктов и химозных грузов),,6.8,Саудовская Аравия (SAUDI ARABIA),oil_tanker
9208605,373311000.0,,Oil/Chemical Tanker (Танкер для перевозки нефти и химикатов),,7.5,Панама (Panama),oil_tanker
9208708,525007030.0,,Oil Products Tanker (Танкер-продуктовоз),,4.0,Индонезия (Indonesia),oil_tanker
9208825,563158400.0,ST. CATHARINENS,Oil/Chemical Tanker (Танкер для нефтепродуктов и химикатов),,7.5,Сингапур (SINGAPORE),oil_tanker
9209001,525007747.0,,Oil/Chemical Tanker (Танкер для перевозки нефти и химикатов),,7.8,Индонезия (Indonesia),oil_tanker
9209013,525007746.0,,Oil/Chemical Tanker (Танкер для перевозки нефти и химикатов),,5.8,Индонезия (Indonesia),oil_tanker
9209130,257663000.0,,Crude Oil Tanker (Танкер для сырой нефти),,8.6,Норвегия (Norway),oil_tanker
9209283,235085368.0,,Oil/Chemical Tanker (Нефтехимический танкер),,4.5,Великобритания (United Kingdom),oil_tanker
9209295,,,Crude Oil Tanker (Танкер для перевозки сырой нефти),,8.0,Коморские острова (Comoros / флаг на фото соответствует коду D6A),oil_tanker
9209300,563143800.0,,Crude Oil Tanker (Танкер для перевозки сырой нефти),,8.5,Сингапур (Singapore),oil_tanker
9209453,538011259.0,FALCON TRADER IX,Product Tanker (Танкер-продуктовоз),,11.4,Маршалловы Острова (MARSHALL IS),oil_tanker
9209702,538011258.0,FALCON TRADER VIII,Product Tanker (Танкер-продуктовоз),,11.4,Маршалловы Острова (MARSHALL IS),oil_tanker
9209829,,,Inland Tanker (Танкер внутреннего плавания),,,,oil_tanker
9209908,538011257.0,FALCON TRADER VII,Product Tanker (Танкер-продуктовоз),,11.4,Маршалловы Острова (MARSHALL IS),oil_tanker
9209946,440185400.0,,Oil Products Tanker (Танкер-продуктовоз),,6.5,Республика Корея (Republic of Korea),oil_tanker
9209958,440117000.0,,Oil Products Tanker (Танкер-продуктовоз),,5.7,Республика Корея (Republic of Korea),oil_tanker
9209972,613579000.0,,Oil Products Tanker (Танкер-продуктовоз),,10.5,Камерун (Cameroon),oil_tanker
9209984,667001215.0,,Oil Products Tanker (Танкер-продуктовоз),,5.3,Сьерра-Леоне (Sierra Leone),oil_tanker
9210036,538011256.0,FALCON TRADER VI,Product Tanker (Танкер-продуктовоз),,11.4,Маршалловы Острова (MARSHALL IS),oil_tanker
9210048,538011255.0,FALCON TRADER V,Product Tanker (Танкер-продуктовоз),,11.4,Маршалловы Острова (MARSHALL IS),oil_tanker
9210050,538011254.0,FALCON TRADER IV,Product Tanker (Танкер-продуктовоз),,11.4,Маршалловы Острова (MARSHALL IS),oil_tanker
9210062,538011253.0,FALCON TRADER III,Product Tanker (Танкер-продуктовоз),,11.4,Маршалловы Острова (MARSHALL IS),oil_tanker
9210074,538011252.0,FALCON TRADER II,Product Tanker (Танкер-продуктовоз),,11.4,Маршалловы Острова (MARSHALL IS),oil_tanker
9210086,538011251.0,FALCON POINT,Product Tanker (Танкер-продуктовоз),,11.4,Маршалловы Острова (MARSHALL IS),oil_tanker
9210098,538011250.0,FALCON SILK,Product Tanker (Танкер-продуктовоз),,11.4,Маршалловы Острова (MARSHALL IS),oil_tanker
9210232,440118000.0,,Chemical/Oil Products Tanker (Танкер-химовоз/продуктовоз),,8.4,Республика Корея (Republic of Korea),oil_tanker
9210270,538011264.0,FALCON TRADER XIV,Product Tanker (Танкер-продуктовоз),,11.4,Маршалловы Острова (MARSHALL IS),oil_tanker
9210309,538011262.0,FALCON TRADER XII,Product Tanker (Танкер-продуктовоз),,11.4,Маршалловы Острова (MARSHALL IS),oil_tanker
9210323,538011261.0,FALCON TRADER XI,Product Tanker (Танкер-продуктовоз),,11.4,Маршалловы Острова (MARSHALL IS),oil_tanker
9210347,538011260.0,FALCON TRADER X,Product Tanker (Танкер-продуктовоз),,11.4,Маршалловы Острова (MARSHALL IS),oil_tanker
9210361,538011265.0,FALCON TRADER XV,Product Tanker (Танкер-продуктовоз),,11.4,Маршалловы Острова (MARSHALL IS),oil_tanker
9210373,538011266.0,FALCON TRADER XVI,Product Tanker (Танкер-продуктовоз),,11.4,Маршалловы Острова (MARSHALL IS),oil_tanker
9210385,538011267.0,FALCON TRADER XVII,Product Tanker (Танкер-продуктовоз),,11.4,Маршалловы Острова (MARSHALL IS),oil_tanker
9210397,538011268.0,FALCON TRADER XVIII,Product Tanker (Танкер-продуктовоз),,11.4,Маршалловы Острова (MARSHALL IS),oil_tanker
9210402,538011269.0,FALCON TRADER XIX,Product Tanker (Танкер-продуктовоз),,11.4,Маршалловы Острова (MARSHALL IS),oil_tanker
9210414,538011270.0,FALCON TRADER XX,Product Tanker (Танкер-продуктовоз),,11.4,Маршалловы Острова (MARSHALL IS),oil_tanker
9210646,538011276.0,FALCON TRADER XXVI,Product Tanker (Танкер-продуктовоз),,11.4,Маршалловы Острова (MARSHALL IS),oil_tanker
9210658,538011275.0,FALCON TRADER XXV,Product Tanker (Танкер-продуктовоз),,11.4,Маршалловы Острова (MARSHALL IS),oil_tanker
9210684,538011274.0,FALCON TRADER XXIV,Product Tanker (Танкер-продуктовоз),,11.4,Маршалловы Острова (MARSHALL IS),oil_tanker
9210737,538011273.0,FALCON TRADER XXIII,Product Tanker (Танкер-продуктовоз),,11.4,Маршалловы Острова (MARSHALL IS),oil_tanker
9210892,657128900.0,,Oil/Chemical Tanker (Танкер для перевозки нефти и химпродуктов),,5.2,Нигерия (Nigeria),oil_tanker
9210907,,,Oil/Chemical Tanker (Танкер для перевозки нефти и химпродуктов),,7.3,"null (Танзанийский триколор на иконке, но официальный статус ""null"")",oil_tanker
9210919,247062400.0,,Chemical Tanker (Химовоз),,7.3,Италия (Italy),oil_tanker
9210933,258013000.0,,Chemical/Oil Products Tanker (Танкер для перевозки химпродуктов и нефтепродуктов),,8.2,Норвегия (Norway - NIS),oil_tanker
9210945,538011272.0,FALCON TRADER XXII,Product Tanker (Танкер-продуктовоз),,11.4,Маршалловы Острова (MARSHALL IS),oil_tanker
9210957,538011271.0,FALCON TRADER XXI,Product Tanker (Танкер-продуктовоз),,11.4,Маршалловы Острова (MARSHALL IS),oil_tanker
9211119,750998000.0,,Oil Products Tanker (Танкер для нефтепродуктов),,3.0,Гайана (Guyana),oil_tanker
9211157,538011287.0,FALCON TRADER XXXVII,Product Tanker (Танкер-продуктовоз),,11.4,Маршалловы Острова (MARSHALL IS),oil_tanker
9211169,538011286.0,FALCON TRADER XXXVI,Product Tanker (Танкер-продуктовоз),,11.4,Маршалловы Острова (MARSHALL IS),oil_tanker
9211286,538011285.0,FALCON TRADER XXXV,Product Tanker (Танкер-продуктовоз),,11.4,Маршалловы Острова (MARSHALL IS),oil_tanker
9211298,538011284.0,FALCON TRADER XXXIV,Product Tanker (Танкер-продуктовоз),,11.4,Маршалловы Острова (MARSHALL IS),oil_tanker
9211303,538011283.0,FALCON TRADER XXXIII,Product Tanker (Танкер-продуктовоз),,11.4,Маршалловы Острова (MARSHALL IS),oil_tanker
9211315,538011282.0,FALCON TRADER XXXII,Product Tanker (Танкер-продуктовоз),,11.4,Маршалловы Острова (MARSHALL IS),oil_tanker
9211339,538011281.0,FALCON TRADER XXXI,Product Tanker (Танкер-продуктовоз),,11.4,Маршалловы Острова (MARSHALL IS),oil_tanker
9211341,538011280.0,FALCON TRADER XXX,Product Tanker (Танкер-продуктовоз),,11.4,Маршалловы Острова (MARSHALL IS),oil_tanker
9211353,538011277.0,FALCON TRADER XXVII,Product Tanker (Танкер-продуктовоз),,11.4,Маршалловы Острова (MARSHALL IS),oil_tanker
9211365,538011279.0,FALCON TRADER XXIX,Product Tanker (Танкер-продуктовоз),,11.4,Маршалловы Острова (MARSHALL IS),oil_tanker
9211377,538011278.0,FALCON TRADER XXVIII,Product Tanker (Танкер-продуктовоз),,11.4,Маршалловы Острова (MARSHALL IS),oil_tanker
9211482,538011290.0,FALCON TRADER XL,Product Tanker (Танкер-продуктовоз),,11.4,Маршалловы Острова (MARSHALL IS),oil_tanker
9211494,538011289.0,FALCON TRADER XXXIX,Product Tanker (Танкер-продуктовоз),,11.4,Маршалловы Острова (MARSHALL IS),oil_tanker
9211535,246697000.0,,Oil/Chemical Tanker (Танкер для нефти и химикатов),,4.8,Нидерланды (Netherlands),oil_tanker
9211561,538011288.0,FALCON TRADER XXXVIII,Product Tanker (Танкер-продуктовоз),,11.4,Маршалловы Острова (MARSHALL IS),oil_tanker
9211664,511101625.0,CHEMTRANS,Oil/Chemical Tanker (Нефтеналивной/химический танкер),,6.5,PALAU (Палау),oil_tanker
9211755,538011295.0,FALCON TRADER XLV,Product Tanker (Танкер-продуктовоз),,11.4,Маршалловы Острова (MARSHALL IS),oil_tanker
9211767,538011294.0,FALCON TRADER XLIV,Product Tanker (Танкер-продуктовоз),,11.4,Маршалловы Острова (MARSHALL IS),oil_tanker
9211779,538011293.0,FALCON TRADER XLIII,Product Tanker (Танкер-продуктовоз),,11.4,Маршалловы Острова (MARSHALL IS),oil_tanker
9211781,538011292.0,FALCON TRADER XLII,Product Tanker (Танкер-продуктовоз),,11.4,Маршалловы Острова (MARSHALL IS),oil_tanker
9211793,538011291.0,FALCON TRADER XLI,Product Tanker (Танкер-продуктовоз),,11.4,Маршалловы Острова (MARSHALL IS),oil_tanker
9211896,422091100.0,,Oil Products Tanker (Танкер для нефтепродуктов),,3.2,Иран (Iran),oil_tanker
9212008,273619700.0,,Crude Oil Tanker (Танкер для сырой нефти),,9.5,Россия (Russia),oil_tanker
9212010,538011299.0,FALCON TRADER XLIX,Product Tanker (Танкер-продуктовоз),,11.4,Маршалловы Острова (MARSHALL IS),oil_tanker
9212022,538011298.0,FALCON TRADER XLVIII,Product Tanker (Танкер-продуктовоз),,11.4,Маршалловы Острова (MARSHALL IS),oil_tanker
9212034,538011297.0,FALCON TRADER XLVII,Product Tanker (Танкер-продуктовоз),,11.4,Маршалловы Острова (MARSHALL IS),oil_tanker
9212046,538011296.0,FALCON TRADER XLVI,Product Tanker (Танкер-продуктовоз),,11.4,Маршалловы Острова (MARSHALL IS),oil_tanker
9212345,211333700.0,,Oil/Chemical Tanker (Танкер для перевозки нефти и химпродуктов),,3.2,Германия (Germany),oil_tanker
9212369,,,Oil/Chemical Tanker (Танкер для перевозки нефти и химпродуктов),,7.5,"Ранее Либерия (текущий статус в системе — null, регистрация аннулирована)",oil_tanker
9212371,352003906.0,CH ALQUIMIA,"Inland, Unknown (согласно классификации на скриншоте), фактически — Tanker",,8.4,Панама (PANAMA),oil_tanker
9212383,657208600.0,SEA PEARL,Oil/Chemical Tanker (Нефтеналивной/Химический танкер),,4.5,Нигерия (NIGERIA),oil_tanker
9212395,525119039.0,SHIP TRINITY,Oil Products Tanker (Танкер для нефтепродуктов),,7.2,Индонезия (INDONESIA),oil_tanker
9212400,620999076.0,ELPIS,Oil/Chemical Tanker (Нефтеналивной/Химический танкер),,8.0,Коморы (COMOROS),oil_tanker
9212412,,,Oil/Chemical Tanker (Танкер для перевозки нефти и химпродуктов),,5.9,"Ранее Маршалловы Острова (текущий статус — null, регистрация аннулирована)",oil_tanker
9212474,,,Oil Products Tanker (Танкер-продуктовоз),,8.2,"Ранее Сент-Китс и Невис (текущий статус — null, регистрация аннулирована)",oil_tanker
9212486,255805754.0,,Oil/Chemical Tanker (Танкер для нефтепродуктов и химпродуктов),,5.8,Португалия (Portugal),oil_tanker
9212498,255805753.0,,Oil/Chemical Tanker (Танкер для нефтепродуктов и химпродуктов),,6.4,Португалия (Portugal),oil_tanker
9212503,271002603.0,,Oil/Chemical Tanker (Танкер для нефтепродуктов и химпродуктов),,3.4,Турция (Turkiye),oil_tanker
9212589,525114029.0,,Oil/Chemical Tanker (Танкер для нефтепродуктов и химпродуктов),,9.0,Индонезия (Indonesia),oil_tanker
9212747,,,Oil Products Tanker (Танкер для нефтепродуктов),,,Данные о флаге не передаются (AIS Out-of-Range),oil_tanker
9212759,750788000.0,,Crude Oil Tanker (Танкер для сырой нефти),,16.1,Гайана (Guyana),oil_tanker
9212761,,DAEWOO 5158,Crude Oil Tanker (Танкер для перевозки сырой нефти),,,,oil_tanker
9212864,570328000.0,,Crude Oil Tanker (Танкер для сырой нефти),,11.0,Тонга (Tonga),oil_tanker
9212876,649110000.0,,Crude Oil Tanker (Танкер для сырой нефти),,20.0,Мали (Mali),oil_tanker
9212888,422218000.0,,Crude Oil Tanker (Танкер для сырой нефти),,12.0,Иран (Iran),oil_tanker
9212890,422218100.0,,Crude Oil Tanker (Танкер для сырой нефти),,12.5,Иран (Iran),oil_tanker
9212917,422221000.0,,Crude Oil Tanker (Танкер для сырой нефти),,12.5,Иран (Iran),oil_tanker
9212929,422222000.0,,Crude Oil Tanker (Танкер для сырой нефти),,11.5,Иран (Iran),oil_tanker
9213179,525100350.0,,"Floating Storage/Production (FPSO) — плавучая установка для добычи, хранения и отгрузки нефти.",,3.8,Индонезия (Indonesia),oil_tanker
9213181,525200246.0,,Oil Products Tanker (Танкер для перевозки нефтепродуктов),,6.4,Индонезия (Indonesia),oil_tanker
9213193,525023300.0,,Oil/Chemical Tanker (Танкер-химовоз / Нефтепродуктовоз),,6.0,Индонезия (Indonesia),oil_tanker
9213208,518100675.0,,Oil/Chemical Tanker (Танкер-химовоз / Нефтепродуктовоз),,5.8,Острова Кука (Cook Islands),oil_tanker
9213210,525015034.0,,Oil/Chemical Tanker (Танкер-химовоз / Нефтепродуктовоз),,7.5,Индонезия (Indonesia),oil_tanker
9213222,626062000.0,,Oil/Chemical Tanker (Танкер-химовоз / Нефтепродуктовоз),,5.0,"Габон (Gabon) — часто используется для судов, находящихся на финальном этапе жизненного цикла или в «серой» зоне.",oil_tanker
9213296,511101917.0,,Crude Oil Tanker (Танкер для перевозки сырой нефти),,8.0,Палау (Palau),oil_tanker
9213301,620999972.0,,Crude Oil Tanker (Танкер для перевозки сырой нефти),,8.5,"Коморы (Comoros) — типичный «удобный флаг», часто используемый в операциях с повышенным регуляторным риском.",oil_tanker
9213325,,EVRETI (бывш. SEAWAYS PORTLAND),Танкер для перевозки сырой нефти (Aframax).,,,,oil_tanker
9214044,525107007.0,,Oil/Chemical Tanker (Нефтехимический танкер),,8.5,Индонезия (Indonesia),oil_tanker
9214185,440118000.0,,Oil/Chemical Tanker (Танкер для нефти и химпродуктов),,5.8,Республика Корея (Republic of Korea),oil_tanker
9214197,440144200.0,,Oil/Chemical Tanker (Танкер для нефти и химпродуктов),,6.5,Республика Корея (Republic of Korea),oil_tanker
9215024,403010000.0,AL BARQ AL SAUDI.,Oil Tanker,,2.6,SAUDI ARABIA (Саудовская Аравия).,oil_tanker
9215103,422963400.0,MAOMING,Oil Products Tanker (Танкер для нефтепродуктов),,7.4,IRAN (Иран),oil_tanker
9215115,671549100.0,BLUE STAR I,Oil Products Tanker (Танкер для перевозки нефтепродуктов),,6.8,Того (TOGO),oil_tanker
9215270,259788000.0,BOW SUMMER.,Oil/Chemical Tanker (Танкер для перевозки нефти и химикатов).,,11.8,NORWAY (Норвегия).,oil_tanker
9215309,258960000.0,BOW SAGA,Oil/Chemical Tanker (Танкер для нефтепродуктов/химикатов),,12.3,Норвегия (NORWAY),oil_tanker
9216559,750907000.0,VENTURA,Oil Products Tanker (Танкер для нефтепродуктов),,8.5,GUYANA (Гайана),oil_tanker
9216705,577728000.0,INDIGO RAY,Crude Oil Tanker (Нефтеналивной танкер для сырой нефти / супертанкер класса VLCC),,7.2,VANUATU (Вануату),oil_tanker
9217981,620398002.0,LATITUDE,Crude Oil Tanker (Танкер для сырой нефти),,11.5,COMOROS (Коморы),oil_tanker
9220914,518919247.0,BENTLEY.,Oil/Chemical Tanker.,,7.5,COOK ISLANDS (Острова Кука).,oil_tanker
9220938,629009390.0,MODESTE.,Oil Tanker,,11.0,GAMBIA (Гамбия).,oil_tanker
9222649,632001163.0,AL SAFA,Oil Products Tanker (Танкер для перевозки нефтепродуктов),,13.0,GUINEA (Гвинея),oil_tanker
9223851,636022150.0,JAL KISAN.,Chemical Tanker.,,10.5,LIBERIA (Либерия).,oil_tanker
9223887,577706000.0,,Crude Oil Tanker (Танкер для перевозки сырой нефти),,20.6,Вануату,oil_tanker
9225287,370483000.0,,Product Tanker (Танкер-продуктовоз),,11.0,Панама (PANAMA),oil_tanker
9226968,422160400.0,SARAK,Crude Oil Tanker (Танкер для перевозки сырой нефти),,9.0,Иран (IRAN),oil_tanker
9227443,636011986.0,HISTRIA IVORY.,Oil Tanker,,7.3,LIBERIA (Либерия).,oil_tanker
9227479,631010077.0,DELLA.,Oil Tanker,,11.0,EQUATORIAL GUINEA (Экваториальная Гвинея).,oil_tanker
9228291,563095900.0,ROAMA 19.,Oil Tanker,,9.8,SINGAPORE (Сингапур).,oil_tanker
9228320,636011982.0,HISTRIA IVORY.,Oil Tanker,,7.3,LIBERIA (Либерия).,oil_tanker
9228801,636021096.0,ELKA ATHINA.,Oil/Chemical Tanker (Танкер для перевозки нефти и химикатов).,,8.0,LIBERIA (Либерия).,oil_tanker
9228813,636021065.0,ELKA ATHINA.,Oil/Chemical Tanker (Танкер для перевозки нефти и химикатов).,,8.0,LIBERIA (Либерия).,oil_tanker
9229142,636021046.0,ELKA ATHINA.,Oil/Chemical Tanker (Танкер для перевозки нефти и химикатов).,,8.0,LIBERIA (Либерия).,oil_tanker
9229350,636020788.0,HISTRIA CORAL.,Oil Tanker,,7.3,LIBERIA (Либерия).,oil_tanker
9230426,620800005.0,FLORA B.,Oil Tanker,,7.0,COMOROS (Коморы).,oil_tanker
9230505,636020866.0,HISTRIA CORAL.,Oil Tanker,,7.3,LIBERIA (Либерия).,oil_tanker
9230517,636020917.0,HISTRIA CORAL.,Oil Tanker,,7.3,LIBERIA (Либерия).,oil_tanker
9230892,677062600.0,IRIA,Crude Oil Tanker (Танкер для перевозки сырой нефти),,,Танзания (ранее Коморские острова),oil_tanker
9230969,,LA BALENA,Crude Oil Tanker (Танкер для перевозки сырой нефти),,11.0,ДЖИБУТИ (DJIBOUTI),oil_tanker
9231511,,YONG TAI,Нефтеналивной танкер (Oil Products Tanker),,11.6,Панама,oil_tanker
9232709,412623000.0,DA QING 451,Oil Products Tanker (Танкер для перевозки нефтепродуктов),,6.5,CHINA (Китайская Народная Республика),oil_tanker
9232711,,DA QING 452,Oil Products Tanker (Танкер для перевозки нефтепродуктов),,10.8,КИТАЙ (CHINA),oil_tanker
9232888,636020765.0,HISTRIA CORAL.,Oil Tanker,,7.3,LIBERIA (Либерия).,oil_tanker
9232905,419474000.0,DESH BHAKT,Танкер для перевозки сырой нефти (Crude Oil Tanker),,12.3,ИНДИЯ (INDIA),oil_tanker
9232929,631010092.0,MAISHA.,Oil Tanker,,14.6,EQUATORIAL GUINEA (Экваториальная Гвинея).,oil_tanker
9232967,518999187.0,GSM,Oil/Chemical Tanker (Нефтеналивной танкер/Химовоз),,5.6,COOK ISLANDS (Острова Кука),oil_tanker
9233777,636011984.0,HISTRIA TOPAZ.,Oil Tanker,,7.3,LIBERIA (Либерия).,oil_tanker
9233791,650000143.0,SOS,Crude Oil Tanker,,20.5,Мозамбик,oil_tanker
9234501,613831531.0,STABILIS I.,Oil Tanker,,8.0,CAMEROON (Камерун).,oil_tanker
9234628,352002500.0,MACKEREL,Chemical Tanker (Химовоз),,9.1,PANAMA (Панама),oil_tanker
9235464,306875000.0,SITA,Oil/Chemical Tanker (Танкер для перевозки нефти и химикатов),,6.5,Кюрасао (CURACAO),oil_tanker
9235696,636018234.0,CAESAR.,Oil Tanker,,10.1,LIBERIA (Либерия).,oil_tanker
9235737,306408000.0,YURI,Crude Oil Tanker (Танкер для перевозки сырой нефти),,20.5,CURACAO (Кюрасао),oil_tanker
9235842,271000882.0,KUZGUNCUK.,Oil Tanker,,6.2,TURKIYE (Турция).,oil_tanker
9236004,636021053.0,ELKA ATHINA.,Oil/Chemical Tanker (Танкер для перевозки нефти и химикатов).,,8.0,LIBERIA (Либерия).,oil_tanker
9236353,613414602.0,BLUE.,Oil Tanker,,9.5,CAMEROON (Камерун).,oil_tanker
9236731,355888000.0,KURDOS,Oil/Chemical Tanker (Нефтеналивной танкер/Химовоз),,6.0,PANAMA (Панама),oil_tanker
9236987,622120927.0,AL NABILA 6.,Oil Tanker,,7.5,EGYPT (Египет).,oil_tanker
9237008,477236600.0,ROBERTA,Oil Products Tanker (Танкер для нефтепродуктов),,7.0,Гонконг (HONG KONG),oil_tanker
9237618,306884000.0,STAR LINE,Crude Oil Tanker (Танкер для сырой нефти),,14.9,Кюрасао (CURACAO),oil_tanker
9238052,,FREYA,Crude Oil Tanker (Танкер для перевозки сырой нефти),,8.5,ЗИМБАБВЕ (ZIMBABWE),oil_tanker
9240122,636021047.0,ELKA ATHINA.,Oil/Chemical Tanker (Танкер для перевозки нефти и химикатов).,,8.0,LIBERIA (Либерия).,oil_tanker
9240407,268256504.0,PRINCESS SOFIA,Crude Oil Tanker (Танкер для перевозки сырой нефти),,15.2,Сан-Марино (SAN MARINO),oil_tanker
9240847,419001420.0,SANMAR SANTOOR,Oil Products Tanker (Танкер для перевозки нефтепродуктов),,8.0,ИНДИЯ (INDIA),oil_tanker
9240902,,KYOKUSHO MARU,Oil Products Tanker (Танкер для перевозки нефтепродуктов),,4.3,ЯПОНИЯ (JAPAN),oil_tanker
9241085,352002802.0,YOKO 1.,Oil Tanker,,7.0,PANAMA (Панама).,oil_tanker
9242089,636020950.0,HISTRIA CORAL.,Oil Tanker,,7.3,LIBERIA (Либерия).,oil_tanker
9242338,636021111.0,ELKA ATHINA.,Oil/Chemical Tanker (Танкер для перевозки нефти и химикатов).,,8.0,LIBERIA (Либерия).,oil_tanker
9243150,525012284.0,SUCCESS FORTUNE XL.,Crude Oil Tanker (Tanker - Hazard A (Major)).,,21.5,INDONESIA (Индонезия).,oil_tanker
9243318,352001697.0,TRITONEA.,Oil Tanker,,10.2,PANAMA (Панама).,oil_tanker
9244661,303294000.0,ALASKAN EXPLORER,Crude Oil Tanker (Танкер для перевозки сырой нефти),,15.7,UNITED STATES OF AMERICA (США),oil_tanker
9245378,636012671.0,HISTRIA CROWN.,Oil Tanker,,7.3,LIBERIA (Либерия).,oil_tanker
9245706,,DA QING 454,Oil Products Tanker (Танкер для перевозки нефтепродуктов),,7.0,КИТАЙ (CHINA),oil_tanker
9245720,,STI EXCEL,Oil/Chemical Tanker (Танкер-химовоз),,8.2,МАРШАЛЛОВЫ ОСТРОВА (MARSHALL ISLANDS),oil_tanker
9246475,352003743.0,ASTRID,Oil/Chemical Tanker (Танкер для перевозки нефтепродуктов и химикатов),,9.5,Панама (PANAMA),oil_tanker
9246798,477630700.0,GOLDEN GLORY.,Oil/Chemical Tanker (Tanker - Hazard B).,,11.5,HONG KONG (Гонконг).,oil_tanker
9246803,374176000.0,SWIFT FALCON,Oil/Chemical Tanker (Нефтеналивной/химический танкер),,8.5,PANAMA (Панама),oil_tanker
9247077,477625100.0,GLORIA.,Oil/Chemical Tanker.,,12.6,HONG KONG (Гонконг).,oil_tanker
9247390,352002704.0,TYCHE I.,Oil Tanker,,8.0,PANAMA (Панама).,oil_tanker
9247431,613447808.0,REGAL I.,Oil Tanker,,9.0,CAMEROON (Камерун).,oil_tanker
9247508,352003670.0,ESENTEPE.,Oil Tanker,,9.0,PANAMA (Панама).,oil_tanker
9247778,620800101.0,BREEZ,Crude Oil Tanker (Танкер для перевозки сырой нефти),,8.4,COMOROS (Коморы),oil_tanker
9247792,,CECILA,Crude Oil Tanker (Танкер для перевозки сырой нефти),,8.0,КАМЕРУН (CAMEROON),oil_tanker
9247883,667002270.0,SAPNA.,Oil Products Tanker.,,8.0,SIERRA LEONE (Сьерра-Леоне).,oil_tanker
9248409,,NS COLUMBUS,Нефтяной танкер (Crude Oil Tanker),,9.0,Маршалловы Острова,oil_tanker
9248447,352002351.0,BIRUNI.,Oil Tanker,,16.6,PANAMA (Панама).,oil_tanker
9248461,314783000.0,WAN HE.,Oil Tanker,,9.2,BARBADOS (Барбадос).,oil_tanker
9248849,636020812.0,HISTRIA CORAL.,Oil Tanker,,7.3,LIBERIA (Либерия).,oil_tanker
9249087,,DRACO,Crude Oil Tanker (Танкер для перевозки сырой нефти),,8.9,ГВИНЕЯ (GUINEA),oil_tanker
9249128,273259630.0,SAKHALIN.,Crude Oil Tanker.,,8.2,RUSSIA (Россия).,oil_tanker
9249180,636021009.0,HISTRIA CORAL.,Oil Tanker,,7.3,LIBERIA (Либерия).,oil_tanker
9249312,636020760.0,HISTRIA CORAL.,Oil Tanker,,7.3,LIBERIA (Либерия).,oil_tanker
9249697,636021020.0,ELKA ATHINA.,Oil/Chemical Tanker (Танкер для перевозки нефти и химикатов).,,8.0,LIBERIA (Либерия).,oil_tanker
9250086,247069600.0,LUCA IEVOLI.,Tanker.,,5.1,ITALY (Италия).,oil_tanker
9250737,636021120.0,HISTRIA CORAL.,Oil Tanker,,7.3,LIBERIA (Либерия).,oil_tanker
9250892,636020832.0,HISTRIA CORAL.,Oil Tanker,,7.3,LIBERIA (Либерия).,oil_tanker
9251004,620800380.0,MOANA 99,Oil Products Tanker (Танкер для нефтепродуктов),,5.0,Коморы (COMOROS),oil_tanker
9251456,636021066.0,ELKA ATHINA.,Oil/Chemical Tanker (Танкер для перевозки нефти и химикатов).,,8.0,LIBERIA (Либерия).,oil_tanker
9251559,636021032.0,ELKA ATHINA.,Oil/Chemical Tanker (Танкер для перевозки нефти и химикатов).,,8.0,LIBERIA (Либерия).,oil_tanker
9251822,679881006.0,"RIESCO (исторические названия: AQUARIS, WILLOWY, AFRA WILLOW, BRITISH WILLOW)",Crude Oil Tanker (Танкер для перевозки сырой нефти),,,Зимбабве,oil_tanker
9251884,306890000.0,LOANNA,Oil/Chemical Tanker (Танкер для перевозки нефти и химикатов),,7.8,Кюрасао (CURACAO),oil_tanker
9252333,613007203.0,VASLATI,Crude Oil Tanker (Нефтеналивной танкер для сырой нефти / супертанкер класса VLCC),,11.0,CAMEROON (Камерун),oil_tanker
9252436,477832800.0,CALLISTO,Oil/Chemical Tanker (Нефтеналивной танкер/Химовоз),,8.0,HONG KONG (Гонконг),oil_tanker
9252943,620900005.0,ALBARRAQ Z.,Oil Tanker,,13.3,COMOROS (Коморы).,oil_tanker
9253076,667002335.0,REUS.,Oil Tanker,,8.5,SIERRA LEONE (Сьерра-Леоне).,oil_tanker
9253234,613814700.0,SATNA.,Oil Tanker,,8.5,CAMEROON (Камерун).,oil_tanker
9253313,636020792.0,HISTRIA CORAL.,Oil Tanker,,7.3,LIBERIA (Либерия).,oil_tanker
9253818,636021105.0,HISTRIA CORAL.,Oil Tanker,,7.3,LIBERIA (Либерия).,oil_tanker
9253894,636021099.0,ELKA ATHINA.,Oil/Chemical Tanker (Танкер для перевозки нефти и химикатов).,,8.0,LIBERIA (Либерия).,oil_tanker
9254240,636012663.0,HISTRIA CORAL.,Oil Tanker,,7.3,LIBERIA (Либерия).,oil_tanker
9254812,725003628.0,,Oil Tanker,,9.7,Чили (Chile). Судно оперирует под национальным регистром.,oil_tanker
9254862,477236500.0,ADENA,Oil Products Tanker (Танкер для нефтепродуктов),,7.5,Гонконг (HONG KONG),oil_tanker
9254915,,SCALER,Нефтеналивной танкер (Crude Oil Tanker),,8.0,Мозамбик,oil_tanker
9254939,370949000.0,UHUD,Oil Products Tanker (Танкер для нефтепродуктов),,7.6,PANAMA (Панама),oil_tanker
9254941,636021008.0,HISTRIA CORAL.,Oil Tanker,,7.3,LIBERIA (Либерия).,oil_tanker
9255660,636020834.0,HISTRIA CORAL.,Oil Tanker,,7.3,LIBERIA (Либерия).,oil_tanker
9255672,636020770.0,HISTRIA CORAL.,Oil Tanker,,7.3,LIBERIA (Либерия).,oil_tanker
9255842,636021059.0,ELKA ATHINA.,Oil/Chemical Tanker (Танкер для перевозки нефти и химикатов).,,8.0,LIBERIA (Либерия).,oil_tanker
9255933,314001038.0,JIN LI,Crude Oil Tanker (Танкер для перевозки сырой нефти),,7.5,BARBADOS (Барбадос),oil_tanker
9256054,636020937.0,ELKA ATHINA.,Oil/Chemical Tanker (Танкер для перевозки нефти и химикатов).,,8.0,LIBERIA (Либерия).,oil_tanker
9256535,636021243.0,ELKA ATHINA.,Oil/Chemical Tanker (Танкер для перевозки нефти и химикатов).,,8.0,LIBERIA (Либерия).,oil_tanker
9256901,636018400.0,VAUGHAN,Oil/Chemical Tanker (Танкер для перевозки нефти и химикатов),,9.2,LIBERIA (Либерия),oil_tanker
9256925,636020998.0,ELKA ATHINA.,Oil/Chemical Tanker (Танкер для перевозки нефти и химикатов).,,8.0,LIBERIA (Либерия).,oil_tanker
9256975,,TORM LOUISE,Oil/Chemical Tanker (Танкер для перевозки нефтепродуктов и химикатов),,8.2,ДАНИЯ (DENMARK),oil_tanker
9256999,538011222.0,ST1,Crude Oil Tanker (Танкер для перевозки сырой нефти),,20.4,Маршалловы Острова (MARSHALL ISLANDS),oil_tanker
9257486,341028000.0,ALMA NOVA,Asphalt/Bitumen Tanker (Танкер для перевозки асфальта и битума),,5.2,SAINT KITTS AND NEVIS (Сент-Китс и Невис),oil_tanker
9257541,,KYOKURYU MARU,Oil Products Tanker (Танкер для перевозки нефтепродуктов),,5.0,ЯПОНИЯ (JAPAN),oil_tanker
9257711,353534000.0,LISBOA,Oil Products Tanker (Танкер для нефтепродуктов),,8.5,PANAMA (Панама),oil_tanker
9257802,636011985.0,HISTRIA LORENA.,Oil Tanker,,7.3,LIBERIA (Либерия).,oil_tanker
9257993,241384000.0,AGIA TRIAS,Oil/Chemical Tanker (Танкер для перевозки нефтепродуктов и химикатов),,8.5,ГРЕЦИЯ (GREECE),oil_tanker
9258002,,KAZAN,Crude Oil Tanker (Танкер для перевозки сырой нефти),,13.3,РОССИЯ (RUSSIA),oil_tanker
9258167,613612000.0,AKAR WEST.,Oil Tanker,,11.9,CAMEROON (Камерун).,oil_tanker
9258351,636021145.0,HISTRIA CORAL.,Oil Tanker,,7.3,LIBERIA (Либерия).,oil_tanker
9258466,305010400.0,ASHLEY,Oil Products Tanker (Танкер для перевозки нефтепродуктов),,9.2,Антигуа и Барбуда (ANTIGUA AND BARBUDA),oil_tanker
9258480,636011984.0,HISTRIA GIADA.,Oil Tanker,,7.3,LIBERIA (Либерия).,oil_tanker
9258868,9258868.0,NOCTIS.,Crude Oil Tanker (Танкер для перевозки сырой нефти).,,9.0,CAMEROON (Камерун).,oil_tanker
9259599,273271560.0,AKKORD.,Oil Tanker,,8.4,RUSSIA (Россия).,oil_tanker
9259707,636011267.0,MARIANNA V.V.,Oil Tanker,,8.0,LIBERIA (Либерия).,oil_tanker
9259721,477227500.0,RAINBOW.,Oil Tanker,,17.0,HONG KONG (Гонконг).,oil_tanker
9259733,352002051.0,YI TONG.,Oil Tanker,,13.1,PANAMA (Панама).,oil_tanker
9259886,341058001.0,PURE POINT,Oil Products Tanker (Танкер-продуктовоз),,9.3,Сент-Китс и Невис (SAINT KITTS AND NEVIS),oil_tanker
9260043,636021011.0,ELKA ATHINA.,Oil/Chemical Tanker (Танкер для перевозки нефти и химикатов).,,8.0,LIBERIA (Либерия).,oil_tanker
9260263,374125000.0,HAWK III.,Oil Tanker,,7.2,PANAMA (Панама).,oil_tanker
9260366,574004790.0,NAVIS.,Oil Tanker,,5.6,VIETNAM (Вьетнам).,oil_tanker
9261401,,QUARTZ,Oil/Chemical Tanker (Танкер для перевозки нефтепродуктов и химикатов),,6.6,КАМЕРУН (CAMEROON),oil_tanker
9261516,636021016.0,HISTRIA CORAL.,Oil Tanker,,7.3,LIBERIA (Либерия).,oil_tanker
9262168,610107205.0,BERG 1,Crude Oil Tanker,,10.5,BENIN (Бенин),oil_tanker
9262754,,ATILA,Crude Oil Tanker (Танкер для перевозки сырой нефти),,11.0,КАМЕРУН (CAMEROON),oil_tanker
9262900,,M PEARL,Oil Products Tanker (Танкер для перевозки нефтепродуктов),,12.5,ГОНКОНГ (HONG KONG),oil_tanker
9262924,636020802.0,HISTRIA CORAL.,Oil Tanker,,7.3,LIBERIA (Либерия).,oil_tanker
9263174,538005372.0,MOUNT MCKINNEY.,Oil Tanker,,7.3,MARSHALL ISLANDS (Маршалловы Острова).,oil_tanker
9263186,613271012.0,SOUTH STAR.,Oil Tanker,,6.8,CAMEROON (Камерун).,oil_tanker
9263203,636021034.0,HISTRIA CORAL.,Oil Tanker,,7.3,LIBERIA (Либерия).,oil_tanker
9263215,,BIG MAG,Crude Oil Tanker (Танкер для перевозки сырой нефти),,11.0,ПАНАМА (PANAMA),oil_tanker
9263734,,DESH SHAKTI,Crude Oil Tanker (Танкер для перевозки сырой нефти),,10.0,ИНДИЯ (INDIA),oil_tanker
9263746,,STI PUSAN,Oil/Chemical Tanker (Танкер для перевозки нефтепродуктов и химикатов),,10.9,МАРШАЛЛОВЫ ОСТРОВА (MARSHALL ISLANDS),oil_tanker
9263916,636022477.0,SOYIA,Oil Products Tanker (Танкер для нефтепродуктов),,12.5,LIBERIA (Либерия),oil_tanker
9263966,636021021.0,ELKA ATHINA.,Oil/Chemical Tanker (Танкер для перевозки нефти и химикатов).,,8.0,LIBERIA (Либерия).,oil_tanker
9265744,,RESTON,Crude Oil Tanker (Танкер для перевозки сырой нефти),,13.4,КАМЕРУН (CAMEROON),oil_tanker
9265756,667002293.0,ALTIS.,Oil Tanker,,8.5,SIERRA LEONE (Сьерра-Леоне).,oil_tanker
9266243,636020980.0,HISTRIA CORAL.,Oil Tanker,,7.3,LIBERIA (Либерия).,oil_tanker
9266267,,STOLT BETULA,Oil/Chemical Tanker (Танкер для перевозки нефтепродуктов и химикатов),,10.2,ЛИБЕРИЯ (LIBERIA),oil_tanker
9266372,574534000.0,VAN PHONG 1,Crude Oil Tanker (Танкер для перевозки сырой нефти),,9.3,Вьетнам (VIETNAM),oil_tanker
9266803,,YUYO MARU,Oil Products Tanker (Танкер для перевозки нефтепродуктов),,5.2,ЯПОНИЯ (JAPAN),oil_tanker
9266877,636021186.0,ELKA ATHINA.,Oil/Chemical Tanker (Танкер для перевозки нефти и химикатов).,,8.0,LIBERIA (Либерия).,oil_tanker
9267974,636024136.0,GAS LISBON.,Oil Tanker,,5.8,LIBERIA (Либерия).,oil_tanker
9268112,650000125.0,ALBA.,Crude Oil Tanker.,,8.0,MOZAMBIQUE (Мозамбик).,oil_tanker
9268253,636020975.0,HISTRIA CORAL.,Oil Tanker,,7.3,LIBERIA (Либерия).,oil_tanker
9268289,636021079.0,ELKA ATHINA.,Oil/Chemical Tanker (Танкер для перевозки нефти и химикатов).,,8.0,LIBERIA (Либерия).,oil_tanker
9269245,352001515.0,BLUE STAR II.,Crude Oil Tanker.,,8.0,PANAMA (Панама).,oil_tanker
9269403,647553055.0,MURLIKISHAN,Asphalt/Bitumen Tanker (Танкер для перевозки асфальта и битума),,6.5,Мадагаскар (MADAGASCAR),oil_tanker
9270517,636012365.0,HISTRIA TOPAZ.,Oil Tanker,,7.3,LIBERIA (Либерия).,oil_tanker
9270749,636021081.0,ELKA ATHINA.,Oil/Chemical Tanker (Танкер для перевозки нефти и химикатов).,,8.0,LIBERIA (Либерия).,oil_tanker
9271341,240168000.0,OLYMPIC FLAG.,Crude Oil Tanker.,,9.4,GREECE (Греция).,oil_tanker
9271353,636020829.0,HISTRIA CORAL.,Oil Tanker,,7.3,LIBERIA (Либерия).,oil_tanker
9271585,273274930.0,KOMANDER.,Crude Oil Tanker.,,13.3,RUSSIA (Россия).,oil_tanker
9271896,352004496.0,VOYAGER HAVEN,Oil/Chemical Tanker (Нефтеналивной танкер/Химовоз),,7.5,PANAMA (Панама),oil_tanker
9271951,636021002.0,ELKA ATHINA.,Oil/Chemical Tanker (Танкер для перевозки нефти и химикатов).,,8.0,LIBERIA (Либерия).,oil_tanker
9272395,370722000.0,ARROW G,Oil Products Tanker (Танкер для перевозки нефтепродуктов),,9.0,Панама (PANAMA),oil_tanker
9272448,538010188.0,FALCON NOSTOS,Product Tanker (Танкер-продуктовоз),,11.4,Маршалловы Острова (MARSHALL IS),oil_tanker
9272503,477928800.0,KUN PENG.,Oil/Chemical Tanker.,,7.0,HONG KONG (Гонконг).,oil_tanker
9272682,440323000.0,YC AZALEA,Oil/Chemical Tanker (Нефтеналивной/Химовоз),,9.2,REPUBLIC OF KOREA (Республика Корея),oil_tanker
9272709,636020921.0,HISTRIA CORAL.,Oil Tanker,,7.3,LIBERIA (Либерия).,oil_tanker
9272723,,GOLDEN GULLIVER,Oil/Chemical Tanker (Танкер для перевозки нефти и химических продуктов),,8.2,ПАНАМА (PANAMA),oil_tanker
9273002,647553004.0,STARBOUND EXPLORER,Chemical Tanker (Химовоз),,6.8,MADAGASCAR (Мадагаскар),oil_tanker
9273052,650000177.0,SOUFIA 1,Crude Oil Tanker (Танкер для сырой нефти),,8.0,MOZAMBIQUE (Мозамбик),oil_tanker
9273636,572142220.0,SPICA.,Oil/Chemical Tanker.,,11.2,TUVALU (Тувалу).,oil_tanker
9273844,636021063.0,ELKA ATHINA.,Oil/Chemical Tanker (Танкер для перевозки нефти и химикатов).,,8.0,LIBERIA (Либерия).,oil_tanker
9274226,636020972.0,ELKA ATHINA.,Oil/Chemical Tanker (Танкер для перевозки нефти и химикатов).,,8.0,LIBERIA (Либерия).,oil_tanker
9274329,636021051.0,HISTRIA CORAL.,Oil Tanker,,7.3,LIBERIA (Либерия).,oil_tanker
9274434,,NS LEO,Нефтяной танкер (Crude Oil Tanker),,9.0,Россия,oil_tanker
9274446,273271860.0,ADMIRAL,Crude Oil Tanker (Танкер для перевозки сырой нефти),,7.2,RUSSIA (Россия),oil_tanker
9274484,,TORM LOUISE,Oil/Chemical Tanker (Танкер для перевозки нефтепродуктов и химикатов),,8.4,ДАНИЯ (DENMARK),oil_tanker
9274616,,DEIMOS,Crude Oil Tanker (Танкер для перевозки сырой нефти),,8.0,РОССИЯ (RUSSIA),oil_tanker
9274678,538009157.0,KATSUYAMA.,Oil Tanker,,10.4,MARSHALL ISLANDS (Маршалловы Острова).,oil_tanker
9274812,636012368.0,HISTRIA CROWN.,Oil Tanker,,7.3,LIBERIA (Либерия).,oil_tanker
9275335,636020887.0,HISTRIA CORAL.,Oil Tanker,,7.3,LIBERIA (Либерия).,oil_tanker
9275658,477965400.0,PURDUE STELLAR,Crude Oil Tanker (Танкер для перевозки сырой нефти),,8.0,HONG KONG (Гонконг),oil_tanker
9275660,468727000.0,AEGIS,Crude Oil Tanker (Танкер для перевозки сырой нефти),,13.5,Сирия,oil_tanker
9275737,701122000.0,,Oil Tanker,,13.6,"Аргентина (Argentina). Судно оперирует под национальным флагом, обеспечивая внутреннюю энергетическую логистику региона.",oil_tanker
9275969,538011975.0,SHT2,Oil Products Tanker (Танкер-продуктовоз),,12.3,Маршалловы Острова (MARSHALL ISLANDS),oil_tanker
9275983,511101620.0,ROSE 25.,Oil Products Tanker.,,11.7,PALAU (Палау).,oil_tanker
9276016,630001214.0,GLOBAL B.,Oil Tanker,,12.2,GUINEA BISSAU (Гвинея-Бисау).,oil_tanker
9276028,273276060.0,PEGASUS,Oil/Chemical Tanker,,9.0,RUSSIA (Россия),oil_tanker
9276030,613400212.0,ECHO.,Oil Tanker,,10.6,CAMEROON (Камерун).,oil_tanker
9276561,,SHENZHEN,Crude Oil Tanker (Танкер для сырой нефти),,9.0,CAMEROON (Камерун),oil_tanker
9276597,,HAFNIA NILE,Oil/Chemical Tanker (Танкер для перевозки нефтепродуктов и химикатов),,8.2,МАЛЬТА (MALTA),oil_tanker
9276688,538011950.0,JV INNOVATION,Oil/Chemical Tanker (Танкер для перевозки нефти и химикатов),,12.0,MARSHALL ISLANDS (Маршалловы Острова),oil_tanker
9277723,352003203.0,NEW FUSION,Oil Products Tanker (Танкер для нефтепродуктов),,7.8,PANAMA (Панама),oil_tanker
9277773,314001122.0,HAPPY CAMPER,Crude Oil Tanker (Танкер для сырой нефти),,7.5,Барбадос (BARBADOS),oil_tanker
9277797,352003200.0,INTERSTELLAR,Crude Oil Tanker (Танкер для сырой нефти),,8.5,Панама (PANAMA),oil_tanker
9278507,572242220.0,BREEZE.,Oil Tanker,,11.0,TUVALU (Тувалу).,oil_tanker
9278624,477123200.0,PETREL,Oil/Chemical Tanker (Танкер для перевозки нефти и химикатов),,7.1,Гонконг (HONG KONG),oil_tanker
9278674,352003713.0,WISDOM STAR.,Oil Tanker,,10.1,PANAMA (Панама).,oil_tanker
9278698,518999378.0,DAKUSH,Oil/Chemical Tanker (Нефтехимический танкер),,7.8,COOK ISLANDS (Острова Кука),oil_tanker
9278715,353491000.0,GINGA TIGER,Chemical Tanker (Танкер-химовоз),,10.6,Панама (PANAMA),oil_tanker
9279202,314074000.0,TITAN HARMONY,Oil/Chemical Tanker (Нефтеналивной танкер/Химовоз),,6.0,BARBADOS (Барбадос),oil_tanker
9279692,477904400.0,YUEHAI STAR,Танкер для перевозки нефти и химических грузов (Oil/Chemical Tanker).,,6.3,Гонконг.,oil_tanker
9279757,636020848.0,HISTRIA CORAL.,Oil Tanker,,7.3,LIBERIA (Либерия).,oil_tanker
9279850,247104500.0,DIEGO.,Oil Tanker,,6.8,ITALY (Италия).,oil_tanker
9280158,636021265.0,ELKA ATHINA.,Oil/Chemical Tanker (Танкер для перевозки нефти и химикатов).,,8.0,LIBERIA (Либерия).,oil_tanker
9280184,636020777.0,HISTRIA CORAL.,Oil Tanker,,7.3,LIBERIA (Либерия).,oil_tanker
9280586,357003744.0,NILE.,Oil Products Tanker.,,8.0,PANAMA (Панама).,oil_tanker
9280873,632001120.0,FURY,Crude Oil Tanker (Танкер для перевозки сырой нефти),,9.5,GUINEA (Гвинея),oil_tanker
9281554,306213000.0,LOUIZA,Oil/Chemical Tanker (Нефтеналивной танкер/Химовоз),,7.0,CURACAO (Кюрасао),oil_tanker
9281566,352002468.0,TORIN,Oil/Chemical Tanker (Танкер для нефти и химикатов),,9.5,PANAMA (Панама),oil_tanker
9281853,636020905.0,HISTRIA CORAL.,Oil Tanker,,7.3,LIBERIA (Либерия).,oil_tanker
9281932,352004560.0,SEA ROCK.,Oil Tanker,,11.6,PANAMA (Панама).,oil_tanker
9282053,,ASIA ASCEND,Crude Oil Tanker (Танкер для перевозки сырой нефти),,13.8,ЛИБЕРИЯ (LIBERIA),oil_tanker
9282481,636020935.0,ELKA ATHINA.,Oil/Chemical Tanker (Танкер для перевозки нефти и химикатов).,,8.0,LIBERIA (Либерия).,oil_tanker
9282522,620800316.0,KUSH,Oil/Chemical Tanker (Танкер для перевозки нефти и химикатов),,8.6,Коморы (COMOROS),oil_tanker
9282558,352003819.0,REVOLINER.,Oil Tanker,,11.8,PANAMA (Панама).,oil_tanker
9283253,413069000.0,LIU LIN WAN,Crude Oil Tanker (Танкер для перевозки сырой нефти / Aframax),,,Китай,oil_tanker
9283277,413120000.0,YU LIN WAN,Crude Oil Tanker (Танкер для сырой нефти),,8.2,Китай,oil_tanker
9283289,636020919.0,HISTRIA CORAL.,Oil Tanker,,7.3,LIBERIA (Либерия).,oil_tanker
9283291,667001287.0,TIBURON.,Oil Tanker,,8.0,SIERRA LEONE (Сьерра-Леоне).,oil_tanker
9283306,631010088.0,FINA A.,Oil Tanker,,14.9,EQUATORIAL GUINEA (Экваториальная Гвинея).,oil_tanker
9283459,636020971.0,HISTRIA CORAL.,Oil Tanker,,7.3,LIBERIA (Либерия).,oil_tanker
9283617,352002514.0,PS FALCON,Crude Oil Tanker,,7.9,PANAMA (Панама),oil_tanker
9283679,636021041.0,HISTRIA CORAL.,Oil Tanker,,7.3,LIBERIA (Либерия).,oil_tanker
9283796,636020999.0,ELKA ATHINA.,Oil/Chemical Tanker (Танкер для перевозки нефти и химикатов).,,8.0,LIBERIA (Либерия).,oil_tanker
9284013,636012376.0,HISTRIA GIADA.,Oil Tanker,,7.3,LIBERIA (Либерия).,oil_tanker
9284025,636021038.0,ELKA ATHINA.,Oil/Chemical Tanker (Танкер для перевозки нефти и химикатов).,,8.0,LIBERIA (Либерия).,oil_tanker
9284374,636024747.0,CAPETAN ANDREAS,Crude Oil Tanker (Танкер для сырой нефти),,8.5,LIBERIA (Либерия),oil_tanker
9284415,,SEA LION,Oil/Chemical Tanker (Танкер для перевозки нефти и химических продуктов),,8.4,ПАНАМА (PANAMA),oil_tanker
9284960,477178100.0,OCEAN LILY,Crude Oil Tanker (Танкер для перевозки сырой нефти),,20.5,HONG KONG (Гонконг),oil_tanker
9285706,,CORONET,Crude Oil Tanker (Танкер для перевозки сырой нефти),,10.0,ИНДИЯ (INDIA),oil_tanker
9285823,268268000.0,KIARA M,Crude Oil Tanker (Танкер для перевозки сырой нефти),,11.0,Сан-Марино (SAN MARINO),oil_tanker
9285847,649136000.0,SIRIUS 1.,Oil Tanker,,8.2,MALI (Мали).,oil_tanker
9285859,636020796.0,HISTRIA CORAL.,Oil Tanker,,7.3,LIBERIA (Либерия).,oil_tanker
9286023,613407500.0,OPAL.,Oil Tanker,,8.9,CAMEROON (Камерун).,oil_tanker
9286073,,RCELEBRA,Crude Oil Tanker (Танкер для перевозки сырой нефти),,20.6,КАМЕРУН (CAMEROON),oil_tanker
9286229,268245201.0,RIEVERIA I,Crude Oil Tanker (Танкер для перевозки сырой нефти),,15.2,SAN MARINO (Сан-Марино),oil_tanker
9286281,636020910.0,HISTRIA CORAL.,Oil Tanker,,7.3,LIBERIA (Либерия).,oil_tanker
9286437,511101414.0,SELENIA,Asphalt/Bitumen Tanker (Танкер для перевозки асфальта и битума),,4.5,PALAU (Палау),oil_tanker
9286542,636022195.0,PUTUOSHAN.,Oil Tanker,,9.3,LIBERIA (Либерия).,oil_tanker
9286554,,LUCKY CHEM,Oil/Chemical Tanker (Танкер для перевозки нефтепродуктов и химикатов),,6.7,ПАНАМА (PANAMA),oil_tanker
9287871,511100371.0,AB VICTORY,Asphalt/Bitumen Tanker (Танкер для перевозки асфальта/битума),,7.0,PALAU (Палау),oil_tanker
9288693,636021038.0,HISTRIA CORAL.,Oil Tanker,,7.3,LIBERIA (Либерия).,oil_tanker
9288710,636012377.0,HISTRIA AGATA.,Oil Tanker,,7.3,LIBERIA (Либерия).,oil_tanker
9288722,636020795.0,HISTRIA CORAL.,Oil Tanker,,7.3,LIBERIA (Либерия).,oil_tanker
9288734,636012431.0,HISTRIA AMBRA.,Oil Tanker,,7.3,LIBERIA (Либерия).,oil_tanker
9288772,636021012.0,ELKA ATHINA.,Oil/Chemical Tanker (Танкер для перевозки нефти и химикатов).,,8.0,LIBERIA (Либерия).,oil_tanker
9288837,636021106.0,ELKA ATHINA.,Oil/Chemical Tanker (Танкер для перевозки нефти и химикатов).,,8.0,LIBERIA (Либерия).,oil_tanker
9288916,760004090.0,,Oil Tanker,,7.1,"Перу (Peru). Эксплуатируется под национальным флагом южноамериканского государства, выполняя ключевые каботажные и региональные задачи.",oil_tanker
9288930,,PACIFICOS,Oil/Chemical Tanker (Танкер для перевозки нефти и химических продуктов),,10.0,РОССИЯ (RUSSIA),oil_tanker
9288942,352003888.0,CHERRY TONDA.,Oil Tanker,,11.0,PANAMA (Панама).,oil_tanker
9290294,403101001.0,AL HABIBAH,Crude Oil Tanker (Танкер для перевозки сырой нефти),,14.4,SAUDI ARABIA (Саудовская Аравия),oil_tanker
9290335,667002023.0,JUMBO.,Oil Tanker,,16.4,SIERRA LEONE (Сьерра-Леоне).,oil_tanker
9290373,636021060.0,ELKA ATHINA.,Oil/Chemical Tanker (Танкер для перевозки нефти и химикатов).,,8.0,LIBERIA (Либерия).,oil_tanker
9290385,636020933.0,ELKA ATHINA.,Oil/Chemical Tanker (Танкер для перевозки нефти и химикатов).,,8.0,LIBERIA (Либерия).,oil_tanker
9290397,511101057.0,STORMBRINGER,Crude Oil Tanker,,14.6,PALAU (Палау),oil_tanker
9290438,636020818.0,HISTRIA CORAL.,Oil Tanker,,7.3,LIBERIA (Либерия).,oil_tanker
9290505,538007627.0,BASILIS L.,Oil Tanker,,10.7,MARSHALL ISLANDS (Маршалловы Острова).,oil_tanker
9290517,,,Танкер для перевозки химических грузов / нефтепродуктов (Chemical/Oil Products Tanker),,8.2,Камерун Год постройки: 2005,oil_tanker
9290579,357005388.0,NEW VOYAGE,Oil/Chemical Tanker (Нефтеналивной/химический танкер),,8.1,PANAMA (Панама),oil_tanker
9290610,760001880.0,,Oil Tanker,,10.2,"Перу (Peru). Судно оперирует под национальным флагом, выполняя задачи по обеспечению внутреннего энергетического рынка.",oil_tanker
9290660,636024344.0,,Oil Tanker,,7.5,"Либерия (Liberia). Регистрация выполнена в стабильном международном открытом регистре.Габариты: Длина (LOA) — 183.20 м, ширина — 32.20 м (на карте интерфейса ИНС image_4f4bdd.jpg ширина округлена до 32.2 м).Тоннаж:",oil_tanker
9290775,314857000.0,VICSCENE,"Crude Oil Tanker (Танкер для перевозки сырой нефти, класс VLCC)",,11.0,Барбадос,oil_tanker
9290828,613414203.0,DORIN.,Oil Tanker,,10.5,CAMEROON (Камерун).,oil_tanker
9290933,636021005.0,ELKA ATHINA.,Oil/Chemical Tanker (Танкер для перевозки нефти и химикатов).,,8.0,LIBERIA (Либерия).,oil_tanker
9291028,352003413.0,MARINA ARUNG,Танкер-химовоз/продуктовоз (Oil/Chemical Tanker).,,5.5,Панама.,oil_tanker
9291250,636020857.0,HISTRIA CORAL.,Oil Tanker,,7.3,LIBERIA (Либерия).,oil_tanker
9291286,477156500.0,FLORA.,Crude Oil Tanker.,,11.0,HONG KONG (Гонконг).,oil_tanker
9292034,273276750.0,TOPAZ.,Oil Tanker,,9.6,RUSSIA (Россия).,oil_tanker
9292046,613277613.0,NOVA CREST,Oil Products Tanker,,10.4,CAMEROON (Камерун),oil_tanker
9292060,636021031.0,HISTRIA CORAL.,Oil Tanker,,7.3,LIBERIA (Либерия).,oil_tanker
9292199,636021064.0,ELKA ATHINA.,Oil/Chemical Tanker (Танкер для перевозки нефти и химикатов).,,8.0,LIBERIA (Либерия).,oil_tanker
9292204,,AMAZON,Crude Oil Tanker (Танкер для перевозки сырой нефти),,8.5,ОМАН (OMAN),oil_tanker
9292228,620356000.0,CRYSTAL ROSE,Crude Oil Tanker (Танкер для перевозки сырой нефти),,10.6,Коморские Острова (COMOROS),oil_tanker
9292503,636021149.0,HISTRIA CORAL.,Oil Tanker,,7.3,LIBERIA (Либерия).,oil_tanker
9292577,636020816.0,HISTRIA CORAL.,Oil Tanker,,7.3,LIBERIA (Либерия).,oil_tanker
9292620,636012374.0,HISTRIA PRINCE.,Oil Tanker,,7.3,LIBERIA (Либерия).,oil_tanker
9292759,636021272.0,ELKA ATHINA.,Oil/Chemical Tanker (Танкер для перевозки нефти и химикатов).,,8.0,LIBERIA (Либерия).,oil_tanker
9292967,314001000.0,AVELORA.,Oil Tanker,,8.0,BARBADOS (Барбадос).,oil_tanker
9292979,636020996.0,HISTRIA CORAL.,Oil Tanker,,7.3,LIBERIA (Либерия).,oil_tanker
9293117,636020801.0,HISTRIA CORAL.,Oil Tanker,,7.3,LIBERIA (Либерия).,oil_tanker
9293129,636021091.0,HISTRIA CORAL.,Oil Tanker,,7.3,LIBERIA (Либерия).,oil_tanker
9293155,613003595.0,BENEDICT.,Oil Tanker,,8.2,CAMEROON (Камерун).,oil_tanker
9293337,636021019.0,ELKA ATHINA.,Oil/Chemical Tanker (Танкер для перевозки нефти и химикатов).,,8.0,LIBERIA (Либерия).,oil_tanker
9293507,,OCEAN START (ранее известное как JAG LOK),Танкер для сырой нефти (Crude Oil Tanker),,16.2,Багамы,oil_tanker
9294252,371607000.0,NEW ANDROS,Crude Oil Tanker (Танкер для перевозки сырой нефти),,20.0,Панама (PANAMA),oil_tanker
9294264,636020938.0,ELKA ATHINA.,Oil/Chemical Tanker (Танкер для перевозки нефти и химикатов).,,8.0,LIBERIA (Либерия).,oil_tanker
9294575,419002108.0,LILA JAMNAGAR.,Oil Tanker,,11.0,INDIA (Индия).,oil_tanker
9294587,354433000.0,COSGRACE LAKE.,Crude Oil Tanker.,,11.0,PANAMA (Панама).,oil_tanker
9294666,538011242.0,VALIANTA.,Oil Tanker,,9.3,MARSHALL ISLANDS (Маршалловы Острова).,oil_tanker
9295062,413202000.0,GUANG XING ZHOU,Oil Products Tanker (Танкер-продуктовоз),,,Китай,oil_tanker
9295347,636021042.0,ELKA ATHINA.,Oil/Chemical Tanker (Танкер для перевозки нефти и химикатов).,,8.0,LIBERIA (Либерия).,oil_tanker
9295426,636021122.0,HISTRIA CORAL.,Oil Tanker,,7.3,LIBERIA (Либерия).,oil_tanker
9295452,248888000.0,TRANS EMERALD.,Oil Tanker,,5.5,MALTA (Мальта).,oil_tanker
9295581,636021040.0,ELKA ATHINA.,Oil/Chemical Tanker (Танкер для перевозки нефти и химикатов).,,8.0,LIBERIA (Либерия).,oil_tanker
9296119,636025775.0,DORADO CHEM.,Oil Tanker,,10.3,LIBERIA (Либерия).,oil_tanker
9296195,636020787.0,HISTRIA CORAL.,Oil Tanker,,7.3,LIBERIA (Либерия).,oil_tanker
9296389,,VALTHERA,Нефтяной танкер (Crude Oil Tanker),,8.2,Маршалловы Острова,oil_tanker
9296418,636012375.0,HISTRIA GIADA.,Oil Tanker,,7.3,LIBERIA (Либерия).,oil_tanker
9296884,,DS ROSA,Oil/Chemical Tanker (Танкер для перевозки нефтепродуктов и химикатов),,8.4,РЕСПУБЛИКА КОРЕЯ (REPUBLIC OF KOREA),oil_tanker
9297319,306268000.0,LORA,Crude Oil Tanker (Танкер для перевозки сырой нефти),,11.0,CURACAO (Кюрасао),oil_tanker
9297321,636021026.0,ELKA ATHINA.,Oil/Chemical Tanker (Танкер для перевозки нефти и химикатов).,,8.0,LIBERIA (Либерия).,oil_tanker
9297333,636020830.0,HISTRIA CORAL.,Oil Tanker,,7.3,LIBERIA (Либерия).,oil_tanker
9297357,,NOVATOR,Crude Oil Tanker (Танкер для перевозки сырой нефти),,13.6,РОССИЯ (RUSSIA),oil_tanker
9297412,636020941.0,ELKA ATHINA.,Oil/Chemical Tanker (Танкер для перевозки нефти и химикатов).,,8.0,LIBERIA (Либерия).,oil_tanker
9297436,259271000.0,FELICITY,Crude Oil Tanker (Танкер для перевозки сырой нефти),,8.0,Норвегия (NORWAY),oil_tanker
9297486,419532000.0,DESH UJAALA.,Crude Oil Tanker.,,11.0,INDIA (Индия).,oil_tanker
9297498,419531000.0,DESH VAIBHAV,Crude Oil Tanker (Танкер для сырой нефти),,21.5,INDIA (Индия),oil_tanker
9297503,636021092.0,HISTRIA CORAL.,Oil Tanker,,7.3,LIBERIA (Либерия).,oil_tanker
9297515,636020899.0,HISTRIA CORAL.,Oil Tanker,,7.3,LIBERIA (Либерия).,oil_tanker
9297541,636020814.0,HISTRIA CORAL.,Oil Tanker,,7.3,LIBERIA (Либерия).,oil_tanker
9297711,,INCHEON CHEMI,Oil/Chemical Tanker (Танкер для перевозки нефтепродуктов и химикатов),,7.1,РЕСПУБЛИКА КОРЕЯ (REPUBLIC OF KOREA),oil_tanker
9297890,636021077.0,HISTRIA CORAL.,Oil Tanker,,7.3,LIBERIA (Либерия).,oil_tanker
9297905,477223300.0,LILIANA.,Crude Oil Tanker.,,8.2,HONG KONG (Гонконг).,oil_tanker
9298193,636020990.0,HISTRIA CORAL.,Oil Tanker,,7.3,LIBERIA (Либерия).,oil_tanker
9298301,636020778.0,HISTRIA CORAL.,Oil Tanker,,7.3,LIBERIA (Либерия).,oil_tanker
9298325,311001921.0,BURG STAR.,Oil Tanker,,7.2,BAHAMAS (Багамы).,oil_tanker
9298351,352003628.0,DOLPHIN 08.,Oil Tanker,,9.7,PANAMA (Панама).,oil_tanker
9298375,636012674.0,HISTRIA PREZIOSA.,Oil Tanker,,7.3,LIBERIA (Либерия).,oil_tanker
9298703,636021082.0,HISTRIA CORAL.,Oil Tanker,,7.3,LIBERIA (Либерия).,oil_tanker
9298789,701051000.0,,Oil Tanker,,7.8,Аргентина (Argentina). Судно работает под национальным флагом для обеспечения внутреннего каботажного распределения сырья.,oil_tanker
9298818,620927000.0,EAN SPIR,Oil Products Tanker (Танкер для нефтепродуктов),,11.8,COMOROS (Коморы),oil_tanker
9298820,419001485.0,FEATHER,Танкер для перевозки нефтепродуктов (Oil Products Tanker),,8.6,ИНДИЯ (INDIA),oil_tanker
9299111,636020082.0,ELKA APOLLON,Oil/Chemical Tanker (Танкер для перевозки нефти и химикатов),,13.0,LIBERIA (Либерия),oil_tanker
9299147,636014456.0,ELKA GLORY.,Oil/Chemical Tanker (Танкер для перевозки нефти и химикатов).,,8.0,LIBERIA (Либерия).,oil_tanker
9299446,477236400.0,BELLAGIO,Oil/Chemical Tanker (Танкер для перевозки нефти и химикатов),,7.0,Гонконг (HONG KONG),oil_tanker
9299458,477236200.0,PAOLA,Oil/Chemical Tanker (Танкер для перевозки нефти и химикатов),,6.8,Гонконг (HONG KONG),oil_tanker
9299563,,NORTH STAR,Нефтяной танкер (Crude Oil Tanker),,8.0,Мозамбик,oil_tanker
9299678,636020863.0,HISTRIA CORAL.,Oil Tanker,,7.3,LIBERIA (Либерия).,oil_tanker
9299733,,NAGARJUNA,Crude Oil Tanker (Танкер для перевозки сырой нефти),,8.0,СЬЕРРА-ЛЕОНЕ (SIERRA LEONE),oil_tanker
9299769,631010100.0,AQUATICA.,Crude Oil Tanker.,,13.6,EQUATORIAL GUINEA (Экваториальная Гвинея).,oil_tanker
9299771,636020815.0,HISTRIA CORAL.,Oil Tanker,,7.3,LIBERIA (Либерия).,oil_tanker
9299862,667002199.0,TENDUA.,Oil/Chemical Tanker (Танкер для перевозки нефти и химикатов).,,10.2,SIERRA LEONE (Сьерра-Леоне).,oil_tanker
9299898,636020766.0,HISTRIA CORAL.,Oil Tanker,,7.3,LIBERIA (Либерия).,oil_tanker
9299941,352005852.0,OCEAN LAUREATE.,Oil Tanker,,14.2,PANAMA (Панама).,oil_tanker
9300489,636020981.0,HISTRIA CORAL.,Oil Tanker,,7.3,LIBERIA (Либерия).,oil_tanker
9300829,314001117.0,NAUTICAL ECHO,Oil/Chemical Tanker (Танкер для нефтепродуктов/химпродуктов),,6.5,BARBADOS (Барбадос),oil_tanker
9301407,636012376.0,HISTRIA PERLA.,Oil Tanker,,7.3,LIBERIA (Либерия).,oil_tanker
9301615,632001133.0,SIRTIC.,Oil Tanker,,3.6,GUINEA (Гвинея).,oil_tanker
9301732,636012628.0,,Oil Tanker,,11.7,"Либерия (Liberia) [строка ввода пользователя, изображение_503406.jpg]. Судно зарегистрировано в ведущем международном регистре из белого списка комплаенса.",oil_tanker
9301873,,,Танкер для перевозки химических грузов и нефтепродуктов (Chemical/Oil Products Tanker).,,7.0,Либерия.,oil_tanker
9301902,352004632.0,CERS.,Oil Tanker,,8.2,PANAMA (Панама).,oil_tanker
9301914,636020874.0,HISTRIA CORAL.,Oil Tanker,,7.3,LIBERIA (Либерия).,oil_tanker
9302126,636021062.0,ELKA ATHINA.,Oil/Chemical Tanker (Танкер для перевозки нефти и химикатов).,,8.0,LIBERIA (Либерия).,oil_tanker
9302683,215375000.0,GEORGIA.,Oil Tanker,,10.3,MALTA (Мальта).,oil_tanker
9302968,613102021.0,"MATELO (бывшие названия: ELAYNA, PNS SERENA, BUNGA KASTURI TIGA)",Crude Oil Tanker (Танкер для сырой нефти),,15.0,Камерун,oil_tanker
9302970,352002786.0,SAGAR1.,Oil Tanker,,8.2,PANAMA (Панама).,oil_tanker
9303704,413137000.0,SHI ZI ZUO,Oil Products Tanker (Танкер-продуктовоз),,13.1,CHINA (Китай),oil_tanker
9304332,314116000.0,AURELIAN,Oil/Chemical Tanker,,8.3,BARBADOS (Барбадос),oil_tanker
9304368,477607200.0,SEASENATOR,Crude Oil Tanker (Танкер для перевозки сырой нефти),,12.3,Гонконг,oil_tanker
9304605,,MINERVA SYMPHONY,Crude Oil Tanker (Танкер для перевозки сырой нефти),,14.3,ЛИБЕРИЯ (LIBERIA),oil_tanker
9304617,240653000.0,MINERVA DOXA,Crude Oil Tanker (Танкер для перевозки сырой нефти),,14.7,GREECE (Греция),oil_tanker
9304629,613471907.0,CHENG HE.,Crude Oil Tanker.,,8.5,CAMEROON (Камерун).,oil_tanker
9304643,622120926.0,CHRIS.,Oil Tanker,,8.0,EGYPT (Египет).,oil_tanker
9304667,750330000.0,SKIPPER,Crude Oil Tanker (Танкер для перевозки сырой нефти),,21.4,GUYANA (Гайана),oil_tanker
9306457,352003184.0,ANNABEL.,Oil Tanker,,12.2,PANAMA (Панама).,oil_tanker
9306469,352005144.0,CELES,Oil/Chemical Tanker (Нефтеналивной танкер/Химовоз),,11.8,PANAMA (Панама),oil_tanker
9306782,273257910.0,KARELIYA,Crude Oil Tanker,,8.3,RUSSIA (Россия),oil_tanker
9307205,314001150.0,,Floating Storage/Production (Плавучее хранилище / Продуктовая установка),,11.0,Барбадос (BARBADOS),oil_tanker
9307334,636016731.0,TAVROPOS.,Oil Tanker,,7.5,LIBERIA (Либерия).,oil_tanker
9307346,308371000.0,LARVIK,Crude Oil Tanker,,7.2,BAHAMAS (Багамы),oil_tanker
9307786,,PM REGALIA,Танкер для перевозки нефтепродуктов (Oil Products Tanker),,8.2,Сингапур,oil_tanker
9307815,613719802.0,FLORA 1.,Oil Tanker,,12.0,CAMEROON (Камерун).,oil_tanker
9307932,,THIRTY ONE,Crude Oil Tanker (Танкер для перевозки сырой нефти),,8.0,КЮРАСАО (CURACAO),oil_tanker
9308132,667002310.0,TEMPEST DREAM.,Crude Oil Tanker.,,8.6,SIERRA LEONE (Сьерра-Леоне).,oil_tanker
9308144,538012236.0,SAM MAJESTY.,Танкер для перевозки сырой нефти (Crude Oil Tanker).,,8.4,Маршалловы Острова (MARSHALL ISLANDS).,oil_tanker
9308156,636021067.0,HISTRIA CORAL.,Oil Tanker,,7.3,LIBERIA (Либерия).,oil_tanker
9308168,636012670.0,HISTRIA GIADA.,Oil Tanker,,7.3,LIBERIA (Либерия).,oil_tanker
9308443,613404821.0,INA,Crude Oil Tanker (Танкер для перевозки сырой нефти),,15.0,CAMEROON (Камерун),oil_tanker
9308534,,MARITIME NORDIC,Oil/Chemical Tanker (Танкер для перевозки нефтепродуктов и химикатов),,8.0,СИНГАПУР (SINGAPORE),oil_tanker
9308766,511101460.0,KANHA,Oil/Chemical Tanker (Нефтеналивной танкер/Химовоз),,5.0,PALAU (Палау),oil_tanker
9308778,650000126.0,AMIL,Oil Products Tanker,,8.0,MOZAMBIQUE (Мозамбик),oil_tanker
9308821,636020790.0,HISTRIA CORAL.,Oil Tanker,,7.3,LIBERIA (Либерия).,oil_tanker
9308833,636012671.0,HISTRIA CORAL.,Oil Tanker,,7.3,LIBERIA (Либерия).,oil_tanker
9308857,636020813.0,HISTRIA CORAL.,Oil Tanker,,7.3,LIBERIA (Либерия).,oil_tanker
9308974,413107000.0,LIAN AN HU,Crude Oil Tanker (Нефтеналивной танкер для сырой нефти),,13.3,CHINA (Китай),oil_tanker
9308986,,LIAN SHUN HU,Crude Oil Tanker (Танкер для перевозки сырой нефти),,7.5,КИТАЙ (CHINA),oil_tanker
9309007,636022737.0,NORDIC.,Oil Tanker,,13.5,LIBERIA (Либерия).,oil_tanker
9309227,307210000.0,ELIAH,Oil/Chemical Tanker (Нефтеналивной танкер/Химовоз),,6.5,ARUBA (Аруба),oil_tanker
9309423,248884000.0,MINERVA NOUNOU.,Oil Tanker,,13.2,MALTA (Мальта).,oil_tanker
9309435,248993000.0,MINERVA ALICE.,Oil Tanker,,8.5,MALTA (Мальта).,oil_tanker
9309576,649113000.0,SILVER,Oil/Chemical Tanker,,11.0,MALI (Мали),oil_tanker
9309588,273273750.0,SYMPHONY.,Oil Tanker,,10.1,RUSSIA (Россия).,oil_tanker
9309629,538005129.0,SERENE MONACO,Chemical Tanker (Химовоз),,9.0,MARSHALL ISLANDS (Маршалловы Острова),oil_tanker
9309980,636012661.0,HISTRIA CORAL.,Oil Tanker,,7.3,LIBERIA (Либерия).,oil_tanker
9310355,636021101.0,ELKA ATHINA.,Oil/Chemical Tanker (Танкер для перевозки нефти и химикатов).,,8.0,LIBERIA (Либерия).,oil_tanker
9310367,511101203.0,ZATARA,Oil/Chemical Tanker (Нефтеналивной танкер/Химовоз),,6.2,PALAU (Палау),oil_tanker
9310525,,QENDIL,Танкер для перевозки сырой нефти (Crude Oil Tanker),,6.1,Оман,oil_tanker
9310692,538012152.0,ZEUS,Oil Products Tanker (Танкер для перевозки нефтепродуктов),,9.5,Маршалловы Острова (MARSHALL ISLANDS),oil_tanker
9310707,636012672.0,HISTRIA AZURE.,Oil Tanker,,7.3,LIBERIA (Либерия).,oil_tanker
9310850,,REGIN,Oil Products Tanker (Танкер для перевозки нефтепродуктов),,12.9,ЛИБЕРИЯ (LIBERIA),oil_tanker
9311256,441046000.0,YC PANSY,Oil/Chemical Tanker (Нефтеналивной/Химовоз),,9.9,REPUBLIC OF KOREA (Республика Корея),oil_tanker
9311361,357628000.0,,Oil Tanker,,7.5,Панама (Panama). Борт оперирует под международным открытым регистром.,oil_tanker
9311505,701088000.0,,Oil Tanker,,7.0,"Аргентина (Argentina). Борт оперирует под национальным флагом, осуществляя каботажные и региональные перевозки.",oil_tanker
9311713,538008336.0,SAPSAN.,Crude Oil Tanker.,,7.9,MARSHALL ISLANDS (Маршалловы Острова).,oil_tanker
9311725,636020783.0,HISTRIA CORAL.,Oil Tanker,,7.3,LIBERIA (Либерия).,oil_tanker
9312602,413155000.0,,Crude Oil Tanker (Танкер для сырой нефти),,11.5,Китай (CHINA),oil_tanker
9312614,413156000.0,,Crude Oil Tanker (Танкер для сырой нефти),,5.5,Китай (CHINA),oil_tanker
9312846,636025005.0,BOURDA.,Oil Tanker,,14.0,LIBERIA (Либерия).,oil_tanker
9312872,636021006.0,ELKA ATHINA.,Oil/Chemical Tanker (Танкер для перевозки нефти и химикатов).,,8.0,LIBERIA (Либерия).,oil_tanker
9312896,273257030.0,KRASNOYARSK.,Crude Oil Tanker.,,8.2,RUSSIA (Россия).,oil_tanker
9312901,305053000.0,WONDER MIMOSA.,Oil Tanker,,7.0,ANTIGUA AND BARBUDA (Антигуа и Барбуда).,oil_tanker
9312913,311001723.0,COAST BUSTER.,Oil Tanker,,10.8,BAHAMAS (Багамские Острова).,oil_tanker
9313113,352001769.0,ALJAZIAH.,Oil/Chemical Tanker.,,6.2,PANAMA (Панама).,oil_tanker
9313462,636021029.0,HISTRIA CORAL.,Oil Tanker,,7.3,LIBERIA (Либерия).,oil_tanker
9313498,,JACKLYN,Crude Oil Tanker (Танкер для перевозки сырой нефти),,8.5,КАМЕРУН (CAMEROON),oil_tanker
9313527,636020865.0,HISTRIA CORAL.,Oil Tanker,,7.3,LIBERIA (Либерия).,oil_tanker
9313761,257868000.0,STELLA,Oil Products Tanker (Танкер для нефтепродуктов),,12.4,NORWAY (Норвегия),oil_tanker
9314167,613202701.0,AGNI,Oil Products Tanker (Танкер для нефтепродуктов),,13.0,CAMEROON (Камерун),oil_tanker
9314179,636021076.0,HISTRIA CORAL.,Oil Tanker,,7.3,LIBERIA (Либерия).,oil_tanker
9314193,538006216.0,DUBAI GOLD.,Crude Oil Tanker (Танкер для перевозки сырой нефти).,,10.0,MARSHALL ISLANDS (Маршалловы Острова).,oil_tanker
9314715,636021145.0,ELKA ATHINA.,Oil/Chemical Tanker (Танкер для перевозки нефти и химикатов).,,8.0,LIBERIA (Либерия).,oil_tanker
9314832,636021158.0,ELKA ATHINA.,Oil/Chemical Tanker (Танкер для перевозки нефти и химикатов).,,8.0,LIBERIA (Либерия).,oil_tanker
9314844,538011104.0,LYDIA KA.,Oil Tanker,,9.5,MARSHALL ISLANDS (Маршалловы Острова).,oil_tanker
9314870,636012379.0,HISTRIA GIADA.,Oil Tanker,,7.3,LIBERIA (Либерия).,oil_tanker
9314882,613411500.0,RUNA.,Oil Tanker,,11.5,CAMEROON (Камерун).,oil_tanker
9314894,636020771.0,HISTRIA CORAL.,Oil Tanker,,7.3,LIBERIA (Либерия).,oil_tanker
9315070,538011660.0,DHT BAUHINIA,Crude Oil Tanker (Нефтяной танкер / Супертанкер класса VLCC),,16.5,MARSHALL ISLANDS (Маршалловы Острова),oil_tanker
9315082,477007600.0,ERECTER.,Crude Oil Tanker.,,11.0,HONG KONG (Гонконг).,oil_tanker
9315159,636026235.0,CAMEROON PROSPERITY,Crude Oil Tanker (Танкер для сырой нефти),,11.0,LIBERIA (Либерия),oil_tanker
9315185,229151000.0,JOHNNY RANGER.,Oil/Chemical Tanker (Танкер для перевозки нефти и химикатов).,,8.0,MALTA (Мальта).,oil_tanker
9315367,,CHLOE,Crude Oil Tanker (Танкер для сырой нефти),,11.0,Гонконг (HONG KONG),oil_tanker
9315393,,BOW FLOWER,Oil/Chemical Tanker (Танкер для перевозки нефтепродуктов и химикатов),,6.7,СИНГАПУР (SINGAPORE),oil_tanker
9315642,477186300.0,TAMIA.,Oil Tanker,,11.5,HONG KONG (Гонконг).,oil_tanker
9315721,,STOLT SUIRE,Oil/Chemical Tanker (Танкер для перевозки нефтепродуктов и химикатов),,6.9,КАЙМАНОВЫ ОСТРОВА (CAYMAN ISLANDS),oil_tanker
9315745,636021061.0,ELKA ATHINA.,Oil/Chemical Tanker (Танкер для перевозки нефти и химикатов).,,8.0,LIBERIA (Либерия).,oil_tanker
9315769,636022654.0,THE SAUCE.,Oil Tanker,,10.2,LIBERIA (Либерия).,oil_tanker
9315941,636020838.0,HISTRIA CORAL.,Oil Tanker,,7.3,LIBERIA (Либерия).,oil_tanker
9316244,538005443.0,,Oil Tanker,,13.0,Маршалловы Острова (Marshall Islands). Судно оперирует под международным открытым регистром из «белого списка».,oil_tanker
9317028,354866000.0,WINTER SUN.,Oil Tanker,,7.5,PANAMA (Панама).,oil_tanker
9317078,,MARVELS,Oil Products Tanker (Танкер для нефтепродуктов),,10.7,ИНДИЯ (INDIA),oil_tanker
9317949,636020782.0,HISTRIA CORAL.,Oil Tanker,,7.3,LIBERIA (Либерия).,oil_tanker
9317951,636021117.0,ELKA ATHINA.,Oil/Chemical Tanker (Танкер для перевозки нефти и химикатов).,,8.0,LIBERIA (Либерия).,oil_tanker
9318008,636024741.0,MINERVA VASO.,Oil/Chemical Tanker.,,8.0,LIBERIA (Либерия).,oil_tanker
9318022,620800063.0,CHARMINAR,Oil/Chemical Tanker (Танкер для перевозки нефти и химикатов),,8.0,Коморы (COMOROS),oil_tanker
9318034,613003744.0,SARD.,Oil Tanker,,12.7,CAMEROON (Камерун).,oil_tanker
9318084,636020764.0,HISTRIA CORAL.,Oil Tanker,,7.3,LIBERIA (Либерия).,oil_tanker
9318137,636020985.0,HISTRIA CORAL.,Oil Tanker,,7.3,LIBERIA (Либерия).,oil_tanker
9318539,636020826.0,HISTRIA CORAL.,Oil Tanker,,7.3,LIBERIA (Либерия).,oil_tanker
9318541,273271160.0,SERENADE.,Oil Tanker,,11.0,RUSSIA (Россия).,oil_tanker
9319703,461000285.0,SIRAJ.,Oil Tanker,,15.0,OMAN (Оман).,oil_tanker
9319870,613003573.0,MAINI,Crude Oil Tanker,,8.0,CAMEROON (Камерун),oil_tanker
9319882,273272850.0,GEFEST.,Crude Oil Tanker.,,14.0,RUSSIA (Россия).,oil_tanker
9320623,371569000.0,LARA,Oil Products Tanker (Танкер для нефтепродуктов),,5.3,PANAMA (Панама),oil_tanker
9320714,,KINYRAS,Нефтяной танкер (Crude Oil Tanker),,10.0,Либерия,oil_tanker
9320831,257912000.0,ALRAYA,Crude Oil Tanker (Танкер для сырой нефти),,19.0,NORWAY (Норвегия),oil_tanker
9321160,,KITION M,Нефтеналивной танкер (Oil Products Tanker),,7.5,Панама,oil_tanker
9321213,538010190.0,FALCON MARLIN,Product Tanker (Танкер-продуктовоз),,11.4,Маршалловы Острова (MARSHALL IS),oil_tanker
9321304,621819069.0,"ALMA (ранее: TAKAHASHI, MY WAY, LINGYANG)",Crude Oil Tanker (Танкер типа VLCC — Very Large Crude Carrier),,,Джибути,oil_tanker
9321445,636021127.0,HISTRIA CORAL.,Oil Tanker,,7.3,LIBERIA (Либерия).,oil_tanker
9321677,636021023.0,ELKA ATHINA.,Oil/Chemical Tanker (Танкер для перевозки нефти и химикатов).,,8.0,LIBERIA (Либерия).,oil_tanker
9321689,667002284.0,GLACIA,Crude Oil Tanker (Танкер для перевозки сырой нефти),,8.0,SIERRA LEONE (Сьерра-Леоне),oil_tanker
9321706,273273450.0,LIDER.,Crude Oil Tanker.,,14.1,RUSSIA (Россия).,oil_tanker
9321940,636021027.0,ELKA ATHINA.,Oil/Chemical Tanker (Танкер для перевозки нефти и химикатов).,,8.0,LIBERIA (Либерия).,oil_tanker
9322140,425000003.0,SHATT AL ARAB,Oil Products Tanker (Танкер для перевозки нефтепродуктов),,8.2,Ирак (IRAQ),oil_tanker
9322279,577697000.0,FEADSHIP,Crude Oil Tanker (Нефтеналивной танкер для сырой нефти / супертанкер класса VLCC),,11.5,VANUATU (Вануату),oil_tanker
9322293,538010197.0,SINGAPORE LOYALTY,Crude Oil Tanker (Танкер для сырой нефти),,21.0,MARSHALL ISLANDS (Маршалловы Острова),oil_tanker
9322700,636020966.0,HISTRIA CORAL.,Oil Tanker,,7.3,LIBERIA (Либерия).,oil_tanker
9322712,636020904.0,HISTRIA CORAL.,Oil Tanker,,7.3,LIBERIA (Либерия).,oil_tanker
9322956,636021116.0,HISTRIA CORAL.,Oil Tanker,,7.3,LIBERIA (Либерия).,oil_tanker
9322968,636020772.0,HISTRIA CORAL.,Oil Tanker,,7.3,LIBERIA (Либерия).,oil_tanker
9322982,353131000.0,DALIA.,Oil/Chemical Tanker.,,5.0,PANAMA (Панама).,oil_tanker
9323340,613471021.0,ROYAL ICE.,Oil Tanker,,12.3,CAMEROON (Камерун).,oil_tanker
9323364,613271012.0,SILVER ICE.,Oil Tanker,,12.0,CAMEROON (Камерун).,oil_tanker
9323390,636021244.0,ELKA ATHINA.,Oil/Chemical Tanker (Танкер для перевозки нефти и химикатов).,,8.0,LIBERIA (Либерия).,oil_tanker
9323560,636013645.0,BALOS.,Oil Tanker,,7.5,LIBERIA (Либерия).,oil_tanker
9323766,636021007.0,T VEGA.,Oil Tanker,,5.8,LIBERIA (Либерия).,oil_tanker
9323948,636018944.0,YEMEN.,Crude Oil Tanker.,,17.7,LIBERIA (Либерия).,oil_tanker
9323986,,GARASAN,Crude Oil Tanker (Танкер для перевозки сырой нефти),,14.8,СЬЕРРА-ЛЕОНЕ (SIERRA LEONE),oil_tanker
9324100,,TORM STIGNE,Oil/Chemical Tanker (Танкер для перевозки нефтепродуктов и химикатов),,8.3,ДАНИЯ (DENMARK),oil_tanker
9324320,305255000.0,MARALTA.,Oil Tanker,,8.0,ANTIGUA AND BARBUDA (Антигуа и Барбуда).,oil_tanker
9324332,636012669.0,HISTRIA GIULIA.,Oil Tanker,,7.3,LIBERIA (Либерия).,oil_tanker
9324459,538008757.0,COSMOGRAPH.,Oil Products Tanker.,,11.7,MARSHALL ISLANDS (Маршалловы Острова).,oil_tanker
9324710,375122000.0,NADEEN,Bulk Carrier (Балкер/Сухогруз),,5.6,Сент-Винсент и Гренадины (SAINT VINCENT AND THE GRENADINES),oil_tanker
9325037,,COSMERRY LAKE,Нефтяной танкер (Crude Oil Tanker),,11.2,Панама,oil_tanker
9325336,371394000.0,EL GAIA.,Oil Products Tanker.,,12.3,PANAMA (Панама).,oil_tanker
9325348,,PURITY,Oil Products Tanker (Танкер для перевозки нефтепродуктов),,8.0,ПАНАМА (PANAMA),oil_tanker
9325702,538010192.0,FALCON TRADER,Product Tanker (Танкер-продуктовоз),,11.4,Маршалловы Острова (MARSHALL IS),oil_tanker
9325908,636020847.0,HISTRIA CORAL.,Oil Tanker,,7.3,LIBERIA (Либерия).,oil_tanker
9325958,403070000.0,AL ZARANDI.,Oil Tanker,,7.0,SAUDI ARABIA (Саудовская Аравия).,oil_tanker
9326067,,TEJAS,Crude Oil Tanker (Танкер для перевозки сырой нефти),,11.0,ПАНАМА (PANAMA),oil_tanker
9326213,636020965.0,ELKA ATHINA.,Oil/Chemical Tanker (Танкер для перевозки нефти и химикатов).,,8.0,LIBERIA (Либерия).,oil_tanker
9326689,636020927.0,ELKA ATHINA.,Oil/Chemical Tanker (Танкер для перевозки нефти и химикатов).,,8.0,LIBERIA (Либерия).,oil_tanker
9326718,636021164.0,ELKA ATHINA.,Oil/Chemical Tanker (Танкер для перевозки нефти и химикатов).,,8.0,LIBERIA (Либерия).,oil_tanker
9326811,,AEGEAN HORIZON,Нефтяной танкер (Crude Oil Tanker),,9.0,Либерия,oil_tanker
9326861,636020960.0,DUKE OF PEACE.,Oil Tanker,,14.0,LIBERIA (Либерия).,oil_tanker
9326938,311001780.0,PACIFIC ADVENTURE.,Oil/Chemical Tanker.,,12.6,BAHAMAS (Багамские Острова).,oil_tanker
9327011,,CAPOEIRA,Нефтяной танкер (Crude Oil Tanker),,8.0,Маршалловы Острова,oil_tanker
9327138,477067600.0,SEA DELTA.,Oil/Chemical Tanker.,,5.5,HONG KONG (Гонконг).,oil_tanker
9327360,273275160.0,CROCO.,Oil Tanker,,10.0,RUSSIA (Россия).,oil_tanker
9327384,538007532.0,LYCIA KA.,Oil Tanker,,9.3,MARSHALL ISLANDS (Маршалловы Острова).,oil_tanker
9327396,636021072.0,ELKA ATHINA.,Oil/Chemical Tanker (Танкер для перевозки нефти и химикатов).,,8.0,LIBERIA (Либерия).,oil_tanker
9327463,636020995.0,ELKA ATHINA.,Oil/Chemical Tanker (Танкер для перевозки нефти и химикатов).,,8.0,LIBERIA (Либерия).,oil_tanker
9328132,636012836.0,HISTRIA GIOCONDA.,Oil Tanker,,7.3,LIBERIA (Либерия).,oil_tanker
9328144,636024537.0,AHINOS.,Oil Tanker,,10.0,LIBERIA (Либерия).,oil_tanker
9328326,636020908.0,HISTRIA CORAL.,Oil Tanker,,7.3,LIBERIA (Либерия).,oil_tanker
9329655,,PROXIMA,Oil/Chemical Tanker (Танкер для перевозки нефтепродуктов и химикатов),,10.7,РОССИЯ (RUSSIA),oil_tanker
9329667,613914700.0,PACIFIC,Oil/Chemical Tanker (Танкер для перевозки нефти и химикатов),,9.6,CAMEROON (Камерун),oil_tanker
9329863,419001728.0,KASHIMASAN,Crude Oil Tanker (Танкер для перевозки сырой нефти),,10.6,INDIA (Индия),oil_tanker
9330173,,KOKUHO MARU,Oil/Chemical Tanker (Танкер для перевозки нефтепродуктов и химикатов),,5.2,ЯПОНИЯ (JAPAN),oil_tanker
9330472,636020821.0,HISTRIA CORAL.,Oil Tanker,,7.3,LIBERIA (Либерия).,oil_tanker
9330563,538011248.0,FALCON NOSTALGIA,Product Tanker (Танкер-продуктовоз),,11.4,Маршалловы Острова (MARSHALL IS),oil_tanker
9330604,636021111.0,HISTRIA CORAL.,Oil Tanker,,7.3,LIBERIA (Либерия).,oil_tanker
9330771,,,Oil Tanker,,9.6,,oil_tanker
9332169,636020982.0,ELKA ATHINA.,Oil/Chemical Tanker (Танкер для перевозки нефти и химикатов).,,8.0,LIBERIA (Либерия).,oil_tanker
9332614,352001849.0,BELLARIS.,Oil Tanker,,12.8,PANAMA (Панама).,oil_tanker
9332626,538009607.0,SUNNY LIGER.,Oil Tanker,,8.2,MARSHALL ISLANDS (Маршалловы Острова).,oil_tanker
9332781,636020852.0,HISTRIA CORAL.,Oil Tanker,,7.3,LIBERIA (Либерия).,oil_tanker
9333254,419002083.0,CULTURE,Oil Products Tanker (Танкер для перевозки нефтепродуктов),,7.0,ИНДИЯ (INDIA),oil_tanker
9333412,636021098.0,ELKA ATHINA.,Oil/Chemical Tanker (Танкер для перевозки нефти и химикатов).,,8.0,LIBERIA (Либерия).,oil_tanker
9333785,,SEADAR,Crude Oil Tanker (Танкер для перевозки сырой нефти),,7.8,БАРБАДОС (BARBADOS),oil_tanker
9334325,249907000.0,SARACENA.,Oil Tanker,,6.0,MALTA (Мальта).,oil_tanker
9334569,636021058.0,ELKA ATHINA.,Oil/Chemical Tanker (Танкер для перевозки нефти и химикатов).,,8.0,LIBERIA (Либерия).,oil_tanker
9334612,376516000.0,ATA BEKET,Oil Products Tanker (Танкер для перевозки нефтепродуктов),,4.0,SAINT VINCENT AND THE GRENADINES (Сент-Винсент и Гренадины),oil_tanker
9334789,636012678.0,HISTRIA PREZIOSA.,Oil Tanker,,7.3,LIBERIA (Либерия).,oil_tanker
9335109,,EASUNHO,Oil/Chemical Tanker (Танкер для перевозки нефтепродуктов и химикатов),,11.6,ПАНАМА (PANAMA),oil_tanker
9335824,9335824.0,MTM DUBLIN.,Oil/Chemical Tanker (Танкер для перевозки нефти и химикатов).,,6.5,SINGAPORE (Сингапур).,oil_tanker
9336098,403507001.0,LAYLA.,Oil Tanker,,10.7,SAUDI ARABIA (Саудовская Аравия).,oil_tanker
9336402,636021165.0,HISTRIA CORAL.,Oil Tanker,,7.3,LIBERIA (Либерия).,oil_tanker
9336490,636020786.0,HISTRIA CORAL.,Oil Tanker,,7.3,LIBERIA (Либерия).,oil_tanker
9336517,636020853.0,HISTRIA CORAL.,Oil Tanker,,7.3,LIBERIA (Либерия).,oil_tanker
9336658,636021268.0,ELKA ATHINA.,Oil/Chemical Tanker (Танкер для перевозки нефти и химикатов).,,8.0,LIBERIA (Либерия).,oil_tanker
9336983,636025948.0,POROS.,Crude Oil Tanker (Танкер для перевозки сырой нефти).,,8.3,LIBERIA (Либерия).,oil_tanker
9337004,636012677.0,HISTRIA PREZIOSA.,Oil Tanker,,7.3,LIBERIA (Либерия).,oil_tanker
9337157,636014458.0,ELKA GLORY.,Oil/Chemical Tanker (Танкер для перевозки нефти и химикатов).,,8.0,LIBERIA (Либерия).,oil_tanker
9337171,,COSPEARL LAKE,Нефтяной танкер (Crude Oil Tanker),,11.0,Гонконг,oil_tanker
9337315,305333000.0,SENTINEL.,Oil/Chemical Tanker.,,12.5,ANTIGUA AND BARBUDA (Антигуа и Барбуда).,oil_tanker
9337341,,OCEANID,Crude Oil Tanker (Танкер для перевозки сырой нефти),,8.0,ПАНАМА (PANAMA),oil_tanker
9337511,636026184.0,,Oil Tanker,,10.8,Либерия (Liberia). Борт зарегистрирован в открытом международном регистре.,oil_tanker
9337901,613511600.0,RIMMA.,Oil Tanker,,14.8,CAMEROON (Камерун).,oil_tanker
9338905,667002026.0,PATE,Crude Oil Tanker (Танкер для перевозки сырой нефти),,8.0,Сьерра-Леоне (SIERRA LEONE),oil_tanker
9338917,636020851.0,HISTRIA CORAL.,Oil Tanker,,7.3,LIBERIA (Либерия).,oil_tanker
9339313,,LADOGA,Нефтяной танкер (Crude Oil Tanker),,8.3,Россия (Russia),oil_tanker
9339337,461000249.0,LAVENDER.,Crude Oil Tanker.,,8.0,OMAN (Оман).,oil_tanker
9339648,466011000.0,SIDRA AL RUWAIS,Oil/Chemical Tanker (Нефтехимический танкер),,11.2,QATAR (Катар),oil_tanker
9339973,477124500.0,,Oil Tanker,,19.3,Гонконг (Hong Kong). Борт оперирует под авторитетным международным регистром.,oil_tanker
9340128,636022736.0,TATIANA.,Oil Tanker,,9.9,LIBERIA (Либерия).,oil_tanker
9340489,636021118.0,HISTRIA CORAL.,Oil Tanker,,7.3,LIBERIA (Либерия).,oil_tanker
9340582,538007154.0,ELANDRA FALCON,Crude Oil Tanker,,9.5,MARSHALL ISLANDS (Маршалловы Острова),oil_tanker
9340594,622120928.0,SHARIFA 5.,Oil Tanker,,9.5,EGYPT (Египет).,oil_tanker
9340623,636021106.0,HISTRIA CORAL.,Oil Tanker,,7.3,LIBERIA (Либерия).,oil_tanker
9340702,477684300.0,SC BRILLIANT.,Oil/Chemical Tanker.,,8.9,HONG KONG (Гонконг).,oil_tanker
9341079,636020854.0,HISTRIA CORAL.,Oil Tanker,,7.3,LIBERIA (Либерия).,oil_tanker
9341299,636020967.0,ELKA ATHINA.,Oil/Chemical Tanker (Танкер для перевозки нефти и химикатов).,,8.0,LIBERIA (Либерия).,oil_tanker
9341897,636021094.0,ELKA ATHINA.,Oil/Chemical Tanker (Танкер для перевозки нефти и химикатов).,,8.0,LIBERIA (Либерия).,oil_tanker
9342085,413293240.0,NIAN CHI,Oil Products Tanker (Танкер для перевозки нефтепродуктов),,7.2,CHINA (Китайская Народная Республика),oil_tanker
9342580,636021188.0,ELKA ATHINA.,Oil/Chemical Tanker (Танкер для перевозки нефти и химикатов).,,8.0,LIBERIA (Либерия).,oil_tanker
9342932,511101980.0,ASPIRE I.,Oil Products Tanker.,,4.0,PALAU (Палау).,oil_tanker
9343780,353992000.0,GINGA PUMA,Chemical Tanker (Химовоз),,10.8,PANAMA (Панама),oil_tanker
9343998,351214000.0,KOHZAN MARU V,Oil/Chemical Tanker (Танкер для перевозки нефти и химикатов),,11.7,Панама (PANAMA),oil_tanker
9344007,636023630.0,HARDRADA.,Oil Tanker,,10.0,LIBERIA (Либерия).,oil_tanker
9344019,271054096.0,PORT AMALFI.,Oil Tanker,,7.5,TURKIYE (Турция).,oil_tanker
9344356,240493000.0,EVIAPETROL II.,Oil Tanker,,4.6,GREECE (Греция).,oil_tanker
9344930,,ZUN YI TAN,Crude Oil Tanker (Танкер для перевозки сырой нефти),,7.5,КИТАЙ (CHINA),oil_tanker
9345221,425000004.0,BAGHDAD,Oil Products Tanker (Танкер для перевозки нефтепродуктов),,8.2,Ирак (IRAQ),oil_tanker
9345441,240657000.0,AEGEAN NOBILITY.,Oil Tanker,,13.8,GREECE (Греция).,oil_tanker
9345623,461000370.0,ELYTE.,Oil Products Tanker (Танкер для перевозки нефтепродуктов).,,15.0,OMAN (Оман).,oil_tanker
9345908,566240000.0,MTM SHANGHAI (бывшее название: GOLDEN CHARLOTTE),Chemical/Oil Products Tanker (Танкер-химовоз / продуктовоз),,,Сингапур,oil_tanker
9346079,538009637.0,START.,Oil Tanker,,11.2,MARSHALL ISLANDS (Маршалловы Острова).,oil_tanker
9346457,,CHEM RON,Crude Oil Tanker (Танкер для перевозки сырой нефти),,12.2,ГОНКОНГ (HONG KONG),oil_tanker
9346744,,MA JIN,Crude Oil Tanker (Танкер для перевозки сырой нефти),,7.8,СЬЕРРА-ЛЕОНЕ (SIERRA LEONE),oil_tanker
9346859,636021082.0,ELKA ATHINA.,Oil/Chemical Tanker (Танкер для перевозки нефти и химикатов).,,8.0,LIBERIA (Либерия).,oil_tanker
9346861,241367000.0,KRITI VERANO.,Oil Tanker,,8.0,GREECE (Греция).,oil_tanker
9346885,636020763.0,HISTRIA CORAL.,Oil Tanker,,7.3,LIBERIA (Либерия).,oil_tanker
9347217,,SHINSEI MARU,Oil Products Tanker (Танкер для перевозки нефтепродуктов),,5.4,ЯПОНИЯ (JAPAN),oil_tanker
9347308,,AURA MARIS,Oil/Chemical Tanker (Танкер для перевозки нефти и химических продуктов),,11.5,КАМЕРУН (CAMEROON),oil_tanker
9347516,525114108.0,VICTORIA LYRA.,Oil Tanker,,7.7,INDONESIA (Индонезия).,oil_tanker
9347736,636012676.0,HISTRIA PREZIOSA.,Oil Tanker,,7.3,LIBERIA (Либерия).,oil_tanker
9348479,613277600.0,LUCKY FAIRY.,Crude Oil Tanker.,,8.0,CAMEROON (Камерун).,oil_tanker
9349203,636021090.0,HISTRIA CORAL.,Oil Tanker,,7.3,LIBERIA (Либерия).,oil_tanker
9350288,538010198.0,FALCON GALAXY,Product Tanker (Танкер-продуктовоз),,11.4,Маршалловы Острова (MARSHALL IS),oil_tanker
9350862,538011249.0,FALCON SERENE,Product Tanker (Танкер-продуктовоз),,11.4,Маршалловы Острова (MARSHALL IS),oil_tanker
9350886,636021115.0,ELKA ATHINA.,Oil/Chemical Tanker (Танкер для перевозки нефти и химикатов).,,8.0,LIBERIA (Либерия).,oil_tanker
9351426,232013527.0,VS PROGRESS.,Oil Tanker,,9.0,UNITED KINGDOM (Великобритания).,oil_tanker
9351452,636021146.0,HISTRIA CORAL.,Oil Tanker,,7.3,LIBERIA (Либерия).,oil_tanker
9351634,,ZONDAR,Oil/Chemical Tanker (Танкер для перевозки нефтепродуктов и химикатов),,11.0,МАРШАЛЛОВЫ ОСТРОВА (MARSHALL ISLANDS),oil_tanker
9352303,636021109.0,HISTRIA CORAL.,Oil Tanker,,7.3,LIBERIA (Либерия).,oil_tanker
9353101,538008426.0,CHIP,Oil Tanker,,8.0,MARSHALL ISLANDS (Маршалловы Острова),oil_tanker
9353113,,JUN MA,Oil/Chemical Tanker (Нефтеналивной/химический танкер),,9.3,КАМЕРУН (CAMEROON),oil_tanker
9353149,,ARTEMIDA,Oil/Chemical Tanker (Танкер для перевозки нефти и химических продуктов),,9.0,ПАНАМА (PANAMA),oil_tanker
9354258,352003675.0,HATAY.,Oil Tanker,,8.2,PANAMA (Панама).,oil_tanker
9354260,563243300.0,PM DUKE,Oil/Chemical Tanker (Танкер для перевозки нефтепродуктов и химикатов),,10.8,СИНГАПУР (SINGAPORE),oil_tanker
9354521,312171000.0,ANHONA.,Oil Tanker,,7.5,BELIZE (Белиз).,oil_tanker
9356426,636021054.0,ELKA ATHINA.,Oil/Chemical Tanker (Танкер для перевозки нефти и химикатов).,,8.0,LIBERIA (Либерия).,oil_tanker
9356438,636021125.0,HISTRIA CORAL.,Oil Tanker,,7.3,LIBERIA (Либерия).,oil_tanker
9356763,636020811.0,HISTRIA CORAL.,Oil Tanker,,7.3,LIBERIA (Либерия).,oil_tanker
9357559,636021033.0,HISTRIA CORAL.,Oil Tanker,,7.3,LIBERIA (Либерия).,oil_tanker
9357561,636020992.0,HISTRIA CORAL.,Oil Tanker,,7.3,LIBERIA (Либерия).,oil_tanker
9357585,351310000.0,FALDA,Oil/Chemical Tanker (Нефтеналивной танкер/Химовоз),,4.9,PANAMA (Панама),oil_tanker
9357640,371907000.0,CECILE,Oil/Chemical Tanker (Нефтеналивной танкер/Химовоз),,4.6,PANAMA (Панама),oil_tanker
9357676,355958000.0,SIENE,Oil/Chemical Tanker (Нефтеналивной танкер/Химовоз),,4.6,PANAMA (Панама),oil_tanker
9358280,636019743.0,PLATA CARRIER,Crude Oil Tanker (Танкер для перевозки сырой нефти),,21.5,LIBERIA (Либерия),oil_tanker
9358307,419002119.0,SHANAYA,Oil/Chemical Tanker (Танкер для перевозки нефтепродуктов и химикатов),,9.1,ИНДИЯ (INDIA),oil_tanker
9358319,,AVYAAN,Oil/Chemical Tanker (Танкер для перевозки нефтепродуктов и химикатов),,8.0,ИНДИЯ (INDIA),oil_tanker
9358321,,HANSA OSLO,Танкер-химовоз / продуктовоз (Chemical/Oil Products Tanker),,6.9,Маршалловы острова,oil_tanker
9358400,636012675.0,HISTRIA PREZIOSA.,Oil Tanker,,7.3,LIBERIA (Либерия).,oil_tanker
9358632,636020941.0,HISTRIA CORAL.,Oil Tanker,,7.3,LIBERIA (Либерия).,oil_tanker
9358644,477243800.0,SEA HARVEST.,Oil/Chemical Tanker.,,6.4,HONG KONG (Гонконг).,oil_tanker
9358814,352002032.0,INTAN GLORY,Oil Products Tanker (Танкер для перевозки нефтепродуктов),,6.3,Панама (PANAMA),oil_tanker
9359387,352002060.0,LYSANDRA.,Oil Tanker,,7.2,PANAMA (Панама).,oil_tanker
9359557,636020955.0,HISTRIA CORAL.,Oil Tanker,,7.3,LIBERIA (Либерия).,oil_tanker
9359571,636021095.0,ELKA ATHINA.,Oil/Chemical Tanker (Танкер для перевозки нефти и химикатов).,,8.0,LIBERIA (Либерия).,oil_tanker
9359741,240560000.0,ARCADIA.,Oil Tanker,,4.8,GREECE (Греция).,oil_tanker
9359882,370828000.0,GULF DEFFI,Oil/Chemical Tanker (Танкер для перевозки нефти и химикатов),,7.8,PANAMA (Панама),oil_tanker
9360336,636022260.0,VALERY ROMA.,Oil/Chemical Tanker.,,8.2,LIBERIA (Либерия).,oil_tanker
9360415,631010099.0,INDUS 1.,Oil Tanker,,10.7,EQUATORIAL GUINEA (Экваториальная Гвинея).,oil_tanker
9360439,636021941.0,PRELUDE.,Oil Tanker,,10.4,LIBERIA (Либерия).,oil_tanker
9360441,636020898.0,HISTRIA CORAL.,Oil Tanker,,7.3,LIBERIA (Либерия).,oil_tanker
9360453,463075101.0,MARDAN.,Crude Oil Tanker.,,8.6,PAKISTAN (Пакистан).,oil_tanker
9360829,538002388.0,FSO AFRICA,Floating Storage/Production (Плавучее нефтехранилище/отгрузочный терминал),,18.5,MARSHALL ISLANDS (Маршалловы Острова),oil_tanker
9360934,371433000.0,,Oil Tanker,,10.3,Панама (Panama). Судно зарегистрировано в крупнейшем мировом открытом регистре.,oil_tanker
9361031,247287600.0,ODOARDO AMORETTI.,Oil Tanker,,5.8,ITALY (Италия).,oil_tanker
9362372,477966300.0,BLOSSOM GLORY.,Oil Tanker,,8.0,HONG KONG (Гонконг).,oil_tanker
9363522,636020988.0,HISTRIA CORAL.,Oil Tanker,,7.3,LIBERIA (Либерия).,oil_tanker
9363845,636023447.0,QD SUMMER.,Oil Tanker,,8.9,LIBERIA (Либерия).,oil_tanker
9364215,312050000.0,CY VICTORIOUS,Crude Oil Tanker (Танкер для перевозки сырой нефти),,14.8,BELIZE (Белиз),oil_tanker
9364239,636020835.0,SOFIA II,Crude Oil Tanker (Танкер для перевозки сырой нефти),,8.2,LIBERIA (Либерия),oil_tanker
9365001,,PM MONARCH,Нефтяной танкер (Crude Oil Tanker),,8.5,Маршалловы Острова,oil_tanker
9365051,,KOWA MARU NO.18,Oil Products Tanker (Танкер для перевозки нефтепродуктов),,4.4,ЯПОНИЯ (JAPAN),oil_tanker
9365362,636020820.0,HISTRIA CORAL.,Oil Tanker,,7.3,LIBERIA (Либерия).,oil_tanker
9365623,636012669.0,HISTRIA CROWN.,Oil Tanker,,7.3,LIBERIA (Либерия).,oil_tanker
9366275,563170300.0,ALPINE EAGLE.,Oil Tanker,,7.5,SINGAPORE (Сингапур).,oil_tanker
9366299,636021252.0,ELKA ATHINA.,Oil/Chemical Tanker (Танкер для перевозки нефти и химикатов).,,8.0,LIBERIA (Либерия).,oil_tanker
9367217,636020916.0,ELKA ATHINA.,Oil/Chemical Tanker (Танкер для перевозки нефти и химикатов).,,8.0,LIBERIA (Либерия).,oil_tanker
9367669,311001200.0,PETALOUDA,Oil/Chemical Tanker (Танкер для перевозки нефти и химикатов),,8.2,Багамы (BAHAMAS),oil_tanker
9367695,538090615.0,,Oil Products Tanker (Танкер-продуктовоз),,7.0,"Маршалловы Острова Год постройки: 2008 Габариты: Длина — 182.5 м, ширина — 32.2 м,",oil_tanker
9367700,,HANSA SEALIFTER,Oil Products Tanker (Танкер для перевозки нефтепродуктов),,7.5,МАРШАЛЛОВЫ ОСТРОВА (MARSHALL ISLANDS),oil_tanker
9367712,538090616.0,HANSA SEALEADER,Oil Products Tanker (Танкер-продуктовоз),,7.0,Маршалловы Острова,oil_tanker
9367748,352004533.0,PVT VALENCIA,Oil Products Tanker (Танкер для перевозки нефтепродуктов),,11.6,Панама (PANAMA),oil_tanker
9368302,352002544.0,,Floating Storage/Production (Плавучее хранилище/производство),,9.3,Панама [PA],oil_tanker
9368314,636020929.0,ELKA ATHINA.,Oil/Chemical Tanker (Танкер для перевозки нефти и химикатов).,,8.0,LIBERIA (Либерия).,oil_tanker
9368780,636021129.0,ELKA ATHINA.,Oil/Chemical Tanker (Танкер для перевозки нефти и химикатов).,,8.0,LIBERIA (Либерия).,oil_tanker
9369760,352002355.0,GAS RIVER.,Oil Tanker,,6.5,PANAMA (Панама).,oil_tanker
9369904,636020928.0,ELKA ATHINA.,Oil/Chemical Tanker (Танкер для перевозки нефти и химикатов).,,8.0,LIBERIA (Либерия).,oil_tanker
9370575,441705000.0,GLORY HANA,Oil/Chemical Tanker (Танкер-химовоз),,4.5,Республика Корея (REPUBLIC OF KOREA),oil_tanker
9370836,636020827.0,HISTRIA CORAL.,Oil Tanker,,7.3,LIBERIA (Либерия).,oil_tanker
9370848,636021014.0,HISTRIA CORAL.,Oil Tanker,,7.3,LIBERIA (Либерия).,oil_tanker
9370850,636014121.0,HISTRIA PERLA.,Oil Tanker,,7.3,LIBERIA (Либерия).,oil_tanker
9371309,636021150.0,HISTRIA CORAL.,Oil Tanker,,7.3,LIBERIA (Либерия).,oil_tanker
9371593,,DESH VIRAAT,Crude Oil Tanker (Танкер для перевозки сырой нефти),,11.0,ИНДИЯ (INDIA),oil_tanker
9371775,725005708.0,,Oil Tanker,,9.1,"Чили (Chile). Судно оперирует под национальным флагом, выполняя внутренние рейсы вдоль побережья Латинской Америки.",oil_tanker
9372743,,,Oil Tanker,,9.4,,oil_tanker
9373668,636012678.0,HISTRIA PERLA.,Oil Tanker,,7.3,LIBERIA (Либерия).,oil_tanker
9374296,538012084.0,MARIA FAITH.,Oil Tanker,,8.0,MARSHALL ISLANDS (Маршалловы Острова).,oil_tanker
9374507,538012234.0,ATLANTIS ARTEMIDA,Oil/Chemical Tanker (Нефтеналивной танкер/Химовоз),,7.9,MARSHALL ISLANDS (Маршалловы Острова),oil_tanker
9374521,636021131.0,ELKA ATHINA.,Oil/Chemical Tanker (Танкер для перевозки нефти и химикатов).,,8.0,LIBERIA (Либерия).,oil_tanker
9374557,636020842.0,HISTRIA CORAL.,Oil Tanker,,7.3,LIBERIA (Либерия).,oil_tanker
9374569,636021150.0,ELKA ATHINA.,Oil/Chemical Tanker (Танкер для перевозки нефти и химикатов).,,8.0,LIBERIA (Либерия).,oil_tanker
9374844,636012665.0,HISTRIA CORAL.,Oil Tanker,,7.3,LIBERIA (Либерия).,oil_tanker
9374856,563180100.0,ALORA,Crude Oil Tanker (Танкер для перевозки сырой нефти),,14.3,SINGAPORE (Сингапур),oil_tanker
9375317,,SINO WISDOM,Танкер для перевозки химических грузов / нефтепродуктов (Chemical/Oil Products Tanker),,7.3,Панама,oil_tanker
9376751,636026355.0,ASIAN LION,Crude Oil Tanker (Крупнотоннажный танкер для перевозки сырой нефти),,11.5,ЛИБЕРИЯ (LIBERIA),oil_tanker
9376816,636023504.0,YANBU.,Oil Tanker,,11.0,LIBERIA (Либерия).,oil_tanker
9376945,636022191.0,ROSE I.,Oil Tanker,,7.0,LIBERIA (Либерия).,oil_tanker
9377066,538011089.0,ECO 3,Oil/Chemical Tanker (Танкер для нефти и химикатов),,6.8,MARSHALL ISLANDS (Маршалловы Острова),oil_tanker
9377224,636014459.0,ELKA LEFKADA.,Oil/Chemical Tanker (Танкер для перевозки нефти и химикатов).,,8.0,LIBERIA (Либерия).,oil_tanker
9377420,,PHILIPPINES PROSPERITY,Нефтяной танкер (Crude Oil Tanker),,11.0,Либерия,oil_tanker
9377585,355201000.0,SUN RISE I,Oil Products Tanker (Танкер для нефтепродуктов),,5.0,PANAMA (Панама),oil_tanker
9378278,636021089.0,HISTRIA CORAL.,Oil Tanker,,7.3,LIBERIA (Либерия).,oil_tanker
9378333,477797300.0,SC TIANJIN,Oil/Chemical Tanker,,8.9,HONG KONG (Гонконг),oil_tanker
9378723,636021121.0,ELKA ATHINA.,Oil/Chemical Tanker (Танкер для перевозки нефти и химикатов).,,8.0,LIBERIA (Либерия).,oil_tanker
9378773,352003242.0,TORERO,Chemical/Oil Products Tanker (Танкер-химовоз / продуктовоз),,,Панама,oil_tanker
9378864,636013351.0,GLADIATOR.,Oil Tanker,,8.5,LIBERIA (Либерия).,oil_tanker
9379129,636019261.0,RUI FU SHENG.,Oil Tanker,,8.0,LIBERIA (Либерия).,oil_tanker
9379131,,SEA VOYAGER,Crude Oil Tanker (Танкер для перевозки сырой нефти),,15.6,ЛИБЕРИЯ (LIBERIA),oil_tanker
9379208,,JIAOLONG,Crude Oil Tanker (Танкер для перевозки сырой нефти),,9.1,ЛИБЕРИЯ (LIBERIA),oil_tanker
9379313,538005167.0,NEW FUTURE,Oil/Chemical Tanker (Нефтеналивной танкер/Химовоз),,11.5,MARSHALL ISLANDS (Маршалловы Острова),oil_tanker
9379337,636025670.0,AGIOS CHARALAMBOS.,Oil Tanker,,12.7,LIBERIA (Либерия).,oil_tanker
9379777,413372000.0,CHANG HANG HONG TU,Oil Products Tanker (Танкер-продуктовоз),,7.5,CHINA (Китай),oil_tanker
9379791,413689000.0,CHANG HANG XIAN FENG,Oil Products Tanker (Танкер для перевозки нефтепродуктов),,11.3,КИТАЙ (CHINA),oil_tanker
9379818,636021159.0,ELKA ATHINA.,Oil/Chemical Tanker (Танкер для перевозки нефти и химикатов).,,8.0,LIBERIA (Либерия).,oil_tanker
9379973,,CYPRESS GALAXY,Chemical Tanker (Танкер-химовоз),,7.0,ПАНАМА (PANAMA),oil_tanker
9380477,218057000.0,SEASPRAT.,Oil Tanker,,9.4,GERMANY (Германия).,oil_tanker
9380489,636020967.0,HISTRIA CORAL.,Oil Tanker,,7.3,LIBERIA (Либерия).,oil_tanker
9380520,9380520.0,GRAN COUVA,Oil/Chemical Tanker,,7.8,HONG KONG (Гонконг),oil_tanker
9380570,511101819.0,KURDOS III,Oil/Chemical Tanker (Нефтеналивной/Химовоз),,8.0,PALAU (Палау),oil_tanker
9380673,636020819.0,HISTRIA CORAL.,Oil Tanker,,7.3,LIBERIA (Либерия).,oil_tanker
9380893,636021030.0,ELKA ATHINA.,Oil/Chemical Tanker (Танкер для перевозки нефти и химикатов).,,8.0,LIBERIA (Либерия).,oil_tanker
9381287,,NISSHUN MARU,Oil Products Tanker (Танкер для перевозки нефтепродуктов),,6.4,ЯПОНИЯ (JAPAN),oil_tanker
9381512,636012676.0,HISTRIA PREZIOSA.,Oil Tanker,,7.3,LIBERIA (Либерия).,oil_tanker
9381732,636022832.0,KAIEN,Bulk Carrier (Балкер / Класс Handysize),,6.1,LIBERIA (Либерия),oil_tanker
9381756,,VELOS AQUARIUS,Oil/Chemical Tanker (Танкер для перевозки нефти/химических продуктов),,11.1,МАРШАЛЛОВЫ ОСТРОВА (MARSHALL ISLANDS),oil_tanker
9381768,538008670.0,VELOS LEO.,Oil Tanker,,7.0,MARSHALL ISLANDS (Маршалловы Острова).,oil_tanker
9382085,636021143.0,HISTRIA CORAL.,Oil Tanker,,7.3,LIBERIA (Либерия).,oil_tanker
9382152,354011000.0,LEROS.,Oil Tanker,,5.7,PANAMA (Панама).,oil_tanker
9382190,236705000.0,PAXOI.,Oil Tanker,,6.9,GIBRALTAR (Гибралтар).,oil_tanker
9382712,667001964.0,DENVER.,Oil Tanker,,8.0,SIERRA LEONE (Сьерра-Леоне).,oil_tanker
9382762,215466000.0,MINERVA SOPHIA.,Oil Tanker,,13.8,MALTA (Мальта).,oil_tanker
9382970,636014804.0,,Oil Tanker,,8.2,Либерия (Liberia) [Судно].,oil_tanker
9383869,636021095.0,HISTRIA CORAL.,Oil Tanker,,7.3,LIBERIA (Либерия).,oil_tanker
9383895,,CENTRAL STAR,Oil/Chemical Tanker (Танкер для перевозки нефтепродуктов и химикатов),,11.1,МАРШАЛЛОВЫ ОСТРОВА (MARSHALL ISLANDS),oil_tanker
9384069,613381403.0,LION I.,Oil Tanker,,14.7,CAMEROON (Камерун).,oil_tanker
9384095,636021037.0,HISTRIA CORAL.,Oil Tanker,,7.3,LIBERIA (Либерия).,oil_tanker
9384124,215072000.0,VALGARDENA.,Oil Tanker,,10.9,MALTA (Мальта).,oil_tanker
9384203,311002049.0,SHAYBAH,Crude Oil Tanker (Нефтеналивной танкер для сырой нефти / супертанкер класса VLCC),,11.5,BAHAMAS (Багамские Острова),oil_tanker
9384215,403562000.0,KHUZAMA.,Oil Tanker,,11.0,SAUDI ARABIA (Саудовская Аравия).,oil_tanker
9385037,477372500.0,LONG WIND,Crude Oil Tanker (Танкер для сырой нефти),,21.4,HONG KONG (Гонконг),oil_tanker
9385192,636012670.0,HISTRIA CROWN.,Oil Tanker,,7.3,LIBERIA (Либерия).,oil_tanker
9385685,370355000.0,GAS ALKHALEEJ.,Oil Tanker,,8.0,PANAMA (Панама).,oil_tanker
9385831,636020999.0,HISTRIA CORAL.,Oil Tanker,,7.3,LIBERIA (Либерия).,oil_tanker
9386938,403522001.0,JANA.,Oil Tanker,,10.8,SAUDI ARABIA (Саудовская Аравия).,oil_tanker
9387152,511101945.0,OCEAN WAVE,Oil Products Tanker (Танкер для нефтепродуктов),,5.0,PALAU (Палау),oil_tanker
9387164,357132000.0,MAXIMUS.,Oil Products Tanker.,,4.7,PANAMA (Панама).,oil_tanker
9387267,636014460.0,ELKA ARISTOTLE.,Oil/Chemical Tanker (Танкер для перевозки нефти и химикатов).,,8.0,LIBERIA (Либерия).,oil_tanker
9387279,636020951.0,HISTRIA CORAL.,Oil Tanker,,7.3,LIBERIA (Либерия).,oil_tanker
9387580,215070000.0,VALLE BIANCA.,Oil Tanker,,11.5,MALTA (Мальта).,oil_tanker
9387712,636021212.0,ELKA ATHINA.,Oil/Chemical Tanker (Танкер для перевозки нефти и химикатов).,,8.0,LIBERIA (Либерия).,oil_tanker
9387956,419001235.0,JAG PAVITRA,Oil/Chemical Tanker (Танкер для перевозки нефти и химикатов),,11.5,INDIA (Индия),oil_tanker
9388027,647553009.0,MANASLU.,Oil Tanker,,12.0,MADAGASCAR (Мадагаскар).,oil_tanker
9388376,240417000.0,SEMERU.,Oil Tanker,,8.2,MALTA (Мальта).,oil_tanker
9388730,636020839.0,HISTRIA CORAL.,Oil Tanker,,7.3,LIBERIA (Либерия).,oil_tanker
9388742,636021057.0,ELKA ATHINA.,Oil/Chemical Tanker (Танкер для перевозки нефти и химикатов).,,8.0,LIBERIA (Либерия).,oil_tanker
9388754,,JAL ANJALI,Crude Oil Tanker (Танкер для перевозки сырой нефти),,8.1,ИНДИЯ (INDIA),oil_tanker
9388780,631010073.0,BAI LU.,Oil Tanker,,9.5,EQUATORIAL GUINEA (Экваториальная Гвинея).,oil_tanker
9388807,636014120.0,HISTRIA AMETHYST.,Oil Tanker,,7.3,LIBERIA (Либерия).,oil_tanker
9389033,636013383.0,MALTA PROSPERITY.,Oil Tanker,,11.0,LIBERIA (Либерия).,oil_tanker
9389071,352005354.0,TANGO 2.,Oil Tanker,,8.0,PANAMA (Панама).,oil_tanker
9389095,636021174.0,ELKA ATHINA.,Oil/Chemical Tanker (Танкер для перевозки нефти и химикатов).,,8.0,LIBERIA (Либерия).,oil_tanker
9389100,613411302.0,SMYRTOS.,Crude Oil Tanker.,,8.0,CAMEROON (Камерун).,oil_tanker
9389265,,IVORY COAST PROSPERITY,Crude Oil Tanker (Танкер для перевозки сырой нефти),,20.5,ЛИБЕРИЯ (LIBERIA),oil_tanker
9389332,345030072.0,MIGUEL HIDALGO II,Oil/Chemical Tanker,,11.1,MEXICO (Мексика),oil_tanker
9389497,240713000.0,KAPETAN MICHALIS.,Oil Tanker,,7.7,GREECE (Греция).,oil_tanker
9389502,620911000.0,BALD MAN,Oil/Chemical Tanker (Нефтеналивной танкер/Химовоз),,8.5,COMOROS (Коморы),oil_tanker
9389526,219277000.0,HENNING MAERSK.,Oil Tanker,,6.7,DENMARK (Дания).,oil_tanker
9389679,667002240.0,BULLAR.,Crude Oil Tanker.,,8.2,SIERRA LEONE (Сьерра-Леоне).,oil_tanker
9389758,,XIN TONG YANG,Нефтяной танкер (Crude Oil Tanker),,10.0,Гонконг,oil_tanker
9389772,477595500.0,XIN YUE YANG.,Oil Tanker,,11.0,HONG KONG (Гонконг).,oil_tanker
9389849,,CHEMROAD DIGNITY,Oil/Chemical Tanker (Танкер для перевозки нефти и химических продуктов),,8.7,ПАНАМА (PANAMA),oil_tanker
9389863,636023086.0,SHAHRAZAD,Crude Oil Tanker (Танкер для перевозки сырой нефти),,12.1,LIBERIA (Либерия),oil_tanker
9389978,563066900.0,KHK EMPRESS,Crude Oil Tanker (Танкер для перевозки сырой нефти),,8.2,SINGAPORE (Сингапур),oil_tanker
9390032,636021162.0,HISTRIA CORAL.,Oil Tanker,,7.3,LIBERIA (Либерия).,oil_tanker
9390161,419745000.0,JAG AANCHAL.,Oil Tanker,,8.0,INDIA (Индия).,oil_tanker
9390587,636020841.0,HISTRIA CORAL.,Oil Tanker,,7.3,LIBERIA (Либерия).,oil_tanker
9390628,636026140.0,SKIROS.,Crude Oil Tanker.,,15.0,LIBERIA (Либерия).,oil_tanker
9390692,636013615.0,SOCRATES.,Oil Tanker,,8.1,LIBERIA (Либерия).,oil_tanker
9390707,441181000.0,GIANT SAMBU,Танкер-химовоз/продуктовоз (Chemical/Oil Products Tanker).,,7.3,Республика Корея.,oil_tanker
9391000,636020876.0,HISTRIA CORAL.,Oil Tanker,,7.3,LIBERIA (Либерия).,oil_tanker
9391294,345200011.0,BICENTENARIO,Oil/Chemical Tanker,,6.2,MEXICO (Мексика),oil_tanker
9391361,636019418.0,,Oil Tanker,,10.2,Либерия (Liberia). Судно оперирует под международным открытым регистром.,oil_tanker
9391402,352004840.0,MESTRAL.,Oil Tanker,,10.0,PANAMA (Панама).,oil_tanker
9391426,538011332.0,MAYFAIR,Oil/Chemical Tanker,,10.2,Marshall Islands (Маршалловы Острова),oil_tanker
9391438,,SEAWAYS MOMENT,Oil/Chemical Tanker (Танкер для перевозки нефтепродуктов и химикатов),,8.0,МАРШАЛЛОВЫ ОСТРОВА (MARSHALL ISLANDS),oil_tanker
9391490,636021235.0,ELKA ATHINA.,Oil/Chemical Tanker (Танкер для перевозки нефти и химикатов).,,8.0,LIBERIA (Либерия).,oil_tanker
9391751,,SAKURAGAWA,Crude Oil Tanker (Танкер для перевозки сырой нефти),,10.1,ЯПОНИЯ (JAPAN),oil_tanker
9391957,636020945.0,HISTRIA CORAL.,Oil Tanker,,7.3,LIBERIA (Либерия).,oil_tanker
9392315,636019277.0,KRITI ROCK.,Oil Tanker,,7.5,LIBERIA (Либерия).,oil_tanker
9392377,636021221.0,ELKA ATHINA.,Oil/Chemical Tanker (Танкер для перевозки нефти и химикатов).,,8.0,LIBERIA (Либерия).,oil_tanker
9392781,538010196.0,FALCON ROYAL,Product Tanker (Танкер-продуктовоз),,11.4,Маршалловы Острова (MARSHALL IS),oil_tanker
9393292,403263670.0,MARWAH 9.,Oil Tanker,,5.3,SAUDI ARABIA (Саудовская Аравия).,oil_tanker
9393333,636021100.0,ELKA ATHINA.,Oil/Chemical Tanker (Танкер для перевозки нефти и химикатов).,,8.0,LIBERIA (Либерия).,oil_tanker
9394076,636021093.0,ELKA ATHINA.,Oil/Chemical Tanker (Танкер для перевозки нефти и химикатов).,,8.0,LIBERIA (Либерия).,oil_tanker
9394741,403465000.0,MIRAJ.,Oil Tanker,,6.5,SAUDI ARABIA (Саудовская Аравия).,oil_tanker
9395329,249575000.0,BOTAFOGO.,Oil Tanker,,8.0,MALTA (Мальта).,oil_tanker
9395379,613702110.0,FORTIS.,Oil Tanker,,14.7,CAMEROON (Камерун).,oil_tanker
9395719,511101929.0,TITAN WAVE.,Oil/Chemical Tanker.,,5.1,PALAU (Палау).,oil_tanker
9395989,636020996.0,ELKA ATHINA.,Oil/Chemical Tanker (Танкер для перевозки нефти и химикатов).,,8.0,LIBERIA (Либерия).,oil_tanker
9395991,248791000.0,,Oil Tanker,,5.4,Мальта (Malta). Судно оперирует под одним из ведущих международных открытых регистров.,oil_tanker
9396000,636021088.0,HISTRIA CORAL.,Oil Tanker,,7.3,LIBERIA (Либерия).,oil_tanker
9396323,636021170.0,ELKA ATHINA.,Oil/Chemical Tanker (Танкер для перевозки нефти и химикатов).,,8.0,LIBERIA (Либерия).,oil_tanker
9396335,636013848.0,HISTRIA TIGER.,Oil Tanker,,7.0,LIBERIA (Либерия).,oil_tanker
9396660,255806147.0,CLIO,Crude Oil Tanker (Танкер для перевозки сырой нефти),,9.9,Португалия (Мадейра),oil_tanker
9396713,636017845.0,AQUADISIAC.,Oil Tanker,,8.0,LIBERIA (Либерия).,oil_tanker
9396725,255916103.0,SAN REMO,Oil/Chemical Tanker (Танкер для перевозки нефтепродуктов и химикатов),,8.0,Португалия (Мадейра),oil_tanker
9396749,636020869.0,HISTRIA CORAL.,Oil Tanker,,7.3,LIBERIA (Либерия).,oil_tanker
9396763,352004858.0,AUTAN.,Oil Tanker,,11.9,PANAMA (Панама).,oil_tanker
9397157,538010193.0,FALCON PRIDE,Product Tanker (Танкер-продуктовоз),,11.4,Маршалловы Острова (MARSHALL IS),oil_tanker
9397547,636020835.0,HISTRIA CORAL.,Oil Tanker,,7.3,LIBERIA (Либерия).,oil_tanker
9397559,273257640.0,ARIA.,Oil Tanker,,12.0,RUSSIA (Россия).,oil_tanker
9397755,636021270.0,ELKA ATHINA.,Oil/Chemical Tanker (Танкер для перевозки нефти и химикатов).,,8.0,LIBERIA (Либерия).,oil_tanker
9397793,636014464.0,ELKA ATHINA.,Oil/Chemical Tanker (Танкер для перевозки нефти и химикатов).,,8.0,LIBERIA (Либерия).,oil_tanker
9398060,,NEW PARADISE,Crude Oil Tanker (Танкер для перевозки сырой нефти),,19.1,ЛИБЕРИЯ (LIBERIA),oil_tanker
9398084,636025397.0,SHIRAYUKI,Crude Oil Tanker (Танкер для перевозки сырой нефти),,11.0,ЛИБЕРИЯ (LIBERIA),oil_tanker
9398266,636014120.0,HISTRIA LUMINITA.,Oil Tanker,,7.3,LIBERIA (Либерия).,oil_tanker
9399064,367492110.0,ODYSSEA TITAN,Multi Purpose Offshore Vessel (Многоцелевое судно обеспечения),,3.3,США (UNITED STATES OF AMERICA),oil_tanker
9399349,636020993.0,ELKA ATHINA.,Oil/Chemical Tanker (Танкер для перевозки нефти и химикатов).,,8.0,LIBERIA (Либерия).,oil_tanker
9399363,636021100.0,HISTRIA CORAL.,Oil Tanker,,7.3,LIBERIA (Либерия).,oil_tanker
9399478,636023772.0,STALLION,Crude Oil Tanker (Танкер для сырой нефти),,16.2,LIBERIA (Либерия),oil_tanker
9399480,636020988.0,ELKA ATHINA.,Oil/Chemical Tanker (Танкер для перевозки нефти и химикатов).,,8.0,LIBERIA (Либерия).,oil_tanker
9399492,,MOTELE OLA,Crude Oil Tanker (Танкер для перевозки сырой нефти),,9.0,ЛИБЕРИЯ (LIBERIA),oil_tanker
9399818,419762000.0,SWARNA SINDHU,Oil Products Tanker (Танкер для перевозки нефтепродуктов),,8.4,INDIA (Индия),oil_tanker
9399935,636019627.0,MICA.,Oil/Chemical Tanker.,,11.5,LIBERIA (Либерия).,oil_tanker
9400409,,JBU OPAL,Oil/Chemical Tanker (Танкер для перевозки нефтепродуктов и химикатов),,10.3,РЕСПУБЛИКА КОРЕЯ (REPUBLIC OF KOREA),oil_tanker
9400980,,EVALI,Crude Oil Tanker (Танкер для перевозки сырой нефти),,8.0,КОМОРСКИЕ ОСТРОВА (COMOROS),oil_tanker
9401154,248416000.0,NAMRATA.,Oil Tanker,,12.2,MALTA (Мальта).,oil_tanker
9401544,636020969.0,HISTRIA CORAL.,Oil Tanker,,7.3,LIBERIA (Либерия).,oil_tanker
9402213,538009381.0,VELOS EMERALD.,Oil Tanker,,14.3,MARSHALL ISLANDS (Маршалловы Острова).,oil_tanker
9402263,636021166.0,HISTRIA CORAL.,Oil Tanker,,7.3,LIBERIA (Либерия).,oil_tanker
9402328,,SARA SKY,Crude Oil Tanker (Танкер для перевозки сырой нефти),,14.4,СЬЕРРА-ЛЕОНЕ (SIERRA LEONE),oil_tanker
9402471,636021033.0,ELKA ATHINA.,Oil/Chemical Tanker (Танкер для перевозки нефти и химикатов).,,8.0,LIBERIA (Либерия).,oil_tanker
9402562,636021007.0,HISTRIA CORAL.,Oil Tanker,,7.3,LIBERIA (Либерия).,oil_tanker
9402574,636024948.0,NAVIGATOR VESTA.,Oil Tanker,,5.8,LIBERIA (Либерия).,oil_tanker
9402691,373151000.0,VACAMONTE,Oil/Chemical Tanker (Нефтеналивной танкер/Химовоз),,7.2,PANAMA (Панама),oil_tanker
9402794,538003585.0,GAITA,Oil Products Tanker (Танкер для нефтепродуктов),,11.0,MARSHALL ISLANDS (Маршалловы Острова),oil_tanker
9402823,9402823.0,ELKA ATHINA.,Oil/Chemical Tanker (Танкер для перевозки нефти и химикатов).,,8.0,LIBERIA (Либерия).,oil_tanker
9402835,271050193.0,CHEM LEADER.,Oil Tanker,,8.0,TURKIYE (Турция).,oil_tanker
9403293,725026000.0,,Oil Tanker,,9.2,"Чили (Chile). Судно эксплуатируется под национальным флагом для обеспечения внутренних потребностей энергетического и сырьевого секторов страны.Габариты: Длина (LOA) — 174.40 м, ширина — 27.70 м (интерфейс спутникового ИНС на image_331921.jpg указывает округленную длину 174 м и конструктивную ширину 27.73 м).Тоннаж:",oil_tanker
9403475,538012456.0,ANGERONA.,Crude Oil Tanker (Танкер для перевозки сырой нефти).,,7.9,MARSHALL ISLANDS (Маршалловы Острова).,oil_tanker
9403542,636013354.0,LEADER.,Crude Oil Tanker.,,12.5,LIBERIA (Либерия).,oil_tanker
9403839,636019813.0,,Oil Tanker,,6.4,Либерия (Liberia). Оперирует под международным открытым регистром.,oil_tanker
9403891,636020990.0,ELKA ATHINA.,Oil/Chemical Tanker (Танкер для перевозки нефти и химикатов).,,8.0,LIBERIA (Либерия).,oil_tanker
9404144,419001952.0,ORCHIDS,Oil/Chemical Tanker (Танкер для перевозки нефти и химикатов),,5.6,INDIA (Индия),oil_tanker
9404572,352001366.0,FOSHAN,Oil/Chemical Tanker (Танкер для перевозки нефти и химикатов),,4.5,PANAMA (Панама),oil_tanker
9404584,636020989.0,HISTRIA CORAL.,Oil Tanker,,7.3,LIBERIA (Либерия).,oil_tanker
9404807,636014124.0,HISTRIA PETRA.,Oil Tanker,,7.3,LIBERIA (Либерия).,oil_tanker
9404948,613271404.0,THRON.,Oil Tanker,,14.9,CAMEROON (Камерун).,oil_tanker
9405057,,HIGH PEAK,Oil/Chemical Tanker (Танкер для перевозки нефтепродуктов и химикатов),,4.7,РЕСПУБЛИКА КОРЕЯ (REPUBLIC OF KOREA),oil_tanker
9405227,563065600.0,TORM LOUISE,Oil/Chemical Tanker (Танкер для перевозки нефтепродуктов и химикатов),,11.1,СИНГАПУР (SINGAPORE),oil_tanker
9405564,636025558.0,SIFNOS.,Oil Tanker,,8.1,LIBERIA (Либерия).,oil_tanker
9405588,636020969.0,ELKA ATHINA.,Oil/Chemical Tanker (Танкер для перевозки нефти и химикатов).,,8.0,LIBERIA (Либерия).,oil_tanker
9405643,,JN EMERALD,Oil/Chemical Tanker (Танкер для перевозки нефтепродуктов и химикатов),,6.7,РЕСПУБЛИКА КОРЕЯ (REPUBLIC OF KOREA),oil_tanker
9405849,370985000.0,MATRAH.,Oil Tanker,,7.6,PANAMA (Панама).,oil_tanker
9405916,636020981.0,ELKA ATHINA.,Oil/Chemical Tanker (Танкер для перевозки нефти и химикатов).,,8.0,LIBERIA (Либерия).,oil_tanker
9406673,636014122.0,HISTRIA DANTE.,Oil Tanker,,7.3,LIBERIA (Либерия).,oil_tanker
9406685,9406685.0,ELKA ATHINA.,Oil/Chemical Tanker (Танкер для перевозки нефти и химикатов).,,8.0,LIBERIA (Либерия).,oil_tanker
9407201,356903000.0,ORIENTAL MARGUERITE,Oil/Chemical Tanker (Танкер для перевозки нефти и химикатов),,9.0,Панама (PANAMA),oil_tanker
9407330,636021065.0,HISTRIA CORAL.,Oil Tanker,,7.3,LIBERIA (Либерия).,oil_tanker
9407445,636013344.0,HISTRIA D'ORO.,Oil Tanker,,7.3,LIBERIA (Либерия).,oil_tanker
9407835,636014043.0,SCIROCCO.,Oil Tanker,,8.2,LIBERIA (Либерия).,oil_tanker
9408205,613741800.0,NELSA.,Oil Tanker,,9.3,CAMEROON (Камерун).,oil_tanker
9408554,,HE BO,Crude Oil Tanker (Танкер для перевозки сырой нефти),,8.0,СЕНТ-ВИНСЕНТ И ГРЕНАДИНЫ (SAINT VINCENT AND THE GRENADINES),oil_tanker
9408762,477144300.0,SEAVOYAGER.,Crude Oil Tanker (Танкер для перевозки сырой нефти).,,8.0,HONG KONG (Гонконг).,oil_tanker
9408798,314908000.0,MALED,Oil/Chemical Tanker (Танкер для перевозки нефтепродуктов и химикатов),,8.2,Барбадос (BARBADOS),oil_tanker
9409168,636012679.0,HISTRIA PERLA.,Oil Tanker,,7.3,LIBERIA (Либерия).,oil_tanker
9409247,631010075.0,VALIANT.,Oil Tanker,,11.0,EQUATORIAL GUINEA (Экваториальная Гвинея).,oil_tanker
9409273,636021050.0,HISTRIA CORAL.,Oil Tanker,,7.3,LIBERIA (Либерия).,oil_tanker
9409467,632001125.0,PRAVASI.,Oil Products Tanker.,,14.0,GUINEA (Гвинея).,oil_tanker
9409479,636014460.0,ELKA ARISTOTLE.,Oil/Chemical Tanker (Танкер для перевозки нефти и химикатов).,,8.0,LIBERIA (Либерия).,oil_tanker
9409510,538005355.0,NO.5 OCEAN PIONEER,Oil/Chemical Tanker (Танкер для перевозки нефти и химикатов),,10.2,MARSHALL ISLANDS (Маршалловы Острова),oil_tanker
9410014,636013239.0,SEAWAYS OAK,Chemical/Oil Products Tanker (Танкер-химовоз/продуктовоз),,11.1,Либерия,oil_tanker
9410399,,SERIFOS,Нефтяной танкер (Crude Oil Tanker),,11.0,Либерия,oil_tanker
9410507,636021097.0,ELKA ATHINA.,Oil/Chemical Tanker (Танкер для перевозки нефти и химикатов).,,8.0,LIBERIA (Либерия).,oil_tanker
9410624,636023743.0,GAS MELODY.,Oil Tanker,,8.7,LIBERIA (Либерия).,oil_tanker
9410648,636021045.0,HISTRIA CORAL.,Oil Tanker,,7.3,LIBERIA (Либерия).,oil_tanker
9410909,636021018.0,HISTRIA CORAL.,Oil Tanker,,7.3,LIBERIA (Либерия).,oil_tanker
9410911,636020920.0,HISTRIA CORAL.,Oil Tanker,,7.3,LIBERIA (Либерия).,oil_tanker
9411185,352005099.0,NEPHIRA.,Oil Tanker,,8.5,PANAMA (Панама).,oil_tanker
9411226,,CE BERMUDA,Нефтяной танкер (Crude Oil Tanker),,15.9,Маршалловы Острова,oil_tanker
9411290,413275680.0,NENG YUAN 39,Chemical/Oil Products Tanker (Танкер-химовоз / продуктовоз),,11.4,Китай,oil_tanker
9411343,538008332.0,YANNIS P.,Crude Oil Tanker.,,9.3,MARSHALL ISLANDS (Маршалловы Острова).,oil_tanker
9411575,352001465.0,LADY YASSO,Oil/Chemical Tanker (Танкер для нефтепродуктов/химпродуктов),,6.5,PANAMA (Панама),oil_tanker
9411719,325307000.0,ANDES,Oil/Chemical Tanker (Танкер для нефти и химикатов),,3.6,DOMINICA (Доминика),oil_tanker
9411721,325946000.0,LILAC,Oil/Chemical Tanker (Нефтеналивной/Химовоз),,5.0,DOMINICA (Доминика),oil_tanker
9411941,636014123.0,HISTRIA GIULIA.,Oil Tanker,,7.3,LIBERIA (Либерия).,oil_tanker
9411991,636018752.0,FLAMENCO.,Oil Tanker,,10.0,LIBERIA (Либерия).,oil_tanker
9412000,636020963.0,HISTRIA CORAL.,Oil Tanker,,7.3,LIBERIA (Либерия).,oil_tanker
9412452,667001290.0,NILANGA,Oil Products Tanker,,14.2,SIERRA LEONE (Сьерра-Леоне),oil_tanker
9412581,311026700.0,NORDIC VEGA,Crude Oil Tanker (Танкер для перевозки сырой нефти),,16.1,Багамские Острова (BAHAMAS),oil_tanker
9412880,636021205.0,ELKA ATHINA.,Oil/Chemical Tanker (Танкер для перевозки нефти и химикатов).,,8.0,LIBERIA (Либерия).,oil_tanker
9412995,,KRUGER,Crude Oil Tanker (Танкер для перевозки сырой нефти),,8.6,ГВИНЕЯ (GUINEA),oil_tanker
9413004,352179000.0,HORAE,Crude Oil Tanker (Танкер для перевозки сырой нефти),,8.0,ПАНАМА (PANAMA),oil_tanker
9413016,9413016.0,BLUE SKY.,Crude Oil Tanker (Танкер для перевозки сырой нефти).,,8.0,LIBERIA (Либерия).,oil_tanker
9413028,255915925.0,BLUE SEA.,Oil Tanker,,8.0,PORTUGAL (Португалия).,oil_tanker
9413573,,ARCADIA,Crude Oil Tanker (Танкер для перевозки сырой нефти),,8.4,ОМАН (OMAN),oil_tanker
9413676,636014491.0,FOS MERCURY,Crude Oil Tanker (Танкер для перевозки сырой нефти),,10.8,LIBERIA (Либерия),oil_tanker
9413688,,SINBAD,Crude Oil Tanker (Танкер для перевозки сырой нефти),,13.9,ЛИБЕРИЯ (LIBERIA),oil_tanker
9413884,,KIYO MARU NO.8,Oil Products Tanker (Танкер для перевозки нефтепродуктов),,4.8,ЯПОНИЯ (JAPAN),oil_tanker
9414503,311000357.0,YAMATO SPIRIT,Crude Oil Tanker,,11.5,BAHAMAS (Багамы),oil_tanker
9414802,419754000.0,SWARNA GANGA,Oil Products Tanker (Танкер для перевозки нефтепродуктов),,,ИНДИЯ (INDIA),oil_tanker
9414814,,SWARNA BRAHMAPUTRA,Oil Products Tanker (Танкер для перевозки нефтепродуктов),,12.5,ИНДИЯ (INDIA),oil_tanker
9414838,419760000.0,SWARNA KRISHNA,Oil Products Tanker (Танкер для перевозки нефтепродуктов),,8.5,INDIA (Индия),oil_tanker
9414840,419759000.0,SWARNA KAVERI,"Oil Products Tanker (Классифицировано в AIS как Cargo Ship, Haz-C)",,8.5,ИНДИЯ (INDIA),oil_tanker
9415404,642122016.0,AL AGAILA.,Oil Tanker,,9.3,LIBYA (Ливия).,oil_tanker
9416109,,TG VIRGO,Oil/Chemical Tanker (Танкер для перевозки нефти/химических продуктов),,5.8,ЛИБЕРИЯ (LIBERIA),oil_tanker
9416329,352002913.0,ABC SUN,Oil/Chemical Tanker (Нефтеналивной танкер/Химовоз),,5.4,PANAMA (Панама),oil_tanker
9416733,,,Танкер для перевозки сырой нефти (Crude Oil Tanker).,,8.9,Бельгия.,oil_tanker
9417177,636020959.0,ELKA ATHINA.,Oil/Chemical Tanker (Танкер для перевозки нефти и химикатов).,,8.0,LIBERIA (Либерия).,oil_tanker
9417309,538008272.0,KAVO PLATANOS.,Oil Tanker,,6.8,MARSHALL ISLANDS (Маршалловы Острова).,oil_tanker
9417335,9417335.0,ELKA ATHINA.,Oil/Chemical Tanker (Танкер для перевозки нефти и химикатов).,,8.0,LIBERIA (Либерия).,oil_tanker
9417440,9417440.0,ELKA ATHINA.,Oil/Chemical Tanker (Танкер для перевозки нефти и химикатов).,,8.0,LIBERIA (Либерия).,oil_tanker
9417490,306295000.0,ARABIAN ENERGY,Oil/Chemical Tanker (Нефтеналивной/химический танкер),,5.7,CURACAO (Кюрасао),oil_tanker
9417543,248338000.0,KYTHIRA.,Oil Tanker,,4.8,MALTA (Мальта).,oil_tanker
9417751,636014461.0,ELKA LEFKADA.,Oil/Chemical Tanker (Танкер для перевозки нефти и химикатов).,,8.0,LIBERIA (Либерия).,oil_tanker
9417892,636020994.0,HISTRIA CORAL.,Oil Tanker,,7.3,LIBERIA (Либерия).,oil_tanker
9417957,209773000.0,HALKI.,Oil Tanker,,6.2,CYPRUS (Кипр).,oil_tanker
9418597,636021043.0,HISTRIA CORAL.,Oil Tanker,,7.3,LIBERIA (Либерия).,oil_tanker
9418614,636025641.0,LILA MARSEILLE.,Oil Tanker,,15.8,LIBERIA (Либерия).,oil_tanker
9418913,215736000.0,CHEMTRANS SEA,Chemical/Oil Tanker (Танкер для перевозки химикатов и нефтепродуктов),,9.9,МАЛЬТА (MALTA),oil_tanker
9419137,636020939.0,ELKA ATHINA.,Oil/Chemical Tanker (Танкер для перевозки нефти и химикатов).,,8.0,LIBERIA (Либерия).,oil_tanker
9419450,374987000.0,JEWEL.,Crude Oil Tanker.,,14.3,PANAMA (Панама).,oil_tanker
9419541,403516001.0,NCC DANAH.,Oil Tanker,,10.3,SAUDI ARABIA (Саудовская Аравия).,oil_tanker
9419553,247275300.0,FOUR WIND.,Oil Tanker,,12.0,ITALY (Италия).,oil_tanker
9419618,636024350.0,NISSOS HERACLEA,Crude Oil Tanker (Танкер для перевозки сырой нефти),,20.4,ЛИБЕРИЯ (LIBERIA),oil_tanker
9419735,256419000.0,MRC NAZENDE,Oil/Chemical Tanker,,7.4,MALTA (Мальта),oil_tanker
9419955,,FPMC C NOBLE,Нефтеналивной танкер (Crude Oil Tanker),,11.0,Либерия,oil_tanker
9420253,538003460.0,MAGIC STAR.,Oil Tanker,,11.6,MARSHALL ISLANDS (Маршалловы Острова).,oil_tanker
9420629,538009850.0,SEA VALIANT.,Crude Oil Tanker.,,14.3,MARSHALL ISLANDS (Маршалловы Острова).,oil_tanker
9420643,636021134.0,HISTRIA CORAL.,Oil Tanker,,7.3,LIBERIA (Либерия).,oil_tanker
9420851,636020762.0,HISTRIA CORAL.,Oil Tanker,,7.3,LIBERIA (Либерия).,oil_tanker
9421427,241325000.0,MARAN THETIS,Crude Oil Tanker (Танкер для перевозки сырой нефти),,11.3,GREECE (Греция),oil_tanker
9421960,636020943.0,ELKA ATHINA.,Oil/Chemical Tanker (Танкер для перевозки нефти и химикатов).,,8.0,LIBERIA (Либерия).,oil_tanker
9421972,636021093.0,HISTRIA CORAL.,Oil Tanker,,7.3,LIBERIA (Либерия).,oil_tanker
9422225,352005000.0,IONIAN FIGHTER,Oil/Chemical Tanker,,8.2,PANAMA (Панама),oil_tanker
9422457,636020828.0,HISTRIA CORAL.,Oil Tanker,,7.3,LIBERIA (Либерия).,oil_tanker
9422524,538003882.0,DUBAI ANGEL,Crude Oil Tanker,,8.4,MARSHALL ISLANDS (Маршалловы Острова),oil_tanker
9422548,538004173.0,DUBAI BEAUTY,Crude Oil Tanker (Танкер для перевозки сырой нефти),,8.0,MARSHALL ISLANDS (Маршалловы Острова),oil_tanker
9422615,,DONG A TRITON,Oil Products Tanker (Танкер для перевозки нефтепродуктов),,8.2,ПАНАМА (PANAMA),oil_tanker
9422639,636021552.0,TWIST.,Oil Tanker,,8.3,LIBERIA (Либерия).,oil_tanker
9422641,636021551.0,POLKA.,Oil Tanker,,10.4,LIBERIA (Либерия).,oil_tanker
9423621,563190800.0,PRABHU PARVATI,Oil/Chemical Tanker (Танкер для перевозки нефти и химикатов),,9.9,SINGAPORE (Сингапур),oil_tanker
9423712,636014233.0,HISTRIA TIGER.,Oil Tanker,,7.3,LIBERIA (Либерия).,oil_tanker
9424209,636014465.0,ORIENTAL ARK.,Oil Tanker,,10.5,LIBERIA (Либерия).,oil_tanker
9424285,425000001.0,DIJLAH,Oil Products Tanker (Танкер для перевозки нефтепродуктов),,7.6,Ирак (IRAQ),oil_tanker
9424534,470711000.0,FNSA 11,Oil Products Tanker (Танкер для перевозки нефтепродуктов),,3.4,UNITED ARAB EMIRATES (ОАЭ),oil_tanker
9424754,636020953.0,HISTRIA CORAL.,Oil Tanker,,7.3,LIBERIA (Либерия).,oil_tanker
9425241,636021163.0,ELKA ATHINA.,Oil/Chemical Tanker (Танкер для перевозки нефти и химикатов).,,8.0,LIBERIA (Либерия).,oil_tanker
9425318,636014121.0,HISTRIA CROWN.,Oil Tanker,,7.3,LIBERIA (Либерия).,oil_tanker
9425502,636012672.0,HISTRIA CROWN.,Oil Tanker,,7.3,LIBERIA (Либерия).,oil_tanker
9425514,538011903.0,JAG PRIYA.,Oil Products Tanker.,,7.0,MARSHALL ISLANDS (Маршалловы Острова).,oil_tanker
9425540,636021126.0,HISTRIA CORAL.,Oil Tanker,,7.3,LIBERIA (Либерия).,oil_tanker
9425980,563201300.0,PRABHU NAND.,Oil Tanker,,8.4,SINGAPORE (Сингапур).,oil_tanker
9426283,636020959.0,HISTRIA CORAL.,Oil Tanker,,7.3,LIBERIA (Либерия).,oil_tanker
9426441,,SENDA,Crude Oil Tanker (Танкер для перевозки сырой нефти),,8.5,ГОНКОНГ (HONG KONG),oil_tanker
9426922,271044024.0,KUZEY EKIM.,Oil Tanker,,9.1,TURKIYE (Турция).,oil_tanker
9427263,248538000.0,AMELIA,Oil Products Tanker (Танкер для нефтепродуктов),,4.5,MALTA (Мальта),oil_tanker
9427471,636020803.0,HISTRIA CORAL.,Oil Tanker,,7.3,LIBERIA (Либерия).,oil_tanker
9427988,636020856.0,HISTRIA CORAL.,Oil Tanker,,7.3,LIBERIA (Либерия).,oil_tanker
9428085,636021140.0,ELKA ATHINA.,Oil/Chemical Tanker (Танкер для перевозки нефти и химикатов).,,8.0,LIBERIA (Либерия).,oil_tanker
9428346,636021132.0,ELKA ATHINA.,Oil/Chemical Tanker (Танкер для перевозки нефти и химикатов).,,8.0,LIBERIA (Либерия).,oil_tanker
9428358,636014122.0,HISTRIA CRYSTAL.,Oil Tanker,,7.3,LIBERIA (Либерия).,oil_tanker
9428449,636021126.0,ELKA ATHINA.,Oil/Chemical Tanker (Танкер для перевозки нефти и химикатов).,,8.0,LIBERIA (Либерия).,oil_tanker
9428451,636012662.0,HISTRIA CORAL.,Oil Tanker,,7.3,LIBERIA (Либерия).,oil_tanker
9428815,636020986.0,HISTRIA CORAL.,Oil Tanker,,7.3,LIBERIA (Либерия).,oil_tanker
9428982,563216100.0,TORM GWENDOLYN.,Crude Oil Tanker (Танкер для перевозки сырой нефти).,,8.6,SINGAPORE (Сингапур).,oil_tanker
9429003,,TORM GWYNETH,Нефтяной танкер (Crude Oil Tanker),,9.0,Сингапур,oil_tanker
9429027,636021088.0,ELKA ATHINA.,Oil/Chemical Tanker (Танкер для перевозки нефти и химикатов).,,8.0,LIBERIA (Либерия).,oil_tanker
9430181,215473000.0,SUNDORO,Oil/Chemical Tanker (Танкер для перевозки нефти и химикатов),,8.0,Мальта (MALTA),oil_tanker
9430313,636021191.0,ELKA ATHINA.,Oil/Chemical Tanker (Танкер для перевозки нефти и химикатов).,,8.0,LIBERIA (Либерия).,oil_tanker
9430698,735059965.0,,Oil Tanker,,5.0,Эквадор (Ecuador) [Судно].,oil_tanker
9431202,431000106.0,,Oil Products Tanker (Танкер для нефтепродуктов),,6.6,Япония [JP],oil_tanker
9431264,636021042.0,HISTRIA CORAL.,Oil Tanker,,7.3,LIBERIA (Либерия).,oil_tanker
9431276,565922000.0,,Oil/Chemical Tanker (Танкер для нефти и химикатов),,10.0,Сингапур [SG],oil_tanker
9431290,636020946.0,HISTRIA CORAL.,Oil Tanker,,7.3,LIBERIA (Либерия).,oil_tanker
9431305,563034000.0,,Oil/Chemical Tanker (Танкер для нефти и химикатов),,8.0,Сингапур [SG],oil_tanker
9431379,210445000.0,,Oil/Chemical Tanker (Нефтехимический танкер),,4.7,Кипр (CYPRUS),oil_tanker
9431381,215401000.0,AFRA ROSSI.,Crude Oil Tanker.,,12.4,MALTA (Мальта).,oil_tanker
9432048,352004264.0,VENDAVEL.,Oil Tanker,,15.9,PANAMA (Панама).,oil_tanker
9432218,366495000.0,OVERSEAS CHINOOK IMO: 9432218,Chemical/Oil Products Tanker (Танкер-продуктовоз),,12.1,"Соединенные Штаты Америки (США) Год постройки: 2010 Габариты: Длина — 183 м, ширина — 32.2 м,",oil_tanker
9433016,647553023.0,APATE.,Oil Tanker,,12.8,MADAGASCAR (Мадагаскар).,oil_tanker
9433808,636020949.0,ELKA ATHINA.,Oil/Chemical Tanker (Танкер для перевозки нефти и химикатов).,,8.0,LIBERIA (Либерия).,oil_tanker
9434216,636017987.0,ZERVOS.,Oil Tanker,,11.1,LIBERIA (Либерия).,oil_tanker
9434620,636014485.0,NEW RESOURCE.,Oil Tanker,,20.5,LIBERIA (Либерия).,oil_tanker
9435313,636021048.0,ELKA ATHINA.,Oil/Chemical Tanker (Танкер для перевозки нефти и химикатов).,,8.0,LIBERIA (Либерия).,oil_tanker
9435595,413179000.0,HAI TUN ZUO,Oil Products Tanker (Танкер для нефтепродуктов),,12.2,CHINA (Китай),oil_tanker
9435600,636020984.0,ELKA ATHINA.,Oil/Chemical Tanker (Танкер для перевозки нефти и химикатов).,,8.0,LIBERIA (Либерия).,oil_tanker
9435703,636021015.0,HISTRIA CORAL.,Oil Tanker,,7.3,LIBERIA (Либерия).,oil_tanker
9436006,273272260.0,GUSTAV.,Oil Tanker,,8.5,RUSSIA (Россия).,oil_tanker
9436020,636020774.0,HISTRIA CORAL.,Oil Tanker,,7.3,LIBERIA (Либерия).,oil_tanker
9436393,636020895.0,HISTRIA CORAL.,Oil Tanker,,7.3,LIBERIA (Либерия).,oil_tanker
9436719,256515000.0,HISTRIA GEMMA.,Oil Tanker,,10.0,MALTA (Мальта).,oil_tanker
9437658,215203000.0,SERENO.,Oil Products Tanker.,,12.4,MALTA (Мальта).,oil_tanker
9438195,565800000.0,MARINE XENA,Oil Products Tanker (Танкер для нефтепродуктов),,4.4,SINGAPORE (Сингапур),oil_tanker
9438274,636021985.0,PUFFIN TWO,Oil Products Tanker (Танкер для перевозки нефтепродуктов),,5.3,LIBERIA (Либерия),oil_tanker
9438406,636021132.0,HISTRIA CORAL.,Oil Tanker,,7.3,LIBERIA (Либерия).,oil_tanker
9438418,538003713.0,NORDIC CROSS,Crude Oil Tanker (Танкер для перевозки сырой нефти),,16.4,Маршалловы Острова (MARSHALL ISLANDS),oil_tanker
9438858,636020939.0,HISTRIA CORAL.,Oil Tanker,,7.3,LIBERIA (Либерия).,oil_tanker
9438860,636021112.0,ELKA ATHINA.,Oil/Chemical Tanker (Танкер для перевозки нефти и химикатов).,,8.0,LIBERIA (Либерия).,oil_tanker
9439280,636013315.0,KRONOS,Oil Products Tanker (Танкер для перевозки нефтепродуктов),,4.6,LIBERIA (Либерия),oil_tanker
9439319,,WOO CHAN,"Oil/Chemical Tanker (Танкер для перевозки нефти/химических продуктов, Hazard A)",,6.1,РЕСПУБЛИКА КОРЕЯ (REPUBLIC OF KOREA),oil_tanker
9439395,229869000.0,PS AMALFI IMO: 9439395,Crude Oil Tanker (Танкер для перевозки сырой нефти / Aframax),,11.4,Мальта Год постройки: 2010,oil_tanker
9440069,466009000.0,SIDRA AL KHOR,Oil/Chemical Tanker (Нефтехимический танкер),,6.6,QATAR (Катар),oil_tanker
9440136,219028049.0,TORM PHILIPPINES,Oil/Chemical Tanker,,9.0,DENMARK (Дания),oil_tanker
9440473,538003856.0,ALTESSE.,Oil Tanker,,8.4,MARSHALL ISLANDS (Маршалловы Острова).,oil_tanker
9440485,538003755.0,ARAMON.,Oil Tanker,,12.8,MARSHALL ISLANDS (Маршалловы Острова).,oil_tanker
9440497,538003857.0,ALIGOTE.,Oil Tanker,,10.5,MARSHALL ISLANDS (Маршалловы Острова).,oil_tanker
9440526,636020781.0,HISTRIA CORAL.,Oil Tanker,,7.3,LIBERIA (Либерия).,oil_tanker
9441154,636014457.0,ELKA GLORY.,Oil/Chemical Tanker (Танкер для перевозки нефти и химикатов).,,8.0,LIBERIA (Либерия).,oil_tanker
9441166,538012522.0,DAIQUIRI.,Oil Tanker,,8.0,MARSHALL ISLANDS (Маршалловы Острова).,oil_tanker
9441180,538003549.0,PLAYA PARAISO,Oil/Chemical Tanker (Танкер для перевозки нефти и химикатов),,11.9,MARSHALL ISLANDS (Маршалловы Острова),oil_tanker
9441219,314001006.0,CHENG X,Asphalt/Bitumen Tanker (Танкер для перевозки асфальта и битума),,5.8,BARBADOS (Барбадос),oil_tanker
9441245,,GULF LOYALTY,Crude Oil Tanker (Танкер для перевозки сырой нефти),,11.0,МАРШАЛЛОВЫ ОСТРОВА (MARSHALL ISLANDS),oil_tanker
9442184,636021087.0,HISTRIA CORAL.,Oil Tanker,,7.3,LIBERIA (Либерия).,oil_tanker
9444455,636020991.0,HISTRIA CORAL.,Oil Tanker,,7.3,LIBERIA (Либерия).,oil_tanker
9444479,636021178.0,ELKA ATHINA.,Oil/Chemical Tanker (Танкер для перевозки нефти и химикатов).,,8.0,LIBERIA (Либерия).,oil_tanker
9444508,636020987.0,ELKA ATHINA.,Oil/Chemical Tanker (Танкер для перевозки нефти и химикатов).,,8.0,LIBERIA (Либерия).,oil_tanker
9444833,701131000.0,,Oil Tanker,,5.0,"Аргентина (Argentina). Судно оперирует под национальным флагом, обеспечивая распределение нефтепродуктов во внутренних водных путях региона.",oil_tanker
9445461,241412000.0,OLYMPIC TROPHY,Crude Oil Tanker (Танкер для перевозки сырой нефти / VLCC — Very Large Crude Carrier),,11.0,Греция,oil_tanker
9446374,636021206.0,ELKA ATHINA.,Oil/Chemical Tanker (Танкер для перевозки нефти и химикатов).,,8.0,LIBERIA (Либерия).,oil_tanker
9447043,636014234.0,HISTRIA CRYSTAL.,Oil Tanker,,7.3,LIBERIA (Либерия).,oil_tanker
9447055,636020995.0,HISTRIA CORAL.,Oil Tanker,,7.3,LIBERIA (Либерия).,oil_tanker
9447794,636020998.0,HISTRIA CORAL.,Oil Tanker,,7.3,LIBERIA (Либерия).,oil_tanker
9448499,372961000.0,GAZ SERENITY.,Oil Tanker,,8.2,PANAMA (Панама).,oil_tanker
9448889,210412000.0,ALEXANDRIA.,Oil Tanker,,6.5,CYPRUS (Кипр).,oil_tanker
9451707,538008732.0,,Oil Tanker,,9.5,Маршалловы Острова (Marshall Islands).,oil_tanker
9451733,636021039.0,HISTRIA CORAL.,Oil Tanker,,7.3,LIBERIA (Либерия).,oil_tanker
9451836,,KOWA MARU NO.3,Oil Products Tanker (Танкер для перевозки нефтепродуктов),,4.5,ЯПОНИЯ (JAPAN),oil_tanker
9452268,215013000.0,DELTA SEA.,Oil Tanker,,4.8,MALTA (Мальта).,oil_tanker
9453030,256812000.0,VALPIAVE.,Oil Tanker,,7.0,MALTA (Мальта).,oil_tanker
9453729,350140000.0,BINARY STAR II,Oil/Chemical Tanker (Нефтеналивной танкер/Химовоз),,5.5,NICARAGUA (Никарагуа),oil_tanker
9453987,235076282.0,EAGLE HALIFAX.,Crude Oil Tanker (Танкер для перевозки сырой нефти).,,8.5,UNITED KINGDOM (Великобритания).,oil_tanker
9454149,679882001.0,DHARMA,Oil/Chemical Tanker (Танкер для перевозки нефти и химикатов),,3.5,ZIMBABWE (Зимбабве),oil_tanker
9455052,636014125.0,HISTRIA ATLANTIC.,Oil Tanker,,7.3,LIBERIA (Либерия).,oil_tanker
9455349,,KITA,"Внутренний танкер (Inland, Motor Tanker), для перевозки жидких грузов (Type C)",,2.8,Нидерланды,oil_tanker
9455703,636015336.0,IKARIOTIKOS,Oil/Chemical Tanker (Танкер для перевозки нефти и химикатов),,8.0,LIBERIA (Либерия),oil_tanker
9455818,636014998.0,KUDURO.,Oil Tanker,,9.0,LIBERIA (Либерия).,oil_tanker
9457543,636026116.0,GABON PROSPERITY,Crude Oil Tanker (Танкер для перевозки сырой нефти),,11.0,LIBERIA (Либерия),oil_tanker
9457608,636016127.0,LEO SUN,Crude Oil Tanker,,8.3,LIBERIA (Либерия),oil_tanker
9457610,636021155.0,HISTRIA CORAL.,Oil Tanker,,7.3,LIBERIA (Либерия).,oil_tanker
9457763,538003994.0,ARABOS.,Oil Tanker,,13.0,MARSHALL ISLANDS (Маршалловы Острова).,oil_tanker
9457892,636021200.0,ELKA ATHINA.,Oil/Chemical Tanker (Танкер для перевозки нефти и химикатов).,,8.0,LIBERIA (Либерия).,oil_tanker
9458054,636021156.0,ELKA ATHINA.,Oil/Chemical Tanker (Танкер для перевозки нефти и химикатов).,,8.0,LIBERIA (Либерия).,oil_tanker
9458066,229551000.0,IMERA.,Oil Tanker,,8.8,MALTA (Мальта).,oil_tanker
9458119,636021037.0,ELKA ATHINA.,Oil/Chemical Tanker (Танкер для перевозки нефти и химикатов).,,8.0,LIBERIA (Либерия).,oil_tanker
9458169,355238000.0,GAZ ENERGY.,Oil Tanker,,8.4,PANAMA (Панама).,oil_tanker
9459010,403514001.0,NCC SHAMS.,Oil Tanker,,11.9,SAUDI ARABIA (Саудовская Аравия).,oil_tanker
9459230,636020840.0,HISTRIA CORAL.,Oil Tanker,,7.3,LIBERIA (Либерия).,oil_tanker
9460045,,WATATSUMI,Oil Products Tanker (Танкер для перевозки нефтепродуктов),,4.6,ЯПОНИЯ (JAPAN),oil_tanker
9460100,,NANIWA MARU NO.65,Oil Products Tanker (Танкер для перевозки нефтепродуктов),,5.4,ЯПОНИЯ (JAPAN),oil_tanker
9460459,538003277.0,SONGA DIAMOND,Oil/Chemical Tanker,,8.7,MARSHALL ISLANDS (Маршалловы Острова),oil_tanker
9460617,212422000.0,PETROLINA OCEAN.,Oil Tanker,,7.2,CYPRUS (Кипр).,oil_tanker
9460825,636014361.0,DILOS.,Oil Tanker,,4.7,LIBERIA (Либерия).,oil_tanker
9461661,538011980.0,MONARCH,Oil/Chemical Tanker (Танкер для перевозки нефти и химикатов),,5.9,MARSHALL ISLANDS (Маршалловы Острова),oil_tanker
9461673,538012027.0,MAGNATE (ранее известно как HAFNIA TAURUS)IMO: 9461673,Chemical/Oil Products Tanker (Танкер-продуктовоз/химовоз),,5.2,"Маршалловы Острова Год постройки: 2011 Габариты: Длина — 183 м, ширина — 32.2 м,",oil_tanker
9461776,,SILVER MARGO,Oil/Chemical Tanker (Танкер для перевозки нефтепродуктов и химикатов),,6.9,МАРШАЛЛОВЫ ОСТРОВА (MARSHALL ISLANDS),oil_tanker
9461910,636020970.0,HISTRIA CORAL.,Oil Tanker,,7.3,LIBERIA (Либерия).,oil_tanker
9462354,636023517.0,CASTOR I,Crude Oil Tanker (Танкер для перевозки сырой нефти),,8.4,LIBERIA (Либерия),oil_tanker
9462926,636020912.0,HISTRIA CORAL.,Oil Tanker,,7.3,LIBERIA (Либерия).,oil_tanker
9464352,636021144.0,HISTRIA CORAL.,Oil Tanker,,7.3,LIBERIA (Либерия).,oil_tanker
9464376,538011811.0,,Oil Tanker,,9.5,Маршалловы Острова (Marshall Islands) [Судно].,oil_tanker
9465124,314195000.0,BLOSSOM,Oil Products Tanker (Танкер для перевозки нефтепродуктов),,3.2,BARBADOS (Барбадос),oil_tanker
9465992,636020960.0,HISTRIA CORAL.,Oil Tanker,,7.3,LIBERIA (Либерия).,oil_tanker
9466013,219413000.0,TORM AGNETE.,Oil Tanker,,8.0,DENMARK (Дания).,oil_tanker
9466623,626224000.0,MSG,Oil/Chemical Tanker (Нефтеналивной/химический танкер),,4.2,GABON (Габон),oil_tanker
9467720,419756000.0,SWARNA JAYANTI,Oil Products Tanker (Танкер для нефтепродуктов),,8.5,ИНДИЯ (INDIA),oil_tanker
9467744,419797000.0,DESH MAHIMA,Crude Oil Tanker (Танкер для перевозки сырой нефти),,8.5,ИНДИЯ (INDIA),oil_tanker
9467756,419794000.0,DESH GARIMA,Crude Oil Tanker (Танкер для перевозки сырой нефти),,9.0,INDIA (Индия),oil_tanker
9467768,419793000.0,DESH SURAKSHA,Crude Oil Tanker (Танкер для сырой нефти),,15.1,INDIA (Индия),oil_tanker
9467811,566242000.0,HAFNIA AFRICA,Crude Oil Tanker (Танкер для перевозки сырой нефти),,8.9,SINGAPORE (Сингапур),oil_tanker
9468671,,DELTA POSEIDON,Танкер-нефтевоз (Crude Oil Tanker),,6.8,Мальта,oil_tanker
9468815,,ROMANCE,Crude Oil Tanker (Танкер для перевозки сырой нефти),,12.6,ПАНАМА (PANAMA),oil_tanker
9468853,241411000.0,OLYMPIC TARGET,Crude Oil Tanker (Танкер для сырой нефти),,21.0,GREECE (Греция),oil_tanker
9470131,636020855.0,HISTRIA CORAL.,Oil Tanker,,7.3,LIBERIA (Либерия).,oil_tanker
9470985,248029000.0,SAN MARTIN.,Oil Tanker,,7.2,MALTA (Мальта).,oil_tanker
9471032,636020806.0,HISTRIA CORAL.,Oil Tanker,,7.3,LIBERIA (Либерия).,oil_tanker
9472751,636021094.0,HISTRIA CORAL.,Oil Tanker,,7.3,LIBERIA (Либерия).,oil_tanker
9473066,256721000.0,SEALEO,Crude Oil Tanker (Танкер для перевозки сырой нефти / Aframax),,11.4,Мальта,oil_tanker
9473389,538004123.0,CRYSTAL RIVER,Crude Oil Tanker (Танкер для перевозки сырой нефти),,15.1,МАРШАЛЛОВЫ ОСТРОВА (MARSHALL ISLANDS),oil_tanker
9473729,,AKATSUKI MARU,Oil Products Tanker (Танкер для перевозки нефтепродуктов),,7.7,ЯПОНИЯ (JAPAN),oil_tanker
9474151,352003175.0,HAVEN,Oil/Chemical Tanker,,6.0,PANAMA (Панама),oil_tanker
9474321,271052008.0,T.BALAT.,Oil Tanker,,8.3,TURKIYE (Турция).,oil_tanker
9474333,273328440.0,ALAM RUKUN,Балкер / Сухогруз (Bulk Carrier),,14.0,Сингапур 🇸🇬,oil_tanker
9475208,,TORM LOUISE,Oil/Chemical Tanker (Танкер для перевозки нефтепродуктов и химикатов),,11.2,ДАНИЯ (DENMARK),oil_tanker
9475349,511100843.0,ELEGANCE,Oil Products Tanker (Танкер для перевозки нефтепродуктов),,3.8,PALAU (Палау),oil_tanker
9475935,368589000.0,OVERSEAS CASCADE,Crude Oil Tanker (Танкер для перевозки сырой нефти),,11.6,UNITED STATES OF AMERICA (США),oil_tanker
9476135,538003113.0,MELODY.,Oil Tanker,,7.2,MARSHALL ISLANDS (Маршалловы Острова).,oil_tanker
9477177,671446100.0,TREND,Oil Products Tanker (Танкер для перевозки нефтепродуктов),,6.6,TOGO (Того),oil_tanker
9477517,636021154.0,HISTRIA CORAL.,Oil Tanker,,7.3,LIBERIA (Либерия).,oil_tanker
9477567,636020948.0,HISTRIA CORAL.,Oil Tanker,,7.3,LIBERIA (Либерия).,oil_tanker
9477751,354191000.0,VEMAHOPE.,Oil Tanker,,7.0,PANAMA (Панама).,oil_tanker
9478638,636014467.0,ELKA HERCULES.,Oil/Chemical Tanker (Танкер для перевозки нефти и химикатов).,,8.0,LIBERIA (Либерия).,oil_tanker
9478664,,TAKAOKA,Crude Oil Tanker (Танкер для перевозки сырой нефти),,13.6,ЯПОНИЯ (JAPAN),oil_tanker
9478717,538003962.0,ALPINE LIGHT,Oil/Chemical Tanker,,11.2,MARSHALL ISLANDS (Маршалловы Острова),oil_tanker
9478729,538004832.0,ASPROUDA,Oil/Chemical Tanker (Танкер для перевозки нефти и химикатов),,8.2,Маршалловы Острова (MARSHALL ISLANDS),oil_tanker
9479553,249672000.0,GUNES K,Oil/Chemical Tanker (Танкер для нефтепродуктов и химикатов),,8.8,MALTA (Мальта),oil_tanker
9480150,403529001.0,ALHIND,Oil/Chemical Tanker (Танкер для перевозки нефтепродуктов и химикатов),,11.8,САУДОВСКАЯ АРАВИЯ (SAUDI ARABIA),oil_tanker
9480306,,"KTS WHITEIMO: 9480306Тип судна: Oil/Chemical Tanker (Танкер для перевозки нефтепродуктов и химикатов)Флаг: РЕСПУБЛИКА КОРЕЯ (REPUBLIC OF KOREA)Габаритные характеристики: Длина (LOA) — 87.91 метра, ширина — 14 метров2. Текущая оперативная обстановкаДанные зафиксированы по состоянию на 21 мая 2026 г., 02:48 (UTC+9).Навигационный статус: Stopped (Остановлено)Скорость: 3.7 узлаОсадка: 5 метров3. Логистический трекПункт отправления: Есу, Южная Корея (KR YOS)Дата отправления: 19 мая 2026 г., 05:57 (UTC+9)Заявленный пункт назначения: Ульсан, ЮЖНАЯ КОРЕЯ (KR USN UTT)Расчетное время прибытия (ETA): 21 мая 2026 г., 23:00 (UTC+9) (фактическое прибытие в операционную акваторию Ульсана зафиксировано со значительным опережением — 20 мая 2026 г. в 07:24 UTC+9)4. Промышленный OSINT-анализОперационный статус: Малотоннажный наливной танкер KTS WHITE выполнил внутренний каботажный переход из нефтехимического хаба Есу в порт Ульсан (географическая зона North China). Несмотря на навигационный статус «Stopped» (Остановлено), судно фиксирует остаточную скорость 3.7 узла и следует истинным курсом $143^\circ$ с угловой скоростью поворота $-10^\circ/\text{мин}$. Это указывает на активное маневрирование в границах портовых рейдовых путей, работу буксиров или заход в терминал UTT (Ulsan Tank Terminal). Вблизи судна также отмечается коммерческий интерес оператора Hanwha Commodity Trading.Контекст: Судно адаптировано для гибкой транспортировки малых партий продуктов нефтепереработки и жидкой химии. Текущая осадка 5 метров для танкера с шириной корпуса 14 метров указывает на средний уровень загрузки (частично заполненные танки). Судно прибыло в порт назначения на 1.5 суток раньше заявленного ETA, что позволяет оператору оптимизировать время ожидания на рейде и оперативно поставить танкер под грузовые операции слива/налива химических компонентов.",Oil/Chemical Tanker (Танкер для перевозки нефтепродуктов и химикатов),,5.0,"РЕСПУБЛИКА КОРЕЯ (REPUBLIC OF KOREA)Габаритные характеристики: Длина (LOA) — 87.91 метра, ширина — 14 метров2. Текущая оперативная обстановкаДанные зафиксированы по состоянию на 21 мая 2026 г., 02:48 (UTC+9).Навигационный статус: Stopped (Остановлено)Скорость: 3.7 узлаОсадка: 5 метров3. Логистический трекПункт отправления: Есу, Южная Корея (KR YOS)Дата отправления: 19 мая 2026 г., 05:57 (UTC+9)Заявленный пункт назначения: Ульсан, ЮЖНАЯ КОРЕЯ (KR USN UTT)Расчетное время прибытия (ETA): 21 мая 2026 г., 23:00 (UTC+9) (фактическое прибытие в операционную акваторию Ульсана зафиксировано со значительным опережением — 20 мая 2026 г. в 07:24 UTC+9)4. Промышленный OSINT-анализОперационный статус: Малотоннажный наливной танкер KTS WHITE выполнил внутренний каботажный переход из нефтехимического хаба Есу в порт Ульсан (географическая зона North China). Несмотря на навигационный статус «Stopped» (Остановлено), судно фиксирует остаточную скорость 3.7 узла и следует истинным курсом $143^\circ$ с угловой скоростью поворота $-10^\circ/\text{мин}$. Это указывает на активное маневрирование в границах портовых рейдовых путей, работу буксиров или заход в терминал UTT (Ulsan Tank Terminal). Вблизи судна также отмечается коммерческий интерес оператора Hanwha Commodity Trading.Контекст: Судно адаптировано для гибкой транспортировки малых партий продуктов нефтепереработки и жидкой химии. Текущая осадка 5 метров для танкера с шириной корпуса 14 метров указывает на средний уровень загрузки (частично заполненные танки). Судно прибыло в порт назначения на 1.5 суток раньше заявленного ETA, что позволяет оператору оптимизировать время ожидания на рейде и оперативно поставить танкер под грузовые операции слива/налива химических компонентов.",oil_tanker
9480382,636021140.0,HISTRIA CORAL.,Oil Tanker,,7.3,LIBERIA (Либерия).,oil_tanker
9482562,636020918.0,HISTRIA CORAL.,Oil Tanker,,7.3,LIBERIA (Либерия).,oil_tanker
9483619,636015502.0,HISTRIA AMBRA.,Oil Tanker,,7.3,LIBERIA (Либерия).,oil_tanker
9484089,311000466.0,LEYTE SPIRITIMO: 9484089,Crude Oil Tanker (Танкер для перевозки сырой нефти / Aframax),,8.0,"Багамские острова Год постройки: 2011 Габариты: Длина — 243 м, ширина — 42.03 м,",oil_tanker
9484716,403508000.0,NIBAN.,Oil Tanker,,21.3,SAUDI ARABIA (Саудовская Аравия).,oil_tanker
9484728,403638000.0,GHINAH.,Tanker / Crude Oil Tanker.,,10.9,SAUDI ARABIA (Саудовская Аравия).,oil_tanker
9484730,403536000.0,NISALAH.,Oil Tanker,,10.8,SAUDI ARABIA (Саудовская Аравия).,oil_tanker
9485019,630001242.0,OCEAN PRIME,Asphalt/Bitumen Tanker (Танкер для перевозки асфальта и битума),,4.5,GUINEA BISSAU (Гвинея-Бисау),oil_tanker
9485629,636021275.0,ELKA ATHINA.,Oil/Chemical Tanker (Танкер для перевозки нефти и химикатов).,,8.0,LIBERIA (Либерия).,oil_tanker
9485631,,UOG HARRIET G,Нефтяной танкер (Crude Oil Tanker),,8.0,Маршалловы Острова,oil_tanker
9486192,538003696.0,CHEM NORMA.,Oil Tanker,,6.7,MARSHALL ISLANDS (Маршалловы Острова).,oil_tanker
9486922,311039900.0,ALBERTA.,Oil Tanker,,10.9,BAHAMAS (Багамы).,oil_tanker
9487184,412245000.0,YU FU ZUO,Crude Oil Tanker (Танкер для перевозки сырой нефти / Aframax),,,Китай,oil_tanker
9487249,636014942.0,BANI YAS.,Oil Tanker,,8.5,LIBERIA (Либерия).,oil_tanker
9487483,352181000.0,NAVE ALDERAMIN.,Oil Tanker,,11.2,PANAMA (Панама).,oil_tanker
9488011,636021050.0,ELKA ATHINA.,Oil/Chemical Tanker (Танкер для перевозки нефти и химикатов).,,8.0,LIBERIA (Либерия).,oil_tanker
9489089,533003050.0,UACC MANSOURIA,Oil/Chemical Tanker (Танкер для перевозки нефти и химикатов),,8.0,MARSHALL ISLANDS (Маршалловы Острова),oil_tanker
9489297,636020859.0,HISTRIA CORAL.,Oil Tanker,,7.3,LIBERIA (Либерия).,oil_tanker
9490325,,BOW ENDEAVOR,Танкер-химовоз / продуктовоз (Chemical/Oil Products Tanker),,4.5,Норвегия,oil_tanker
9492311,636012380.0,HISTRIA GIADA.,Oil Tanker,,7.3,LIBERIA (Либерия).,oil_tanker
9494199,341495000.0,TRISTAR TRIUMPH,Oil/Chemical Tanker (Нефтеналивной танкер/Химовоз),,4.0,SAINT KITTS AND NEVIS (Сент-Китс и Невис),oil_tanker
9494876,357201000.0,SG PEGASUS,Chemical Tanker (Химовоз),,8.5,PANAMA (Панама),oil_tanker
9494929,419002116.0,ADHBHUT,Oil Products Tanker (Танкер для перевозки нефтепродуктов),,5.5,ИНДИЯ (INDIA),oil_tanker
9494979,,TOEI MARU,Oil Products Tanker (Танкер для перевозки нефтепродуктов),,3.2,ЯПОНИЯ (JAPAN),oil_tanker
9498121,441634000.0,POLARIS,Oil/Chemical Tanker (Нефтеналивной/Химовозный танкер),,7.8,REPUBLIC OF KOREA (Республика Корея),oil_tanker
9499096,413445910.0,HAI XIN YOU 612,Oil Products Tanker (Танкер-продуктовоз),,5.5,CHINA (Китай),oil_tanker
9499838,271002726.0,T.GONUL.,Oil Tanker,,5.9,TURKIYE (Турция).,oil_tanker
9499943,440034000.0,ASIAN LILAC,Oil/Chemical Tanker (Танкер для перевозки нефти и химикатов),,8.6,REPUBLIC OF KOREA (Республика Корея),oil_tanker
9500730,538004577.0,HABRUT,Crude Oil Tanker (Танкер для сырой нефти),,11.0,MARSHALL ISLANDS (Маршалловы Острова),oil_tanker
9501174,636021019.0,HISTRIA CORAL.,Oil Tanker,,7.3,LIBERIA (Либерия).,oil_tanker
9501643,403793001.0,AL SAFA.,Oil Tanker,,5.8,SAUDI ARABIA (Саудовская Аравия).,oil_tanker
9503873,373924000.0,NEREUS,Oil Products Tanker (Танкер для нефтепродуктов),,9.0,PANAMA (Панама),oil_tanker
9504190,636021160.0,HISTRIA CORAL.,Oil Tanker,,7.3,LIBERIA (Либерия).,oil_tanker
9505479,470343000.0,TRISTAR LEGEND,Oil Products Tanker (Танкер для нефтепродуктов),,2.5,UNITED ARAB EMIRATES (ОАЭ),oil_tanker
9505754,240949000.0,EVIAPETROL III.,Tanker (Oil/Chemical Tanker).,,4.5,GREECE (Греция).,oil_tanker
9507582,636021142.0,ELKA ATHINA.,Oil/Chemical Tanker (Танкер для перевозки нефти и химикатов).,,8.0,LIBERIA (Либерия).,oil_tanker
9507726,636021118.0,ELKA ATHINA.,Oil/Chemical Tanker (Танкер для перевозки нефти и химикатов).,,8.0,LIBERIA (Либерия).,oil_tanker
9507984,636021070.0,HISTRIA CORAL.,Oil Tanker,,7.3,LIBERIA (Либерия).,oil_tanker
9508158,636020916.0,HISTRIA CORAL.,Oil Tanker,,7.3,LIBERIA (Либерия).,oil_tanker
9508720,248333000.0,SILENDI.,Oil Tanker,,8.9,MALTA (Мальта).,oil_tanker
9508823,636021137.0,ELKA ATHINA.,Oil/Chemical Tanker (Танкер для перевозки нефти и химикатов).,,8.0,LIBERIA (Либерия).,oil_tanker
9508861,477550600.0,ISLAND SPLENDOR,Crude Oil Tanker (Нефтяной танкер / Супертанкер класса VLCC),,11.0,HONG KONG (Гонконг),oil_tanker
9509023,636014253.0,PISSIOTIS.,Oil Tanker,,15.6,LIBERIA (Либерия).,oil_tanker
9509449,538006775.0,ELANDRA OAK.,Oil Tanker,,10.3,MARSHALL ISLANDS (Маршалловы Острова).,oil_tanker
9510462,,PS ROMA,Нефтяной/химический танкер (Oil/Chemical Tanker),,8.0,Италия,oil_tanker
9510577,636020246.0,MONJASA SERVER,Oil/Chemical Tanker (Нефтеналивной/Химовоз),,6.7,LIBERIA (Либерия),oil_tanker
9510591,470002000.0,MONJASA SHAKER,Chemical Tanker (Химовоз),,5.5,UNITED ARAB EMIRATES (ОАЭ),oil_tanker
9511167,636015004.0,STOLT BOBCAT.,Oil Tanker,,8.5,LIBERIA (Либерия).,oil_tanker
9511234,636021064.0,HISTRIA CORAL.,Oil Tanker,,7.3,LIBERIA (Либерия).,oil_tanker
9511533,636020785.0,HISTRIA CORAL.,Oil Tanker,,7.3,LIBERIA (Либерия).,oil_tanker
9512185,538009187.0,PACCHA.,Oil Tanker,,11.0,MARSHALL ISLANDS (Маршалловы Острова).,oil_tanker
9512484,636021030.0,HISTRIA CORAL.,Oil Tanker,,7.3,LIBERIA (Либерия).,oil_tanker
9513115,,ARAGONA,Нефтяной танкер (Crude Oil Tanker),,9.4,Греция,oil_tanker
9513139,636021097.0,HISTRIA CORAL.,Oil Tanker,,7.3,LIBERIA (Либерия).,oil_tanker
9513763,636024676.0,NAVE SYNERGY,Crude Oil Tanker (Танкер для сырой нефти),,11.0,LIBERIA (Либерия),oil_tanker
9515436,,LILA KOCHI,Нефтяной танкер (VLCC / Crude Oil Tanker),,10.8,Либерия,oil_tanker
9516105,636021214.0,ELKA ATHINA.,Oil/Chemical Tanker (Танкер для перевозки нефти и химикатов).,,8.0,LIBERIA (Либерия).,oil_tanker
9516258,256862000.0,KOURION.,Oil/Chemical Tanker (Танкер для перевозки нефти и химикатов).,,8.1,MALTA (Мальта).,oil_tanker
9516923,,DELTA AIGAION,Нефтяной танкер (Crude Oil Tanker / HAZ-A),,11.5,Либерия,oil_tanker
9516959,636015501.0,HISTRIA AMBRA.,Oil Tanker,,7.3,LIBERIA (Либерия).,oil_tanker
9517070,636021076.0,ELKA ATHINA.,Oil/Chemical Tanker (Танкер для перевозки нефти и химикатов).,,8.0,LIBERIA (Либерия).,oil_tanker
9517290,354198000.0,EPSILON SEA.,Oil Tanker,,6.5,PANAMA (Панама).,oil_tanker
9517941,,KOKUHO MARU,Oil/Chemical Tanker (Танкер для перевозки нефтепродуктов и химикатов),,5.2,ЯПОНИЯ (JAPAN),oil_tanker
9518892,538004638.0,EAGLE LOUISIANA.,Crude Oil Tanker (Танкер для перевозки сырой нефти).,,9.8,MARSHALL ISLANDS (Маршалловы Острова).,oil_tanker
9520261,636021158.0,HISTRIA CORAL.,Oil Tanker,,7.3,LIBERIA (Либерия).,oil_tanker
9520869,538004854.0,FLAGSHIP IVY,Oil Products Tanker,,13.5,MARSHALL ISLANDS (Маршалловы Острова),oil_tanker
9521435,636015560.0,ELKA ATHINA.,Oil/Chemical Tanker (Танкер для перевозки нефти и химикатов).,,8.0,LIBERIA (Либерия).,oil_tanker
9522257,636014436.0,HISTRIA CROWN.,Oil Tanker,,7.3,LIBERIA (Либерия).,oil_tanker
9522324,613007200.0,SIERRA (ранее известно как SUVOROVSKY PROSPECT),Crude Oil Tanker (Танкер для перевозки сырой нефти),,,Камерун,oil_tanker
9524774,636021278.0,ELKA ATHINA.,Oil/Chemical Tanker (Танкер для перевозки нефти и химикатов).,,8.0,LIBERIA (Либерия).,oil_tanker
9525223,,KOWA MARU,Oil Products Tanker (Танкер для перевозки нефтепродуктов),,4.0,ЯПОНИЯ (JAPAN),oil_tanker
9527403,563103500.0,CHALLENGE PROCYON,Oil Products Tanker,,7.3,SINGAPORE (Сингапур),oil_tanker
9527855,636021114.0,HISTRIA CORAL.,Oil Tanker,,7.3,LIBERIA (Либерия).,oil_tanker
9529346,538008034.0,IONIC ASTRAPI,Crude Oil Tanker (Танкер для перевозки сырой нефти),,10.3,MARSHALL ISLANDS (Маршалловы Острова),oil_tanker
9529475,636015561.0,ELKA GLORY.,Oil/Chemical Tanker (Танкер для перевозки нефти и химикатов).,,8.0,LIBERIA (Либерия).,oil_tanker
9531478,,SUNNY BAY,Oil/Chemical Tanker (Танкер для перевозки нефтепродуктов и химикатов),,4.7,РЕСПУБЛИКА КОРЕЯ (REPUBLIC OF KOREA),oil_tanker
9531480,538010199.0,FALCON DAWN,Product Tanker (Танкер-продуктовоз),,11.4,Маршалловы Острова (MARSHALL IS),oil_tanker
9534054,636020434.0,CELESTE NOVA,Crude Oil Tanker (Танкер для перевозки сырой нефти),,20.6,LIBERIA (Либерия),oil_tanker
9534535,413375880.0,ZI DING XIANGIMO: 9534535,Chemical/Oil Products Tanker (Танкер-химовоз / продуктовоз),,5.7,"Китай Год постройки: 2009 Габариты: Длина — 93.8 м, ширина — 15 м,",oil_tanker
9534781,447025000.0,UMM AL AISH.,Crude Oil Tanker.,,11.0,KUWAIT (Кувейт).,oil_tanker
9534810,636015562.0,ELKA GLORY.,Oil/Chemical Tanker (Танкер для перевозки нефти и химикатов).,,8.0,LIBERIA (Либерия).,oil_tanker
9535759,314181000.0,PHOENIX,Oil Products Tanker (Танкер для перевозки нефтепродуктов),,3.0,BARBADOS (Барбадос),oil_tanker
9535785,477585600.0,NEW SPRING (ранее: CHANG JIANG ZHI XIANG),Crude Oil Tanker (Танкер типа VLCC),,,"Гонконг, Китай",oil_tanker
9535797,477712900.0,NEW PEACE,Crude Oil Tanker,,11.0,HONG KONG (Гонконг),oil_tanker
9536014,311039800.0,ARCTIC,Crude Oil Tanker (Танкер для перевозки сырой нефти / Класс Aframax),,12.0,BAHAMAS (Багамские Острова),oil_tanker
9536351,413384160.0,HONG DA HAI 10,Oil Products Tanker (Танкер-продуктовоз),,4.8,Китай,oil_tanker
9537769,636020936.0,HISTRIA CORAL.,Oil Tanker,,7.3,LIBERIA (Либерия).,oil_tanker
9537771,538010032.0,NORTH LOYALTY,Crude Oil Tanker (Танкер для перевозки сырой нефти),,11.5,MARSHALL ISLANDS (Маршалловы Острова),oil_tanker
9538141,636012664.0,HISTRIA CORAL.,Oil Tanker,,7.3,LIBERIA (Либерия).,oil_tanker
9538177,311000134.0,ATLAS.,Oil Tanker,,10.1,BAHAMAS (Багамские Острова).,oil_tanker
9538440,,SHAN YING ZUO,Танкер для перевозки нефтепродуктов (Oil Products Tanker),,11.0,Сингапур,oil_tanker
9538842,564829000.0,QUINN,Oil Products Tanker (Танкер для перевозки нефтепродуктов),,5.5,SINGAPORE (Сингапур),oil_tanker
9539561,636015703.0,,Oil Tanker,,8.7,Либерия (Liberia). Судно оперирует под открытым международным регистром.,oil_tanker
9539913,538004967.0,ARDMORE SEAVALIANT,Oil/Chemical Tanker,,6.5,MARSHALL ISLANDS (Маршалловы Острова),oil_tanker
9540560,,KINYO MARU NO.2,Oil Products Tanker (Танкер для перевозки нефтепродуктов),,4.8,ЯПОНИЯ (JAPAN),oil_tanker
9541306,247486100.0,VALTURCHESE.,Oil/Chemical Tanker (Танкер для перевозки нефти и химикатов).,,10.6,ITALY (Италия).,oil_tanker
9542154,352003212.0,HANYU CAMELLIA,Oil/Chemical Tanker (Нефтеналивной/Химовоз),,9.6,PANAMA (Панама),oil_tanker
9543081,636020974.0,ELKA ATHINA.,Oil/Chemical Tanker (Танкер для перевозки нефти и химикатов).,,8.0,LIBERIA (Либерия).,oil_tanker
9544114,572362210.0,KHALIJ E FARS,Floating Storage/Production (Плавучее нефтехранилище / Установка для добычи и хранения),,23.0,Тувалу (TUVALU),oil_tanker
9544281,636020936.0,ELKA ATHINA.,Oil/Chemical Tanker (Танкер для перевозки нефти и химикатов).,,8.0,LIBERIA (Либерия).,oil_tanker
9547506,,ELEGANT VOYAGER,Oil Products Tanker (Танкер для перевозки нефтепродуктов),,8.2,МАРШАЛЛОВЫ ОСТРОВА (MARSHALL ISLANDS),oil_tanker
9547520,,AKANE,Crude Oil Tanker (Танкер для перевозки сырой нефти),,8.2,ПАНАМА (PANAMA),oil_tanker
9547685,,,Танкер для перевозки сырой нефти (Crude Oil Tanker).,,12.8,Бразилия.,oil_tanker
9550589,209835000.0,ASTRAIA.,Oil Tanker,,6.5,CYPRUS (Кипр).,oil_tanker
9551777,636021217.0,ELKA ATHINA.,Oil/Chemical Tanker (Танкер для перевозки нефти и химикатов).,,8.0,LIBERIA (Либерия).,oil_tanker
9552599,,KAIRYU,Oil Products Tanker (Танкер для перевозки нефтепродуктов),,6.5,ЯПОНИЯ (JAPAN),oil_tanker
9553282,352001808.0,VEMAGRACE,Oil Products Tanker (Танкер для нефтепродуктов),,6.3,PANAMA (Панама),oil_tanker
9553414,538009993.0,MORHOLMEN,Танкер-химовоз/продуктовоз (Chemical/Oil Products Tanker),,7.9,Маршалловы Острова,oil_tanker
9553622,636021151.0,ELKA ATHINA.,Oil/Chemical Tanker (Танкер для перевозки нефти и химикатов).,,8.0,LIBERIA (Либерия).,oil_tanker
9553749,538009871.0,,Oil Tanker,,11.3,Маршалловы Острова (Marshall Islands). Борт оперирует под удобным международным регистром.,oil_tanker
9554834,422999903.0,XARON,Oil Products Tanker (Танкер для нефтепродуктов),,6.4,IRAN (Иран),oil_tanker
9558945,636021075.0,ELKA ATHINA.,Oil/Chemical Tanker (Танкер для перевозки нефти и химикатов).,,8.0,LIBERIA (Либерия).,oil_tanker
9559640,636021141.0,HISTRIA CORAL.,Oil Tanker,,7.3,LIBERIA (Либерия).,oil_tanker
9560766,636021297.0,KALAMOS,Crude Oil Tanker (Танкер для перевозки сырой нефти),,13.2,LIBERIA (Либерия),oil_tanker
9561370,636021035.0,HISTRIA CORAL.,Oil Tanker,,7.3,LIBERIA (Либерия).,oil_tanker
9561382,538009584.0,IMPERIOUS,Oil Products Tanker (Танкер для перевозки нефтепродуктов),,7.0,MARSHALL ISLANDS (Маршалловы Острова),oil_tanker
9562685,431375000.0,CHOKAISAN,Crude Oil Tanker (Танкер для перевозки сырой нефти),,10.2,JAPAN (Япония),oil_tanker
9562697,,GASSAN,Crude Oil Tanker (Танкер для перевозки сырой нефти),,10.6,ПАНАМА (PANAMA),oil_tanker
9563574,,LI HUA 26,Oil Products Tanker (Танкер для перевозки нефтепродуктов),,5.2,КИТАЙ (CHINA),oil_tanker
9564578,367518920.0,AMERICAN PHOENIXIMO: 9564578,Chemical/Oil Products Tanker,,11.9,"СШАГабариты: Длина (LOA) — 187.78 м, ширина — 32.2 м 2. Оперативные данные (Контрольный блок)Навигационный статус: Under way (На ходу)Локация: В процессе перехода в порт Аранзас-Пасс, США (Мексиканский залив) Скорость (Speed): ~12.3 узла Осадка (Draught): 11.9 м Актуальность: Последние данные получены 7 июня 2026 года.3. Анализ параметровАнализ состояния: Судно выполняет плановый переход из порта Маркус-Хук (отход 1 июня 2026 года) в порт Аранзас-Пасс (США). Последние AIS-данные указывают на уверенное следование по маршруту со скоростью около 12.3 узла. Операционная активность: Судно активно работает на внутренних торговых маршрутах США между портами Мексиканского залива и Восточного побережья.4. Риск-профильСанкции: Не числится в санкционных списках.Оператор: Танкер 2012 года постройки под управлением Fairwater Tanker Management. Заключение: Объект классифицируется как «Активен / Коммерческий энергетический транспорт». Риск взаимодействия оценивается как низкий.",oil_tanker
9565601,353840000.0,WAWASAN TOPAZ,Oil/Chemical Tanker (Танкер для перевозки нефти и химикатов),,7.5,PANAMA (Панама),oil_tanker
9565649,636021149.0,ELKA ATHINA.,Oil/Chemical Tanker (Танкер для перевозки нефти и химикатов).,,8.0,LIBERIA (Либерия).,oil_tanker
9565950,636020994.0,ELKA ATHINA.,Oil/Chemical Tanker (Танкер для перевозки нефти и химикатов).,,8.0,LIBERIA (Либерия).,oil_tanker
9567659,352001518.0,OMEGA TRADER,Crude Oil Tanker (Танкер для сырой нефти),,20.8,PANAMA (Панама),oil_tanker
9568031,636021258.0,ELKA ATHINA.,Oil/Chemical Tanker (Танкер для перевозки нефти и химикатов).,,8.0,LIBERIA (Либерия).,oil_tanker
9568196,636021168.0,ELKA ATHINA.,Oil/Chemical Tanker (Танкер для перевозки нефти и химикатов).,,8.0,LIBERIA (Либерия).,oil_tanker
9568809,,TUNISIA PROSPERITY,Нефтяной танкер (VLCC / Crude Oil Tanker),,10.5,Либерия,oil_tanker
9569061,636021138.0,ELKA ATHINA.,Oil/Chemical Tanker (Танкер для перевозки нефти и химикатов).,,8.0,LIBERIA (Либерия).,oil_tanker
9569499,636021251.0,ELKA ATHINA.,Oil/Chemical Tanker (Танкер для перевозки нефти и химикатов).,,8.0,LIBERIA (Либерия).,oil_tanker
9569607,356666000.0,HABI.,Oil Tanker,,3.6,PANAMA (Панама).,oil_tanker
9569700,,DERYA,Нефтяной танкер (Crude Oil Tanker),,11.5,Иран,oil_tanker
9569994,538003898.0,TALARA,Crude Oil Tanker (Танкер для перевозки сырой нефти),,8.2,MARSHALL ISLANDS (Маршалловы Острова),oil_tanker
9572276,636021101.0,HISTRIA CORAL.,Oil Tanker,,7.3,LIBERIA (Либерия).,oil_tanker
9572563,538007915.0,GAZ HORIZON.,Oil Tanker,,5.8,MARSHALL ISLANDS (Маршалловы Острова).,oil_tanker
9572575,,GOLDEN UNITY,Oil/Chemical Tanker (Танкер для перевозки нефтепродуктов и химикатов),,6.6,ПАНАМА (PANAMA),oil_tanker
9573672,636021287.0,ELKA ATHINA.,Oil/Chemical Tanker (Танкер для перевозки нефти и химикатов).,,8.0,LIBERIA (Либерия).,oil_tanker
9575292,636021090.0,ELKA ATHINA.,Oil/Chemical Tanker (Танкер для перевозки нефти и химикатов).,,8.0,LIBERIA (Либерия).,oil_tanker
9575321,630001258.0,KHUDAYAR YUSIFZADE.,Oil Tanker,,4.5,GUINEA BISSAU (Гвинея-Бисау).,oil_tanker
9575345,636021043.0,ELKA ATHINA.,Oil/Chemical Tanker (Танкер для перевозки нефти и химикатов).,,8.0,LIBERIA (Либерия).,oil_tanker
9575943,636021123.0,SRI LANKA PROSPERITY,Crude Oil Tanker (Танкер для перевозки сырой нефти),,11.0,LIBERIA (Либерия),oil_tanker
9576909,,DL AMBER,Oil/Chemical Tanker (Танкер для перевозки нефтепродуктов и химикатов),,8.2,РЕСПУБЛИКА КОРЕЯ (REPUBLIC OF KOREA),oil_tanker
9577044,636021215.0,ELKA ATHINA.,Oil/Chemical Tanker (Танкер для перевозки нефти и химикатов).,,8.0,LIBERIA (Либерия).,oil_tanker
9577068,538004245.0,SEA MAJESTY,Crude Oil Tanker (Танкер для перевозки сырой нефти),,15.6,МАРШАЛЛОВЫ ОСТРОВА (MARSHALL ISLANDS),oil_tanker
9577070,636021286.0,ELKA ATHINA.,Oil/Chemical Tanker (Танкер для перевозки нефти и химикатов).,,8.0,LIBERIA (Либерия).,oil_tanker
9577111,538010840.0,SILVERLIGHT.,Crude Oil Tanker.,,11.8,MARSHALL ISLANDS (Маршалловы Острова).,oil_tanker
9577185,,SAEHAN NURIA,Нефтеналивной/Химический танкер (Oil/Chemical Tanker),,6.0,Сингапур,oil_tanker
9578658,538008328.0,PSERIMOS.,Oil Tanker,,9.0,MARSHALL ISLANDS (Маршалловы Острова).,oil_tanker
9578749,735058776.0,,Oil Tanker,,6.2,Эквадор (Ecuador). Актив принадлежит к национальному флоту страны.,oil_tanker
9579511,636015624.0,ALMI GLOBE,Crude Oil Tanker (Танкер для перевозки сырой нефти / Suezmax),,9.3,Либерия,oil_tanker
9579547,636015879.0,ALMI EXPLORER.,Oil Tanker,,13.2,LIBERIA (Либерия).,oil_tanker
9580405,538010197.0,FALCON MAJESTIC,Product Tanker (Танкер-продуктовоз),,11.4,Маршалловы Острова (MARSHALL IS),oil_tanker
9581007,636021057.0,HISTRIA CORAL.,Oil Tanker,,7.3,LIBERIA (Либерия).,oil_tanker
9581667,636021233.0,ELKA ATHINA.,Oil/Chemical Tanker (Танкер для перевозки нефти и химикатов).,,8.0,LIBERIA (Либерия).,oil_tanker
9582439,413953000.0,CHANG HANG MA NAO,Crude Oil Tanker,,7.1,Китай,oil_tanker
9582738,352004266.0,NOVA 1.,Oil Tanker,,7.3,PANAMA (Панама).,oil_tanker
9583720,636015513.0,ALMI HYDRA,Crude Oil Tanker (Танкер для перевозки сырой нефти),,21.0,Либерия (LIBERIA),oil_tanker
9585895,636021087.0,ELKA ATHINA.,Oil/Chemical Tanker (Танкер для перевозки нефти и химикатов).,,8.0,LIBERIA (Либерия).,oil_tanker
9587207,636021003.0,ELKA ATHINA.,Oil/Chemical Tanker (Танкер для перевозки нефти и химикатов).,,8.0,LIBERIA (Либерия).,oil_tanker
9587829,636021089.0,ELKA ATHINA.,Oil/Chemical Tanker (Танкер для перевозки нефти и химикатов).,,8.0,LIBERIA (Либерия).,oil_tanker
9589750,636020767.0,HISTRIA CORAL.,Oil Tanker,,7.3,LIBERIA (Либерия).,oil_tanker
9590058,,XING YE,Crude Oil Tanker (Танкер для перевозки сырой нефти),,11.0,Китай (CHINA),oil_tanker
9590307,636015561.0,ELKA ATHINA.,Oil/Chemical Tanker (Танкер для перевозки нефти и химикатов).,,8.0,LIBERIA (Либерия).,oil_tanker
9590553,636025317.0,XIN AO TAI 1,Oil/Chemical Tanker (Танкер для перевозки нефтепродуктов и химикатов),,5.5,ЛИБЕРИЯ (LIBERIA),oil_tanker
9590682,636021026.0,HISTRIA CORAL.,Oil Tanker,,7.3,LIBERIA (Либерия).,oil_tanker
9590876,538011730.0,DHT SUNDARBANS,Crude Oil Tanker (Танкер для сырой нефти),,10.7,MARSHALL ISLANDS (Маршалловы Острова),oil_tanker
9591284,,COSGLAD LAKE,Нефтяной танкер (VLCC / Crude Oil Tanker),,11.0,Гонконг,oil_tanker
9592214,636021022.0,HISTRIA CORAL.,Oil Tanker,,7.3,LIBERIA (Либерия).,oil_tanker
9592240,636015176.0,AQUALEGEND.,Oil Tanker,,8.2,LIBERIA (Либерия).,oil_tanker
9592252,636015330.0,HISTRIA CORAL.,Oil Tanker,,7.3,LIBERIA (Либерия).,oil_tanker
9592264,538010371.0,NISSOS SERIFOS.,Oil Tanker,,8.0,MARSHALL ISLANDS (Маршалловы Острова).,oil_tanker
9592276,248148000.0,STAMOS.,Oil Tanker,,8.0,MALTA (Мальта).,oil_tanker
9592680,,TORM EMMA,Танкер для перевозки нефтепродуктов (Oil Products Tanker),,8.5,Дания,oil_tanker
9592692,636021202.0,ELKA ATHINA.,Oil/Chemical Tanker (Танкер для перевозки нефти и химикатов).,,8.0,LIBERIA (Либерия).,oil_tanker
9593000,636021070.0,ELKA ATHINA.,Oil/Chemical Tanker (Танкер для перевозки нефти и химикатов).,,8.0,LIBERIA (Либерия).,oil_tanker
9593438,538004028.0,SEAWAYS RIO GRANDE,Crude Oil Tanker (Танкер для перевозки сырой нефти / Suezmax),,10.6,Маршалловы Острова,oil_tanker
9594743,636021224.0,ELKA ATHINA.,Oil/Chemical Tanker (Танкер для перевозки нефти и химикатов).,,8.0,LIBERIA (Либерия).,oil_tanker
9594755,538004033.0,SEAWAYS SABINE.,Crude Oil Tanker (Танкер для перевозки сырой нефти).,,9.2,MARSHALL ISLANDS (Маршалловы Острова).,oil_tanker
9594901,,LOULOULIGHT,Нефтеналивной танкер (Oil Products Tanker),,8.8,Маршалловы Острова,oil_tanker
9594949,636093266.0,HONG KUN MEI GUI,Multi Purpose Offshore Vessel (Многоцелевое офшорное судно),,4.4,LIBERIA (Либерия),oil_tanker
9595008,447069000.0,BAHRA,Crude Oil Tanker (Танкер для перевозки сырой нефти),,8.7,KUWAIT (Кувейт),oil_tanker
9595125,249765000.0,HTM SAMURAI.,Oil Tanker,,7.2,MALTA (Мальта).,oil_tanker
9595618,441205000.0,C. INNOVATOR,Crude Oil Tanker,,11.0,REPUBLIC OF KOREA (Республика Корея),oil_tanker
9595632,566855000.0,HAFNIA PIONEER.,Oil Tanker,,8.5,SINGAPORE (Сингапур).,oil_tanker
9596777,636012673.0,HISTRIA PREZIOSA.,Oil Tanker,,7.3,LIBERIA (Либерия).,oil_tanker
9596961,,PACIFIC VINCERE,Crude Oil Tanker (Танкер для перевозки сырой нефти),,8.5,ПАНАМА (PANAMA),oil_tanker
9597329,,RYUSHO MARU NO.5,Oil Products Tanker (Танкер для перевозки нефтепродуктов),,4.0,ЯПОНИЯ (JAPAN),oil_tanker
9600944,538005762.0,FRONT IDUN.,Oil Tanker,,9.2,MARSHALL ISLANDS (Маршалловы Острова).,oil_tanker
9601235,636021008.0,ELKA ATHINA.,Oil/Chemical Tanker (Танкер для перевозки нефти и химикатов).,,8.0,LIBERIA (Либерия).,oil_tanker
9602710,636020964.0,HISTRIA CORAL.,Oil Tanker,,7.3,LIBERIA (Либерия).,oil_tanker
9602928,636020559.0,DUBAI ENERGY,Crude Oil Tanker (Танкер для перевозки сырой нефти),,21.1,Либерия (LIBERIA),oil_tanker
9603207,,HE AN HAI,Нефтяной танкер (VLCC / Crude Oil Tanker),,11.0,Китай,oil_tanker
9605841,636020762.0,MINOAN FALCON,Bulk Carrier (Балкер),,14.3,LIBERIA (Либерия),oil_tanker
9606687,,SEASPAN EMINENCE,Container Ship (Контейнеровоз),,14.5,ГОНКОНГ (HONG KONG),oil_tanker
9607069,636015509.0,ELKA ANGELIQUE.,Oil/Chemical Tanker (Танкер для перевозки нефти и химикатов).,,8.0,LIBERIA (Либерия).,oil_tanker
9607423,636015557.0,ELKA ATHINA.,Oil/Chemical Tanker (Танкер для перевозки нефти и химикатов).,,8.0,LIBERIA (Либерия).,oil_tanker
9607435,636021071.0,ELKA ATHINA.,Oil/Chemical Tanker (Танкер для перевозки нефти и химикатов).,,8.0,LIBERIA (Либерия).,oil_tanker
9607526,477850800.0,YU RU.,Oil Tanker,,9.1,HONG KONG (Гонконг).,oil_tanker
9607629,636012666.0,HISTRIA CORAL.,Oil Tanker,,7.3,LIBERIA (Либерия).,oil_tanker
9607710,373594000.0,SEA STAR.,Crude Oil Tanker.,,13.9,PANAMA (Панама).,oil_tanker
9607954,538004934.0,,Oil Tanker,,8.6,"Маршалловы Острова (Marshall Islands). Актив оперирует под одним из ведущих международных открытых регистров, входящих в «белый список».",oil_tanker
9608867,538004722.0,MAGIC VICTORIA,Oil Products Tanker (Танкер для нефтепродуктов),,13.9,MARSHALL ISLANDS (Маршалловы Острова),oil_tanker
9609639,,GARNET EXPRESS,Oil/Chemical Tanker (Танкер для перевозки нефтепродуктов и химикатов),,8.5,МАРШАЛЛОВЫ ОСТРОВА (MARSHALL ISLANDS),oil_tanker
9610298,419000479.0,DESH VIBHOR,Crude Oil Tanker (Танкер для сырой нефти),,21.5,INDIA (Индия),oil_tanker
9610781,636020891.0,HISTRIA CORAL.,Oil Tanker,,7.3,LIBERIA (Либерия).,oil_tanker
9610793,273359730.0,GEORGY MASLOV.,Oil Tanker,,8.5,RUSSIA (Россия).,oil_tanker
9610810,273298810.0,VIKTOR BAKAEV.,Crude Oil Tanker.,,12.8,RUSSIA (Россия).,oil_tanker
9612052,636015331.0,HISTRIA PERLA.,Oil Tanker,,7.3,LIBERIA (Либерия).,oil_tanker
9612844,538004420.0,GAZ DYNAMIC.,Oil Tanker,,6.4,MARSHALL ISLANDS (Маршалловы Острова).,oil_tanker
9614048,412487000.0,HE PING HAI.,Crude Oil Tanker.,,20.4,CHINA (Китай).,oil_tanker
9614086,414741000.0,HUA LIN WAN,Oil Products Tanker (Танкер для нефтепродуктов),,12.6,CHINA (Китай),oil_tanker
9615444,,BEI HAI HOU WANG,Oil Products Tanker (Танкер-продуктовоз),,11.0,Китай (CHINA),oil_tanker
9617038,,TOKYO MARU,Crude Oil Tanker (Танкер для перевозки сырой нефти),,8.8,ЯПОНИЯ (JAPAN),oil_tanker
9617571,412066000.0,,Oil Products Tanker,,7.5,Китай,oil_tanker
9617820,,KOYO MARU,Oil/Chemical Tanker (Танкер для перевозки нефтепродуктов и химикатов),,3.2,ЯПОНИЯ (JAPAN),oil_tanker
9620267,622096350.0,CPC I.,Oil Tanker,,4.4,EGYPT (Египет).,oil_tanker
9621601,636021098.0,HISTRIA CORAL.,Oil Tanker,,7.3,LIBERIA (Либерия).,oil_tanker
9622021,413630110.0,KUN LUN YOU 201IMO: 9622021,Oil Products Tanker (Танкер-продуктовоз),,7.2,"Китай Год постройки: 2011 Габариты: Длина — 177.21 м, ширина — 29 м,",oil_tanker
9622033,413444510.0,KUN LUN YOU 202IMO: 9622033,Oil Products Tanker (Танкер-продуктовоз),,7.2,"Китай Год постройки: 2012 Габариты: Длина — 177.21 м, ширина — 29 м,",oil_tanker
9622045,,XIN YUAN 8,Oil Products Tanker (Танкер для перевозки нефтепродуктов),,5.1,КИТАЙ (CHINA),oil_tanker
9623257,,YONG LE,Crude Oil Tanker (Танкер для перевозки сырой нефти),,11.0,КИТАЙ (CHINA),oil_tanker
9623269,414468000.0,THOUSAND SUNNY,Crude Oil Tanker (Танкер для перевозки сырой нефти),,11.0,CHINA (Китай),oil_tanker
9624079,255806156.0,NORDORCHID.,Crude Oil Tanker (Танкер для перевозки сырой нефти).,,11.1,PORTUGAL (Португалия).,oil_tanker
9626285,352002342.0,SHINE,Bulk Carrier (Балкер / Класс Capesize),,16.5,PANAMA (Панама),oil_tanker
9628300,636020920.0,ELKA ATHINA.,Oil/Chemical Tanker (Танкер для перевозки нефти и химикатов).,,8.0,LIBERIA (Либерия).,oil_tanker
9629873,354957000.0,SAKURA GAS.,Oil Tanker,,7.8,PANAMA (Панама).,oil_tanker
9629952,,SEA SPIKE,Нефтеналивной/Химический танкер (Oil/Chemical Tanker),,8.4,Маршалловы Острова,oil_tanker
9630755,636021264.0,ELKA ATHINA.,Oil/Chemical Tanker (Танкер для перевозки нефти и химикатов).,,8.0,LIBERIA (Либерия).,oil_tanker
9631383,636021148.0,HISTRIA CORAL.,Oil Tanker,,7.3,LIBERIA (Либерия).,oil_tanker
9633422,636020961.0,ELKA ATHINA.,Oil/Chemical Tanker (Танкер для перевозки нефти и химикатов).,,8.0,LIBERIA (Либерия).,oil_tanker
9633549,636021051.0,ELKA ATHINA.,Oil/Chemical Tanker (Танкер для перевозки нефти и химикатов).,,8.0,LIBERIA (Либерия).,oil_tanker
9634012,,KIRISHIMA MARU NO.17,Oil Products Tanker (Танкер для перевозки нефтепродуктов),,4.0,ЯПОНИЯ (JAPAN),oil_tanker
9634593,,MATSU MARU NO.5,"Oil Products Tanker (Танкер для перевозки нефтепродуктов, категория Hazard A)",,6.5,ЯПОНИЯ (JAPAN),oil_tanker
9634737,,SUNRISE ACE,Vehicles Carrier (Автомобилевоз),,8.9,ПАНАМА (PANAMA),oil_tanker
9635822,636021228.0,ELKA ATHINA.,Oil/Chemical Tanker (Танкер для перевозки нефти и химикатов).,,8.0,LIBERIA (Либерия).,oil_tanker
9637117,538012314.0,JAG PRANESH.,Oil Tanker,,11.1,MARSHALL ISLANDS (Маршалловы Острова).,oil_tanker
9637492,636020932.0,ELKA ATHINA.,Oil/Chemical Tanker (Танкер для перевозки нефти и химикатов).,,8.0,LIBERIA (Либерия).,oil_tanker
9637715,,,Oil Tanker,,16.1,,oil_tanker
9638343,,SHINKOU MARU NO.28,Oil Products Tanker (Танкер для перевозки нефтепродуктов),,3.5,ЯПОНИЯ (JAPAN),oil_tanker
9638551,538005015.0,NAVE RIGEL,Crude Oil Tanker (Танкер для перевозки сырой нефти),,12.8,MARSHALL ISLANDS (Маршалловы Острова),oil_tanker
9640097,636020807.0,HISTRIA CORAL.,Oil Tanker,,7.3,LIBERIA (Либерия).,oil_tanker
9640578,636021077.0,ELKA ATHINA.,Oil/Chemical Tanker (Танкер для перевозки нефти и химикатов).,,8.0,LIBERIA (Либерия).,oil_tanker
9642019,636015556.0,OCEAN SPIRIT.,Oil Tanker,,12.6,LIBERIA (Либерия).,oil_tanker
9642899,345200100.0,CENTLA,Tanker (Oil/Chemical Tanker),,6.2,MEXICO (Мексика),oil_tanker
9642930,345030016.0,CALAKMUL,Oil/Chemical Tanker,,6.2,MEXICO (Мексика),oil_tanker
9643269,538011022.0,YASA HERCULES,Crude Oil Tanker (Танкер для перевозки сырой нефти),,11.5,MARSHALL ISLANDS (Маршалловы Острова),oil_tanker
9644225,636021110.0,ELKA ATHINA.,Oil/Chemical Tanker (Танкер для перевозки нефти и химикатов).,,8.0,LIBERIA (Либерия).,oil_tanker
9645736,636020966.0,ELKA ATHINA.,Oil/Chemical Tanker (Танкер для перевозки нефти и химикатов).,,8.0,LIBERIA (Либерия).,oil_tanker
9645762,636020956.0,ELKA ATHINA.,Oil/Chemical Tanker (Танкер для перевозки нефти и химикатов).,,8.0,LIBERIA (Либерия).,oil_tanker
9645774,538005119.0,GEM TURQUOISE,Oil/Chemical Tanker,,10.4,MARSHALL ISLANDS (Маршалловы Острова),oil_tanker
9645786,538005118.0,VELOS TURQUOISE.,Oil Tanker,,11.5,MARSHALL ISLANDS (Маршалловы Острова).,oil_tanker
9645798,636021155.0,ELKA ATHINA.,Oil/Chemical Tanker (Танкер для перевозки нефти и химикатов).,,8.0,LIBERIA (Либерия).,oil_tanker
9645970,636020858.0,HISTRIA CORAL.,Oil Tanker,,7.3,LIBERIA (Либерия).,oil_tanker
9646376,412379380.0,SHAN SHI,Chemical/Oil Products Tanker (Танкер-химовоз / продуктовоз),,5.0,Китай,oil_tanker
9646986,412439000.0,TONG ZHOU GONG JI,Crude Oil Tanker (Танкер для перевозки сырой нефти),,20.7,КИТАЙ (CHINA),oil_tanker
9647485,,HUA WEI 8,Oil/Chemical Tanker (Танкер для перевозки нефтепродуктов и химикатов),,6.5,КИТАЙ (CHINA),oil_tanker
9649225,636020889.0,HISTRIA CORAL.,Oil Tanker,,7.3,LIBERIA (Либерия).,oil_tanker
9650004,,RN PRIMORYE,Oil Products Tanker (Танкер для перевозки нефтепродуктов),,4.5,РОССИЯ (RUSSIA),oil_tanker
9650054,636015797.0,ELKA ATHINA.,Oil/Chemical Tanker (Танкер для перевозки нефти и химикатов).,,8.0,LIBERIA (Либерия).,oil_tanker
9650573,725001965.0,,Oil Tanker,,10.8,"Чили (Chile). В отличие от большинства каботажных судов региона, оперирует непосредственно под национальным флагом.",oil_tanker
9652014,538010189.0,FALCON NAVIGATOR,Product Tanker (Танкер-продуктовоз),,11.4,Маршалловы Острова (MARSHALL IS),oil_tanker
9652911,636021004.0,ELKA ATHINA.,Oil/Chemical Tanker (Танкер для перевозки нефти и химикатов).,,8.0,LIBERIA (Либерия).,oil_tanker
9654579,636020957.0,ELKA ATHINA.,Oil/Chemical Tanker (Танкер для перевозки нефти и химикатов).,,8.0,LIBERIA (Либерия).,oil_tanker
9654581,636021083.0,HISTRIA CORAL.,Oil Tanker,,7.3,LIBERIA (Либерия).,oil_tanker
9655456,636021135.0,HISTRIA CORAL.,Oil Tanker,,7.3,LIBERIA (Либерия).,oil_tanker
9655509,319302000.0,ALKAID.,Oil Tanker,,7.5,CAYMAN ISLANDS (Каймановы Острова).,oil_tanker
9655602,636016724.0,ELKA COSMOS.,Oil Tanker,,11.2,LIBERIA (Либерия).,oil_tanker
9655913,725001963.0,,Oil Tanker,,9.7,"Чили (Chile). Судно оперирует под национальным флагом, выполняя стратегические задачи по обеспечению внутреннего энергетического и сырьевого рынка страны.",oil_tanker
9655975,636020860.0,HISTRIA CORAL.,Oil Tanker,,7.3,LIBERIA (Либерия).,oil_tanker
9656058,447186000.0,MUTRIBA,Oil/Chemical Tanker (Нефтеналивной танкер/Химовоз),,8.5,KUWAIT (Кувейт),oil_tanker
9656747,636015949.0,ELKA COMPASS.,Oil/Chemical Tanker (Танкер для перевозки нефти и химикатов).,,8.0,LIBERIA (Либерия).,oil_tanker
9658379,,JAG PRIYANKA,Нефтеналивной/Химический танкер (Oil/Chemical Tanker),,11.6,Индия,oil_tanker
9658537,,RIEI MARU,Oil Products Tanker (Танкер для перевозки нефтепродуктов),,3.8,ЯПОНИЯ (JAPAN),oil_tanker
9659660,538005111.0,THE BLACKSMITH.,Oil Tanker,,7.0,MARSHALL ISLANDS (Маршалловы Острова).,oil_tanker
9660803,413472660.0,CHANG LONG 65,"Oil/Chemical Tanker (Танкер-химовоз, Hazard C)",,5.7,CHINA (Китай),oil_tanker
9661388,538010687.0,MATURITY ONE,Oil Products Tanker (Танкер для нефтепродуктов),,4.5,MARSHALL ISLANDS (Маршалловы Острова),oil_tanker
9661431,636021253.0,ELKA ATHINA.,Oil/Chemical Tanker (Танкер для перевозки нефти и химикатов).,,8.0,LIBERIA (Либерия).,oil_tanker
9661443,636021151.0,HISTRIA CORAL.,Oil Tanker,,7.3,LIBERIA (Либерия).,oil_tanker
9661558,636021216.0,ELKA ATHINA.,Oil/Chemical Tanker (Танкер для перевозки нефти и химикатов).,,8.0,LIBERIA (Либерия).,oil_tanker
9662887,,ENEOS SPIRIT,Crude Oil Tanker (Танкер для перевозки сырой нефти),,19.2,ЯПОНИЯ (JAPAN),oil_tanker
9663843,636019067.0,KYO EI,Танкер для перевозки сырой нефти (Crude Oil Tanker).,,6.8,Либерия.,oil_tanker
9667942,538005761.0,ARDMORE ENDEAVOUR.,Oil Tanker,,8.2,MARSHALL ISLANDS (Маршалловы Острова).,oil_tanker
9669653,636021061.0,HISTRIA CORAL.,Oil Tanker,,7.3,LIBERIA (Либерия).,oil_tanker
9669902,,BOW TRIUMPH,Oil/Chemical Tanker (Танкер для перевозки нефтепродуктов и химикатов),,8.5,НОРВЕГИЯ (NORWAY),oil_tanker
9671228,636016399.0,NAVIGATOR TRITON.,Oil Tanker,,7.2,LIBERIA (Либерия).,oil_tanker
9672301,750067100.0,PEARL,Bunkering Tanker (Бункеровщик),,4.0,GUYANA (Гайана),oil_tanker
9672478,455401000.0,NEON,Oil/Chemical Tanker,,9.5,MALDIVES (Мальдивы),oil_tanker
9675066,636016143.0,ELKA VASSILIKI.,Oil/Chemical Tanker (Танкер для перевозки нефти и химикатов).,,8.0,LIBERIA (Либерия).,oil_tanker
9675080,636021148.0,ELKA ATHINA.,Oil/Chemical Tanker (Танкер для перевозки нефти и химикатов).,,8.0,LIBERIA (Либерия).,oil_tanker
9675406,636021231.0,ELKA ATHINA.,Oil/Chemical Tanker (Танкер для перевозки нефти и химикатов).,,8.0,LIBERIA (Либерия).,oil_tanker
9675444,,KINYO MARU NO.5,Oil Products Tanker (Танкер для перевозки нефтепродуктов),,4.6,ЯПОНИЯ (JAPAN),oil_tanker
9675494,563624000.0,,Oil Tanker,,9.5,"Сингапур (Singapore). Актив находится под юрисдикцией белого списка (""White List"") премиального азиатского регистра, что снижает риски внезапных проверок в портах.",oil_tanker
9676515,636020947.0,HISTRIA CORAL.,Oil Tanker,,7.3,LIBERIA (Либерия).,oil_tanker
9677313,352004258.0,GAMSUNORO,Crude Oil Tanker (Танкер для перевозки сырой нефти),,12.6,PANAMA (Панама),oil_tanker
9679878,636021039.0,ELKA ATHINA.,Oil/Chemical Tanker (Танкер для перевозки нефти и химикатов).,,8.0,LIBERIA (Либерия).,oil_tanker
9680085,319103900.0,STOLT SINCERITY.,Oil/Chemical Tanker (Танкер для перевозки нефти и химикатов).,,7.9,CAYMAN ISLANDS (Острова Кайман).,oil_tanker
9680102,636021199.0,ELKA ATHINA.,Oil/Chemical Tanker (Танкер для перевозки нефти и химикатов).,,8.0,LIBERIA (Либерия).,oil_tanker
9681118,636020915.0,HISTRIA CORAL.,Oil Tanker,,7.3,LIBERIA (Либерия).,oil_tanker
9681168,636016147.0,ELKA ANGELINA.,Oil/Chemical Tanker (Танкер для перевозки нефти и химикатов).,,8.0,LIBERIA (Либерия).,oil_tanker
9681405,403109001.0,NCC JOOD.,Oil Tanker,,10.0,SAUDI ARABIA (Саудовская Аравия).,oil_tanker
9681699,636021218.0,ELKA ATHINA.,Oil/Chemical Tanker (Танкер для перевозки нефти и химикатов).,,8.0,LIBERIA (Либерия).,oil_tanker
9682241,636021196.0,ELKA ATHINA.,Oil/Chemical Tanker (Танкер для перевозки нефти и химикатов).,,8.0,LIBERIA (Либерия).,oil_tanker
9682459,563271000.0,POLARIS.,Oil Tanker,,10.7,SINGAPORE (Сингапур).,oil_tanker
9682588,636021032.0,HISTRIA CORAL.,Oil Tanker,,7.3,LIBERIA (Либерия).,oil_tanker
9682992,219312000.0,EVA MAERSK,Crude Oil Tanker (Танкер для перевозки сырой нефти),,9.6,Дания,oil_tanker
9683025,235108527.0,KMARIN RELIANCE.,Oil Tanker,,9.0,UNITED KINGDOM (Великобритания).,oil_tanker
9685190,403108001.0,NCC BADER.,Oil Tanker,,11.5,SAUDI ARABIA (Саудовская Аравия).,oil_tanker
9685205,403038000.0,NCC GHAZAL.,Oil Tanker,,11.7,SAUDI ARABIA (Саудовская Аравия).,oil_tanker
9685437,636021203.0,ELKA ATHINA.,Oil/Chemical Tanker (Танкер для перевозки нефти и химикатов).,,8.0,LIBERIA (Либерия).,oil_tanker
9686637,538006609.0,FRONT CHEETAH,Crude Oil Tanker (Танкер для перевозки сырой нефти),,9.0,MARSHALL ISLANDS (Маршалловы Острова),oil_tanker
9686704,538005172.0,MANISA,Chemical/Oil Products Tanker (Танкер-продуктовоз),,8.5,Маршалловы Острова,oil_tanker
9686857,636021163.0,HISTRIA CORAL.,Oil Tanker,,7.3,LIBERIA (Либерия).,oil_tanker
9686883,636021117.0,HISTRIA CORAL.,Oil Tanker,,7.3,LIBERIA (Либерия).,oil_tanker
9686974,636020978.0,ELKA ATHINA.,Oil/Chemical Tanker (Танкер для перевозки нефти и химикатов).,,8.0,LIBERIA (Либерия).,oil_tanker
9688415,9688415.0,HAFNIA ANDREA,Oil Tanker,,8.7,SINGAPORE (Сингапур),oil_tanker
9688829,538005384.0,STI ELYSEES,Crude Oil Tanker (Танкер для перевозки сырой нефти),,14.8,MARSHALL ISLANDS (Маршалловы Острова),oil_tanker
9689031,419002117.0,ANANTHA,Oil/Chemical Tanker (Танкер для перевозки нефти и химикатов),,6.2,INDIA (Индия),oil_tanker
9689043,,GOLDEN VIOLET,Нефтеналивной/Химический танкер (Oil/Chemical Tanker),,5.6,Либерия,oil_tanker
9689134,636021041.0,ELKA ATHINA.,Oil/Chemical Tanker (Танкер для перевозки нефти и химикатов).,,8.0,LIBERIA (Либерия).,oil_tanker
9689158,563648000.0,,Oil Tanker,,8.0,Сингапур (Singapore). Судно оперирует под флагом одного из ведущих белых международных регистров.,oil_tanker
9689926,636021250.0,ELKA ATHINA.,Oil/Chemical Tanker (Танкер для перевозки нефти и химикатов).,,8.0,LIBERIA (Либерия).,oil_tanker
9690834,538005510.0,STI ORCHARD,Crude Oil Tanker (Танкер для перевозки сырой нефти),,9.0,Маршалловы Острова (MARSHALL ISLANDS),oil_tanker
9690846,255915899.0,STI BROADWAY.,Crude Oil Tanker.,,8.6,PORTUGAL (Португалия).,oil_tanker
9691723,538005403.0,,Oil Tanker,,10.7,Маршалловы Острова (Marshall Islands) [Уведомление от пользователя]. Юрисдикция входит в белый список («White List») ведущих международных Парижского и Токийского меморандумов комплаенса [Уведомление от пользователя].,oil_tanker
9692129,538012282.0,STALLION,Chemical/Oil Products Tanker,,8.0,,oil_tanker
9692143,636016664.0,ELKA PERPETUA.,Oil/Chemical Tanker (Танкер для перевозки нефти и химикатов).,,8.0,LIBERIA (Либерия).,oil_tanker
9692246,636021130.0,HISTRIA CORAL.,Oil Tanker,,7.3,LIBERIA (Либерия).,oil_tanker
9692258,636021024.0,HISTRIA CORAL.,Oil Tanker,,7.3,LIBERIA (Либерия).,oil_tanker
9692301,636021184.0,ELKA ATHINA.,Oil/Chemical Tanker (Танкер для перевозки нефти и химикатов).,,8.0,LIBERIA (Либерия).,oil_tanker
9692325,538006386.0,SILVER ZOE.,Oil Tanker,,8.2,MARSHALL ISLANDS (Маршалловы Острова).,oil_tanker
9692349,636021273.0,ELKA ATHINA.,Oil/Chemical Tanker (Танкер для перевозки нефти и химикатов).,,8.0,LIBERIA (Либерия).,oil_tanker
9692363,636016333.0,HISTRIA AMBER.,Oil Tanker,,7.3,LIBERIA (Либерия).,oil_tanker
9692375,538006666.0,,Oil Tanker,,10.2,Маршалловы Острова (Marshall Islands) [Судно].,oil_tanker
9692832,229717000.0,CAPTAIN JOHN,Crude Oil Tanker (Танкер для перевозки сырой нефти),,13.4,MALTA (Мальта),oil_tanker
9693082,249279000.0,YPAPANTI.,Oil Tanker,,8.2,MALTA (Мальта).,oil_tanker
9693161,636021241.0,ELKA ATHINA.,Oil/Chemical Tanker (Танкер для перевозки нефти и химикатов).,,8.0,LIBERIA (Либерия).,oil_tanker
9693719,636021164.0,HISTRIA CORAL.,Oil Tanker,,7.3,LIBERIA (Либерия).,oil_tanker
9693745,403644001.0,AMZAN.,Oil Tanker,,10.8,SAUDI ARABIA (Саудовская Аравия).,oil_tanker
9694189,636021134.0,ELKA ATHINA.,Oil/Chemical Tanker (Танкер для перевозки нефти и химикатов).,,8.0,LIBERIA (Либерия).,oil_tanker
9694359,636021046.0,HISTRIA CORAL.,Oil Tanker,,7.3,LIBERIA (Либерия).,oil_tanker
9694361,636016335.0,HISTRIA CORAL.,Oil Tanker,,7.3,LIBERIA (Либерия).,oil_tanker
9694658,,NISSOS CHRISTIANA,Нефтеналивной танкер (Crude Oil Tanker),,13.6,Греция,oil_tanker
9696565,636020991.0,ELKA ATHINA.,Oil/Chemical Tanker (Танкер для перевозки нефти и химикатов).,,8.0,LIBERIA (Либерия).,oil_tanker
9696761,636021122.0,ELKA ATHINA.,Oil/Chemical Tanker (Танкер для перевозки нефти и химикатов).,,8.0,LIBERIA (Либерия).,oil_tanker
9696773,636016334.0,HISTRIA AZURE.,Oil Tanker,,7.3,LIBERIA (Либерия).,oil_tanker
9697430,353952000.0,NAVE PYXIS.,Oil Tanker,,10.5,PANAMA (Панама).,oil_tanker
9697480,,KORYU MARU,Oil Products Tanker (Танкер для перевозки нефтепродуктов),,5.4,ЯПОНИЯ (JAPAN),oil_tanker
9698355,636020987.0,HISTRIA CORAL.,Oil Tanker,,7.3,LIBERIA (Либерия).,oil_tanker
9699505,636021254.0,ELKA ATHINA.,Oil/Chemical Tanker (Танкер для перевозки нефти и химикатов).,,8.0,LIBERIA (Либерия).,oil_tanker
9699517,636021133.0,HISTRIA CORAL.,Oil Tanker,,7.3,LIBERIA (Либерия).,oil_tanker
9700469,538009592.0,,Oil Tanker,,10.8,Маршалловы Острова (Marshall Islands). Актив зарегистрирован в открытом международном регистре.,oil_tanker
9700706,636016335.0,HISTRIA CROWN.,Oil Tanker,,7.3,LIBERIA (Либерия).,oil_tanker
9701554,636021153.0,ELKA ATHINA.,Oil/Chemical Tanker (Танкер для перевозки нефти и химикатов).,,8.0,LIBERIA (Либерия).,oil_tanker
9703320,636020845.0,HISTRIA CORAL.,Oil Tanker,,7.3,LIBERIA (Либерия).,oil_tanker
9703332,,FRONT JAGUAR,Танкер для перевозки сырой нефти (Crude Oil Tanker),,7.0,Маршалловы Острова,oil_tanker
9704453,636021128.0,ELKA ATHINA.,Oil/Chemical Tanker (Танкер для перевозки нефти и химикатов).,,8.0,LIBERIA (Либерия).,oil_tanker
9705885,249295000.0,ELKA ASTIR.,Oil Tanker,,10.4,MALTA (Мальта).,oil_tanker
9705897,636016723.0,ELKA BREEZE.,Oil Tanker,,8.2,LIBERIA (Либерия).,oil_tanker
9706061,,HAFNIA RAVEN,Oil/Chemical Tanker (Танкер для перевозки нефтепродуктов и химикатов),,7.5,СИНГАПУР (SINGAPORE),oil_tanker
9706401,636017085.0,ELKA ATHOS.,Oil/Chemical Tanker (Танкер для перевозки нефти и химикатов).,,8.0,LIBERIA (Либерия).,oil_tanker
9706463,636021020.0,HISTRIA CORAL.,Oil Tanker,,7.3,LIBERIA (Либерия).,oil_tanker
9706487,636021261.0,ELKA ATHINA.,Oil/Chemical Tanker (Танкер для перевозки нефти и химикатов).,,8.0,LIBERIA (Либерия).,oil_tanker
9707182,636020954.0,HISTRIA CORAL.,Oil Tanker,,7.3,LIBERIA (Либерия).,oil_tanker
9707194,636021159.0,HISTRIA CORAL.,Oil Tanker,,7.3,LIBERIA (Либерия).,oil_tanker
9707390,413484880.0,HE JIN,Oil Products Tanker (Танкер-продуктовоз),,8.2,CHINA (Китай),oil_tanker
9707819,636016644.0,ELKA GLORY.,Oil/Chemical Tanker (Танкер для перевозки нефти и химикатов).,,8.0,LIBERIA (Либерия).,oil_tanker
9708588,636020958.0,ELKA ATHINA.,Oil/Chemical Tanker (Танкер для перевозки нефти и химикатов).,,8.0,LIBERIA (Либерия).,oil_tanker
9708772,249852000.0,PYXIS LAMDA.,Oil/Chemical Tanker (Танкер для перевозки нефти и химикатов).,,11.5,MALTA (Мальта).,oil_tanker
9709075,,MOZAMBIQUE B,Crude Oil Tanker (Танкер для перевозки сырой нефти),,20.0,ЛИБЕРИЯ (LIBERIA),oil_tanker
9710206,338879000.0,CALIFORNIA VOYAGER IMO: 9710206,Chemical/Oil Products Tanker (Танкер-продуктовоз),,11.1,"Соединенные Штаты Америки (США) Год постройки: 2016 (верфь NASSCO, Сан-Диего, США) Габариты: Длина (LOA) — 186 м, ширина — 32.2 м,",oil_tanker
9711303,,SEAGULL,Oil/Chemical Tanker (Танкер для перевозки нефти и химических продуктов),,8.3,МАРШАЛЛОВЫ ОСТРОВА (MARSHALL ISLANDS),oil_tanker
9711511,636017086.0,ELKA APOLLON.,Oil/Chemical Tanker (Танкер для перевозки нефти и химикатов).,,8.0,LIBERIA (Либерия).,oil_tanker
9711573,563186200.0,HAFNIA AQUAMARINE (ранее: NAVIG8 AQUAMARINE),Chemical/Oil Products Tanker (Танкер-химовоз / продуктовоз),,9.6,Сингапур,oil_tanker
9711602,,TENRYU MARU NO.88,Oil Products Tanker (Танкер для перевозки нефтепродуктов),,5.1,ЯПОНИЯ (JAPAN),oil_tanker
9712606,565873000.0,MTM SANTOS,Oil/Chemical Tanker,,6.4,SINGAPORE (Сингапур),oil_tanker
9713545,636021146.0,ELKA ATHINA.,Oil/Chemical Tanker (Танкер для перевозки нефти и химикатов).,,8.0,LIBERIA (Либерия).,oil_tanker
9713844,563881000.0,,Oil Tanker,,10.2,Сингапур (Singapore) [Судно].,oil_tanker
9714056,538005771.0,HAFNIA AMBER.,Oil Tanker,,8.0,MARSHALL ISLANDS (Маршалловы Острова).,oil_tanker
9714068,636016663.0,ELKA PETRA.,Oil/Chemical Tanker (Танкер для перевозки нефти и химикатов).,,8.0,LIBERIA (Либерия).,oil_tanker
9715866,,PRINCESS GARNET,Oil/Chemical Tanker (Танкер для перевозки нефтепродуктов и химикатов),,7.6,ПАНАМА (PANAMA),oil_tanker
9717113,636021173.0,HISTRIA CORAL.,Oil Tanker,,7.3,LIBERIA (Либерия).,oil_tanker
9717785,538005536.0,,Oil Tanker,,12.0,"Маршалловы Острова (Marshall Islands). Актив зарегистрирован в авторитетном открытом международном регистре.Габариты: Длина (LOA) — 183.04 м, ширина — 32.20 м (интерфейс ИНС на image_338925.jpg фиксирует конструктивную длину 183.03 м и ширину 32.22 м).Тоннаж:",oil_tanker
9718404,,SILVER ERVILIA,Нефтеналивной/Химический танкер (Oil/Chemical Tanker),,12.1,Маршалловы Острова,oil_tanker
9718416,,SILVER EBURNA,Oil/Chemical Tanker (Танкер для перевозки нефтепродуктов и химикатов),,11.3,МАРШАЛЛОВЫ ОСТРОВА (MARSHALL ISLANDS),oil_tanker
9718870,,STOLT REGINA,Oil/Chemical Tanker (Танкер для перевозки нефтепродуктов и химикатов),,8.5,ВЕЛИКОБРИТАНИЯ (UNITED KINGDOM),oil_tanker
9721504,,POLAR ACE,Crude Oil Tanker (Танкер для перевозки сырой нефти),,8.5,МАРШАЛЛОВЫ ОСТРОВА (MARSHALL ISLANDS),oil_tanker
9722170,636021223.0,ELKA ATHINA.,Oil/Chemical Tanker (Танкер для перевозки нефти и химикатов).,,8.0,LIBERIA (Либерия).,oil_tanker
9722405,636021108.0,ELKA ATHINA.,Oil/Chemical Tanker (Танкер для перевозки нефти и химикатов).,,8.0,LIBERIA (Либерия).,oil_tanker
9722584,636021031.0,ELKA ATHINA.,Oil/Chemical Tanker (Танкер для перевозки нефти и химикатов).,,8.0,LIBERIA (Либерия).,oil_tanker
9722637,256769000.0,HELLAS REVENGER,Oil/Chemical Tanker (Танкер для перевозки нефти и химикатов),,8.0,MALTA (Мальта),oil_tanker
9722900,538011820.0,SEA MAJESTY,Crude Oil Tanker (Танкер класса VLCC для сырой нефти),,11.0,Маршалловы Острова (MARSHALL ISLANDS),oil_tanker
9722924,636026129.0,SPAIN B,Танкер для перевозки сырой нефти (Crude Oil Tanker),,21.0,Либерия (LIBERIA),oil_tanker
9723007,636021171.0,HISTRIA ONIX.,Oil Tanker,,7.3,LIBERIA (Либерия).,oil_tanker
9723100,636018082.0,FRONT RAUMA,Crude Oil Tanker (Танкер для перевозки сырой нефти),,15.8,LIBERIA (Либерия),oil_tanker
9723112,538006816.0,ULYSSES,Crude Oil Tanker,,11.0,MARSHALL ISLANDS (Маршалловы Острова),oil_tanker
9723588,414213000.0,YUAN HUA HU,Crude Oil Tanker (Танкер для перевозки сырой нефти),,20.5,CHINA (Китай),oil_tanker
9724075,636020918.0,ELKA ATHINA.,Oil/Chemical Tanker (Танкер для перевозки нефти и химикатов).,,8.0,LIBERIA (Либерия).,oil_tanker
9724087,241456000.0,THOMAS ZAFIRAS,Crude Oil Tanker,,8.5,GREECE (Греция),oil_tanker
9724350,636020892.0,HISTRIA CORAL.,Oil Tanker,,7.3,LIBERIA (Либерия).,oil_tanker
9724556,636020883.0,HISTRIA CORAL.,Oil Tanker,,7.3,LIBERIA (Либерия).,oil_tanker
9724570,636020997.0,,Oil Tanker,,7.3,LIBERIA (Либерия).,oil_tanker
9724582,636021010.0,ELKA ATHINA.,Oil/Chemical Tanker (Танкер для перевозки нефти и химикатов).,,8.0,LIBERIA (Либерия).,oil_tanker
9724611,538010226.0,CATHERINE GRACE.,Oil Tanker,,7.4,MARSHALL ISLANDS (Маршалловы Острова).,oil_tanker
9724673,636021048.0,HISTRIA CORAL.,Oil Tanker,,7.3,LIBERIA (Либерия).,oil_tanker
9724685,249762000.0,PEARL LIGHT.,Oil Tanker,,10.0,MALTA (Мальта).,oil_tanker
9724714,538011848.0,ASTROLIGHT.,Oil Tanker,,9.9,MARSHALL ISLANDS (Маршалловы Острова).,oil_tanker
9725495,636020877.0,HISTRIA CORAL.,Oil Tanker,,7.3,LIBERIA (Либерия).,oil_tanker
9725603,636021000.0,ELKA ATHINA.,Oil/Chemical Tanker (Танкер для перевозки нефти и химикатов).,,8.0,LIBERIA (Либерия).,oil_tanker
9725627,636021175.0,HISTRIA CORAL.,Oil Tanker,,7.3,LIBERIA (Либерия).,oil_tanker
9725639,538012477.0,HAFNIA SUNDA.,Oil Tanker,,10.1,MARSHALL ISLANDS (Маршалловы Острова).,oil_tanker
9725823,636016933.0,,Oil Tanker,,6.5,Либерия (Liberia) [???]. Регистрация выполнена в стабильном международном открытом регистре из белого списка комплаенса.,oil_tanker
9725861,636017792.0,,Oil Tanker,,6.3,Либерия (Liberia). Борт зарегистрирован в открытом международном регистре.,oil_tanker
9726592,636020933.0,HISTRIA CORAL.,Oil Tanker,,7.3,LIBERIA (Либерия).,oil_tanker
9726619,256468000.0,HAFNIA LENE.,Oil Tanker,,7.6,MALTA (Мальта).,oil_tanker
9727209,477884300.0,,Crude Oil Tanker (Танкер для сырой нефти),,11.5,Гонконг (HONG KONG),oil_tanker
9727211,477913200.0,LANDBRIDGE FORTUNE,Crude Oil Tanker (Танкер для перевозки сырой нефти),,20.3,HONG KONG (Гонконг),oil_tanker
9727534,636021142.0,HISTRIA CORAL.,Oil Tanker,,7.3,LIBERIA (Либерия).,oil_tanker
9727558,538005783.0,HAFNIA ARAGONITE,Chemical/Oil Products Tanker (Танкер-химовоз/продуктовоз),,7.5,Маршалловы Острова,oil_tanker
9727572,538005785.0,HAFNIA ALABASTER,Oil/Chemical Tanker (Танкер для перевозки нефти и химикатов),,11.0,Маршалловы Острова (MARSHALL ISLANDS),oil_tanker
9729221,636021259.0,ELKA ATHINA.,Oil/Chemical Tanker (Танкер для перевозки нефти и химикатов).,,8.0,LIBERIA (Либерия).,oil_tanker
9729283,636021075.0,HISTRIA CORAL.,Oil Tanker,,7.3,LIBERIA (Либерия).,oil_tanker
9729582,636021092.0,ELKA ATHINA.,Oil/Chemical Tanker (Танкер для перевозки нефти и химикатов).,,8.0,LIBERIA (Либерия).,oil_tanker
9730098,636017088.0,ELKA DELPHI.,Oil/Chemical Tanker (Танкер для перевозки нефти и химикатов).,,8.0,LIBERIA (Либерия).,oil_tanker
9730933,311000359.0,LYRIC CAMELLIA.,Oil Tanker,,8.6,BAHAMAS (Багамские Острова).,oil_tanker
9730945,255917260.0,KLEON.,Crude Oil Tanker (Танкер для перевозки сырой нефти).,,8.7,PORTUGAL (Португалия).,oil_tanker
9731042,636021131.0,HISTRIA CORAL.,Oil Tanker,,7.3,LIBERIA (Либерия).,oil_tanker
9731169,538008718.0,"OLYMPIC LADY (ранее: NASIRIYAH, CRUDE PROGRESS)",Crude Oil Tanker (Танкер типа VLCC),,15.1,Маршалловы Острова,oil_tanker
9732034,566737000.0,MARITIME EQUATOR,Oil/Chemical Tanker (Танкер для перевозки нефти и химикатов),,5.8,SINGAPORE (Сингапур),oil_tanker
9732230,256349000.0,STELLATA,Oil Products Tanker (Танкер для нефтепродуктов),,12.2,MALTA (Мальта),oil_tanker
9732242,636021116.0,ELKA ATHINA.,Oil/Chemical Tanker (Танкер для перевозки нефти и химикатов).,,8.0,LIBERIA (Либерия).,oil_tanker
9732541,,C.PROMISE,Нефтяной танкер (Crude Oil Tanker),,11.0,Либерия,oil_tanker
9732565,538010889.0,,Oil Tanker,,20.7,Маршалловы Острова (Marshall Islands). Борт оперирует под международным реестром данной юрисдикции.,oil_tanker
9732682,636015558.0,ELKA ATHINA.,Oil/Chemical Tanker (Танкер для перевозки нефти и химикатов).,,8.0,LIBERIA (Либерия).,oil_tanker
9732814,538006544.0,MALBEC LEGEND.,Oil Tanker,,8.6,MARSHALL ISLANDS (Маршалловы Острова).,oil_tanker
9733545,636021147.0,ELKA ATHINA.,Oil/Chemical Tanker (Танкер для перевозки нефти и химикатов).,,8.0,LIBERIA (Либерия).,oil_tanker
9734408,311000360.0,LYRIC MAGNOLIA.,Oil Tanker,,8.8,BAHAMAS (Багамские Острова).,oil_tanker
9734692,636021284.0,ELKA ATHINA.,Oil/Chemical Tanker (Танкер для перевозки нефти и химикатов).,,8.0,LIBERIA (Либерия).,oil_tanker
9735050,636021285.0,ELKA ATHINA.,Oil/Chemical Tanker (Танкер для перевозки нефти и химикатов).,,8.0,LIBERIA (Либерия).,oil_tanker
9735737,,,Танкер для перевозки сырой нефти (Crude Oil Tanker).,,,Гонконг.,oil_tanker
9737187,636020940.0,ELKA ATHINA.,Oil/Chemical Tanker (Танкер для перевозки нефти и химикатов).,,8.0,LIBERIA (Либерия).,oil_tanker
9737395,636020870.0,HISTRIA CORAL.,Oil Tanker,,7.3,LIBERIA (Либерия).,oil_tanker
9737577,,MELDERSKIN,Oil/Chemical Tanker (Танкер для перевозки нефтепродуктов и химикатов),,8.2,НОРВЕГИЯ (NORWAY),oil_tanker
9738662,636020983.0,ELKA ATHINA.,Oil/Chemical Tanker (Танкер для перевозки нефти и химикатов).,,8.0,LIBERIA (Либерия).,oil_tanker
9739288,,HAFNIA TORRES,Oil/Chemical Tanker (Танкер для перевозки нефтепродуктов и химикатов),,8.4,СИНГАПУР (SINGAPORE),oil_tanker
9739501,636017088.0,MOMBASA B,Crude Oil Tanker (Танкер для перевозки сырой нефти),,11.1,Либерия (LIBERIA),oil_tanker
9739989,636021289.0,ELKA ATHINA.,Oil/Chemical Tanker (Танкер для перевозки нефти и химикатов).,,8.0,LIBERIA (Либерия).,oil_tanker
9742211,636021121.0,HISTRIA CORAL.,Oil Tanker,,7.3,LIBERIA (Либерия).,oil_tanker
9742819,636017081.0,CIELO DI CAPRI.,Oil/Chemical Tanker (Танкер для перевозки нефти и химикатов).,,8.0,LIBERIA (Либерия).,oil_tanker
9743758,256160000.0,CHEMICAL CHALLENGER.,Oil Tanker,,7.0,MALTA (Мальта).,oil_tanker
9743849,477636500.0,BOCHEM LONDON.,Oil Tanker,,9.8,HONG KONG (Гонконг).,oil_tanker
9744893,,STOLT CALLUNA,Oil/Chemical Tanker (Танкер для перевозки нефтепродуктов и химикатов),,8.0,ЛИБЕРИЯ (LIBERIA),oil_tanker
9744958,636021107.0,ELKA ATHINA.,Oil/Chemical Tanker (Танкер для перевозки нефти и химикатов).,,8.0,LIBERIA (Либерия).,oil_tanker
9745225,241444000.0,AEGEAN MARATHON.,Crude Oil Tanker.,,9.0,GREECE (Греция).,oil_tanker
9745251,636020903.0,HISTRIA CORAL.,Oil Tanker,,7.3,LIBERIA (Либерия).,oil_tanker
9745524,636020977.0,ELKA ATHINA.,Oil/Chemical Tanker (Танкер для перевозки нефти и химикатов).,,8.0,LIBERIA (Либерия).,oil_tanker
9745536,219672000.0,BERING GAS.,Oil Tanker,,6.4,DENMARK (Дания).,oil_tanker
9746188,477564600.0,SC MERCURY,Oil/Chemical Tanker (Танкер для перевозки нефти и химикатов),,9.6,Гонконг (HONG KONG),oil_tanker
9746231,636021281.0,ELKA ATHINA.,Oil/Chemical Tanker (Танкер для перевозки нефти и химикатов).,,8.0,LIBERIA (Либерия).,oil_tanker
9746279,636021011.0,HISTRIA CORAL.,Oil Tanker,,7.3,LIBERIA (Либерия).,oil_tanker
9746619,636021085.0,ELKA ATHINA.,Oil/Chemical Tanker (Танкер для перевозки нефти и химикатов).,,8.0,LIBERIA (Либерия).,oil_tanker
9746671,636017005.0,HISTRIA ATLAS.,Oil Tanker,,7.3,LIBERIA (Либерия).,oil_tanker
9746774,636021167.0,ELKA ATHINA.,Oil/Chemical Tanker (Танкер для перевозки нефти и химикатов).,,8.0,LIBERIA (Либерия).,oil_tanker
9747261,636021173.0,HISTRIA ONIX.,Oil Tanker,,7.3,LIBERIA (Либерия).,oil_tanker
9747584,636017410.0,ELKA DELPHI.,Oil/Chemical Tanker (Танкер для перевозки нефти и химикатов).,,8.0,LIBERIA (Либерия).,oil_tanker
9749025,477142500.0,BOCHEM MARENGO,Oil/Chemical Tanker (Нефтеналивной танкер/химовоз),,10.0,HONG KONG (Гонконг),oil_tanker
9749374,636020972.0,HISTRIA CORAL.,Oil Tanker,,7.3,LIBERIA (Либерия).,oil_tanker
9749453,636021124.0,ELKA ATHINA.,Oil/Chemical Tanker (Танкер для перевозки нефти и химикатов).,,8.0,LIBERIA (Либерия).,oil_tanker
9749489,636017006.0,HISTRIA ATHENA.,Oil Tanker,,7.3,LIBERIA (Либерия).,oil_tanker
9749491,636021230.0,ELKA ATHINA.,Oil/Chemical Tanker (Танкер для перевозки нефти и химикатов).,,8.0,LIBERIA (Либерия).,oil_tanker
9749544,636023588.0,ELANDRA GULF,Crude Oil Tanker (Танкер для перевозки сырой нефти / AFRAMAX/LR2),,11.7,Либерия,oil_tanker
9749714,,SOUTHERN ROBIN,Oil/Chemical Tanker (Танкер для перевозки нефтепродуктов и химикатов),,6.4,ЛИБЕРИЯ (LIBERIA),oil_tanker
9750660,636020922.0,ELKA ATHINA.,Oil/Chemical Tanker (Танкер для перевозки нефти и химикатов).,,8.0,LIBERIA (Либерия).,oil_tanker
9750696,636020973.0,HISTRIA CORAL.,Oil Tanker,,7.3,LIBERIA (Либерия).,oil_tanker
9752034,636020974.0,HISTRIA CORAL.,Oil Tanker,,7.3,LIBERIA (Либерия).,oil_tanker
9752046,636020957.0,HISTRIA CORAL.,Oil Tanker,,7.3,LIBERIA (Либерия).,oil_tanker
9752606,636017084.0,ELKA COMPASS.,Oil/Chemical Tanker (Танкер для перевозки нефти и химикатов).,,8.0,LIBERIA (Либерия).,oil_tanker
9752694,636021172.0,HISTRIA CORAL.,Oil Tanker,,7.3,LIBERIA (Либерия).,oil_tanker
9752711,636020961.0,HISTRIA CORAL.,Oil Tanker,,7.3,LIBERIA (Либерия).,oil_tanker
9753363,636021036.0,HISTRIA CORAL.,Oil Tanker,,7.3,LIBERIA (Либерия).,oil_tanker
9753545,241485000.0,PRUDENT WARRIOR,Crude Oil Tanker (Танкер для перевозки сырой нефти),,16.4,GREECE (Греция),oil_tanker
9753557,241501000.0,RELIABLE WARRIOR.,Oil Tanker,,9.0,GREECE (Греция).,oil_tanker
9755062,372628000.0,,Oil Tanker,,8.2,Панама (Panama).,oil_tanker
9755646,636020824.0,HISTRIA CORAL.,Oil Tanker,,7.3,LIBERIA (Либерия).,oil_tanker
9755658,636020867.0,HISTRIA CORAL.,Oil Tanker,,7.3,LIBERIA (Либерия).,oil_tanker
9757979,357571000.0,,Oil Tanker,,7.2,Панама (Panama). Борт оперирует под панамским международным регистром.,oil_tanker
9758181,622121222.0,CPC VI.,Oil Tanker,,5.5,EGYPT (Египет).,oil_tanker
9758789,636021161.0,HISTRIA CORAL.,Oil Tanker,,7.3,LIBERIA (Либерия).,oil_tanker
9759745,636021189.0,ELKA ATHINA.,Oil/Chemical Tanker (Танкер для перевозки нефти и химикатов).,,8.0,LIBERIA (Либерия).,oil_tanker
9759824,249884000.0,AGIOS FANOURIOS I,Crude Oil Tanker (Танкер для перевозки сырой нефти),,20.5,MALTA (Мальта),oil_tanker
9759836,636021177.0,HISTRIA ONIX.,Oil Tanker,,7.3,LIBERIA (Либерия).,oil_tanker
9759850,,SHINSEI MARU,Crude Oil Tanker (Танкер для перевозки сырой нефти),,14.0,ЯПОНИЯ (JAPAN),oil_tanker
9760782,636021262.0,ELKA ATHINA.,Oil/Chemical Tanker (Танкер для перевозки нефти и химикатов).,,8.0,LIBERIA (Либерия).,oil_tanker
9761176,636020873.0,HISTRIA CORAL.,Oil Tanker,,7.3,LIBERIA (Либерия).,oil_tanker
9761267,636021156.0,HISTRIA CORAL.,Oil Tanker,,7.3,LIBERIA (Либерия).,oil_tanker
9761451,636017260.0,HISTRIA PERLA.,Oil Tanker,,7.3,LIBERIA (Либерия).,oil_tanker
9761475,413241010.0,SC CHENGDU,Chemical Tanker (Химовоз / Танкер для перевозки химикатов),,6.3,CHINA (Китайская Народная Республика),oil_tanker
9761853,636017409.0,ELKA ATHOS.,Oil/Chemical Tanker (Танкер для перевозки нефти и химикатов).,,8.0,LIBERIA (Либерия).,oil_tanker
9762261,636021028.0,HISTRIA CORAL.,Oil Tanker,,7.3,LIBERIA (Либерия).,oil_tanker
9762998,,,"Танкер для перевозки сырой нефти (Crude Oil Tanker), класс VLCC.",,11.0,Маршалловы Острова.,oil_tanker
9765029,249986000.0,SEARUNNER,Crude Oil Tanker,,8.5,MALTA (Мальта),oil_tanker
9765378,636021086.0,ELKA ATHINA.,Oil/Chemical Tanker (Танкер для перевозки нефти и химикатов).,,8.0,LIBERIA (Либерия).,oil_tanker
9765550,373045000.0,GLOBE ATLAS.,Oil Tanker,,8.3,PANAMA (Панама).,oil_tanker
9766190,563010700.0,HAFNIA KALLANG.,Oil Products Tanker (Танкер для перевозки нефтепродуктов).,,11.5,SINGAPORE (Сингапур).,oil_tanker
9766889,538010194.0,FALCON VENICE,Crude Oil Tanker (Танкер для сырой нефти),,14.8,Маршалловы Острова (MARSHALL IS),oil_tanker
9767015,538010195.0,FALCON VICTORIA,Crude Oil Tanker (Танкер для сырой нефти),,14.8,Маршалловы Острова (MARSHALL IS),oil_tanker
9768394,636020923.0,ELKA ATHINA.,Oil/Chemical Tanker (Танкер для перевозки нефти и химикатов).,,8.0,LIBERIA (Либерия).,oil_tanker
9768514,538006821.0,IVER AMBASSADOR,Asphalt/Bitumen Tanker (Танкер для перевозки асфальта и битума),,5.3,MARSHALL ISLANDS (Маршалловы Острова),oil_tanker
9768526,636021068.0,HISTRIA CORAL.,Oil Tanker,,7.3,LIBERIA (Либерия).,oil_tanker
9768746,,TORM ATLANTIC,Oil/Chemical Tanker (Танкер для перевозки нефтепродуктов и химикатов),,8.5,ДАНИЯ (DENMARK),oil_tanker
9769817,,,Танкер для перевозки сырой нефти (Crude Oil Tanker).,,9.5,Маршалловы Острова.,oil_tanker
9770531,636021157.0,HISTRIA CORAL.,Oil Tanker,,7.3,LIBERIA (Либерия).,oil_tanker
9770921,636020968.0,ELKA ATHINA.,Oil/Chemical Tanker (Танкер для перевозки нефти и химикатов).,,8.0,LIBERIA (Либерия).,oil_tanker
9771028,636019175.0,PEACE VICTORIA,Oil/Chemical Tanker (Танкер для перевозки нефти и химикатов),,8.3,Либерия (LIBERIA),oil_tanker
9772046,538007562.0,PACIFIC JULIA,Oil/Chemical Tanker,,7.8,MARSHALL ISLANDS (Маршалловы Острова),oil_tanker
9772345,248113000.0,SAMOS,Crude Oil Tanker,,16.5,MALTA (Мальта),oil_tanker
9772931,636021176.0,HISTRIA ONIX.,Oil Tanker,,7.3,LIBERIA (Либерия).,oil_tanker
9773040,477043500.0,VICTORY VENTURE,Crude Oil Tanker (Танкер для перевозки сырой нефти),,9.2,HONG KONG (Гонконг),oil_tanker
9773179,372240000.0,BOW VICTORY,Oil/Chemical Tanker (Нефтеналивной/Химовоз),,8.6,PANAMA (Панама),oil_tanker
9773739,563299500.0,UNITY VENTURE.,Oil Tanker,,9.0,SINGAPORE (Сингапур).,oil_tanker
9773741,636021040.0,HISTRIA CORAL.,Oil Tanker,,7.3,LIBERIA (Либерия).,oil_tanker
9773923,636022218.0,PALLADIUM.,Oil Tanker,,13.5,LIBERIA (Либерия).,oil_tanker
9773935,636021115.0,HISTRIA CORAL.,Oil Tanker,,7.3,LIBERIA (Либерия).,oil_tanker
9773947,636020799.0,HISTRIA CORAL.,Oil Tanker,,7.3,LIBERIA (Либерия).,oil_tanker
9774197,636021172.0,HISTRIA ONIX.,Oil Tanker,,7.3,LIBERIA (Либерия).,oil_tanker
9774410,,SUN VENUS,Oil/Chemical Tanker (Танкер для перевозки нефтепродуктов и химикатов),,6.0,ПАНАМА (PANAMA),oil_tanker
9776444,636021237.0,ELKA ATHINA.,Oil/Chemical Tanker (Танкер для перевозки нефти и химикатов).,,8.0,LIBERIA (Либерия).,oil_tanker
9776731,249811000.0,MALIBU.,Crude Oil Tanker.,,15.5,MALTA (Мальта).,oil_tanker
9776755,249857000.0,WAIKIKI.,Oil Tanker,,12.7,MALTA (Мальта).,oil_tanker
9776767,636021055.0,ELKA ATHINA.,Oil/Chemical Tanker (Танкер для перевозки нефти и химикатов).,,8.0,LIBERIA (Либерия).,oil_tanker
9777395,,,Oil Tanker,,8.0,,oil_tanker
9777412,356177000.0,CHEMOCEAN ORION,Oil/Chemical Tanker (Танкер для перевозки нефти и химикатов),,10.6,Панама (PANAMA),oil_tanker
9777943,636021730.0,RIVERA.,Oil Tanker,,8.5,LIBERIA (Либерия).,oil_tanker
9778727,725004760.0,,Oil Tanker,,8.0,Чили (Chile). Актив оперирует непосредственно под национальным флагом.,oil_tanker
9779159,425000017.0,AL ASMAEY,Water Tanker (Танкер для перевозки пресной воды),,2.5,Ирак (IRAQ),oil_tanker
9779161,425000018.0,AL QURNA,Oil Products Tanker (Танкер-продуктовоз),,4.6,Ирак (IRAQ),oil_tanker
9779587,241764000.0,AMAZON FALCON,Crude Oil Tanker (Танкер для перевозки сырой нефти),,8.5,GREECE (Греция),oil_tanker
9779616,,VALIANT,Нефтяной танкер (VLCC / Crude Oil Tanker),,11.0,Маршалловы Острова,oil_tanker
9779800,403525000.0,AMJAD.,Oil Tanker,,10.8,SAUDI ARABIA (Саудовская Аравия).,oil_tanker
9779836,403534000.0,RIMTHAN,Crude Oil Tanker (Танкер для перевозки сырой нефти),,14.3,SAUDI ARABIA (Саудовская Аравия),oil_tanker
9779965,249997000.0,KYRAKATINGO.,Oil Tanker,,8.8,MALTA (Мальта).,oil_tanker
9779989,,LIAO SHUN 1,Oil/Chemical Tanker (Танкер для перевозки нефти и химических продуктов),,4.8,КИТАЙ (CHINA),oil_tanker
9781920,636021027.0,HISTRIA CORAL.,Oil Tanker,,7.3,LIBERIA (Либерия).,oil_tanker
9782522,636017834.0,ELKA PERPETUA.,Oil/Chemical Tanker (Танкер для перевозки нефти и химикатов).,,8.0,LIBERIA (Либерия).,oil_tanker
9783019,,NORDINDEPENDENCE,Crude Oil Tanker (Танкер для перевозки сырой нефти),,12.9,ПОРТУГАЛИЯ (PORTUGAL),oil_tanker
9783411,563015300.0,NAN LIN WAN,Oil Products Tanker (Танкер для нефтепродуктов),,14.6,SINGAPORE (Сингапур),oil_tanker
9783423,636021112.0,HISTRIA CORAL.,Oil Tanker,,7.3,LIBERIA (Либерия).,oil_tanker
9783631,636021053.0,HISTRIA CORAL.,Oil Tanker,,7.3,LIBERIA (Либерия).,oil_tanker
9783679,,KHURAIS,Нефтяной танкер (Crude Oil Tanker),,10.7,Саудовская Аравия,oil_tanker
9783708,403798001.0,QAMRAN.,Oil Tanker,,10.6,SAUDI ARABIA (Саудовская Аравия).,oil_tanker
9783899,352004394.0,ASP AVANA,Crude Oil Tanker (Танкер для перевозки сырой нефти),,12.2,PANAMA (Панама),oil_tanker
9783992,636019030.0,HANOVER SQUAREIMO: 9783992,Crude Oil Tanker (Танкер для перевозки сырой нефти),,9.0,"Либерия Габариты: Длина (LOA) — 249.9 м, ширина — 44 м 2. Оперативные данные (Контрольный блок)Навигационный статус: At anchor (На якоре) Локация: Район якорной стоянки в Мексиканском заливе (близ Галвестона/Корпус-Кристи)Скорость (Speed): 0.0 узла Осадка (Draught): 9.0 м Актуальность: Данные получены 7 июня 2026 года3. Анализ параметровАнализ состояния: Судно находится на якорной стоянке в Мексиканском заливе. Несмотря на устаревшие данные о порте назначения (Галвестон, ETA 31 мая), текущий статус ""At anchor"" подтверждает, что танкер продолжает ожидать дальнейших распоряжений или очереди на постановку к терминалу. Операционная активность: Последний заход в порт (Корпус-Кристи) был завершен 19 мая 2026 года. 4. Риск-профильСанкции: Не числится в санкционных списках. Оператор: Современный танкер (год постройки — 2019), находящийся в управлении Zodiac Maritime. Заключение: Объект классифицируется как «Активен / Коммерческий энергетический транспорт». Судно выполняет плановую логистическую деятельность. Риск взаимодействия оценивается как низкий.",oil_tanker
9784386,636018306.0,KASSOS,Crude Oil Tanker (Танкер для перевозки сырой нефти),,20.2,LIBERIA (Либерия),oil_tanker
9785237,241572000.0,MINERVA EVROPI,Crude Oil Tanker (Танкер для перевозки сырой нефти),,16.7,GREECE (Греция),oil_tanker
9786205,219377000.0,MAERSK CURACAO.,Oil Tanker,,8.5,DENMARK (Дания).,oil_tanker
9786231,636020958.0,HISTRIA CORAL.,Oil Tanker,,7.3,LIBERIA (Либерия).,oil_tanker
9787168,241570000.0,MINERVA ELEFTHERIA.,Oil Tanker,,8.2,GREECE (Греция).,oil_tanker
9787170,241574000.0,MINERVA KARTERIA.,Crude Oil Tanker (Танкер для сырой нефти).,,8.2,GREECE (Греция).,oil_tanker
9787182,636021044.0,HISTRIA CORAL.,Oil Tanker,,7.3,LIBERIA (Либерия).,oil_tanker
9787194,241614000.0,MINERVA OLYMPIA.,Crude Oil Tanker.,,8.2,GREECE (Греция).,oil_tanker
9787340,636020893.0,HISTRIA CORAL.,Oil Tanker,,7.3,LIBERIA (Либерия).,oil_tanker
9787792,,BRIGHT CREST,Crude Oil Tanker (Танкер для перевозки сырой нефти),,14.8,ПАНАМА (PANAMA),oil_tanker
9787948,319151100.0,BURRI.,Oil Tanker,,12.9,CAYMAN ISLANDS (Каймановы Острова).,oil_tanker
9788394,538012394.0,ROCK N ROLL.,Oil Tanker,,7.3,MARSHALL ISLANDS (Маршалловы Острова).,oil_tanker
9788708,271044691.0,OTTOMAN COURTESY.,Oil Tanker,,9.5,TURKIYE (Турция).,oil_tanker
9788887,356818000.0,GULF SUNRISE,Crude Oil Tanker (Танкер для сырой нефти),,20.0,PANAMA (Панама),oil_tanker
9788966,636020292.0,SATMAR.,Oil Tanker,,8.2,LIBERIA (Либерия).,oil_tanker
9788978,636021202.0,CURIOUS JOEL.,Oil Tanker,,7.6,LIBERIA (Либерия).,oil_tanker
9790220,636021249.0,ELKA ATHINA.,Oil/Chemical Tanker (Танкер для перевозки нефти и химикатов).,,8.0,LIBERIA (Либерия).,oil_tanker
9790270,241519000.0,MARAN AJAX,Crude Oil Tanker (Нефтеналивной танкер для перевозки сырой нефти / супертанкер),,14.5,GREECE (Греция),oil_tanker
9790646,259191000.0,BOW PRECISION.,Oil Tanker,,10.5,NORWAY (Норвегия).,oil_tanker
9791169,563054800.0,,Oil Tanker,,10.0,Сингапур (Singapore). Оперирует под одним из наиболее авторитетных белых флагов мирового судоходного регистра.,oil_tanker
9791298,563260000.0,NAVIG8 PROMISE.,Oil Products Tanker (Танкер для перевозки нефтепродуктов).,,13.8,SINGAPORE (Сингапур).,oil_tanker
9792046,636021052.0,HISTRIA CORAL.,Oil Tanker,,7.3,LIBERIA (Либерия).,oil_tanker
9792175,,CRANE LUNA,Oil/Chemical Tanker (Танкер для перевозки нефтепродуктов и химикатов),,5.0,ПАНАМА (PANAMA),oil_tanker
9792187,636021080.0,ELKA ATHINA.,Oil/Chemical Tanker (Танкер для перевозки нефти и химикатов).,,8.0,LIBERIA (Либерия).,oil_tanker
9792199,636017833.0,ELKA ALPHA.,Oil/Chemical Tanker (Танкер для перевозки нефти и химикатов).,,8.0,LIBERIA (Либерия).,oil_tanker
9792204,241531000.0,,Oil Tanker,,11.6,Греция (Greece) [Судно].,oil_tanker
9792228,249820000.0,SAMSARA.,Oil Tanker,,9.3,MALTA (Мальта).,oil_tanker
9792266,538012368.0,LEICESTER.,Crude Oil Tanker.,,20.0,MARSHALL ISLANDS (Маршалловы Острова).,oil_tanker
9792486,538007154.0,ELANDRA FALCON,Crude Oil Tanker,,9.5,MARSHALL ISLANDS (Маршалловы Острова),oil_tanker
9793234,636017724.0,ELKA SIRIUS.,Oil/Chemical Tanker (Танкер для перевозки нефти и химикатов).,,8.0,LIBERIA (Либерия).,oil_tanker
9793246,636021288.0,ELKA ATHINA.,Oil/Chemical Tanker (Танкер для перевозки нефти и химикатов).,,8.0,LIBERIA (Либерия).,oil_tanker
9793272,,CHALLENGE PRIME,Oil/Chemical Tanker (Танкер для перевозки нефти/химических продуктов),,7.8,СИНГАПУР (SINGAPORE),oil_tanker
9793375,563022700.0,,Oil Tanker,,10.5,Сингапур (Singapore). Судно оперирует под флагом одного из наиболее авторитетных и строгих международных регистров из «белого списка» Токийского и Парижского меморандумов.,oil_tanker
9793741,351551000.0,GEM NO.5,Crude Oil Tanker (Танкер для перевозки сырой нефти),,20.3,PANAMA (Панама),oil_tanker
9793753,636021168.0,HISTRIA CORAL.,Oil Tanker,,7.3,LIBERIA (Либерия).,oil_tanker
9793868,,,Oil Tanker,,10.4,,oil_tanker
9793870,636021136.0,ELKA ATHINA.,Oil/Chemical Tanker (Танкер для перевозки нефти и химикатов).,,8.0,LIBERIA (Либерия).,oil_tanker
9793997,248851000.0,PHILOTIMOS,Crude Oil Tanker (Танкер для перевозки сырой нефти),,12.2,MALTA (Мальта),oil_tanker
9794006,636021271.0,ELKA ATHINA.,Oil/Chemical Tanker (Танкер для перевозки нефти и химикатов).,,8.0,LIBERIA (Либерия).,oil_tanker
9794018,538010191.0,FALCON HOPE,Crude Oil Tanker (Танкер для сырой нефти),,14.8,Маршалловы Острова (MARSHALL IS),oil_tanker
9794068,255916594.0,,Oil Tanker,,10.6,"Португалия / Мадейра (Portugal / Madeira). Судно зарегистрировано в авторитетном европейском открытом регистре с высоким уровнем комплаенс-контроля.Габариты: Длина (LOA) — 277.08 м, ширина — 48.00 м (в базовом текстовом логе длина округлена до 277 м, интерфейс ИНС image_4fbbc6.png подтверждает конструктивную ширину 48.04 м).Тоннаж:",oil_tanker
9794410,636020954.0,ELKA ATHINA.,Oil/Chemical Tanker (Танкер для перевозки нефти и химикатов).,,8.0,LIBERIA (Либерия).,oil_tanker
9794721,636020906.0,HISTRIA CORAL.,Oil Tanker,,7.3,LIBERIA (Либерия).,oil_tanker
9794824,538011245.0,FALCON DREAM,Product Tanker (Танкер-продуктовоз),,11.4,Маршалловы Острова (MARSHALL IS),oil_tanker
9795048,9795048.0,EAGLE BARCELONA.,Crude Oil Tanker (Танкер для перевозки сырой нефти).,,12.2,SINGAPORE (Сингапур).,oil_tanker
9795103,636021099.0,HISTRIA CORAL.,Oil Tanker,,7.3,LIBERIA (Либерия).,oil_tanker
9795127,,ELKA APOLLON,Нефтяной танкер (Crude Oil Tanker),,9.6,Мальта,oil_tanker
9796559,371135000.0,FS BITUMEN NO.2,Asphalt/Bitumen Tanker (Танкер для перевозки асфальта и битума),,6.2,Панама (PANAMA),oil_tanker
9796743,238019000.0,RAVA.,Oil Tanker,,9.0,CROATIA (Хорватия).,oil_tanker
9796781,,SHIN-EI MARU NO.5,Oil Products Tanker (Танкер для перевозки нефтепродуктов),,3.5,ЯПОНИЯ (JAPAN),oil_tanker
9796860,466004000.0,SIDRA AL RUMEILA,Oil Products Tanker (Танкер для нефтепродуктов),,3.3,QATAR (Катар),oil_tanker
9796901,636020963.0,ELKA ATHINA.,Oil/Chemical Tanker (Танкер для перевозки нефти и химикатов).,,8.0,LIBERIA (Либерия).,oil_tanker
9797228,636021170.0,HISTRIA CORAL.,Oil Tanker,,7.3,LIBERIA (Либерия).,oil_tanker
9797230,636021113.0,HISTRIA CORAL.,Oil Tanker,,7.3,LIBERIA (Либерия).,oil_tanker
9797864,636018047.0,ELKA DELICATE.,Oil/Chemical Tanker (Танкер для перевозки нефти и химикатов).,,8.0,LIBERIA (Либерия).,oil_tanker
9798002,636020932.0,HISTRIA CORAL.,Oil Tanker,,7.3,LIBERIA (Либерия).,oil_tanker
9798088,,HELLAS CALAFIA,Танкер для перевозки химических грузов / нефтепродуктов (Chemical/Oil Products Tanker),,7.0,Мальта,oil_tanker
9798179,636021225.0,ELKA ATHINA.,Oil/Chemical Tanker (Танкер для перевозки нефти и химикатов).,,8.0,LIBERIA (Либерия).,oil_tanker
9798351,215078000.0,ELDIA.,Oil Tanker,,11.3,MALTA (Мальта).,oil_tanker
9798375,636021044.0,ELKA ATHINA.,Oil/Chemical Tanker (Танкер для перевозки нефти и химикатов).,,8.0,LIBERIA (Либерия).,oil_tanker
9798648,352730000.0,BRAVONEA,Oil/Chemical Tanker (Танкер для перевозки нефти и химикатов),,8.9,Панама (PANAMA),oil_tanker
9798870,241529000.0,,Oil Tanker,,10.3,"Греция (Greece) [Уведомление от пользователя]. Актив оперирует под флагом традиционной европейской морской юрисдикции с жесткими требованиями к техническому аудиту [Уведомление от пользователя, Снимок экрана ""image_5a1a47.jpg""].",oil_tanker
9799381,636021256.0,ELKA ATHINA.,Oil/Chemical Tanker (Танкер для перевозки нефти и химикатов).,,8.0,LIBERIA (Либерия).,oil_tanker
9799446,256206000.0,3B DESTINY.,Oil Tanker,,5.4,MALTA (Мальта).,oil_tanker
9800037,374561000.0,,Oil Tanker,,8.8,Панама (Panama). Судно зарегистрировано в крупнейшем мировом открытом регистре.,oil_tanker
9800116,372267000.0,NORDIC AQUA.,Oil/Chemical Tanker (Танкер для перевозки нефти и химикатов).,,8.3,PANAMA (Панама).,oil_tanker
9800257,,KASOS,Crude Oil Tanker (Танкер для перевозки сырой нефти),,16.6,ЛИБЕРИЯ (LIBERIA),oil_tanker
9800300,636021190.0,ELKA ATHINA.,Oil/Chemical Tanker (Танкер для перевозки нефти и химикатов).,,8.0,LIBERIA (Либерия).,oil_tanker
9800374,636021137.0,HISTRIA CORAL.,Oil Tanker,,7.3,LIBERIA (Либерия).,oil_tanker
9800568,241079000.0,MINERVA ZOE.,Crude Oil Tanker.,,12.7,GREECE (Греция).,oil_tanker
9800790,636019212.0,HISTRIA ATLAS.,Oil Tanker,,7.0,LIBERIA (Либерия).,oil_tanker
9800805,636020115.0,HISTRIA DIONE.,Oil Tanker,,7.0,LIBERIA (Либерия).,oil_tanker
9800817,228446800.0,ANTARES,Oil Tanker,,7.4,FRANCE (Франция),oil_tanker
9801421,,OOTAKA MARU,Oil Products Tanker (Танкер для перевозки нефтепродуктов),,5.2,ЯПОНИЯ (JAPAN),oil_tanker
9802188,431804000.0,TONEGAWA,Crude Oil Tanker (Танкер для перевозки сырой нефти),,20.0,Япония (JAPAN),oil_tanker
9803285,636021167.0,HISTRIA CORAL.,Oil Tanker,,7.3,LIBERIA (Либерия).,oil_tanker
9803364,,ORANGE VICTORIA,Нефтеналивной/Химический танкер (Oil/Chemical Tanker),,8.2,Великобритания (United Kingdom),oil_tanker
9803649,636021005.0,HISTRIA CORAL.,Oil Tanker,,7.3,LIBERIA (Либерия).,oil_tanker
9803651,636021056.0,HISTRIA CORAL.,Oil Tanker,,7.3,LIBERIA (Либерия).,oil_tanker
9804136,271045135.0,T.SADBERK.,Oil Tanker,,15.6,TURKIYE (Турция).,oil_tanker
9804825,,INTERMEZZO,Oil/Chemical Tanker (Танкер для перевозки нефтепродуктов и химикатов),,11.2,СИНГАПУР (SINGAPORE),oil_tanker
9804849,636021277.0,ELKA ATHINA.,Oil/Chemical Tanker (Танкер для перевозки нефти и химикатов).,,8.0,LIBERIA (Либерия).,oil_tanker
9804851,636021123.0,HISTRIA CORAL.,Oil Tanker,,7.3,LIBERIA (Либерия).,oil_tanker
9804863,538008724.0,NOCTURNE.,Oil Tanker,,7.4,MARSHALL ISLANDS (Маршалловы Острова).,oil_tanker
9804916,,HAKUBA GALAXY,Нефтеналивной/Химический танкер (Oil/Chemical Tanker),,10.3,Маршалловы Острова,oil_tanker
9805398,,SHIN-EI MARU NO.18,Oil Products Tanker (Танкер для перевозки нефтепродуктов),,3.7,ЯПОНИЯ (JAPAN),oil_tanker
9806615,351354000.0,SEA ICON.,Oil Tanker,,14.7,PANAMA (Панама).,oil_tanker
9806627,636020831.0,HISTRIA CORAL.,Oil Tanker,,7.3,LIBERIA (Либерия).,oil_tanker
9807229,636020952.0,ELKA ATHINA.,Oil/Chemical Tanker (Танкер для перевозки нефти и химикатов).,,8.0,LIBERIA (Либерия).,oil_tanker
9808156,636020896.0,HISTRIA CORAL.,Oil Tanker,,7.3,LIBERIA (Либерия).,oil_tanker
9809368,636021171.0,HISTRIA CORAL.,Oil Tanker,,7.3,LIBERIA (Либерия).,oil_tanker
9810381,241576000.0,MARAN APHRODITE.,Crude Oil Tanker.,,19.9,GREECE (Греция).,oil_tanker
9810501,,CSK ENDEAVOUR,Crude Oil Tanker (Танкер для перевозки сырой нефти),,8.2,СИНГАПУР (SINGAPORE),oil_tanker
9810513,423520100.0,KARABAKH,Crude Oil Tanker (Танкер для перевозки сырой нефти),,8.3,АЗЕРБАЙДЖАН (AZERBAIJAN),oil_tanker
9810551,636020960.0,ELKA ATHINA.,Oil/Chemical Tanker (Танкер для перевозки нефти и химикатов).,,8.0,LIBERIA (Либерия).,oil_tanker
9811074,477142000.0,,Asphalt/Bitumen Tanker (Танкер для перевозки асфальта и битума),,7.1,Гонконг (HONG KONG),oil_tanker
9811098,477112500.0,,Asphalt/Bitumen Tanker (Танкер для перевозки асфальта и битума),,7.5,Гонконг (HONG KONG),oil_tanker
9814129,,ENEOS ARROW,Crude Oil Tanker (Танкер для перевозки сырой нефти),,15.6,ЯПОНИЯ (JAPAN),oil_tanker
9814131,,ENEOS EARTH,Crude Oil Tanker (Танкер для перевозки сырой нефти),,12.4,ПАНАМА (PANAMA),oil_tanker
9814167,636021291.0,ELKA ATHINA.,Oil/Chemical Tanker (Танкер для перевозки нефти и химикатов).,,8.0,LIBERIA (Либерия).,oil_tanker
9814428,636019387.0,COBALT SUN,Crude Oil Tanker (Танкер для перевозки сырой нефти / AFRAMAX),,9.0,Либерия,oil_tanker
9815458,538007747.0,STAR RIVER.,Oil Tanker,,7.0,MARSHALL ISLANDS (Маршалловы Острова).,oil_tanker
9815604,,IBERIAN SEA,Crude Oil Tanker (Танкер для перевозки сырой нефти),,8.8,ЛИБЕРИЯ (LIBERIA),oil_tanker
9817315,636020938.0,HISTRIA CORAL.,Oil Tanker,,7.3,LIBERIA (Либерия).,oil_tanker
9817470,636021054.0,HISTRIA CORAL.,Oil Tanker,,7.3,LIBERIA (Либерия).,oil_tanker
9818058,636020890.0,HISTRIA CORAL.,Oil Tanker,,7.3,LIBERIA (Либерия).,oil_tanker
9818228,636020862.0,HISTRIA CORAL.,Oil Tanker,,7.3,LIBERIA (Либерия).,oil_tanker
9819650,636020989.0,ELKA ATHINA.,Oil/Chemical Tanker (Танкер для перевозки нефти и химикатов).,,8.0,LIBERIA (Либерия).,oil_tanker
9819844,636020993.0,HISTRIA CORAL.,Oil Tanker,,7.3,LIBERIA (Либерия).,oil_tanker
9820295,355782000.0,MERCAN,Oil/Chemical Tanker (Нефтеналивной/химический танкер),,7.5,PANAMA (Панама),oil_tanker
9820300,354622000.0,SEDEF,Oil/Chemical Tanker (Танкер для перевозки нефти и химикатов),,7.0,PANAMA (Панама),oil_tanker
9820312,422232300.0,NIKI,Oil/Chemical Tanker (Нефтеналивной танкер/химовоз),,8.0,IRAN (Иран),oil_tanker
9820324,422232400.0,DALIA,Oil/Chemical Tanker (Нефтехимический танкер),,11.3,IRAN (Иран),oil_tanker
9820427,636021133.0,ELKA ATHINA.,Oil/Chemical Tanker (Танкер для перевозки нефти и химикатов).,,8.0,LIBERIA (Либерия).,oil_tanker
9820453,,NAIKAIMARU NO.25,Oil Products Tanker (Танкер для перевозки нефтепродуктов),,5.4,ЯПОНИЯ (JAPAN),oil_tanker
9821471,636021018.0,ELKA ATHINA.,Oil/Chemical Tanker (Танкер для перевозки нефти и химикатов).,,8.0,LIBERIA (Либерия).,oil_tanker
9822877,,EIYU MARU,Oil Products Tanker (Танкер для перевозки нефтепродуктов),,5.0,ЯПОНИЯ (JAPAN),oil_tanker
9823041,636020864.0,HISTRIA CORAL.,Oil Tanker,,7.3,LIBERIA (Либерия).,oil_tanker
9823560,636020843.0,HISTRIA CORAL.,Oil Tanker,,7.3,LIBERIA (Либерия).,oil_tanker
9824473,412767870.0,HAI ZHI RUN 17,Oil Products Tanker (Танкер для перевозки нефтепродуктов),,5.8,CHINA (Китайская Народная Республика),oil_tanker
9825051,563059400.0,MARGHERITA COSULICH.,Bunkering Tanker.,,6.9,SINGAPORE (Сингапур).,oil_tanker
9825439,636018318.0,HISTRIA DYNAMIC.,Oil Tanker,,7.3,LIBERIA (Либерия).,oil_tanker
9825568,563065400.0,MTM PENOBSCOT.,Chemical/Oil Products Tanker (Танкер для перевозки химпродуктов и нефтепродуктов).,,7.2,SINGAPORE (Сингапур).,oil_tanker
9826720,636018682.0,ALIMEDON,Crude Oil Tanker,,13.6,LIBERIA (Либерия),oil_tanker
9826897,338574000.0,MAERSK DENVER.,Oil Tanker,,12.1,USA (США).,oil_tanker
9827205,636021130.0,ELKA ATHINA.,Oil/Chemical Tanker (Танкер для перевозки нефти и химикатов).,,8.0,LIBERIA (Либерия).,oil_tanker
9827449,,APOLLO ENERGY,Crude Oil Tanker (Танкер для перевозки сырой нефти),,18.1,ПАНАМА (PANAMA),oil_tanker
9828156,247402300.0,PS SINGAPORE.,Oil Tanker,,8.0,ITALY (Италия).,oil_tanker
9828223,,BOW EXCELLENCE,Oil/Chemical Tanker (Танкер для перевозки нефтепродуктов и химикатов),,10.4,НОРВЕГИЯ (NORWAY),oil_tanker
9828376,,DAITOKU MARU NO.18,Oil Products Tanker (Танкер для перевозки нефтепродуктов),,3.5,ЯПОНИЯ (JAPAN),oil_tanker
9828778,538011788.0,QURAYYAT,Crude Oil Tanker (Танкер для перевозки сырой нефти),,19.3,MARSHALL ISLANDS (Маршалловы Острова),oil_tanker
9829629,538008147.0,DIJILAH,Crude Oil Tanker (Крупнотоннажный танкер для перевозки сырой нефти),,11.0,Маршалловы Острова (MARSHALL ISLANDS),oil_tanker
9829643,403017000.0,BAYRAQ,Crude Oil Tanker (Танкер для перевозки сырой нефти),,11.7,SAUDI ARABIA (Саудовская Аравия),oil_tanker
9829681,,CHEM SILICON,Oil/Chemical Tanker (Танкер для перевозки нефтепродуктов и химикатов),,7.6,ЛИБЕРИЯ (LIBERIA),oil_tanker
9829813,636018370.0,CIELO DI ROTTERDAM.,Oil/Chemical Tanker (Танкер для перевозки нефти и химикатов).,,8.0,LIBERIA (Либерия).,oil_tanker
9829904,538007787.0,MARLIN LE HAVRE,Oil Products Tanker (Танкер для перевозки нефтепродуктов),,12.7,MARSHALL ISLANDS (Маршалловы Острова),oil_tanker
9830094,,FRONT DEFENDER,Crude Oil Tanker (Танкер для перевозки сырой нефти),,21.0,МАРШАЛЛОВЫ ОСТРОВА (MARSHALL ISLANDS),oil_tanker
9830109,,FRONT DISCOVERY,Нефтяной танкер (Crude Oil Tanker),,21.1,Маршалловы Острова,oil_tanker
9830824,403579000.0,UQAB.,Oil Tanker,,11.0,SAUDI ARABIA (Саудовская Аравия).,oil_tanker
9830965,636021152.0,ELKA ATHINA.,Oil/Chemical Tanker (Танкер для перевозки нефти и химикатов).,,8.0,LIBERIA (Либерия).,oil_tanker
9831074,563087400.0,SPETSES LADY.,Oil Tanker,,8.2,SINGAPORE (Сингапур).,oil_tanker
9831696,,XIN TAI HU 8,Oil/Chemical Tanker (Танкер для перевозки нефти и химических продуктов),,6.1,КИТАЙ (CHINA),oil_tanker
9832559,273270850.0,PROMETEY.,Oil Tanker,,8.9,RUSSIA (Россия).,oil_tanker
9833058,636018825.0,,Oil Tanker,,8.5,Либерия (Liberia). Актив эксплуатируется под международным открытым регистром.,oil_tanker
9833553,538010465.0,,Oil Tanker,,8.4,"Маршалловы Острова (Marshall Islands). Борт управляется под удобным международным флагом.Габариты: Конструктивная длина (LOA) — 183.07 м, ширина корпуса (Beam) — 32.20 м (интерфейс спутникового мониторинга ИНС на image_33151f.jpg дублирует округленную длину 183.07 м и уточняет ширину как 32.22 м).Тоннаж: Максимальный",oil_tanker
9833565,636020980.0,ELKA ATHINA.,Oil/Chemical Tanker (Танкер для перевозки нефти и химикатов).,,8.0,LIBERIA (Либерия).,oil_tanker
9833682,563252500.0,NAVIG8 GUIDE.,Oil Tanker,,13.0,SINGAPORE (Сингапур).,oil_tanker
9833723,538011703.0,SEA MAJESTY,Crude Oil Tanker (Танкер для перевозки сырой нефти),,9.0,Маршалловы Острова (Marshall Islands),oil_tanker
9833735,241836000.0,SIENA,Crude Oil Tanker (Танкер для перевозки сырой нефти),,14.1,GREECE (Греция),oil_tanker
9834301,636020934.0,ELKA ATHINA.,Oil/Chemical Tanker (Танкер для перевозки нефти и химикатов).,,8.0,LIBERIA (Либерия).,oil_tanker
9834313,636020942.0,HISTRIA CORAL.,Oil Tanker,,7.3,LIBERIA (Либерия).,oil_tanker
9834715,636020875.0,HISTRIA CORAL.,Oil Tanker,,7.3,LIBERIA (Либерия).,oil_tanker
9834868,241631000.0,,Oil Tanker,,11.6,Греция (Greece). Судно оперирует под авторитетным европейским флагом с высоким уровнем комплаенс-контроля.,oil_tanker
9835173,636021229.0,ELKA ATHINA.,Oil/Chemical Tanker (Танкер для перевозки нефти и химикатов).,,8.0,LIBERIA (Либерия).,oil_tanker
9836062,219265000.0,,Oil Tanker,,9.8,Дания (Denmark). Судно находится под юрисдикцией европейского премиум-регистра с высшим рейтингом комплаенса White List в системах Paris / Tokyo MOU.,oil_tanker
9837171,636020926.0,ELKA ATHINA.,Oil/Chemical Tanker (Танкер для перевозки нефти и химикатов).,,8.0,LIBERIA (Либерия).,oil_tanker
9837602,440274000.0,UNIVERSAL WINNER,Crude Oil Tanker (Танкер для перевозки сырой нефти),,21.3,REPUBLIC OF KOREA (Республика Корея),oil_tanker
9837626,440265000.0,UNIVERSAL CREATOR.,Crude Oil Tanker.,,21.0,REPUBLIC OF KOREA (Республика Корея).,oil_tanker
9838008,355837000.0,ESTEEM ASTRO.,Oil Tanker,,11.0,PANAMA (Панама).,oil_tanker
9838199,273393560.0,TAMARA.,Oil Tanker,,4.1,RUSSIA (Россия).,oil_tanker
9838254,563085200.0,HAFNIA SHANGHAI.,Oil Tanker,,7.7,SINGAPORE (Сингапур).,oil_tanker
9838589,636021204.0,ELKA ATHINA.,Oil/Chemical Tanker (Танкер для перевозки нефти и химикатов).,,8.0,LIBERIA (Либерия).,oil_tanker
9839727,636021266.0,ELKA ATHINA.,Oil/Chemical Tanker (Танкер для перевозки нефти и химикатов).,,8.0,LIBERIA (Либерия).,oil_tanker
9840544,470976000.0,HAFSA 1,Water Tanker (Танкер для перевозки воды),,2.5,UNITED ARAB EMIRATES (ОАЭ),oil_tanker
9842176,,VLADIMIR MONOMAKH,Crude Oil Tanker (Танкер для перевозки сырой нефти),,9.0,РОССИЯ (RUSSIA),oil_tanker
9842190,,AKADEMIK GUBKIN,Crude Oil Tanker (Танкер для перевозки сырой нефти),,13.6,РОССИЯ (RUSSIA),oil_tanker
9843302,414474000.0,YUAN GUI YANG,Crude Oil Tanker (Танкер для перевозки сырой нефти),,19.8,CHINA (Китай),oil_tanker
9843352,414490000.0,YUAN BEI HAI,Crude Oil Tanker (Танкер для перевозки сырой нефти),,9.5,CHINA (Китай),oil_tanker
9843572,,AMEINON,Танкер для перевозки сырой нефти (Crude Oil Tanker),,9.3,Либерия,oil_tanker
9843924,636021104.0,ELKA ATHINA.,Oil/Chemical Tanker (Танкер для перевозки нефти и химикатов).,,8.0,LIBERIA (Либерия).,oil_tanker
9844277,,SEA SHARK,Crude Oil Tanker (Танкер для перевозки сырой нефти),,11.0,ЛИБЕРИЯ (LIBERIA),oil_tanker
9845013,636021232.0,ELKA ATHINA.,Oil/Chemical Tanker (Танкер для перевозки нефти и химикатов).,,8.0,LIBERIA (Либерия).,oil_tanker
9845233,538008382.0,V.HARMONY,Crude Oil Tanker (Танкер для перевозки сырой нефти),,10.9,MARSHALL ISLANDS (Маршалловы Острова),oil_tanker
9845714,,FRONT NAUSTA,Нефтяной танкер (Crude Oil Tanker),,11.0,Кипр (Cyprus),oil_tanker
9845788,636020977.0,HISTRIA CORAL.,Oil Tanker,,7.3,LIBERIA (Либерия).,oil_tanker
9845946,,YUAN LAN WAN,Нефтяной танкер (Crude Oil Tanker),,14.2,Китай,oil_tanker
9845958,636020973.0,ELKA ATHINA.,Oil/Chemical Tanker (Танкер для перевозки нефти и химикатов).,,8.0,LIBERIA (Либерия).,oil_tanker
9846017,412473000.0,YUAN ZHANG HU,"Crude Oil Tanker (Танкер для перевозки сырой нефти / Panamax, LR1)",,10.9,Китай,oil_tanker
9846471,636021463.0,HISTRIA ONIX.,Oil Tanker,,7.3,LIBERIA (Либерия).,oil_tanker
9847425,636021269.0,ELKA ATHINA.,Oil/Chemical Tanker (Танкер для перевозки нефти и химикатов).,,8.0,LIBERIA (Либерия).,oil_tanker
9847621,477615700.0,,Crude Oil Tanker,,15.0,Гонконг,oil_tanker
9847956,636021246.0,ELKA ATHINA.,Oil/Chemical Tanker (Танкер для перевозки нефти и химикатов).,,8.0,LIBERIA (Либерия).,oil_tanker
9848211,636019553.0,ELKA SIRIUS.,Oil/Chemical Tanker (Танкер для перевозки нефти и химикатов).,,8.0,LIBERIA (Либерия).,oil_tanker
9848326,,MALBEC HERITAGE,Нефтеналивной/Химический танкер,,11.1,Маршалловы Острова,oil_tanker
9848338,538012349.0,MALBEC HORIZON,Oil/Chemical Tanker,,10.0,MARSHALL ISLANDS (Маршалловы Острова),oil_tanker
9848340,563119300.0,MARITIME AMITY.,Oil/Chemical Tanker (Танкер для перевозки нефти и химикатов).,,10.5,SINGAPORE (Сингапур).,oil_tanker
9848352,,MARITIME VALOR,Oil/Chemical Tanker (Танкер для перевозки нефти/химических продуктов),,7.0,СИНГАПУР (SINGAPORE),oil_tanker
9849045,538008166.0,SEA EAGLE.,Oil Tanker,,9.4,MARSHALL ISLANDS (Маршалловы Острова).,oil_tanker
9849253,259033000.0,TP RESOLVE.,Oil Tanker,,9.1,NORWAY (Норвегия).,oil_tanker
9849394,636018901.0,CLEAROCEAN MIRACLE.,Oil/Chemical Tanker.,,12.2,LIBERIA (Либерия).,oil_tanker
9850202,563105300.0,TAKAROA SUN.,Oil/Chemical Tanker (Танкер для перевозки нефти и химикатов).,,8.2,SINGAPORE (Сингапур).,oil_tanker
9850367,636018973.0,ELKA APOLLON.,Oil/Chemical Tanker (Танкер для перевозки нефти и химикатов).,,8.0,LIBERIA (Либерия).,oil_tanker
9850678,563104600.0,BW PAVILION ARANTHERA.,Oil Tanker,,11.4,SINGAPORE (Сингапур).,oil_tanker
9850707,636019153.0,CLEAROCEAN APOLLON.,Oil Tanker,,8.3,LIBERIA (Либерия).,oil_tanker
9851593,636019806.0,TENZAN,Crude Oil Tanker (Танкер для сырой нефти),,19.4,Либерия (LIBERIA),oil_tanker
9851610,636021141.0,ELKA ATHINA.,Oil/Chemical Tanker (Танкер для перевозки нефти и химикатов).,,8.0,LIBERIA (Либерия).,oil_tanker
9851622,636021169.0,ELKA ATHINA.,Oil/Chemical Tanker (Танкер для перевозки нефти и химикатов).,,8.0,LIBERIA (Либерия).,oil_tanker
9851701,636021157.0,ELKA ATHINA.,Oil/Chemical Tanker (Танкер для перевозки нефти и химикатов).,,8.0,LIBERIA (Либерия).,oil_tanker
9851725,636020982.0,HISTRIA CORAL.,Oil Tanker,,7.3,LIBERIA (Либерия).,oil_tanker
9851842,636020377.0,ZAKUM,Crude Oil Tanker (Супертанкер класса VLCC),,20.0,Либерия,oil_tanker
9851854,,UNIVERSAL CHALLENGER,Нефтяной танкер (Crude Oil Tanker),,11.0,Либерия,oil_tanker
9852119,241673000.0,SEA EMERALD,Crude Oil Tanker (Танкер для перевозки сырой нефти),,20.3,GREECE (Греция),oil_tanker
9852145,636021006.0,HISTRIA CORAL.,Oil Tanker,,7.3,LIBERIA (Либерия).,oil_tanker
9852274,636019191.0,SOUTHERN VULTURE,Chemical/Oil Products Tanker (Танкер-химовоз / продуктовоз),,6.8,Либерия,oil_tanker
9853008,636020809.0,HISTRIA CORAL.,Oil Tanker,,7.3,LIBERIA (Либерия).,oil_tanker
9853216,563250300.0,NAVIG8 GOAL,Oil/Chemical Tanker (Нефтеналивной/Химовозный танкер),,8.8,SINGAPORE (Сингапур),oil_tanker
9853577,636021175.0,HISTRIA ONIX.,Oil Tanker,,7.3,LIBERIA (Либерия).,oil_tanker
9854507,636020376.0,DAS,Crude Oil Tanker (Танкер для сырой нефти),,11.0,LIBERIA (Либерия),oil_tanker
9854612,636021209.0,ELKA ATHINA.,Oil/Chemical Tanker (Танкер для перевозки нефти и химикатов).,,8.0,LIBERIA (Либерия).,oil_tanker
9854806,219357000.0,TORM STELLAR,Oil/Chemical Tanker (Танкер для перевозки нефтепродуктов и химикатов),,12.5,DENMARK (Дания),oil_tanker
9855343,636021815.0,"FRONT EAGLE (бывшие названия: DALIS, CHELSEA)",Crude Oil Tanker (VLCC),,20.5,Либерия,oil_tanker
9856062,636021063.0,HISTRIA CORAL.,Oil Tanker,,7.3,LIBERIA (Либерия).,oil_tanker
9856074,538008311.0,NISSOS KEROS,Crude Oil Tanker (Танкер для перевозки сырой нефти),,20.5,MARSHALL ISLANDS (Маршалловы Острова),oil_tanker
9856361,636019764.0,HUMBLE WARRIOR.,Oil Tanker,,15.6,LIBERIA (Либерия).,oil_tanker
9856555,538008944.0,IONIC ARIADNE,Crude Oil Tanker (Танкер для перевозки сырой нефти),,11.5,Маршалловы Острова,oil_tanker
9856622,248962000.0,HAFNIA GUANGZHOU.,Oil Tanker,,8.8,MALTA (Мальта).,oil_tanker
9858450,,SAMHA,Crude Oil Tanker (Танкер для перевозки сырой нефти),,10.7,САУДОВСКАЯ АРАВИЯ (SAUDI ARABIA),oil_tanker
9858486,403736001.0,SANAM,Танкер для сырой нефти (Crude Oil Tanker),,10.8,Саудовская Аравия (Saudi Arabia),oil_tanker
9858773,538010988.0,SARIYAH.,Oil Tanker,,6.5,MARSHALL ISLANDS (Маршалловы Острова).,oil_tanker
9859258,431932000.0,GOLDEN DENEB,Oil/Chemical Tanker (Нефтеналивной/Химовозный танкер),,7.8,JAPAN (Япония),oil_tanker
9862920,636020924.0,HISTRIA CORAL.,Oil Tanker,,7.3,LIBERIA (Либерия).,oil_tanker
9862944,368834000.0,OVERSEAS SUN COAST.,Oil Tanker,,12.2,UNITED STATES OF AMERICA (США).,oil_tanker
9863235,563108500.0,HAFNIA NANJING.,Oil Tanker,,8.7,SINGAPORE (Сингапур).,oil_tanker
9863560,636020894.0,HISTRIA CORAL.,Oil Tanker,,7.3,LIBERIA (Либерия).,oil_tanker
9865116,215510000.0,SPARTO,Crude Oil Tanker (Танкер для перевозки сырой нефти),,12.2,MALTA (Мальта),oil_tanker
9866392,273611590.0,VOSTOCHNY PROSPECT.,Oil Tanker,,9.0,RUSSIA (Россия).,oil_tanker
9868118,412473000.0,BEI HAI KUN YU,Crude Oil Tanker (Танкер для сырой нефти),,8.8,CHINA (Китай),oil_tanker
9868120,413372000.0,CHANG HANG HONG TU,Oil Products Tanker (Танкер-продуктовоз),,7.5,CHINA (Китай),oil_tanker
9869942,563091900.0,MTM POTOMAC.,Chemical/Oil Products Tanker (Танкер для перевозки химпродуктов и нефтепродуктов).,,7.2,SINGAPORE (Сингапур).,oil_tanker
9870159,636021025.0,ELKA ATHINA.,Oil/Chemical Tanker (Танкер для перевозки нефти и химикатов).,,8.0,LIBERIA (Либерия).,oil_tanker
9870525,636020970.0,ELKA ATHINA.,Oil/Chemical Tanker (Танкер для перевозки нефти и химикатов).,,8.0,LIBERIA (Либерия).,oil_tanker
9870719,636021147.0,HISTRIA CORAL.,Oil Tanker,,7.3,LIBERIA (Либерия).,oil_tanker
9870800,241851000.0,MARAN MIRA.,Oil Tanker,,11.0,GREECE (Греция).,oil_tanker
9871012,636021072.0,HISTRIA CORAL.,Oil Tanker,,7.3,LIBERIA (Либерия).,oil_tanker
9871684,622123411.0,MISR 3.,Oil Tanker,,,EGYPT (Египет).,oil_tanker
9874040,636020992.0,ELKA ATHINA.,Oil/Chemical Tanker (Танкер для перевозки нефти и химикатов).,,8.0,LIBERIA (Либерия).,oil_tanker
9874222,351238000.0,DAISEN,Crude Oil Tanker (Танкер для сырой нефти),,19.7,PANAMA (Панама),oil_tanker
9876335,636021176.0,ELKA ATHINA.,Oil/Chemical Tanker (Танкер для перевозки нефти и химикатов).,,8.0,LIBERIA (Либерия).,oil_tanker
9876440,229738000.0,SEADUCHESS,Crude Oil Tanker (Танкер для перевозки сырой нефти),,11.4,MALTA (Мальта),oil_tanker
9876660,636020925.0,HISTRIA CORAL.,Oil Tanker,,7.3,LIBERIA (Либерия).,oil_tanker
9876828,636021059.0,HISTRIA CORAL.,Oil Tanker,,7.3,LIBERIA (Либерия).,oil_tanker
9876830,636021058.0,HISTRIA CORAL.,Oil Tanker,,7.3,LIBERIA (Либерия).,oil_tanker
9877183,215730000.0,CAPTAIN LYRISTIS,Crude Oil Tanker,,16.0,MALTA (Мальта),oil_tanker
9877470,636020911.0,HISTRIA CORAL.,Oil Tanker,,7.3,LIBERIA (Либерия).,oil_tanker
9877767,636021110.0,HISTRIA CORAL.,Oil Tanker,,7.3,LIBERIA (Либерия).,oil_tanker
9877793,,MORNING GLORY,Oil/Chemical Tanker (Танкер для перевозки нефтепродуктов и химикатов),,8.6,МАРШАЛЛОВЫ ОСТРОВА (MARSHALL ISLANDS),oil_tanker
9878008,636021135.0,ELKA ATHINA.,Oil/Chemical Tanker (Танкер для перевозки нефти и химикатов).,,8.0,LIBERIA (Либерия).,oil_tanker
9878826,636019544.0,BABYLON,Crude Oil Tanker (Танкер для перевозки сырой нефти),,11.0,LIBERIA (Либерия),oil_tanker
9878838,,SILVERSTONE,Crude Oil Tanker (Танкер для перевозки сырой нефти),,11.0,ЛИБЕРИЯ (LIBERIA),oil_tanker
9878888,636020913.0,HISTRIA CORAL.,Oil Tanker,,7.3,LIBERIA (Либерия).,oil_tanker
9880350,538009054.0,SEARHYTHMIMO: 9880350,Crude Oil Tanker (Танкер для перевозки сырой нефти),,7.7,"Маршалловы Острова Год постройки: 2021 Габариты: Длина — 237 м, ширина — 44 м,",oil_tanker
9882712,,SUNRISE SW (или аналогичное в рамках регистра),Oil/Chemical Tanker,,8.7,ПАНАМА (PANAMA),oil_tanker
9883041,636021274.0,ELKA ATHINA.,Oil/Chemical Tanker (Танкер для перевозки нефти и химикатов).,,8.0,LIBERIA (Либерия).,oil_tanker
9883912,636021174.0,HISTRIA DIONE.,Oil Tanker,,7.3,LIBERIA (Либерия).,oil_tanker
9884045,538008913.0,NISSOS SIFNOS.,Oil Tanker,,9.6,MARSHALL ISLANDS (Маршалловы Острова).,oil_tanker
9884241,636020956.0,HISTRIA CORAL.,Oil Tanker,,7.3,LIBERIA (Либерия).,oil_tanker
9885996,,ENEOS OCEAN,Crude Oil Tanker (Танкер для перевозки сырой нефти),,15.1,ПАНАМА (PANAMA),oil_tanker
9886639,,ORENBURG,Crude Oil Tanker (Танкер для перевозки сырой нефти),,8.5,РОССИЯ (RUSSIA),oil_tanker
9887217,636021073.0,HISTRIA CORAL.,Oil Tanker,,7.3,LIBERIA (Либерия).,oil_tanker
9887255,636020097.0,KRITI KING.,Oil Tanker,,11.1,LIBERIA (Либерия).,oil_tanker
9887372,636020364.0,SOLAR ROMA,Oil/Chemical Tanker (Танкер для перевозки нефти и химикатов),,7.6,Либерия (LIBERIA),oil_tanker
9887619,,ORIENTAL AQUAMARINE,Oil/Chemical Tanker (Танкер для перевозки нефти и химических продуктов),,8.0,ЛИБЕРИЯ (LIBERIA),oil_tanker
9887803,636020922.0,HISTRIA CORAL.,Oil Tanker,,7.3,LIBERIA (Либерия).,oil_tanker
9888493,311000965.0,ADVENTURE,Crude Oil Tanker (Танкер для сырой нефти),,16.2,Багамские Острова (BAHAMAS),oil_tanker
9888730,636020902.0,HISTRIA CORAL.,Oil Tanker,,7.3,LIBERIA (Либерия).,oil_tanker
9888742,,ANWAAR BENGHAZI,Crude Oil Tanker (Танкер для сырой нефти),,9.0,MALTA (Мальта),oil_tanker
9889162,538008397.0,ENERGEAN POWER.,Oil Tanker,,4.0,MARSHALL ISLANDS (Маршалловы Острова).,oil_tanker
9889942,,ELKA ATHINA,Нефтяной танкер (Crude Oil Tanker),,9.5,Мальта,oil_tanker
9890185,,KAKUSHU MARU,Oil Products Tanker (Танкер для перевозки нефтепродуктов),,5.2,ЯПОНИЯ (JAPAN),oil_tanker
9890927,538009117.0,NORD MIYAKO,Oil/Chemical Tanker (Танкер для перевозки нефти и химикатов),,8.0,MARSHALL ISLANDS (Маршалловы Острова),oil_tanker
9891684,636021245.0,ELKA ATHINA.,Oil/Chemical Tanker (Танкер для перевозки нефти и химикатов).,,8.0,LIBERIA (Либерия).,oil_tanker
9892298,636021286.0,ELKA DELTA.,Oil/Chemical Tanker (Танкер для перевозки нефти и химикатов).,,8.0,LIBERIA (Либерия).,oil_tanker
9892432,636020919.0,ELKA ATHINA.,Oil/Chemical Tanker (Танкер для перевозки нефти и химикатов).,,8.0,LIBERIA (Либерия).,oil_tanker
9892444,636020823.0,HISTRIA CORAL.,Oil Tanker,,7.3,LIBERIA (Либерия).,oil_tanker
9892717,636020786.0,ELKA DELPHI.,Oil/Chemical Tanker (Танкер для перевозки нефти и химикатов).,,8.0,LIBERIA (Либерия).,oil_tanker
9892999,241734000.0,MINERVA ALEXANDRA.,Oil Tanker,,12.9,GREECE (Греция).,oil_tanker
9893008,636020822.0,HISTRIA CORAL.,Oil Tanker,,7.3,LIBERIA (Либерия).,oil_tanker
9893022,636020930.0,HISTRIA CORAL.,Oil Tanker,,7.3,LIBERIA (Либерия).,oil_tanker
9893058,636020849.0,HISTRIA CORAL.,Oil Tanker,,7.3,LIBERIA (Либерия).,oil_tanker
9893060,,PACIFIC JADE,Crude Oil Tanker (Танкер для перевозки сырой нефти),,12.8,МАРШАЛЛОВЫ ОСТРОВА (MARSHALL ISLANDS),oil_tanker
9893084,636021210.0,ELKA ATHINA.,Oil/Chemical Tanker (Танкер для перевозки нефти и химикатов).,,8.0,LIBERIA (Либерия).,oil_tanker
9893096,538009204.0,PACIFIC OPAL,Crude Oil Tanker (Нефтеналивной танкер для перевозки сырой нефти),,12.5,MARSHALL ISLANDS (Маршалловы Острова),oil_tanker
9893204,370236000.0,ON PEACE.,Oil Tanker,,8.5,PANAMA (Панама).,oil_tanker
9893228,,PACIFIC BEGONIA,Crude Oil Tanker (Танкер для перевозки сырой нефти),,12.8,МАРШАЛЛОВЫ ОСТРОВА (MARSHALL ISLANDS),oil_tanker
9893230,636021062.0,HISTRIA CORAL.,Oil Tanker,,7.3,LIBERIA (Либерия).,oil_tanker
9893448,,GINGA LIGER,Oil/Chemical Tanker (Танкер для перевозки нефтепродуктов и химикатов),,6.9,СИНГАПУР (SINGAPORE),oil_tanker
9894595,,KINYO MARU NO.1,Oil Products Tanker (Танкер для перевозки нефтепродуктов),,5.1,ЯПОНИЯ (JAPAN),oil_tanker
9894600,,MATSU MARU NO.12,Oil Products Tanker (Танкер для перевозки нефтепродуктов),,6.3,ЯПОНИЯ (JAPAN),oil_tanker
9894727,538009383.0,CURURO.,Oil Tanker,,7.6,MARSHALL ISLANDS (Маршалловы Острова).,oil_tanker
9895197,,TP ENDURANCE,Oil/Chemical Tanker (Танкер для перевозки нефтепродуктов и химикатов),,11.9,НОРВЕГИЯ (NORWAY),oil_tanker
9896256,,YUAN YU HE,Crude Oil Tanker (Танкер для перевозки сырой нефти),,8.0,КИТАЙ (CHINA),oil_tanker
9896414,636019738.0,ANGOLA PROSPERITY,Crude Oil Tanker (Танкер для сырой нефти),,10.8,LIBERIA (Либерия),oil_tanker
9897547,636021279.0,ELKA ATHINA.,Oil/Chemical Tanker (Танкер для перевозки нефти и химикатов).,,8.0,LIBERIA (Либерия).,oil_tanker
9898515,613472290.0,MARITIME JEWEL,Crude Oil Tanker (Танкер для перевозки сырой нефти),,19.3,Камерун,oil_tanker
9898527,636019990.0,SOLAR TINE.,Oil Tanker,,7.2,LIBERIA (Либерия).,oil_tanker
9899375,636021138.0,HISTRIA CORAL.,Oil Tanker,,7.3,LIBERIA (Либерия).,oil_tanker
9899478,636021119.0,HISTRIA CORAL.,Oil Tanker,,7.3,LIBERIA (Либерия).,oil_tanker
9899727,636021144.0,ELKA ATHINA.,Oil/Chemical Tanker (Танкер для перевозки нефти и химикатов).,,8.0,LIBERIA (Либерия).,oil_tanker
9899997,,,Танкер для перевозки сырой нефти (Crude Oil Tanker).,,16.3,Либерия.,oil_tanker
9901037,,NIKOLAY ZADORNOV,Crude Oil Tanker (Танкер для перевозки сырой нефти),,14.2,РОССИЯ (RUSSIA),oil_tanker
9901063,636020821.0,LUNARIA.,Oil Tanker,,8.8,LIBERIA (Либерия).,oil_tanker
9901087,636020822.0,DIANELLA,Oil/Chemical Tanker (Танкер для перевозки нефти и химикатов),,8.0,Либерия (LIBERIA),oil_tanker
9901178,273271620.0,KAPITAN YUNAK.,Oil Tanker,,8.5,RUSSIA (Россия).,oil_tanker
9901336,538011054.0,GLASGOW VOYAGER,Танкер для перевозки сырой нефти (Crude Oil Tanker).,,8.5,Маршалловы острова.,oil_tanker
9901403,636021257.0,ELKA ATHINA.,Oil/Chemical Tanker (Танкер для перевозки нефти и химикатов).,,8.0,LIBERIA (Либерия).,oil_tanker
9901415,,ASPEN EXPRESS,Oil/Chemical Tanker (Танкер для перевозки нефти и химических продуктов),,11.7,ГОНКОНГ (HONG KONG),oil_tanker
9901427,636020955.0,ELKA ATHINA.,Oil/Chemical Tanker (Танкер для перевозки нефти и химикатов).,,8.0,LIBERIA (Либерия).,oil_tanker
9901867,,ORCHID SPIRIT,Нефтеналивной танкер (Crude Oil Tanker),,6.8,Багамы (BS),oil_tanker
9902122,538009465.0,,Oil Tanker,,7.9,Маршалловы Острова (Marshall Islands). Танкер зарегистрирован в одной из ведущих мировых юрисдикций «удобного флага» с высокими стандартами комплаенса.,oil_tanker
9902847,,ENEOS EARTH,Crude Oil Tanker (Танкер для перевозки сырой нефти),,15.6,ПАНАМА (PANAMA),oil_tanker
9903126,538009211.0,AMADES.,Oil Tanker,,9.0,MARSHALL ISLANDS (Маршалловы Острова).,oil_tanker
9903413,463092101.0,KARACHI.,Crude Oil Tanker.,,8.3,PAKISTAN (Пакистан).,oil_tanker
9903425,636020948.0,ELKA ATHINA.,Oil/Chemical Tanker (Танкер для перевозки нефти и химикатов).,,8.0,LIBERIA (Либерия).,oil_tanker
9903918,241733000.0,SEA DRAGON,Crude Oil Tanker (Танкер для перевозки сырой нефти),,13.1,GREECE (Греция),oil_tanker
9904065,,C.GRACE,Crude Oil Tanker (Танкер для перевозки сырой нефти),,10.8,ЛИБЕРИЯ (LIBERIA),oil_tanker
9904077,,C.BRAVE,Нефтяной танкер (Crude Oil Tanker),,19.9,Либерия,oil_tanker
9904170,636020953.0,ELKA ATHINA.,Oil/Chemical Tanker (Танкер для перевозки нефти и химикатов).,,8.0,LIBERIA (Либерия).,oil_tanker
9904546,636020944.0,ELKA ATHINA.,Oil/Chemical Tanker (Танкер для перевозки нефти и химикатов).,,8.0,LIBERIA (Либерия).,oil_tanker
9904651,636021284.0,ELKA DELICATE.,Oil/Chemical Tanker (Танкер для перевозки нефти и химикатов).,,8.0,LIBERIA (Либерия).,oil_tanker
9904883,,TORM HOUSTON,Crude Oil Tanker (Танкер для перевозки сырой нефти),,12.4,ДАНИЯ (DENMARK),oil_tanker
9905162,636021103.0,HISTRIA CORAL.,Oil Tanker,,7.3,LIBERIA (Либерия).,oil_tanker
9905318,636021074.0,HISTRIA CORAL.,Oil Tanker,,7.3,LIBERIA (Либерия).,oil_tanker
9905320,636021344.0,AFRICA.,Oil Tanker,,9.6,LIBERIA (Либерия).,oil_tanker
9905332,636021285.0,ELKA DELOS.,Oil/Chemical Tanker (Танкер для перевозки нефти и химикатов).,,8.0,LIBERIA (Либерия).,oil_tanker
9905344,636021045.0,ELKA ATHINA.,Oil/Chemical Tanker (Танкер для перевозки нефти и химикатов).,,8.0,LIBERIA (Либерия).,oil_tanker
9905411,,BLUE GRASS MARINER,Oil/Chemical Tanker (Танкер для перевозки нефтепродуктов и химикатов),,11.8,МАРШАЛЛОВЫ ОСТРОВА (MARSHALL ISLANDS),oil_tanker
9905423,538008826.0,PELICAN MARINER,Oil Tanker,,11.5,MARSHALL ISLANDS (Маршалловы Острова),oil_tanker
9905916,636020940.0,HISTRIA CORAL.,Oil Tanker,,7.3,LIBERIA (Либерия).,oil_tanker
9906893,636021288.0,ELKA GLORY.,Oil/Chemical Tanker (Танкер для перевозки нефти и химикатов).,,8.0,LIBERIA (Либерия).,oil_tanker
9907275,,SOUTHERN ZEREN,Oil/Chemical Tanker (Танкер для перевозки нефти и химикатов),,9.6,ЛИБЕРИЯ (LIBERIA),oil_tanker
9907433,636021222.0,ELKA ATHINA.,Oil/Chemical Tanker (Танкер для перевозки нефти и химикатов).,,8.0,LIBERIA (Либерия).,oil_tanker
9908504,538009715.0,,Oil Tanker,,7.1,Маршалловы Острова (Marshall Islands).,oil_tanker
9909572,636021286.0,ELKA DELPHI.,Oil/Chemical Tanker (Танкер для перевозки нефти и химикатов).,,8.0,LIBERIA (Либерия).,oil_tanker
9909754,636020897.0,HISTRIA CORAL.,Oil Tanker,,7.3,LIBERIA (Либерия).,oil_tanker
9910246,,EAGLE VALLERY,Crude Oil Tanker (Танкер для перевозки сырой нефти),,18.5,МАЛАЙЗИЯ (MALAYSIA),oil_tanker
9910492,636021347.0,ANTARCTICA,Crude Oil Tanker (Танкер для перевозки сырой нефти),,11.8,LIBERIA (Либерия),oil_tanker
9910533,636020937.0,HISTRIA CORAL.,Oil Tanker,,7.3,LIBERIA (Либерия).,oil_tanker
9911109,,AOIMARU,Oil/Chemical Tanker (Танкер для перевозки нефти и химикатов),,7.8,ЯПОНИЯ (JAPAN),oil_tanker
9911513,538010065.0,PROVENCE.,Crude Oil Tanker (Танкер для перевозки сырой нефти).,,9.4,MARSHALL ISLANDS (Маршалловы Острова).,oil_tanker
9911537,352001501.0,,Oil Tanker,,8.7,Панама (Panama). Оперирует под самым крупным открытым международным регистром.,oil_tanker
9911551,,CYPRESS SUN,Oil/Chemical Tanker (Танкер для перевозки нефтепродуктов и химикатов),,8.6,ПАНАМА (PANAMA),oil_tanker
9912115,636021175.0,HISTRIA NARCEIN.,Oil Tanker,,7.3,LIBERIA (Либерия).,oil_tanker
9912141,636021008.0,HISTRIA ATLANTIC.,Oil Tanker,,7.3,LIBERIA (Либерия).,oil_tanker
9912256,538009642.0,LEGIO X EQUESTRIS,Crude Oil Tanker (Танкер для перевозки сырой нефти),,21.0,MARSHALL ISLANDS (Маршалловы Острова),oil_tanker
9913511,463093101.0,LAHORE.,Crude Oil Tanker.,,11.4,PAKISTAN (Пакистан).,oil_tanker
9914620,636020927.0,HISTRIA CORAL.,Oil Tanker,,7.3,LIBERIA (Либерия).,oil_tanker
9914682,,PROTEUS REBECCA,Crude Oil Tanker (Танкер для перевозки сырой нефти),,11.9,СИНГАПУР (SINGAPORE),oil_tanker
9916123,636020984.0,HISTRIA CORAL.,Oil Tanker,,7.3,LIBERIA (Либерия).,oil_tanker
9916575,636020930.0,ELKA ATHINA.,Oil/Chemical Tanker (Танкер для перевозки нефти и химикатов).,,8.0,LIBERIA (Либерия).,oil_tanker
9916604,563133700.0,CLEAROCEAN GINKGO.,Oil/Chemical Tanker (Танкер для перевозки нефти и химикатов).,,11.9,SINGAPORE (Сингапур).,oil_tanker
9916812,636021495.0,AL AIN.,Oil Tanker,,11.1,LIBERIA (Либерия).,oil_tanker
9917555,636021227.0,ELKA ATHINA.,Oil/Chemical Tanker (Танкер для перевозки нефти и химикатов).,,8.0,LIBERIA (Либерия).,oil_tanker
9917658,548691000.0,,Oil Tanker,,11.8,Филиппины (Philippines).,oil_tanker
9917830,403641000.0,,Oil Tanker,,8.0,Саудовская Аравия (Saudi Arabia). Борт оперирует под флагом ближневосточного суверенного регистра.,oil_tanker
9917842,403642000.0,AMIRA.,Oil Tanker,,9.3,SAUDI ARABIA (Саудовская Аравия).,oil_tanker
9917892,403647000.0,AMWAJ,Oil/Chemical Tanker (Танкер для перевозки нефти и химикатов),,11.3,Саудовская Аравия (SAUDI ARABIA),oil_tanker
9919163,352898688.0,,Oil Tanker,,10.2,"Панама (Panama). Судно зарегистрировано в крупнейшем мировом открытом регистре.Габариты: Длина (LOA) — 183.06 м, ширина — 32.20 м (интерфейс ИНС на image_339520.jpg фиксирует конструктивную ширину 32.24 м).Тоннаж:",oil_tanker
9919187,636021287.0,ELKA HERCULES.,Oil/Chemical Tanker (Танкер для перевозки нефти и химикатов).,,8.0,LIBERIA (Либерия).,oil_tanker
9919577,,PS NEW ORLEANS,Oil/Chemical Tanker (Танкер для перевозки нефти и химических продуктов),,8.6,МАРШАЛЛОВЫ ОСТРОВА (MARSHALL ISLANDS),oil_tanker
9919606,622121215.0,CPC IV.,Oil Tanker,,3.0,EGYPT (Египет).,oil_tanker
9919632,636020504.0,JUPITER STAR,Oil/Chemical Tanker,,8.0,LIBERIA (Либерия),oil_tanker
9919735,563271200.0,THERESA TIGA.,Oil Tanker,,11.4,SINGAPORE (Сингапур).,oil_tanker
9919890,636020882.0,HISTRIA CORAL.,Oil Tanker,,7.3,LIBERIA (Либерия).,oil_tanker
9920069,563314300.0,,Oil Tanker,,10.1,Сингапур (Singapore).,oil_tanker
9922976,636020885.0,HISTRIA CORAL.,Oil Tanker,,7.3,LIBERIA (Либерия).,oil_tanker
9922988,636021207.0,ELKA ATHINA.,Oil/Chemical Tanker (Танкер для перевозки нефти и химикатов).,,8.0,LIBERIA (Либерия).,oil_tanker
9923449,,PROTEUS TRACY,Crude Oil Tanker (Танкер для перевозки сырой нефти),,8.9,СИНГАПУР (SINGAPORE),oil_tanker
9923451,,PROTEUS ELSIE,Нефтяной танкер (Crude Oil Tanker),,8.8,Сингапур,oil_tanker
9923463,636020931.0,HISTRIA CORAL.,Oil Tanker,,7.3,LIBERIA (Либерия).,oil_tanker
9924091,538010167.0,FALCON EXPRESS,Product Tanker (Танкер-продуктовоз),,11.4,Маршалловы Острова (MARSHALL IS),oil_tanker
9925136,,AQUAHONOR,Crude Oil Tanker (Танкер для перевозки сырой нефти),,13.3,ЛИБЕРИЯ (LIBERIA),oil_tanker
9925710,636021688.0,RELIABILITY,Oil/Chemical Tanker,,8.2,LIBERIA (Либерия),oil_tanker
9925875,,BUNGO CROWN,Oil/Chemical Tanker (Танкер для перевозки нефтепродуктов и химикатов),,12.5,ДАНИЯ (DENMARK),oil_tanker
9926738,441345000.0,VL BREEZE,Crude Oil Tanker (Танкер для перевозки сырой нефти),,20.0,REPUBLIC OF KOREA (Республика Корея),oil_tanker
9926910,636021570.0,HISTRIA GEM.,Oil Tanker,,7.3,LIBERIA (Либерия).,oil_tanker
9927196,636020833.0,,Oil Tanker,,11.5,Либерия (Liberia). Судно оперирует под международным открытым регистром.,oil_tanker
9927201,,,Oil Tanker,,8.5,LIBERIA (Либерия).,oil_tanker
9927964,,TENSHO,Crude Oil Tanker (Танкер для перевозки сырой нефти),,15.3,ЛИБЕРИЯ (LIBERIA),oil_tanker
9928750,232032105.0,ENERGY ARTEMIS,Oil Tanker,,7.2,UNITED KINGDOM (Великобритания),oil_tanker
9929106,636021197.0,ELKA ATHINA.,Oil/Chemical Tanker (Танкер для перевозки нефти и химикатов).,,8.0,LIBERIA (Либерия).,oil_tanker
9929194,636021290.0,ELKA DELPHI.,Oil/Chemical Tanker (Танкер для перевозки нефти и химикатов).,,8.0,LIBERIA (Либерия).,oil_tanker
9930789,,MARIA A.ANGELICOUSSIS,Crude Oil Tanker (Танкер для перевозки сырой нефти),,11.5,ГРЕЦИЯ (GREECE),oil_tanker
9931185,413291020.0,YU TONG,Oil/Chemical Tanker (Танкер для нефтепродуктов/химпродуктов),,5.5,CHINA (Китай),oil_tanker
9931329,352001475.0,,Crude Oil Tanker (Танкер для перевозки сырой нефти),,10.7,Панама [PA],oil_tanker
9931460,636021049.0,HISTRIA CORAL.,Oil Tanker,,7.3,LIBERIA (Либерия).,oil_tanker
9932608,636021239.0,ELKA ATHINA.,Oil/Chemical Tanker (Танкер для перевозки нефти и химикатов).,,8.0,LIBERIA (Либерия).,oil_tanker
9932713,352001633.0,,Oil Tanker,,7.0,Панама (Panama). Борт оперирует под панамским международным регистром.,oil_tanker
9932725,352001319.0,BOW MERCURY,Oil/Chemical Tanker (Нефтеналивной/Химовоз),,10.2,PANAMA (Панама),oil_tanker
9933511,563203400.0,HERMIT.,Oil Tanker,,8.1,SINGAPORE (Сингапур).,oil_tanker
9933547,538010019.0,ADVANTAGE VICTORY,Crude Oil Tanker (Танкер для сырой нефти),,21.0,MARSHALL ISLANDS (Маршалловы Острова),oil_tanker
9933626,563217200.0,EAGLE VERACRUZ,Crude Oil Tanker (Танкер для перевозки сырой нефти),,21.0,SINGAPORE (Сингапур),oil_tanker
9933743,636021034.0,ELKA ATHINA.,Oil/Chemical Tanker (Танкер для перевозки нефти и химикатов).,,8.0,LIBERIA (Либерия).,oil_tanker
9933781,636022369.0,BELLA NIAGARA.,Oil Tanker,,8.6,LIBERIA (Либерия).,oil_tanker
9934125,636021078.0,HISTRIA CORAL.,Oil Tanker,,7.3,LIBERIA (Либерия).,oil_tanker
9934905,636021010.0,HISTRIA AMBRA.,Oil Tanker,,7.3,LIBERIA (Либерия).,oil_tanker
9935143,636021090.0,ARACHTHOS I.,Oil Tanker,,8.6,LIBERIA (Либерия).,oil_tanker
9935155,538011942.0,KUFRA.,Oil Tanker,,13.7,MARSHALL ISLANDS (Маршалловы Острова).,oil_tanker
9935478,636021950.0,ELKA APPOLLON.,Oil/Chemical Tanker (Танкер для перевозки нефти и химикатов).,,8.0,LIBERIA (Либерия).,oil_tanker
9935595,636021772.0,BOUVARDIA.,Oil Tanker,,12.2,LIBERIA (Либерия).,oil_tanker
9937945,636021238.0,ELKA ATHINA.,Oil/Chemical Tanker (Танкер для перевозки нефти и химикатов).,,8.0,LIBERIA (Либерия).,oil_tanker
9938066,636021152.0,HISTRIA CORAL.,Oil Tanker,,7.3,LIBERIA (Либерия).,oil_tanker
9938482,636021096.0,HISTRIA CORAL.,Oil Tanker,,7.3,LIBERIA (Либерия).,oil_tanker
9939618,636023388.0,MURMURE.,Oil/Chemical Tanker (Танкер для перевозки нефти и химикатов).,,11.1,LIBERIA (Либерия).,oil_tanker
9940746,636021069.0,ELKA ATHINA.,Oil/Chemical Tanker (Танкер для перевозки нефти и химикатов).,,8.0,LIBERIA (Либерия).,oil_tanker
9941001,636021263.0,ELKA ATHINA.,Oil/Chemical Tanker (Танкер для перевозки нефти и химикатов).,,8.0,LIBERIA (Либерия).,oil_tanker
9941697,636021025.0,HISTRIA CORAL.,Oil Tanker,,7.3,LIBERIA (Либерия).,oil_tanker
9942330,636021123.0,ELKA ATHINA.,Oil/Chemical Tanker (Танкер для перевозки нефти и химикатов).,,8.0,LIBERIA (Либерия).,oil_tanker
9943126,,HOSEI MARU NO.7,Oil Products Tanker (Танкер для перевозки нефтепродуктов),,3.8,ЯПОНИЯ (JAPAN),oil_tanker
9943334,636020979.0,ELKA ATHINA.,Oil/Chemical Tanker (Танкер для перевозки нефти и химикатов).,,8.0,LIBERIA (Либерия).,oil_tanker
9943516,538010617.0,LUCKY GAS.,Oil Tanker,,12.3,MARSHALL ISLANDS (Маршалловы Острова).,oil_tanker
9943748,538010092.0,FRONT BEAVER,Crude Oil Tanker,,11.0,MARSHALL ISLANDS (Маршалловы Острова),oil_tanker
9944144,219625000.0,NORD VOLANTE,Oil/Chemical Tanker,,9.4,DENMARK (Дания),oil_tanker
9946300,,,Танкер для перевозки сырой нефти (Crude Oil Tanker).,,9.7,Багамские острова.,oil_tanker
9946362,636021464.0,HISTRIA AMBER.,Oil Tanker,,7.3,LIBERIA (Либерия).,oil_tanker
9946386,636021220.0,ELKA ATHINA.,Oil/Chemical Tanker (Танкер для перевозки нефти и химикатов).,,8.0,LIBERIA (Либерия).,oil_tanker
9946465,,HAFNIA LARVIK,Crude Oil Tanker (Танкер для перевозки сырой нефти),,8.5,СИНГАПУР (SINGAPORE),oil_tanker
9946702,538011032.0,,Crude Oil Tanker (Танкер для перевозки сырой нефти),,14.1,Маршалловы Острова [MH],oil_tanker
9947378,636021236.0,ELKA ATHINA.,Oil/Chemical Tanker (Танкер для перевозки нефти и химикатов).,,8.0,LIBERIA (Либерия).,oil_tanker
9947495,636021290.0,ELKA VASSILIKI.,Oil/Chemical Tanker (Танкер для перевозки нефти и химикатов).,,8.0,LIBERIA (Либерия).,oil_tanker
9947691,636021047.0,HISTRIA CORAL.,Oil Tanker,,7.3,LIBERIA (Либерия).,oil_tanker
9947861,,WOO HWANG,Oil/Chemical Tanker (Танкер для перевозки нефтепродуктов и химикатов),,5.7,РЕСПУБЛИКА КОРЕЯ (REPUBLIC OF KOREA),oil_tanker
9948724,636021160.0,ELKA ATHINA.,Oil/Chemical Tanker (Танкер для перевозки нефти и химикатов).,,8.0,LIBERIA (Либерия).,oil_tanker
9948968,425000019.0,M/T SUMER,Oil Products Tanker (Танкер для перевозки нефтепродуктов),,8.9,Ирак (IRAQ),oil_tanker
9948970,425000020.0,AKKAD,Oil Products Tanker (Танкер-продуктовоз),,8.6,Ирак (IRAQ),oil_tanker
9952115,,STENA IMPRESSIVE,Oil/Chemical Tanker (Танкер для перевозки нефтепродуктов и химикатов),,8.5,КИПР (CYPRUS),oil_tanker
9952177,563180300.0,BOW LION,Oil/Chemical Tanker (Нефтеналивной танкер/Химовоз),,9.7,SINGAPORE (Сингапур),oil_tanker
9952608,636021021.0,HISTRIA CORAL.,Oil Tanker,,7.3,LIBERIA (Либерия).,oil_tanker
9952957,538010356.0,ANGELA GLORY.,Oil Tanker,,10.3,MARSHALL ISLANDS (Маршалловы Острова).,oil_tanker
9952969,636021291.0,ELKA VASSILIKI.,Oil/Chemical Tanker (Танкер для перевозки нефти и химикатов).,,8.0,LIBERIA (Либерия).,oil_tanker
9952971,636021247.0,ELKA ATHINA.,Oil/Chemical Tanker (Танкер для перевозки нефти и химикатов).,,8.0,LIBERIA (Либерия).,oil_tanker
9953468,636021174.0,HISTRIA ONIX.,Oil Tanker,,7.3,LIBERIA (Либерия).,oil_tanker
9953470,636020850.0,HISTRIA CORAL.,Oil Tanker,,7.3,LIBERIA (Либерия).,oil_tanker
9953494,636022631.0,HISTRIA PRINCE.,Oil Tanker,,7.3,LIBERIA (Либерия).,oil_tanker
9956393,636021949.0,ELKA PETRA.,Oil/Chemical Tanker (Танкер для перевозки нефти и химикатов).,,8.0,LIBERIA (Либерия).,oil_tanker
9956599,636021201.0,ELKA ATHINA.,Oil/Chemical Tanker (Танкер для перевозки нефти и химикатов).,,8.0,LIBERIA (Либерия).,oil_tanker
9956604,636020943.0,HISTRIA CORAL.,Oil Tanker,,7.3,LIBERIA (Либерия).,oil_tanker
9956707,563180700.0,MARINE CHARGE,Bunkering Tanker (Бункеровщик),,4.9,SINGAPORE (Сингапур),oil_tanker
9958286,636021169.0,HISTRIA CORAL.,Oil Tanker,,7.3,LIBERIA (Либерия).,oil_tanker
9958327,636021128.0,HISTRIA CORAL.,Oil Tanker,,7.3,LIBERIA (Либерия).,oil_tanker
9958846,636022645.0,HISTRIA OPAL.,Oil Tanker,,7.3,LIBERIA (Либерия).,oil_tanker
9959917,636022646.0,HISTRIA ONIX.,Oil Tanker,,7.3,LIBERIA (Либерия).,oil_tanker
9960186,538010542.0,NEJAT,Bulk Carrier (Балкер / Сухогруз),,10.6,MARSHALL ISLANDS (Маршалловы Острова),oil_tanker
9960588,636021219.0,ELKA ATHINA.,Oil/Chemical Tanker (Танкер для перевозки нефти и химикатов).,,8.0,LIBERIA (Либерия).,oil_tanker
9961714,255916548.0,GASCHEM ALSTER.,Oil Tanker,,5.1,PORTUGAL (Португалия).,oil_tanker
9964584,,MEIKOU MARU,Tanker (Танкер),,4.0,ЯПОНИЯ (JAPAN),oil_tanker
9965473,258055000.0,,Chemical/Oil Products Tanker (Танкер-химовоз/продуктовоз),,12.1,Норвегия [NO],oil_tanker
9967251,563194700.0,HEROLDS BAY,Oil/Chemical Tanker (Нефтеналивной/химвоз),,12.1,SINGAPORE (Сингапур),oil_tanker
9967330,636021289.0,ELKA APOLLON.,Oil/Chemical Tanker (Танкер для перевозки нефти и химикатов).,,8.0,LIBERIA (Либерия).,oil_tanker
9967897,,ARCTIC TERN,Нефтеналивной/Химический танкер (Oil/Chemical Tanker),,9.0,Сингапур,oil_tanker
9967940,413392340.0,HUANG SHAN 16,Oil/Chemical Tanker (Танкер для перевозки нефти и химикатов),,7.0,CHINA (Китайская Народная Республика),oil_tanker
9968413,,YUN DING 19,Oil/Chemical Tanker (Танкер для перевозки нефтепродуктов и химикатов),,7.3,КИТАЙ (CHINA),oil_tanker
9968944,636021226.0,ELKA ATHINA.,Oil/Chemical Tanker (Танкер для перевозки нефти и химикатов).,,8.0,LIBERIA (Либерия).,oil_tanker
9969833,563248200.0,GAS ARCTURUS.,Oil Tanker,,8.2,SINGAPORE (Сингапур).,oil_tanker
9970583,636021023.0,HISTRIA CORAL.,Oil Tanker,,7.3,LIBERIA (Либерия).,oil_tanker
9972232,563242200.0,GAS ZHUJIANG.,Oil Tanker,,8.2,SINGAPORE (Сингапур).,oil_tanker
9973315,255915868.0,BOCHEM BRISBANE.,Oil/Chemical Tanker (Танкер для перевозки нефти и химикатов).,,8.5,PORTUGAL (Португалия).,oil_tanker
9973913,563257500.0,NAVIG8 EXCEED,Chemical/Oil Products Tanker (Танкер-химовоз/продуктовоз),,11.8,Сингапур,oil_tanker
9973925,563258100.0,NAVIG8 ESTELLE.,Oil Tanker,,11.3,SINGAPORE (Сингапур).,oil_tanker
9973937,636020965.0,HISTRIA CORAL.,Oil Tanker,,7.3,LIBERIA (Либерия).,oil_tanker
9975040,636020971.0,ELKA ATHINA.,Oil/Chemical Tanker (Танкер для перевозки нефти и химикатов).,,8.0,LIBERIA (Либерия).,oil_tanker
9976812,636020952.0,HISTRIA CORAL.,Oil Tanker,,7.3,LIBERIA (Либерия).,oil_tanker
9976824,636020951.0,ELKA ATHINA.,Oil/Chemical Tanker (Танкер для перевозки нефти и химикатов).,,8.0,LIBERIA (Либерия).,oil_tanker
9977220,636021285.0,ELKA COMPASS.,Oil/Chemical Tanker (Танкер для перевозки нефти и химикатов).,,8.0,LIBERIA (Либерия).,oil_tanker
9977256,636021198.0,ELKA ATHINA.,Oil/Chemical Tanker (Танкер для перевозки нефти и химикатов).,,8.0,LIBERIA (Либерия).,oil_tanker
9978028,636021107.0,HISTRIA CORAL.,Oil Tanker,,7.3,LIBERIA (Либерия).,oil_tanker
9978377,311001562.0,EROTOKRITOS.,Oil Tanker,,14.1,BAHAMAS (Багамы).,oil_tanker
9980851,636021240.0,ELKA ATHINA.,Oil/Chemical Tanker (Танкер для перевозки нефти и химикатов).,,8.0,LIBERIA (Либерия).,oil_tanker
9982251,413586730.0,JIAN HANG FENG DA,Chemical/Oil Products Tanker (Танкер-химовоз / продуктовоз),,4.5,Китай,oil_tanker
9982524,352003703.0,NORD VULCAN.,Oil Tanker,,7.7,PANAMA (Панама).,oil_tanker
9982689,636024852.0,AL QASSAR.,Oil Tanker,,11.5,LIBERIA (Либерия).,oil_tanker
9982691,538011194.0,,Oil Tanker,,9.0,"Маршалловы Острова (Marshall Islands). Актив оперирует под одним из ведущих международных открытых регистров, входящих в «белый список».",oil_tanker
9983097,636020901.0,HISTRIA CORAL.,Oil Tanker,,7.3,LIBERIA (Либерия).,oil_tanker
9983499,636020923.0,HISTRIA CORAL.,Oil Tanker,,7.3,LIBERIA (Либерия).,oil_tanker
9983891,636023249.0,ELKA NOBLE.,Crude Oil Tanker (Танкер для перевозки сырой нефти).,,9.2,LIBERIA (Либерия).,oil_tanker
9984156,352003489.0,SAEHAN MARINA,Oil/Chemical Tanker (Танкер для нефтепродуктов и химикатов),,9.8,PANAMA (Панама),oil_tanker
9984857,636021174.0,HISTRIA CORAL.,Oil Tanker,,7.3,LIBERIA (Либерия).,oil_tanker
9986001,636021013.0,HISTRIA CORAL.,Oil Tanker,,7.3,LIBERIA (Либерия).,oil_tanker
9986104,636023347.0,HISTRIA AMBER.,Oil Tanker,,7.3,LIBERIA (Либерия).,oil_tanker
9986283,636021165.0,ELKA ATHINA.,Oil/Chemical Tanker (Танкер для перевозки нефти и химикатов).,,8.0,LIBERIA (Либерия).,oil_tanker
9987093,636021287.0,ELKA NOBLE.,Crude Oil Tanker (Танкер для перевозки сырой нефти).,,9.2,LIBERIA (Либерия).,oil_tanker
9987562,636022848.0,ZANTE GAS.,Oil Tanker,,7.7,LIBERIA (Либерия).,oil_tanker
9987744,,BETELGEUSE,Oil/Chemical Tanker (Танкер для перевозки нефтепродуктов и химикатов),,11.5,КАЙМАНОВЫ ОСТРОВА (CAYMAN ISLANDS),oil_tanker
9988059,413568730.0,XING TONG KAI MING (ранее XT BRIGHTNESS)IMO: 9988059,Chemical/Oil Products Tanker (Танкер-химовоз/продуктовоз),,5.3,Китай Год постройки: 2024,oil_tanker
9988683,538011244.0,FALCON DAYLIGHT,Product Tanker (Танкер-продуктовоз),,11.4,Маршалловы Острова (MARSHALL IS),oil_tanker
9989194,636021192.0,ELKA ATHINA.,Oil/Chemical Tanker (Танкер для перевозки нефти и химикатов).,,8.0,LIBERIA (Либерия).,oil_tanker
9989209,636020983.0,HISTRIA CORAL.,Oil Tanker,,7.3,LIBERIA (Либерия).,oil_tanker
9990521,636021280.0,ELKA ATHINA.,Oil/Chemical Tanker (Танкер для перевозки нефти и химикатов).,,8.0,LIBERIA (Либерия).,oil_tanker
9991862,538010839.0,PROVENCAL.,Crude Oil Tanker (Танкер для перевозки сырой нефти).,,9.4,MARSHALL ISLANDS (Маршалловы Острова).,oil_tanker
9991927,,SEASHINE,Crude Oil Tanker (Танкер для перевозки сырой нефти),,14.8,ЛИБЕРИЯ (LIBERIA),oil_tanker
9993133,563236200.0,THETIS LEONA,Oil/Chemical Tanker (Танкер для перевозки нефти и химикатов),,9.9,SINGAPORE (Сингапур),oil_tanker
9993638,636023248.0,ELKA DELPHI.,Crude Oil Tanker (Танкер для перевозки сырой нефти).,,9.2,LIBERIA (Либерия).,oil_tanker
9994515,636023303.0,ELKA PERPETUA.,Oil/Chemical Tanker (Танкер для перевозки нефти и химикатов).,,8.0,LIBERIA (Либерия).,oil_tanker
9994527,636023954.0,PACIFIC CRYSTALIMO: 9994527,Chemical/Oil Products Tanker (Танкер-продуктовоз / MR Tanker),,8.5,"Либерия Год постройки: 2025 Габариты: Длина — 183 м, ширина — 32 м,",oil_tanker
9995466,636023348.0,HISTRIA CRYSTAL.,Oil Tanker,,7.3,LIBERIA (Либерия).,oil_tanker
9995753,241965000.0,,Oil Tanker,,9.6,Греция (Greece). Борт оперирует под авторитетным европейским флагом из «белого списка» Парижского меморандума.,oil_tanker
9997385,636021124.0,HISTRIA CORAL.,Oil Tanker,,7.3,LIBERIA (Либерия).,oil_tanker
9997476,636020926.0,HISTRIA CORAL.,Oil Tanker,,7.3,LIBERIA (Либерия).,oil_tanker
9997957,256916000.0,SEASCOUT.,Oil Tanker,,8.8,MALTA (Мальта).,oil_tanker
9998248,636023957.0,,Oil Tanker,,10.9,Либерия (Liberia) [Судно].,oil_tanker
9999620,636021073.0,ELKA ATHINA.,Oil/Chemical Tanker (Танкер для перевозки нефти и химикатов).,,8.0,LIBERIA (Либерия).,oil_tanker
