imo,mmsi,vessel_name,vessel_type,dwt_tons,draft_m,flag,vessel_category,gt,loa_m,beam_m,nav_status,built_year,age_years,compliance_risk_level
9910234,,EAGLE VALENCE,Танкер для перевозки сырой нефти (VLCC — Very Large Crude Carrier),290000.0,11.4,Франция,vessel,158244.0,329.9,60.0,,2022.0,4.0,НИЗКИЙ РИСК
9933602,,EAGLE VELLORE,Танкер для перевозки сырой нефти (VLCC — Very Large Crude Carrier),299554.0,14.5,Малайзия,vessel,156186.0,336.0,60.0,,2023.0,3.0,НИЗКИЙ РИСК
9910234,,,Танкер для перевозки сырой нефти (VLCC — Very Large Crude Carrier),289999.0,11.4,Франция,vessel,158244.0,329.9,60.0,,2022.0,4.0,НИЗКИЙ РИСК
9860154,,SUISO FRONTIER,Танкер для перевозки сжиженного водорода (World's first Liquefied Hydrogen Carrier),2272.0,4.5,Япония,vessel,7849.0,116.0,19.0,,2021.0,5.0,НИЗКИЙ РИСК
9898034,,MERCANTILE-48,Танкер для перевозки нефтепродуктов (Oil Products Tanker),5000.0,4.5,Бангладеш,vessel,2920.0,98.42,18.0,,2020.0,6.0,НИЗКИЙ РИСК
9980485,,DONG BAI,Танкер-химовоз / Танкер для перевозки нефтепродуктов (Chemical/Oil Products Tanker),11721.0,5.5,Китай (PRC),vessel,8153.0,131.7,20.2,,2024.0,2.0,НИЗКИЙ РИСК
9321691,,BARQ,Танкер для перевозки сырой нефти (Crude Oil Tanker / Suezmax),158889.0,9.0,Оман,vessel,81409.0,274.3,48.0,,2006.0,20.0,ВЫСОКИЙ РИСК
9924326,,KRITI FUTUREIMO номер: 9924326,Танкер для перевозки сырой нефти (Crude Oil Tanker / Suezmax),149987.0,15.3,Греция,vessel,82987.0,274.3,48.0,,2022.0,4.0,НИЗКИЙ РИСК
9910234,,EAGLE VALENCE,Танкер для перевозки сырой нефти (VLCC — Very Large Crude Carrier),289999.0,11.4,Франция,vessel,158244.0,329.9,60.0,,2022.0,4.0,НИЗКИЙ РИСК
9752084,,SHTURMAN ALBANOV,"Арктический челночный танкер для сырой нефти (Crude Oil Tanker, Ice Class Arc7)",41455.0,9.3,Российская Федерация,vessel,44354.0,249.0,34.0,,2016.0,10.0,ВЫСОКИЙ РИСК
9750672,,YAKOV GAKKEL,"Танкер для перевозки сжиженного природного газа (LNG Tanker, Ice Class Arc7)",96839.0,12.0,Багамские острова,vessel,128969.0,299.0,50.0,,2019.0,7.0,ВЫСОКИЙ РИСК
9750684,,VAILANKANNIIMO номер: 9750684,Малотоннажный танкер для нефтепродуктов (Small Oil Products Tanker),1162.0,2.6,Индия,vessel,850.0,57.0,12.0,,2015.0,11.0,НИЗКИЙ РИСК
9750672,,YAKOV GAKKEL,"Танкер для перевозки сжиженного природного газа (LNG Tanker, Ice Class Arc7)",96839.0,12.0,Багамские острова,vessel,128969.0,299.0,50.0,,2019.0,7.0,ВЫСОКИЙ РИСК
9750725,,NIKOLAY YEVGENOV,"Танкер для перевозки сжиженного природного газа (LNG Tanker, Ice Class Arc7)",96821.0,10.4,Багамские острова,vessel,128969.0,299.0,50.0,,2019.0,7.0,ВЫСОКИЙ РИСК
9750737,,VLADIMIR VORONIN,"Танкер для перевозки сжиженного природного газа (LNG Tanker, Ice Class Arc7)",96840.0,10.8,Багамские острова,vessel,128969.0,299.0,50.0,,2019.0,7.0,ВЫСОКИЙ РИСК
9904687,,SERGEI WITTEIMO номер: 9904687,"Танкер для перевозки сжиженного природного газа (LNG Tanker, ледовый класс)",81000.0,,Российская Федерация,vessel,1084062.0,,,,2026.0,,ВЫСОКИЙ РИСК
9904699,,ZVEZDA 044,"Танкер для перевозки сжиженного природного газа (LNG Tanker, ледовый класс)",81000.0,,Российская Федерация,vessel,1084062.0,,,,2026.0,,ВЫСОКИЙ РИСК
9752084,,SHTURMAN ALBANOV,"Арктический челночный танкер для сырой нефти (Crude Oil Tanker, Ice Class Arc7)",41455.0,,Российская Федерация,vessel,443542.0,249.0,34.0,,2016.0,10.0,ВЫСОКИЙ РИСК
9752096,,SHTURMAN MALYGIN,"Арктический челночный танкер для сырой нефти (Crude Oil Tanker, Ice Class Arc7)",41542.0,,Российская Федерация,vessel,443542.0,249.0,34.0,,2016.0,10.0,КРИТИЧЕСКИ ВЫСОКИЙ РИСК
9752101,,SHTURMAN OVTSYN,"Арктический челночный танкер для сырой нефти (Crude Oil Tanker, Ice Class Arc7)",41551.0,,Российская Федерация,vessel,443542.0,249.0,34.0,,2016.0,10.0,КРИТИЧЕСКИ ВЫСОКИЙ РИСК
9759915,,SHTURMAN SKURATOV,"Арктический танкер для перевозки нефтепродуктов / нефти (Oil Tanker, Ice Class)",41401.0,,Российская Федерация,vessel,443542.0,248.92,34.0,,2017.0,9.0,КРИТИЧЕСКИ ВЫСОКИЙ РИСК
9474333,273328440.0,ALAM RUKUN,Балкер / Сухогруз (Bulk Carrier),,14.0,Сингапур 🇸🇬,vessel,,189.9,32.26,,2009.0,,
9474345,,SUNNY MARS,Танкер-химовоз / танкер для нефтепродуктов (Chemical/Oil Products Tanker),6729.0,5.3,Япония,vessel,4551.0,109.61,17.2,,2008.0,18.0,НИЗКИЙ РИСК
9970569,,VENTURE PELICAN,Танкер для перевозки сжиженного природного газа (LNG Tanker),107840.0,,Маршалловы Острова,vessel,1306952.0,298.0,51.0,,2025.0,1.0,НИЗКИЙ РИСК
9960590,,VENTURE CREOLEIMO номер: 9960590,Танкер для перевозки сжиженного природного газа (LNG Tanker),94069.0,,Либерия,vessel,1152382.0,294.98,46.4,,2025.0,1.0,НИЗКИЙ РИСК
9975325,,ARCHIMIDISIMO номер: 9975325,"Танкер для перевозки сжиженного природного газа (LNG Tanker, Large)",93000.0,,Мальта,vessel,1160002.0,299.0,46.0,,2026.0,,НИЗКИЙ РИСК
9943853,,AXIOS II,"Танкер для перевозки сжиженного природного газа (LNG Tanker, Large)",93736.0,,Бермудские острова,vessel,1165812.0,299.0,46.4,,2024.0,2.0,НИЗКИЙ РИСК
9970569,,VENTURE PELICANIMO номер: 9970569,"Танкер для перевозки сжиженного природного газа (LNG Tanker, Large)",107840.0,,Маршалловы Острова,vessel,1306952.0,298.0,51.0,,2025.0,,НИЗКИЙ РИСК
9960590,,VENTURE CREOLEIMO номер: 9960590,Танкер для перевозки сжиженного природного газа (LNG Tanker),94069.0,,Либерия,vessel,1152382.0,294.98,46.4,,2025.0,1.0,НИЗКИЙ РИСК
9960590,,,Танкер для перевозки сжиженного природного газа (LNG Tanker),94069.0,,Либерия,vessel,1152382.0,,,,2025.0,,НИЗКИЙ РИСК
9970569,,VENTURE PELICANIMO номер: 9970569,"Танкер для перевозки сжиженного природного газа (LNG Tanker, Large)",107840.0,,Маршалловы Острова,vessel,1306952.0,298.0,51.0,,2025.0,,НИЗКИЙ РИСК
9970569,,VENTURE PELICAN,"Танкер для перевозки сжиженного природного газа (LNG Tanker, Large)",107840.0,,Маршалловы Острова,vessel,1306952.0,298.0,51.0,,2025.0,,НИЗКИЙ РИСК
9857377,,FLEX AMBER,Танкер для перевозки сжиженного природного газа (LNG Tanker),93624.0,,Маршалловы Острова,vessel,1164302.0,297.0,46.4,,2020.0,6.0,НИЗКИЙ РИСК
9857365,,FLEX AURORAIMO номер: 9857365,"Танкер для перевозки сжиженного природного газа (LNG Tanker, Large)",93775.0,,Маршалловы Острова,vessel,1164302.0,297.0,46.4,,2020.0,6.0,НИЗКИЙ РИСК
9845702,,FRONT DRIVAIMO номер: 9845702,Нефтяной танкер класса VLCC (Very Large Crude Carrier),318744.0,,Республика Кипр,vessel,1604572.0,332.99,60.0,,2019.0,7.0,НИЗКИЙ РИСК
9810379,,MARAN GAS ANDROSIMO номер: 9810379,Танкер для перевозки сжиженного природного газа (LNG Tanker),94638.0,,Греция,vessel,1137932.0,294.9,46.4,,2019.0,7.0,НИЗКИЙ РИСК
9627502,,MARAN GAS LINDOS,Танкер для перевозки сжиженного природного газа (LNG Tanker),89343.0,,Греция,vessel,1038932.0,294.2,44.0,,2015.0,11.0,НИЗКИЙ РИСК
9629586,,YENISEI RIVER,"Танкер для перевозки сжиженного природного газа (LNG Tanker, Large)",84565.0,,Маршалловы Острова,vessel,1002362.0,288.1,44.2,,2013.0,13.0,ВЫСОКИЙ РИСК
9629598,,LENA RIVERIMO номер: 9629598,"Танкер для перевозки сжиженного природного газа (LNG Tanker, Large)",84585.0,,Маршалловы Острова,vessel,1002362.0,288.0,44.2,,2013.0,13.0,ВЫСОКИЙ РИСК
9030993,,"PROGRESS (ранее: ORION STAR, SPARTAN WARRIOR, NEW PROGRESS)","Нефтяной танкер (Crude Oil Tanker, VLCC)",297237.0,,Неактивен (ранее Либерия/Коморские острова),vessel,1597662.0,333.0,58.0,,1994.0,32.0,
9924510,,HYUNDAI ULSAN 3257,"Нефтяной танкер (Crude Oil Tanker, VLCC)",299279.0,,Неизвестен (по данным AIS),vessel,1545002.0,,,,2023.0,3.0,
9748679,,NORDIC STAR,Нефтяной танкер (Suezmax Crude Oil Tanker),157737.0,,Каймановы Острова,vessel,817182.0,277.05,48.0,,2016.0,10.0,НИЗКИЙ РИСК
9685449,,INEOS INTREPID,Газовоз (LPG/Ethylene carrier),20917.0,,Мальта,vessel,228872.0,180.3,26.6,,2015.0,11.0,НИЗКИЙ РИСК
9275256,,"SIYA RAM (ранее: MAERSK RYE, ANWAAR LIBYA)IMO номер: 9275256",Танкер-продуктовоз (Oil Products Tanker),34656.0,,Антигуа и Барбуда,vessel,221842.0,171.2,27.39,,2004.0,22.0,СРЕДНИЙ РИСК
9324344,,CHEIKH BOUAMAMAIMO номер: 9324344,"Танкер для перевозки сжиженного природного газа (LNG Tanker, Medium)",39520.0,,Багамские Острова,vessel,528552.0,219.81,35.0,,2008.0,18.0,НИЗКИЙ РИСК
9419369,,AMFITRITI,Нефтяной танкер (Aframax / LR2),115405.0,13.5,Мальта,vessel,627822.0,250.0,44.0,,2009.0,17.0,НИЗКИЙ РИСК
9253284,,FSRU TOSCANA (ранее: GOLAR FROST),Плавучая установка для хранения и регазификации СПГ (FSRU — Floating Storage and Regasification Unit),73758.0,8.8,Италия,vessel,1179162.0,306.47,48.0,,2003.0,23.0,НИЗКИЙ РИСК
9275256,,"SIYA RAM (ранее: MAERSK RYE, ANWAAR LIBYA)",Танкер-продуктовоз (Oil Products Tanker),34656.0,7.0,Антигуа и Барбуда,vessel,221842.0,171.2,27.39,,2004.0,22.0,СРЕДНИЙ РИСК
9324344,,CHEIKH BOUAMAMAIMO номер: 9324344,"Танкер для перевозки сжиженного природного газа (LNG Tanker, Medium)",39520.0,8.0,Багамские Острова,vessel,528552.0,219.81,35.0,,2008.0,18.0,НИЗКИЙ РИСК
9214410,,"ALMAK (ранее: Kvaloyfjord, Mary M)",Рыболовецкое судно (Траулер),1100.0,6.7,Россия,vessel,8562.0,41.4,11.3,,2001.0,25.0,НИЗКИЙ РИСК
9809045,,HASSI BERKINE,Газовоз (LPG Tanker),9612.0,7.1,Алжир,vessel,122932.0,146.2,21.6,,2018.0,8.0,НИЗКИЙ РИСК
9275347,,LALLA FATMA N'SOUMERIMO номер: 9275347,"Танкер для перевозки сжиженного природного газа (LNG Tanker, Large)",80920.0,10.2,Багамские Острова,vessel,1183632.0,289.5,49.0,,2004.0,22.0,НИЗКИЙ РИСК
9991915,,SERI DIAN,Танкер-газовоз (LNG Tanker),92600.0,9.8,Сингапур,vessel,1148162.0,295.0,47.0,,2026.0,0.0,НИЗКИЙ РИСК
9984962,,XIANG HONG 69,Танкер-продуктовоз (Oil Products Tanker),8330.0,,Китай (PRC),vessel,67042.0,,,,2022.0,4.0,НИЗКИЙ РИСК
9771080,,SEAPEAK BAHRAIN (ранее: BAHRAIN SPIRIT),Танкер-газовоз (LNG Tanker),95289.0,9.4,Бахрейн,vessel,1132742.0,294.9,46.4,,2018.0,8.0,НИЗКИЙ РИСК
9342487,,"SEAPEAK MAGELLAN (ранее: MAGELLAN SPIRIT, MAERSK MAGELLAN)","Танкер для перевозки сжиженного природного газа (LNG Tanker, Large)",82265.0,11.2,Дания,vessel,1044842.0,286.0,43.4,,2009.0,17.0,НИЗКИЙ РИСК
9490961,,,"Танкер для перевозки сжиженного природного газа (LNG Tanker, Large)",82929.0,9.4,Багамские Острова,vessel,1007232.0,285.0,43.4,,2011.0,15.0,НИЗКИЙ РИСК
9757967,,CHEMROAD SAKURAIMO номер: 9757967,Танкер-химовоз / продуктовоз (Chemical/Oil Products Tanker),35688.0,11.2,Панама,vessel,212542.0,179.53,27.4,,2017.0,9.0,НИЗКИЙ РИСК
9760770,,MARVEL HAWK,"Танкер для перевозки сжиженного природного газа (LNG Tanker, Large)",89432.0,9.1,Сингапур,vessel,1140842.0,293.3,45.8,,2018.0,8.0,НИЗКИЙ РИСК
9779226,,DIAMOND GAS ORCHID,"Танкер для перевозки сжиженного природного газа (LNG Tanker, Large)",94028.0,11.0,Сингапур,vessel,1448282.0,293.5,48.94,,2018.0,8.0,НИЗКИЙ РИСК
9779238,,DIAMOND GAS ROSE,"Танкер для перевозки сжиженного природного газа (LNG Tanker, Large)",94145.0,9.4,Сингапур,vessel,1448282.0,293.5,48.94,,2018.0,8.0,НИЗКИЙ РИСК
9874454,,DIAMOND GAS CRYSTAL,"Танкер для перевозки сжиженного природного газа (LNG Tanker, Large)",89686.0,9.3,Сингапур,vessel,1175642.0,297.16,46.4,,2021.0,5.0,НИЗКИЙ РИСК
9874454,,DIAMOND GAS CRYSTAL,"Танкер для перевозки сжиженного природного газа (LNG Tanker, Large)",89686.0,9.3,Сингапур,vessel,117564.0,297.16,46.4,,2021.0,5.0,НИЗКИЙ РИСК
1023401,,DIAMOND GAS JADE,"Танкер для перевозки сжиженного природного газа (LNG Tanker, Large)",80000.0,9.0,Сингапур,vessel,117000.0,290.0,46.0,,2026.0,0.0,НИЗКИЙ РИСК
9687021,,GASLOG GLASGOW,"Танкер для перевозки сжиженного природного газа (LNG Tanker, Large)",87889.0,11.6,Бермудские острова,vessel,112764.0,291.08,45.8,,2016.0,10.0,НИЗКИЙ РИСК
1023865,,QINGCHENG,"Танкер для перевозки сжиженного природного газа (LNG Tanker, Large)",91160.0,9.0,Гонконг,vessel,114755.0,295.0,45.0,,2025.0,1.0,НИЗКИЙ РИСК
9766580,,BRITISH SPONSOR,"Танкер для перевозки сжиженного природного газа (LNG Tanker, Large)",94360.0,9.0,Остров Мэн (Великобритания),vessel,115366.0,294.9,46.4,,2019.0,7.0,НИЗКИЙ РИСК
9766530,,BRITISH PARTNER,"Танкер для перевозки сжиженного природного газа (LNG Tanker, Large)",94442.0,11.3,Остров Мэн (Великобритания),vessel,115366.0,294.9,46.4,,2018.0,8.0,НИЗКИЙ РИСК
9766554,,BRITISH CONTRIBUTOR,"Танкер для перевозки сжиженного природного газа (LNG Tanker, Large)",94558.0,10.0,Остров Мэн (Великобритания),vessel,115366.0,294.9,46.4,,2018.0,8.0,НИЗКИЙ РИСК
9761827,,SM EAGLE,"Танкер для перевозки сжиженного природного газа (LNG Tanker, Large)",97975.0,11.4,Панама,vessel,115716.0,295.0,46.4,,2017.0,9.0,НИЗКИЙ РИСК
9770438,,MARVEL CRANE,"Танкер для перевозки сжиженного природного газа (LNG Tanker, Large)",92799.0,11.7,Сингапур,vessel,139049.0,297.5,48.9,,2019.0,7.0,НИЗКИЙ РИСК
9857365,,FLEX AURORA,"Танкер для перевозки сжиженного природного газа (LNG Tanker, Large)",93775.0,11.5,Маршалловы Острова,vessel,116430.0,297.0,46.4,,2020.0,6.0,НИЗКИЙ РИСК
9845702,,FRONT DRIVA,"Нефтяной танкер (VLCC, Crude Oil Tanker)",318744.0,13.8,Кипр,vessel,160457.0,332.99,60.0,,2019.0,7.0,НИЗКИЙ РИСК
6928632,,LNG ELBA,Танкер для перевозки сжиженного природного газа (LNG Tanker),25235.0,,Не применимо (судно утилизировано),vessel,29264.0,207.73,29.32,,1970.0,,
9352860,,GASLOG SAVANNAH,"Танкер для перевозки сжиженного природного газа (LNG Tanker, Large)",82291.0,,Бермудские острова,vessel,97818.0,285.1,43.4,,2010.0,16.0,НИЗКИЙ РИСК
9658238,,MARAN GAS MYSTRAS,"Танкер для перевозки сжиженного природного газа (LNG Tanker, Large)",89269.0,9.4,Греция,vessel,103893.0,294.2,44.0,,2015.0,11.0,НИЗКИЙ РИСК
9845702,,FRONT DRIVA,"Нефтяной танкер (VLCC, Crude Oil Tanker)",318744.0,13.8,Кипр,vessel,160457.0,332.99,60.0,,2019.0,7.0,НИЗКИЙ РИСК
9766580,,,"Танкер для перевозки сжиженного природного газа (LNG Tanker, Large)",94360.0,9.0,Остров Мэн (Великобритания),vessel,115366.0,294.9,46.4,,2019.0,7.0,НИЗКИЙ РИСК
9633173,,MARAN GAS DELPHI,"Танкер для перевозки сжиженного природного газа (LNG Tanker, Large)",89670.0,9.6,Греция,vessel,103928.0,294.2,44.0,,2014.0,12.0,НИЗКИЙ РИСК
9903920,,GRACE FREESIA,"Танкер для перевозки сжиженного природного газа (LNG Tanker, Large)",89790.0,9.4,Багамские Острова,vessel,117564.0,297.16,46.4,,2022.0,4.0,НИЗКИЙ РИСК
9777151,,HYUNDAI PIONEER III,Офшорное строительное судно / судно обеспечения (Offshore Construction Vessel / Support Vessel).,494.0,,"Панама (исторически), в текущих AIS-системах статус флага может отображаться как «Unknown» из-за отсутствия регулярных сигналов.",vessel,2402.0,,,,2015.0,11.0,НИЗКИЙ РИСК
9253715,,ENERGOS PRINCESS,"Танкер для перевозки сжиженного природного газа (LNG Tanker, Large)",77707.0,,Маршалловы Острова,vessel,93899.0,277.0,43.4,,2003.0,23.0,НИЗКИЙ РИСК
9975325,,ARCHIMIDIS,"Танкер для перевозки сжиженного природного газа (LNG Tanker, Large)",93000.0,9.7,Мальта,vessel,116000.0,299.0,46.0,,2026.0,,НИЗКИЙ РИСК
9943853,,AXIOS II,"Танкер для перевозки сжиженного природного газа (LNG Tanker, Large)",93736.0,9.5,Бермудские острова,vessel,116581.0,299.0,46.4,,2024.0,2.0,НИЗКИЙ РИСК
9884021,,ASKLIPIOS,"Танкер для перевозки сжиженного природного газа (LNG Tanker, Large)",93352.0,9.6,Греция,vessel,116581.0,299.06,46.4,,2021.0,5.0,НИЗКИЙ РИСК
9337963,,AL SAFLIYA,"Танкер для перевозки сжиженного природного газа (LNG Tanker, Q-Flex)",121963.0,11.2,Багамские Острова,vessel,137535.0,315.0,50.0,,2007.0,19.0,НИЗКИЙ РИСК
9654713,,MCARTHUR,"Нефтяной танкер (малотоннажный, Oil Products Tanker)",1035.0,2.2,Австралия,vessel,922.0,54.2,12.25,,2014.0,12.0,НИЗКИЙ РИСК
9239630,,,Нефтяной танкер (Crude Oil Tanker),69609.0,,"Unknown», является следствием обработки устаревших или «фантомных» сигналов. Судно физически перестало существовать как коммерческий транспортный объект.РезюмеАктив непригоден для какой-либо коммерческой деятельности. Включение этого объекта в списки действующих танкеров является ошибкой. Его использование в аналитических моделях или логистических планах недопустимо.",vessel,40343.0,,32.0,,2002.0,,
9918016,,LEV LANDAUIMO номер: 9918016,"Танкер для перевозки сжиженного природного газа (LNG Tanker, Large)",99824.0,,Панама,vessel,130353.0,299.9,47.0,,2026.0,,НИЗКИЙ РИСК
9246621,,PORTOVYY,"Танкер для перевозки сжиженного природного газа (LNG Tanker, Large)",77777.0,,"Россия (с 2021–2022 гг., ранее — Мальта)",vessel,94499.0,277.0,43.4,,2003.0,23.0,ВЫСОКИЙ РИСК
9246621,,PORTOVYY (бывшее EXCEL),СПГ-танкер (LNG Tanker),77777.0,9.5,Российская Федерация,vessel,94499.0,,43.4,,2003.0,,
9778313,,,FSRU (Floating Storage and Regasification Unit — плавучая установка для хранения и регазификации СПГ),93292.0,10.9,Россия,vessel,118423.0,294.83,46.4,,2018.0,8.0,ВЫСОКИЙ РИСК
9243148,,,СПГ-танкер (LNG Tanker),77551.0,,Россия,vessel,93844.0,277.0,43.4,,2003.0,23.0,КРИТИЧЕСКИ ВЫСОКИЙ РИСК
9953248,,,Танкер для перевозки сжиженного природного газа (LNG Tanker),93076.0,,Либерия,vessel,1154802.0,299.0,46.4,,2024.0,2.0,НИЗКИЙ РИСК
9360817,,FRAIHA,"Танкер для перевозки сжиженного природного газа (LNG Tanker, Q-Flex)",121914.0,9.3,Маршалловы Острова,vessel,1366852.0,305.57,50.0,,2008.0,18.0,НИЗКИЙ РИСК
9337755,,MOZAH,"СПГ-танкер (LNG Tanker, Q-Max)",130102.0,9.5,Маршалловы Острова,vessel,1639222.0,345.33,53.8,,2008.0,18.0,НИЗКИЙ РИСК
9418365,,SHAGRA,"СПГ-танкер (LNG Tanker, Q-Max)",130102.0,9.5,Маршалловы Острова,vessel,1639222.0,345.0,53.8,,2009.0,17.0,НИЗКИЙ РИСК
9443413,,RASHEEDA,"СПГ-танкер (LNG Tanker, Q-Max)",130208.0,12.1,"Маршалловы Острова (Примечание: в данных AIS указан Оман, однако исторически и по реестрам судно зарегистрировано под флагом Маршалловых Островов как часть катарского флота).",vessel,1639222.0,345.0,53.8,,2010.0,16.0,НИЗКИЙ РИСК
9714276,,SERI CAMELLIA,"СПГ-танкер (LNG Tanker, Moss-Type)",84333.0,11.0,Малайзия,vessel,1339482.0,290.0,49.0,,2016.0,10.0,НИЗКИЙ РИСК
9680190,,ASIA VENTURE,"СПГ-танкер (LNG Tanker, Membrane Type)",82564.0,11.7,Багамские Острова,vessel,1014272.0,285.0,43.4,,2017.0,9.0,НИЗКИЙ РИСК
9655016,,BRISOTE,Малотоннажный танкер для перевозки СУГ (LPG Tanker),2177.0,,Нидерланды,vessel,29292.0,87.0,14.8,,2014.0,12.0,НИЗКИЙ РИСК
9606950,,ASIA ENERGY,"СПГ-танкер (LNG Tanker, Membrane Type)",82424.0,11.2,Багамские Острова,vessel,1014272.0,285.0,43.4,,2014.0,12.0,НИЗКИЙ РИСК
9636797,,COOL RUNNER,СПГ-танкер (LNG Tanker),81891.0,9.0,Мальта,vessel,1020972.0,280.5,43.4,,2014.0,12.0,НИЗКИЙ РИСК
9351971,,PACIFIC ENLIGHTEN,"СПГ-танкер (LNG Tanker, Membrane Type)",80023.0,11.1,Багамские Острова,vessel,1223612.0,288.0,49.0,,2009.0,17.0,НИЗКИЙ РИСК
9810367,,WOODSIDE REES WITHERS,"СПГ-танкер (LNG Tanker, Membrane Type)",94732.0,11.6,Греция,vessel,1138222.0,294.9,46.4,,2019.0,7.0,НИЗКИЙ РИСК
9627485,,WOODSIDE ROGERS,"СПГ-танкер (LNG Tanker, Membrane Type)",90327.0,11.3,Греция,vessel,1039282.0,294.2,44.0,,2013.0,13.0,НИЗКИЙ РИСК
9606948,,ASIA VISION,"СПГ-танкер (LNG Tanker, Membrane Type)",82487.0,9.3,Багамские Острова,vessel,1014272.0,285.0,43.4,,2014.0,12.0,НИЗКИЙ РИСК
9753026,,WOODSIDE CHANEY,"СПГ-танкер (LNG Tanker, Membrane Type)",94945.0,10.9,Греция,vessel,1137632.0,294.9,46.4,,2019.0,7.0,НИЗКИЙ РИСК
9828895,,IONIAN STAR,"Танкер-химовоз / нефтеналивной танкер (Chemical/Oil Products Tanker, MR/LR1)",50506.0,7.8,Маршалловы Острова,vessel,295442.0,183.06,32.2,,2019.0,7.0,НИЗКИЙ РИСК
9815252,,CHEM LITHIUM (ранее: BW LITHIUM),Танкер-химовоз (Chemical/Oil Products Tanker),19981.0,9.8,Либерия,vessel,119182.0,146.5,24.0,,2017.0,9.0,НИЗКИЙ РИСК
9919838,,GASCHEM ILIAD,"Танкер для перевозки СУГ (LPG Tanker / Coaster, Pressurized)",3895.0,5.5,Португалия (регистр Мадейра),vessel,54942.0,99.9,18.0,,2022.0,4.0,НИЗКИЙ РИСК
9339260,,SEAPEAK ARWA,"СПГ-танкер (LNG Tanker, Membrane Type)",82187.0,,Маршалловы Острова,vessel,1041692.0,285.0,43.4,,2008.0,18.0,НИЗКИЙ РИСК
9919814,,,"FPSO (Плавучая установка для добычи, хранения и отгрузки нефти)",250000.0,,Багамские Острова,vessel,2148882.0,335.85,60.0,,2024.0,2.0,
9873840,,BW LESMES,"СПГ-танкер (LNG Tanker, Membrane Type)",94167.0,9.5,Сингапур,vessel,1153382.0,294.98,46.4,,2021.0,5.0,НИЗКИЙ РИСК
9843285,,SHENG YOU 233,Танкер для перевозки нефтепродуктов (Oil Products Tanker),8830.0,,Китай (PRC),vessel,62452.0,115.36,19.0,,2017.0,9.0,ВЫСОКИЙ РИСК
9758844,,,"СПГ-танкер (LNG Tanker, Membrane Type)",88700.0,,Панама,vessel,1221422.0,299.9,48.9,,2019.0,7.0,НИЗКИЙ РИСК
9825427,,FLEX CONSTELLATION,"СПГ-танкер (LNG Tanker, Membrane Type — MEGI)",95453.0,9.4,Маршалловы Острова,vessel,1134282.0,294.9,46.4,,2019.0,7.0,НИЗКИЙ РИСК
9707510,,GASLOG GIBRALTAR,"СПГ-танкер (LNG Tanker, Membrane Type)",87981.0,9.5,Бермудские Острова,vessel,1127642.0,291.08,45.8,,2016.0,10.0,НИЗКИЙ РИСК
9851634,,,"СПГ-танкер (LNG Tanker, Membrane Type — MEGI)",95450.0,,Маршалловы Острова,vessel,1143802.0,294.9,46.4,,2020.0,6.0,НИЗКИЙ РИСК
9401295,,,"СПГ-танкер (LNG Tanker, Membrane Type)",100121.0,9.2,Испания,vessel,1109202.0,290.0,45.8,,2010.0,16.0,НИЗКИЙ РИСК
9325893,,TANGGUH TOWUTI,"СПГ-танкер (LNG Tanker, Membrane Type)",84992.0,,"Сингапур (согласно регистрационным данным, несмотря на временные ошибки в AIS-сервисах)",vessel,974322.0,285.4,43.4,,2008.0,18.0,НИЗКИЙ РИСК
9271248,,ARCTIC PRINCESS,"СПГ-танкер (LNG Tanker, Moss Type)",84878.0,,Норвегия (NIS),vessel,1215972.0,288.0,49.0,,2006.0,20.0,НИЗКИЙ РИСК
9276389,,ARCTIC DISCOVERER,"СПГ-танкер (LNG Tanker, Moss Type)",75485.0,,Багамские Острова,vessel,1185712.0,289.5,48.4,,2006.0,20.0,НИЗКИЙ РИСК
9613135,,PAPUA,"СПГ-танкер (LNG Tanker, Membrane Type)",100030.0,9.8,Гонконг (КНР),vessel,1142382.0,290.0,46.95,,2015.0,11.0,НИЗКИЙ РИСК
9613161,,KUMUL,"СПГ-танкер (LNG Tanker, Membrane Type)",96311.0,11.6,Гонконг (КНР),vessel,1141662.0,290.0,46.95,,2016.0,10.0,НИЗКИЙ РИСК
1035765,,TP PROMISE,Танкер для перевозки сырой нефти (Crude Oil Tanker),114952.0,14.4,Норвегия,vessel,621722.0,250.0,42.0,,2026.0,,НИЗКИЙ РИСК
1035777,,TP PROGRESS,Нефтеналивной танкер (Crude Oil Tanker / Aframax),114952.0,8.6,Норвегия,vessel,621722.0,250.0,42.0,,2026.0,,НИЗКИЙ РИСК
1053755,,TP PROSPECT,Танкер / Aframax (LR2),114783.0,,Норвегия,vessel,621722.0,250.0,42.0,,2026.0,,НИЗКИЙ РИСК
9979993,,SEATRUST,Нефтеналивной танкер (Crude Oil Tanker / Aframax),114449.0,12.9,Мальта,vessel,624312.0,249.99,42.4,,2025.0,1.0,НИЗКИЙ РИСК
9978690,,ARCTIC STAR,Нефтеналивной танкер (Crude Oil Tanker / Aframax),114753.0,8.5,Греция,vessel,625832.0,250.0,42.0,,2025.0,1.0,НИЗКИЙ РИСК
9978688,,OCEAN STAR,Нефтеналивной танкер (Crude Oil Tanker / Aframax),114753.0,13.0,Греция,vessel,625832.0,250.0,42.0,,2025.0,1.0,НИЗКИЙ РИСК
9458028,,AMARANTH,Танкер-химовоз / Продуктовоз (Chemical/Oil Products Tanker),6405.0,6.5,Кипр,vessel,42692.0,109.0,16.8,,2008.0,18.0,СРЕДНИЙ РИСК
9903970,,FRONT FEATURE,Нефтеналивной танкер (Crude Oil Tanker / Aframax LR2),109894.0,8.8,Маршалловы Острова,vessel,627952.0,250.0,44.0,,2021.0,5.0,НИЗКИЙ РИСК
9390769,,TORM LENE,Танкер-продуктовоз / Химовоз (MR Chemical/Product Tanker),53143.0,7.5,Дания (DIS — Danish International Ship Register),vessel,292832.0,183.0,32.2,,2008.0,18.0,НИЗКИЙ РИСК
9903970,,FRONT FEATURE,Нефтеналивной танкер (Crude Oil Tanker / Aframax LR2),109894.0,8.8,Маршалловы Острова (Marshall Islands),vessel,627952.0,249.95,44.0,,2021.0,5.0,СРЕДНИЙ РИСК
9797955,,BUANA DYNAMIC,Танкер-продуктовоз / SPOB (Oil Products Tanker),6813.0,,Индонезия,vessel,35802.0,89.0,22.25,,2016.0,10.0,НИЗКИЙ РИСК
9797943,,BUANA ENERGY,Танкер-продуктовоз / SPOB (Oil Products Tanker),6813.0,,Индонезия,vessel,35802.0,89.61,22.25,,2015.0,11.0,НИЗКИЙ РИСК
9797931,,SHAUN I,Танкер-продуктовоз / Бункеровщик,1772.0,2.0,Индия,vessel,13892.0,71.0,13.0,,2016.0,10.0,НИЗКИЙ РИСК
9701566,,TORM KIRSTEN,Нефтеналивной танкер (Crude Oil Tanker / Aframax),114445.0,9.0,Дания (DIS),vessel,629142.0,251.98,45.0,,2015.0,11.0,НИЗКИЙ РИСК
9989560,,XT PROSPERITY,"Химовоз / Танкер-продуктовоз (Chemical/Oil Products Tanker, HAZ-D)",13185.0,7.0,Либерия,vessel,92352.0,133.23,21.5,,2024.0,2.0,НИЗКИЙ РИСК
9990155,,SUPREME 01,Танкер-продуктовоз / Бункеровщик (Oil Products Tanker),630.0,,Индонезия,vessel,3152.0,,,,2022.0,4.0,
9989558,,CHANG LONG 75,Химовоз (Chemical Tanker),7469.0,5.6,Китай,vessel,58682.0,119.88,18.0,,2023.0,3.0,
9341689,,LNG JUPITER,Газовоз (LNG Tanker),81950.0,,Багамские Острова,vessel,121675.0,289.5,49.0,,2009.0,17.0,НИЗКИЙ РИСК
9696149,,LNG SATURN,Газовоз (LNG Tanker),86044.0,11.4,Багамские Острова,vessel,136739.0,288.0,48.94,,2016.0,10.0,НИЗКИЙ РИСК
1065851,,RASHEEDA,Танкер-продуктовоз (Oil Products Tanker),6612.0,4.3,Гамбия,vessel,42752.0,114.5,16.0,,2004.0,22.0,ВЫСОКИЙ РИСК
9874466,,DIAMOND GAS VICTORIA,Газовоз (LNG Tanker),89760.0,11.9,Сингапур,vessel,117564.0,297.16,46.4,,2021.0,5.0,НИЗКИЙ РИСК
9884174,,GRACE EMILIA,Газовоз (LNG Tanker),89730.0,11.7,Багамские Острова,vessel,1175642.0,297.16,46.4,,2021.0,5.0,НИЗКИЙ РИСК
9902756,,VIVIT ARABIA LNG,Газовоз (LNG Tanker),92855.0,9.9,Либерия,vessel,1162992.0,299.0,46.4,,2022.0,4.0,НИЗКИЙ РИСК
9714288,,SERI CENDERAWASIH,Газовоз (LNG Tanker),84303.0,11.4,Малайзия,vessel,1339482.0,290.0,46.4,,2017.0,9.0,НИЗКИЙ РИСК
9972218,,AMARYLLIS KNUTSEN,Газовоз (LNG Tanker),95501.0,,Франция (высокая правовая юрисдикция),vessel,1141002.0,299.0,46.0,,2025.0,,
9962433,,WOODSIDE BARRUMBARA,Газовоз (LNG Tanker),93900.0,9.2,Бермудские Острова,vessel,1151832.0,295.0,46.0,,2025.0,1.0,НИЗКИЙ РИСК
9981386,,AL ZORE,Газовоз (LNG Tanker),87405.0,,Франция,vessel,1143212.0,300.0,46.0,,2025.0,1.0,НИЗКИЙ РИСК
9736808,,GLOVIS STAR,Автомобилевоз (Vehicles Carrier),20941.0,8.6,Багамские Острова,vessel,711772.0,199.97,35.4,,2016.0,10.0,НИЗКИЙ РИСК
9672820,,CESI GLADSTONE,Газовоз (LNG Tanker),95634.0,11.3,Гонконг (Китай),vessel,1133972.0,289.96,45.6,,2016.0,10.0,НИЗКИЙ РИСК
9672832,,CESI QINGDAO,Газовоз (LNG Tanker),95641.0,,Гонконг,vessel,1133972.0,289.96,45.6,,2017.0,9.0,СРЕДНИЙ РИСК
9750220,,PAN ASIA,Газовоз (LNG Tanker),88613.0,9.4,Гонкон г,vessel,1149962.0,290.1,46.95,,2017.0,9.0,НИЗКИЙ РИСК
9834325,,LNG MEGREZ,Газовоз (LNG Tanker),91430.0,,Гонконг,vessel,1147902.0,295.04,45.0,,2020.0,6.0,СРЕДНИЙ РИСК
9915894,,SHAOLIN,Газовоз (LNG Tanker),91752.0,,Гонконг,vessel,1141812.0,294.0,45.0,,2022.0,4.0,НИЗКИЙ РИСК
9209996,,SHAOLIN (ранее ANDINO NU),Химический танкер / танкер для нефтепродуктов,12288.0,,Кипр,vessel,,124.02,20.6,,1999.0,27.0,ВЫСОКИЙ РИСК
1024754,,TIANSHAN,Газовоз (LNG Tanker),91033.0,,Гонконг,vessel,1147092.0,295.0,45.0,,2026.0,,НИЗКИЙ РИСК
9975337,,AGAMEMNON,"Газовоз (LNG Tanker, HAZ-D)",93000.0,9.2,Мальта,vessel,1160002.0,299.0,46.0,,2026.0,,НИЗКИЙ РИСК
9992880,,MUSCAT,Газовоз (LNG Tanker / New Panamax),92040.0,,Маршалловы Острова,vessel,1160002.0,289.9,46.1,,2026.0,,НИЗКИЙ РИСК
9737204,,SENWA MARU,Нефтеналивной танкер (маломерный),1234.0,,Япония,vessel,4982.0,64.0,10.0,,2014.0,12.0,НИЗКИЙ РИСК
9761815,,SK SPICA,Газовоз (LNG Tanker),93167.0,,Неопределен (последние данные указывали на Панаму),vessel,1156102.0,296.0,45.6,,2018.0,8.0,ВЫСОКИЙ РИСК
9001772,,LARA,LNG Tanker (Газовоз),48817.0,,Коморские Острова (типичный флаг для «серого» флота),vessel,,239.0,40.0,,1993.0,33.0,ВЫСОКИЙ РИСК
9400978,,CENTAURUS (ранее OCEAN SUCCESS),Танкер-химовоз / нефтепродуктовоз,16622.0,,"Либерия (удобный флаг, стандарт для коммерческого флота)",vessel,119992.0,144.22,22.99,,2012.0,14.0,СРЕДНИЙ РИСК
9810549,,PRISM AGILITY,Газовоз (LNG Tanker),97494.0,9.4,Панама,vessel,1221662.0,298.97,48.0,,2019.0,7.0,НИЗКИЙ РИСК
9275074,,PIONEER KNUTSEN,Маломерный танкер (нефтепродукты/химия),817.0,,Норвегия,vessel,16872.0,69.0,11.8,,2004.0,22.0,НИЗКИЙ РИСК
9635834,,HAFNIA CHEETAH (ранее BW CHEETAH),Танкер для химических/нефтепродуктов (MR Tanker),49999.0,12.5,Сингапур (высший уровень комплаенса),vessel,297372.0,183.0,32.2,,2014.0,12.0,НИЗКИЙ РИСК
9640023,,COOL EXPLORER,"Газовоз (LNG Tanker, HAZ-C)",81893.0,11.6,Мальта,vessel,1020972.0,280.57,43.4,,2015.0,11.0,НИЗКИЙ РИСК
9744013,,GASLOG GENOA,Газовоз (LNG Tanker),88016.0,9.6,Бермудские острова,vessel,115024.0,293.16,45.8,,2018.0,8.0,НИЗКИЙ РИСК
9744025,,GASLOG GLADSTONE,"Газовоз (LNG Tanker, HAZ-D)",87955.0,11.0,Бермудские острова,vessel,1150242.0,293.16,45.8,,2019.0,7.0,НИЗКИЙ РИСК
9350927,,TRINITY GLORY,Газовоз (LNG Tanker),79605.0,,Панама (удобный флаг),vessel,1011262.0,289.93,44.7,,2009.0,17.0,ВЫСОКИЙ РИСК
9879698,,ADAMASTOS,Газовоз (LNG Tanker),93566.0,,Мальта,vessel,1165812.0,299.06,46.4,,2021.0,5.0,НИЗКИЙ РИСК
9862906,,ARISTIDIS I,Газовоз (LNG Tanker),93368.0,9.7,Мальта,vessel,1165812.0,299.01,46.4,,2021.0,5.0,НИЗКИЙ РИСК
9995727,,ALCAIOS I,Газовоз (LNG Tanker / New Panamax),82000.0,,Маршалловы Острова,vessel,1190002.0,299.0,46.0,,2026.0,,НИЗКИЙ РИСК
9736810,,GLOVIS SIGMA,Автовоз (Pure Car and Truck Carrier — PCTC),20970.0,,Багамские острова,vessel,,199.97,35.4,,2016.0,10.0,
9666998,,LNG JUROJIN,Газовоз (LNG Tanker),86121.0,10.3,Багамские острова,vessel,1367392.0,288.0,48.94,,2015.0,11.0,НИЗКИЙ РИСК
9893606,,LNG ENDEAVOUR,Газовоз (LNG Tanker),88798.0,11.6,Франция,vessel,1154082.0,293.0,45.8,,2021.0,5.0,НИЗКИЙ РИСК
9992244,,FRONTIER LNG,Газовоз (LNG Tanker),92232.0,9.0,Маршалловы Острова,vessel,1103072.0,290.0,46.0,,2026.0,,НИЗКИЙ РИСК
9874492,,LNG MEKONG,Газовоз (LNG Tanker),88775.0,10.1,Франция,vessel,1154082.0,293.0,45.8,,2020.0,6.0,НИЗКИЙ РИСК
9970674,,VANTAGE LNG,Газовоз (LNG Tanker),85000.0,9.6,Маршалловы Острова,vessel,1150002.0,295.0,46.0,,2026.0,,НИЗКИЙ РИСК
9977270,,AL SAILIYA,Газовоз (LNG Tanker),87986.0,9.4,Либерия,vessel,1157282.0,290.0,45.8,,2025.0,1.0,НИЗКИЙ РИСК
9986063,,BU NAKHLAH,Газовоз (LNG Tanker / New Panamax),94326.0,11.6,Либерия,vessel,1149832.0,295.0,47.0,,2025.0,1.0,НИЗКИЙ РИСК
9947639,,VANTAGE LNG (Correction: Реестровое имя — LNG INDUS),Газовоз (LNG Tanker / New Panamax),93800.0,11.2,Либерия,vessel,1185002.0,299.0,46.0,,2026.0,,НИЗКИЙ РИСК
9957751,,DONG GUI 18,Танкер-продуктовоз (Chemical/Oil Products Tanker),7498.0,4.2,Китай,vessel,59902.0,112.9,17.8,,2023.0,3.0,СРЕДНИЙ РИСК
9974151,,PUTERI PERAK,Газовоз (LNG Tanker),89183.0,11.5,Либерия,vessel,1152512.0,290.0,46.0,,2025.0,1.0,НИЗКИЙ РИСК
9977311,,UMM AL ZUBAR,"Газовоз (LNG Tanker, HAZ-D)",87883.0,9.6,Либерия,vessel,1157282.0,290.0,46.0,,2026.0,,НИЗКИЙ РИСК
9977268,,LESHATT,Газовоз (LNG Tanker),88000.0,11.5,Либерия,vessel,1157282.0,290.0,46.0,,2025.0,1.0,НИЗКИЙ РИСК
9972361,,HL EDWARD AUSTIN,Газовоз (LNG Tanker),89033.0,9.1,Либерия,vessel,1156772.0,290.0,46.0,,2025.0,1.0,НИЗКИЙ РИСК
9972359,,HL ALYSSA WARNER,Газовоз (LNG Tanker),89033.0,11.2,Либерия,vessel,1156772.0,293.0,46.0,,2025.0,1.0,НИЗКИЙ РИСК
9977323,,UMM HEESH,Газовоз (LNG Tanker),80000.0,9.1,Либерия,vessel,1120002.0,290.0,46.0,,2026.0,,НИЗКИЙ РИСК
9975519,,GASLOG RIVIERA,Газовоз (LNG Tanker),92000.0,9.1,Франция,vessel,1180002.0,300.0,46.0,,2026.0,,НИЗКИЙ РИСК
9441192,,NORDIC C,Танкер для перевозки сырой нефти (Crude Oil Tanker),73766.0,12.2,Либерия,vessel,420102.0,229.0,32.26,,2009.0,17.0,СРЕДНИЙ РИСК
9796822,,NORDIC CALLAO,Танкер-продуктовоз / Химический танкер (Chemical/Oil Products Tanker),26029.0,8.5,Панама,vessel,165722.0,159.0,27.1,,2019.0,7.0,СРЕДНИЙ РИСК
9796810,,NORDIC COPENHAGEN,Танкер-продуктовоз / Химический танкер (Chemical/Oil Products Tanker),26024.0,9.8,Панама,vessel,165722.0,159.0,27.1,,2019.0,7.0,СРЕДНИЙ РИСК
9893046,,PACIFIC DIAMOND,Танкер для перевозки сырой нефти (Crude Oil Tanker / Aframax),113306.0,9.3,Маршалловы Острова,vessel,635552.0,250.0,44.0,,2021.0,5.0,СРЕДНИЙ РИСК
9995739,,ANTAIOS I,Газовоз (LNG Tanker),82000.0,,Мальта,vessel,1190002.0,,,,2026.0,,НИЗКИЙ РИСК
9977335,,UMM AL SHUBRUM,Газовоз (LNG Tanker),80000.0,9.2,Либерия,vessel,1120002.0,290.0,46.0,,2026.0,,НИЗКИЙ РИСК
1033810,,PSERIMOS,Танкер для перевозки сырой нефти (Crude Oil Tanker / Aframax),113595.0,11.9,Мальта,vessel,635192.0,249.0,44.0,,2026.0,,НИЗКИЙ РИСК
9752278,,ETHANE CRYSTALIMO номер: 9752278,Газовоз для перевозки этана / СУГ (VLEC — Very Large Ethane Carrier / LPG Tanker),59087.0,9.5,Маршалловы Острова,vessel,575092.0,227.86,36.5,,2016.0,10.0,СРЕДНИЙ РИСК
9235268,,SA EUROPE,Плавучая установка для хранения и отгрузки нефти (FSO / Oil Service).,441561.0,19.0,Багамские острова.,vessel,234006.0,380.0,68.0,,2002.0,24.0,НИЗКИЙ РИСК
9224752,,FSO ASIA,Плавучая установка для хранения и отгрузки нефти (FSO / Oil Service).,432023.0,23.5,Маршалловы Острова.,vessel,236638.0,380.0,68.0,,2002.0,24.0,НИЗКИЙ РИСК
9224764,,FSO AFRICA,Плавучая установка для хранения и отгрузки нефти (FSO / Oil Service).,432023.0,18.5,Маршалловы Острова.,vessel,236638.0,378.4,68.0,,2002.0,24.0,НИЗКИЙ РИСК
9713624,,EPIC SULA,Газовоз для перевозки СУГ (LPG Tanker).,8989.0,6.4,Сингапур.,vessel,8359.0,119.99,21.0,,2015.0,11.0,СРЕДНИЙ РИСК
9299719,,OTLA,Танкер для перевозки сырой нефти (Crude Oil Tanker / Aframax).,110043.0,8.5,"Зимбабве (AIS), Коморские острова (регистр).",vessel,57248.0,243.97,42.03,,2005.0,21.0,ВЫСОКИЙ РИСК
9270529,,KRYMSKIMO номер: 9270529,Танкер для перевозки сырой нефти (Crude Oil Tanker / Aframax).,115663.0,8.5,Россия (ранее Либерия).,vessel,62395.0,250.0,44.0,,2003.0,23.0,ВЫСОКИЙ РИСК
9289752,,SAVITRI,Танкер для перевозки нефтепродуктов (Oil Products Tanker / Panamax).,73788.0,12.8,Сьерра-Леоне.,vessel,42877.0,228.0,32.24,,2005.0,21.0,ВЫСОКИЙ РИСК
9171175,,CILICIA,Танкер-химовоз / нефтепродуктовоз (Chemical/Oil Products Tanker).,19740.0,7.0,Россия.,vessel,13846.0,157.4,24.5,,2000.0,26.0,ВЫСОКИЙ РИСК
9915090,,SAAM FSU,Плавучая установка для хранения СПГ (FSU — Floating Storage Unit).,192072.0,12.0,Россия.,vessel,251053.0,400.0,60.0,,2023.0,,ВЫСОКИЙ РИСК
9256858,,INDA,Танкер для перевозки сырой нефти (Crude Oil Tanker / Aframax).,115418.0,,Россия.,vessel,61991.0,249.0,44.0,,2003.0,23.0,
9333436,,SOLARIS,Танкер для перевозки нефтепродуктов (Oil Products Tanker / MR2).,47095.0,8.1,Оман.,vessel,29844.0,183.0,32.2,,2007.0,19.0,ВЫСОКИЙ РИСК
9687992,,ORENBURGIMO номер: 9687992,Танкер-химовоз / нефтепродуктовоз (Chemical/Oil Products Tanker).,6407.0,2.9,Россия.,vessel,4794.2,139.9,16.7,,2014.0,12.0,СРЕДНИЙ РИСК
9256834,,SYNERGY STAR,Танкер-химовоз / нефтепродуктовоз (Chemical/Oil Products Tanker).,21081.0,10.1,Маршалловы Острова.,vessel,13425.0,161.23,23.0,,2003.0,23.0,НИЗКИЙ РИСК
9039755,,TRANS OCEAN,Танкер-химовоз / нефтепродуктовоз (Chemical/Oil Products Tanker).,6783.0,,Камерун.,vessel,4433.0,106.82,17.73,,1992.0,34.0,
9312884,,KEMEROVO,Танкер для перевозки сырой нефти (Crude Oil Tanker / Aframax).,109919.0,8.1,Россия.,vessel,57248.0,243.97,42.0,,2007.0,19.0,ВЫСОКИЙ РИСК
9299692,,CELT,Танкер для перевозки сырой нефти (Crude Oil Tanker / Aframax).,109919.0,8.5,Оман.,vessel,57248.0,244.0,42.0,,2005.0,21.0,ВЫСОКИЙ РИСК
9333424,,PHOTON,Танкер для перевозки нефтепродуктов (Oil Products Tanker / MR2).,47218.0,7.3,Камерун.,vessel,29844.0,183.0,32.2,,2007.0,19.0,ВЫСОКИЙ РИСК
9224439,,CAROLINE BEZENGI,Танкер класса Suezmax для перевозки сырой нефти.,159168.0,15.9,Камерун.,vessel,81085.0,274.48,48.0,,2001.0,25.0,ВЫСОКИЙ РИСК
9243320,,YEHOPE,Танкер для перевозки сырой нефти (Crude Oil Tanker / Aframax).,99999.0,14.2,Барбадос.,vessel,57095.0,244.0,42.0,,2003.0,23.0,СРЕДНИЙ РИСК
9251535,,CORONA (ex. MARITIME MAISIE),Танкер-химовоз / нефтепродуктовоз (Chemical/Oil Products Tanker).,44700.0,,Вьетнам (на текущий момент по актуальным данным).,vessel,29361.0,182.5,32.2,,2003.0,23.0,НИЗКИЙ РИСК
9256860,,GALLILEO,Танкер для перевозки сырой нефти (Crude Oil Tanker / Aframax).,115527.0,8.8,Россия.,vessel,61991.0,249.0,44.0,,2003.0,23.0,ВЫСОКИЙ РИСК
9412359,,BELGOROD,Танкер класса Suezmax для перевозки сырой нефти.,156694.0,15.8,Россия.,vessel,83747.0,275.0,48.0,,2010.0,16.0,ВЫСОКИЙ РИСК
9299707,,GUANYIN,Танкер для перевозки сырой нефти (Crude Oil Tanker / Aframax).,109857.0,8.2,Камерун.,vessel,,244.0,42.0,,2005.0,21.0,КРИТИЧЕСКИ ВЫСОКИЙ РИСК
9256078,,LITEYNY PROSPECT,Танкер для перевозки сырой нефти (Crude Oil Tanker / Aframax).,114546.0,8.5,Россия.,vessel,62586.0,249.9,44.0,,2003.0,23.0,ВЫСОКИЙ РИСК
9085364,,DELOS,Супертанкер для перевозки сырой нефти (VLCC).,298816.0,,Греция (исторически).,vessel,156752.0,332.0,58.05,,1995.0,31.0,
9899296,,CALYPSO,Танкер для перевозки сырой нефти (Aframax).,111930.0,13.7,Багамские Острова.,vessel,60121.0,237.0,44.0,,2021.0,5.0,НИЗКИЙ РИСК
9844851,,DELOS,Супертанкер для перевозки сырой нефти (VLCC).,318575.0,11.1,Либерия.,vessel,163181.0,336.0,60.0,,2019.0,7.0,НИЗКИЙ РИСК
9213313,,ALBEDO,Танкер для перевозки сырой нефти (Aframax / LR2).,112118.0,8.8,Барбадос.,vessel,,250.0,44.0,,2001.0,25.0,КРИТИЧЕСКИ ВЫСОКИЙ РИСК
9340465,,MULAN,Танкер-химовоз / продуктовоз (Chemical/Oil Products Tanker).,19966.0,6.0,Барбадос.,vessel,,145.53,23.7,,2006.0,20.0,НИЗКИЙ РИСК
9283801,,NOVA,Супертанкер для перевозки сырой нефти (VLCC).,299868.0,19.8,Панама (смена с Кюрасао).,vessel,,333.0,60.0,,2004.0,22.0,КРИТИЧЕСКИ ВЫСОКИЙ РИСК
9251547,,RADHIKA,Танкер-продуктовоз (Chemical/Oil Products Tanker / Handymax).,42721.0,6.5,Нигерия.,vessel,,176.0,31.0,,2002.0,24.0,ВЫСОКИЙ РИСК
9360130,,ZALIV VOSTOK,Танкер для перевозки сырой нефти (Aframax).,106590.0,8.2,Оман.,vessel,,243.94,42.0,,2009.0,17.0,ВЫСОКИЙ РИСК
9251523,,APREX,Танкер-химовоз / продуктовоз (Chemical/Oil Products Tanker / MR).,44411.0,7.5,Гонконг (Китай).,vessel,,180.0,32.2,,2003.0,23.0,НИЗКИЙ РИСК
9611541,,THALIA,Малый танкер-продуктовоз (Bunker/Oil Products Tanker).,2430.0,3.0,Либерия.,vessel,1484.0,55.0,15.0,,2011.0,15.0,НИЗКИЙ РИСК
9213325,,EVRETI (бывш. SEAWAYS PORTLAND),Танкер для перевозки сырой нефти (Aframax).,,,,vessel,,,,,2002.0,,КРИТИЧЕСКИ ВЫСОКИЙ РИСК
9256896,,HAKUSEI MARU NO. 37,Танкер для перевозки сжиженного нефтяного газа (LPG Tanker).,1238.0,4.8,Япония.,vessel,,71.99,12.0,,2002.0,24.0,НИЗКИЙ РИСК
9302657,,TOTAL ENERGY,Танкер для перевозки сырой нефти (Handymax).,37255.0,7.1,Индонезия.,vessel,,182.55,27.34,,2004.0,22.0,НИЗКИЙ РИСК
9224441,,GRUS I,Танкер для перевозки сырой нефти (Suezmax).,159173.0,12.6,Камерун.,vessel,,274.48,48.0,,2002.0,24.0,ВЫСОКИЙ РИСК
9382956,,SELINI,Танкер для перевозки сырой нефти (LR1).,74296.0,8.0,Либерия.,vessel,,228.13,32.24,,2009.0,17.0,НИЗКИЙ РИСК
9256913,,ELMO,Танкер-химовоз / продуктовоз (MR).,47880.0,7.5,Малави (Landlocked country — «удобный» флаг с нулевой прозрачностью).,vessel,,183.37,32.2,,2003.0,23.0,КРИТИЧЕСКИ ВЫСОКИЙ РИСК
9302669,,TENDER HARMONY,Танкер-химовоз / продуктовоз (Handymax).,37217.0,7.9,Индонезия.,vessel,,182.55,27.34,,2004.0,22.0,НИЗКИЙ РИСК
9382968,,SALAMINA,Танкер для перевозки сырой нефти (LR1 / Panamax).,74251.0,8.0,Либерия.,vessel,,228.13,32.24,,2009.0,17.0,НИЗКИЙ РИСК
9777670,,SANAR-15,Танкер-продуктовоз / река-море (River-Sea Oil Products Tanker).,7005.0,2.9,Россия.,vessel,,140.85,16.7,,2015.0,11.0,ВЫСОКИЙ РИСК
9251509,,CRYSTAL VLADIVOSTOK,Генеральный груз (General Cargo Ship / Dry Bulk).,5560.0,5.8,Россия.,vessel,,100.6,18.8,,2002.0,24.0,НИЗКИЙ РИСК
9413664,,R.C BEHAR,Танкер-химовоз (Chemical/Oil Products Tanker / Small).,5554.0,4.8,Мальта.,vessel,,107.0,16.0,,2009.0,17.0,НИЗКИЙ РИСК
9379911,,SAGAMI,Танкер-химовоз / продуктовоз (Medium Range).,33614.0,11.5,Панама.,vessel,,170.0,26.6,,2008.0,18.0,НИЗКИЙ РИСК
9367736,228463600.0,MRAIKH,LNG Tanker (Газовоз СПГ),,11.6,Франция (FRANCE),vessel,,299.0,46.43,Underway using Engine (На ходу),,,
9924091,538010167.0,FALCON EXPRESS,Product Tanker (Танкер-продуктовоз),,11.4,Маршалловы Острова (MARSHALL IS),vessel,,182.93,32.23,At Anchor (На якоре),,,
9215309,258960000.0,BOW SAGA,Oil/Chemical Tanker (Танкер для нефтепродуктов/химикатов),,12.3,Норвегия (NORWAY),vessel,,182.79,32.23,At Anchor (На якоре),,,
9851593,636019806.0,TENZAN,Crude Oil Tanker (Танкер для сырой нефти),,19.4,Либерия (LIBERIA),vessel,,,,At Anchor (На якоре),,,
9888493,311000965.0,ADVENTURE,Crude Oil Tanker (Танкер для сырой нефти),,16.2,Багамские Острова (BAHAMAS),vessel,,,,Underway using Engine (На ходу),,,
9272448,538010188.0,FALCON NOSTOS,Product Tanker (Танкер-продуктовоз),,11.4,Маршалловы Острова (MARSHALL IS),vessel,,182.55,32.2,At Anchor (На якоре),,,
9652014,538010189.0,FALCON NAVIGATOR,Product Tanker (Танкер-продуктовоз),,11.4,Маршалловы Острова (MARSHALL IS),vessel,,183.06,32.2,At Anchor (На якоре),,,
9321213,538010190.0,FALCON MARLIN,Product Tanker (Танкер-продуктовоз),,11.4,Маршалловы Острова (MARSHALL IS),vessel,,183.0,32.2,At Anchor (На якоре),,,
9794018,538010191.0,FALCON HOPE,Crude Oil Tanker (Танкер для сырой нефти),,14.8,Маршалловы Острова (MARSHALL IS),vessel,,249.9,44.0,At Anchor (На якоре),,,
9325702,538010192.0,FALCON TRADER,Product Tanker (Танкер-продуктовоз),,11.4,Маршалловы Острова (MARSHALL IS),vessel,,183.0,32.2,At Anchor (На якоре),,,
9397157,538010193.0,FALCON PRIDE,Product Tanker (Танкер-продуктовоз),,11.4,Маршалловы Острова (MARSHALL IS),vessel,,183.0,32.2,At Anchor (На якоре),,,
9766889,538010194.0,FALCON VENICE,Crude Oil Tanker (Танкер для сырой нефти),,14.8,Маршалловы Острова (MARSHALL IS),vessel,,249.9,44.0,At Anchor (На якоре),,,
9767015,538010195.0,FALCON VICTORIA,Crude Oil Tanker (Танкер для сырой нефти),,14.8,Маршалловы Острова (MARSHALL IS),vessel,,249.9,44.0,At Anchor (На якоре),,,
9392781,538010196.0,FALCON ROYAL,Product Tanker (Танкер-продуктовоз),,11.4,Маршалловы Острова (MARSHALL IS),vessel,,183.0,32.2,At Anchor (На якоре),,,
9580405,538010197.0,FALCON MAJESTIC,Product Tanker (Танкер-продуктовоз),,11.4,Маршалловы Острова (MARSHALL IS),vessel,,183.0,32.2,At Anchor (На якоре),,,
9350288,538010198.0,FALCON GALAXY,Product Tanker (Танкер-продуктовоз),,11.4,Маршалловы Острова (MARSHALL IS),vessel,,183.0,32.2,At Anchor (На якоре),,,
9531480,538010199.0,FALCON DAWN,Product Tanker (Танкер-продуктовоз),,11.4,Маршалловы Острова (MARSHALL IS),vessel,,183.0,32.2,At Anchor (На якоре),,,
9988683,538011244.0,FALCON DAYLIGHT,Product Tanker (Танкер-продуктовоз),,11.4,Маршалловы Острова (MARSHALL IS),vessel,,183.0,32.0,At Anchor (На якоре),,,
9794824,538011245.0,FALCON DREAM,Product Tanker (Танкер-продуктовоз),,11.4,Маршалловы Острова (MARSHALL IS),vessel,,183.0,32.2,At Anchor (На якоре),,,
8912558,538011246.0,FALCON GRACE,Crude Oil Tanker (Танкер для сырой нефти),,14.5,Маршалловы Острова (MARSHALL IS),vessel,,243.5,42.03,At Anchor (На якоре),,,
9134165,538011247.0,FALCON CARRIER,Product Tanker (Танкер-продуктовоз),,11.4,Маршалловы Острова (MARSHALL IS),vessel,,182.5,32.2,At Anchor (На якоре),,,
9330563,538011248.0,FALCON NOSTALGIA,Product Tanker (Танкер-продуктовоз),,11.4,Маршалловы Острова (MARSHALL IS),vessel,,183.0,32.2,At Anchor (На якоре),,,
9350862,538011249.0,FALCON SERENE,Product Tanker (Танкер-продуктовоз),,11.4,Маршалловы Острова (MARSHALL IS),vessel,,183.0,32.2,At Anchor (На якоре),,,
9297436,259271000.0,FELICITY,Crude Oil Tanker (Танкер для перевозки сырой нефти),,8.0,Норвегия (NORWAY),vessel,,228.5,32.2,Moored (Пришвартовано),,,
9269403,647553055.0,MURLIKISHAN,Asphalt/Bitumen Tanker (Танкер для перевозки асфальта и битума),,6.5,Мадагаскар (MADAGASCAR),vessel,,175.94,29.8,Moored (Пришвартовано),,,
9796559,371135000.0,FS BITUMEN NO.2,Asphalt/Bitumen Tanker (Танкер для перевозки асфальта и битума),,6.2,Панама (PANAMA),vessel,,109.9,20.0,Moored (Пришвартовано),,,
8007195,620551000.0,ALMAN,Chemical Tanker (Химический танкер),,4.5,Коморы (COMOROS),vessel,,130.75,18.5,Stopped (Остановлено),,,
8801084,620273000.0,DUSTIN,Oil/Chemical Tanker (Танкер для перевозки нефти и химикатов),,4.3,Коморы (COMOROS),vessel,,95.75,13.5,Moored (Пришвартовано),,,
9849033,538008167.0,SEA WOLF,Oil/Chemical Tanker (Танкер для перевозки нефти и химикатов),,9.8,Маршалловы Острова (MARSHALL ISLANDS),vessel,,182.93,32.23,Moored (Пришвартовано),,,
9324710,375122000.0,NADEEN,Bulk Carrier (Балкер/Сухогруз),,5.6,Сент-Винсент и Гренадины (SAINT VINCENT AND THE GRENADINES),vessel,,169.3,27.2,Moored (Пришвартовано),,,
9779159,425000017.0,AL ASMAEY,Water Tanker (Танкер для перевозки пресной воды),,2.5,Ирак (IRAQ),vessel,,,,Stopped (Остановлено),,,
8909939,457635000.0,VARDAAN 2,Oil Products Tanker (Танкер для перевозки нефтепродуктов),,11.0,Монголия (MONGOLIA),vessel,,,,Не указан (данные скрыты или требуют обновления),,,
9266372,574534000.0,VAN PHONG 1,Crude Oil Tanker (Танкер для перевозки сырой нефти),,9.3,Вьетнам (VIETNAM),vessel,,248.0,43.0,At Anchor (На якоре),,,
1041764,620800104.0,DRACARYS,Oil Products Tanker (Танкер для перевозки нефтепродуктов),,4.0,Коморы (COMOROS),vessel,,,,,,,
9322140,425000003.0,SHATT AL ARAB,Oil Products Tanker (Танкер для перевозки нефтепродуктов),,8.2,Ирак (IRAQ),vessel,,128.6,20.4,At Anchor (На якоре),,,
9424285,425000001.0,DIJLAH,Oil Products Tanker (Танкер для перевозки нефтепродуктов),,7.6,Ирак (IRAQ),vessel,,137.76,20.8,At Anchor (На якоре),,,
9204049,373420000.0,OPHELIA I,Oil/Chemical Tanker (Нефтеналивной/химический танкер),,5.5,Панама (PANAMA),vessel,,137.79,22.0,At Anchor (На якоре),,,
9435428,425000002.0,ALFORAT,Oil Products Tanker (Танкер для перевозки нефтепродуктов),,7.8,Ирак (IRAQ),vessel,,137.76,20.8,At Anchor (На якоре),,,
9345221,425000004.0,BAGHDAD,Oil Products Tanker (Танкер для перевозки нефтепродуктов),,8.2,Ирак (IRAQ),vessel,,128.6,20.4,At Anchor (На якоре),,,
9948968,425000019.0,M/T SUMER,Oil Products Tanker (Танкер для перевозки нефтепродуктов),,8.9,Ирак (IRAQ),vessel,,184.0,30.8,At Anchor (На якоре),,,
9272395,370722000.0,ARROW G,Oil Products Tanker (Танкер для перевозки нефтепродуктов),,9.0,Панама (PANAMA),vessel,,179.88,32.2,At Anchor (На якоре),,,
9066095,620999896.0,,Oil Products Tanker (Танкер для перевозки нефтепродуктов),,6.0,Коморы (COMOROS),vessel,,88.0,12.0,At Anchor (На якоре),,,
9358814,352002032.0,INTAN GLORY,Oil Products Tanker (Танкер для перевозки нефтепродуктов),,6.3,Панама (PANAMA),vessel,,137.0,19.0,At Anchor (На якоре),,,
9258466,305010400.0,ASHLEY,Oil Products Tanker (Танкер для перевозки нефтепродуктов),,9.2,Антигуа и Барбуда (ANTIGUA AND BARBUDA),vessel,,228.54,32.2,At Anchor (На якоре),,,
9310692,538012152.0,ZEUS,Oil Products Tanker (Танкер для перевозки нефтепродуктов),,9.5,Маршалловы Острова (MARSHALL ISLANDS),vessel,,173.47,32.23,Underway (На ходу),,,
9131101,668116207.0,SUN,LPG/Chemical Tanker (Танкер для перевозки сжиженного газа и химикатов),,5.2,Сан-Томе и Принсипи (SAO TOME AND PRINCIPE),vessel,,113.5,16.54,At Anchor (На якоре),,,
9215115,671549100.0,BLUE STAR I,Oil Products Tanker (Танкер для перевозки нефтепродуктов),,6.8,Того (TOGO),vessel,,183.0,27.0,At Anchor (На якоре),,,
9142277,667001950.0,JAMUNA GAS 2,LPG Tanker (Танкер для перевозки сжиженного газа),,3.4,Сьерра-Леоне (SIERRA LEONE),vessel,,69.92,13.0,"Engaged in Fishing (Занято ловом рыбы — примечание: вероятно, некорректно установленный статус AIS)",,,
9115432,620808318.0,RAMESSES II,Asphalt/Bitumen Tanker (Танкер для перевозки асфальта и битума),,3.0,Коморы (COMOROS),vessel,,74.33,11.2,At Anchor (На якоре),,,
9066203,620844000.0,AKIRA,Oil Products Tanker (Танкер для перевозки нефтепродуктов / Hazard A),,4.9,Коморы (COMOROS),vessel,,66.01,10.02,At Anchor (На якоре),,,
9200469,,TRIMMU 3,LPG Tanker (Танкер для перевозки сжиженного газа),,3.5,Гонконг (Hong Kong),vessel,,,,At Anchor (На якоре),,,
9246475,352003743.0,ASTRID,Oil/Chemical Tanker (Танкер для перевозки нефтепродуктов и химикатов),,9.5,Панама (PANAMA),vessel,,183.0,32.2,At Anchor (На якоре),,,
9240407,268256504.0,PRINCESS SOFIA,Crude Oil Tanker (Танкер для перевозки сырой нефти),,15.2,Сан-Марино (SAN MARINO),vessel,,244.0,42.0,At Anchor (На якоре),,,
9294252,371607000.0,NEW ANDROS,Crude Oil Tanker (Танкер для перевозки сырой нефти),,20.0,Панама (PANAMA),vessel,,333.0,60.0,At Anchor (На якоре),,,
9275969,538011975.0,SHT2,Oil Products Tanker (Танкер-продуктовоз),,12.3,Маршалловы Острова (MARSHALL ISLANDS),vessel,,219.42,40.04,At Anchor (На якоре),,,
9310692,538012152.0,ZEUS,Oil Products Tanker (Танкер-продуктовоз),,9.5,Маршалловы Острова (MARSHALL ISLANDS),vessel,,173.47,32.23,At Anchor (На якоре),,,
9246475,352003743.0,ASTRID,Oil/Chemical Tanker (Танкер для перевозки нефтепродуктов и химикатов),,9.5,Панама (PANAMA),vessel,,183.0,32.2,At Anchor (На якоре),,,
9256999,538011222.0,ST1,Crude Oil Tanker (Танкер для перевозки сырой нефти),,20.4,Маршалловы Острова (MARSHALL ISLANDS),vessel,,323.96,59.64,At Anchor (На якоре),,,
9251597,351932000.0,NEW DYNASTY,Crude Oil Tanker (Танкер для перевозки сырой нефти),,20.8,Панама (PANAMA),vessel,,333.0,60.0,At Anchor (На якоре),,,
9259886,341058001.0,PURE POINT,Oil Products Tanker (Танкер-продуктовоз),,9.3,Сент-Китс и Невис (SAINT KITTS AND NEVIS),vessel,,183.9,32.23,At Anchor (На якоре),,,
9284946,636024657.0,HELLSTUGUTINDEN,Crude Oil Tanker (Танкер для перевозки сырой нефти),,16.5,Либерия (LIBERIA),vessel,,329.99,60.04,At Anchor (На якоре),,,
9258466,305010400.0,ASHLEY,Oil Products Tanker (Танкер-продуктовоз),,9.2,Антигуа и Барбуда (ANTIGUA AND BARBUDA),vessel,,228.54,32.2,At Anchor (На якоре),,,
9358814,352002032.0,INTAN GLORY,Oil Products Tanker (Танкер-продуктовоз),,6.3,Панама (PANAMA),vessel,,137.0,19.0,At Anchor (На якоре),,,
9435428,425000002.0,ALFORAT,Oil Products Tanker (Танкер-продуктовоз),,7.0,Ирак (IRAQ),vessel,,137.76,20.0,At Anchor (На якоре),,,
9345221,425000004.0,BAGHDAD,Oil Products Tanker (Танкер-продуктовоз),,8.2,Ирак (IRAQ),vessel,,128.6,20.4,At Anchor (На якоре),,,
9948970,425000020.0,AKKAD,Oil Products Tanker (Танкер-продуктовоз),,8.6,Ирак (IRAQ),vessel,,184.0,31.0,At Anchor (На якоре),,,
9948968,425000019.0,M/T SUMER,Oil Products Tanker (Танкер-продуктовоз),,8.9,Ирак (IRAQ),vessel,,184.0,30.8,At Anchor (На якоре),,,
9272395,352002165.0,SALA,Oil Products Tanker (Танкер-продуктовоз),,10.5,Панама (PANAMA),vessel,,175.97,31.0,At Anchor (На якоре),,,
9013426,671403100.0,CABRI,Oil/Chemical Tanker (Нефтехимический танкер),,8.8,Того (TOGO),vessel,,142.3,22.1,At Anchor (На якоре),,,
9779161,425000018.0,AL QURNA,Oil Products Tanker (Танкер-продуктовоз),,4.6,Ирак (IRAQ),vessel,,79.95,13.5,Stopped (Остановлено),,,
9358814,352002032.0,INTAN GLORY,Oil Products Tanker (Танкер-продуктовоз),,6.3,Панама (PANAMA),vessel,,137.0,19.0,At Anchor (На якоре),,,
9258466,305010400.0,ASHLEY,Oil Products Tanker (Танкер-продуктовоз),,9.2,Антигуа и Барбуда (ANTIGUA AND BARBUDA),vessel,,228.54,32.2,At Anchor (На якоре),,,
9284946,636024657.0,HELLSTUGUTINDEN,Crude Oil Tanker (Танкер для перевозки сырой нефти),,16.5,Либерия (LIBERIA),vessel,,329.99,60.04,At Anchor (На якоре),,,
9251597,351932000.0,NEW DYNASTY,Crude Oil Tanker (Танкер для перевозки сырой нефти),,20.8,Панама (PANAMA),vessel,,333.0,60.0,At Anchor (На якоре),,,
9256999,538011222.0,ST1,Crude Oil Tanker (Танкер для перевозки сырой нефти),,20.4,Маршалловы Острова (MARSHALL ISLANDS),vessel,,323.96,59.64,At Anchor (На якоре),,,
9240407,268256504.0,PRINCESS SOFIA,Crude Oil Tanker (Танкер для перевозки сырой нефти),,15.2,Сан-Марино (SAN MARINO),vessel,,244.0,42.0,At Anchor (На якоре),,,
9246475,352003743.0,ASTRID,Oil/Chemical Tanker (Танкер для перевозки нефти и химикатов),,9.5,Панама (PANAMA),vessel,,183.0,32.2,At Anchor (На якоре),,,
9285823,268268000.0,KIARA M,Crude Oil Tanker (Танкер для перевозки сырой нефти),,11.0,Сан-Марино (SAN MARINO),vessel,,,,"Данные о статусе скрыты/не указаны в текущем обзоре, однако судно находится в движении",,,
9208215,306253000.0,RHN,Crude Oil Tanker (Танкер для перевозки сырой нефти),,11.5,Кюрасао (CURACAO),vessel,,333.0,60.0,At Anchor (На якоре),,,
9121699,511100684.0,ANDIA,Oil/Chemical Tanker (Танкер для перевозки нефти и химикатов),,7.7,Палау (PALAU),vessel,,129.22,18.3,At Anchor (На якоре),,,
9299458,477236200.0,PAOLA,Oil/Chemical Tanker (Танкер для перевозки нефти и химикатов),,6.8,Гонконг (HONG KONG),vessel,,175.2,29.23,At Anchor (На якоре),,,
9237008,477236600.0,ROBERTA,Oil Products Tanker (Танкер для нефтепродуктов),,7.0,Гонконг (HONG KONG),vessel,,171.2,27.4,At Anchor (На якоре),,,
9299446,477236400.0,BELLAGIO,Oil/Chemical Tanker (Танкер для перевозки нефти и химикатов),,7.0,Гонконг (HONG KONG),vessel,,175.2,29.23,At Anchor (На якоре),,,
9254862,477236500.0,ADENA,Oil Products Tanker (Танкер для нефтепродуктов),,7.5,Гонконг (HONG KONG),vessel,,228.0,32.23,At Anchor (На якоре),,,
9282522,620800316.0,KUSH,Oil/Chemical Tanker (Танкер для перевозки нефти и химикатов),,8.6,Коморы (COMOROS),vessel,,179.9,32.2,At Anchor (На якоре),,,
9248473,655370000.0,AQUA,Crude Oil Tanker (Танкер для сырой нефти),,11.5,Малави (MALAWI),vessel,,330.0,60.04,At Anchor (На якоре),,,
9544114,572362210.0,KHALIJ E FARS,Floating Storage/Production (Плавучее нефтехранилище / Установка для добычи и хранения),,23.0,Тувалу (TUVALU),vessel,,334.67,60.05,At Anchor (На якоре),,,
9318022,620800063.0,CHARMINAR,Oil/Chemical Tanker (Танкер для перевозки нефти и химикатов),,8.0,Коморы (COMOROS),vessel,,183.0,32.2,At Anchor (На якоре),,,
9237618,306884000.0,STAR LINE,Crude Oil Tanker (Танкер для сырой нефти),,14.9,Кюрасао (CURACAO),vessel,,244.0,42.04,At Anchor (На якоре),,,
9251004,620800380.0,MOANA 99,Oil Products Tanker (Танкер для нефтепродуктов),,5.0,Коморы (COMOROS),vessel,,104.94,16.0,Underway using Engine (На ходу под мотором),,,
9037159,403480240.0,RAWABI INTEGRITY,Floating Storage/Production (Плавучее нефтехранилище / Установка для добычи и хранения),,9.5,Саудовская Аравия (SAUDI ARABIA),vessel,,130.0,23.0,At Anchor (На якоре),,,
9367669,311001200.0,PETALOUDA,Oil/Chemical Tanker (Танкер для перевозки нефти и химикатов),,8.2,Багамы (BAHAMAS),vessel,,182.5,32.29,At Anchor (На якоре),,,
9979292,256814000.0,METRO BOSPHORUS,Crude Oil Tanker (Танкер для сырой нефти),,12.9,Мальта (MALTA),vessel,,249.9,44.0,At Anchor (На якоре),,,
9277773,314001122.0,HAPPY CAMPER,Crude Oil Tanker (Танкер для сырой нефти),,7.5,Барбадос (BARBADOS),vessel,,228.19,32.2,Moored (Пришвартовано),,,
9746188,477564600.0,SC MERCURY,Oil/Chemical Tanker (Танкер для перевозки нефти и химикатов),,9.6,Гонконг (HONG KONG),vessel,,178.3,32.2,Moored (Пришвартовано),,,
9901087,636020822.0,DIANELLA,Oil/Chemical Tanker (Танкер для перевозки нефти и химикатов),,8.0,Либерия (LIBERIA),vessel,,183.24,32.0,Underway using Engine (На ходу под мотором),,,
9277797,352003200.0,INTERSTELLAR,Crude Oil Tanker (Танкер для сырой нефти),,8.5,Панама (PANAMA),vessel,,228.19,32.2,At Anchor (На якоре),,,
9343998,351214000.0,KOHZAN MARU V,Oil/Chemical Tanker (Танкер для перевозки нефти и химикатов),,11.7,Панама (PANAMA),vessel,,182.03,32.2,At Anchor (На якоре),,,
9893761,636019926.0,CLEAROCEAN MUSTANG,Oil/Chemical Tanker (Танкер для перевозки нефти и химикатов),,11.0,Либерия (LIBERIA),vessel,,183.07,32.0,At Anchor (На якоре),,,
9798648,352730000.0,BRAVONEA,Oil/Chemical Tanker (Танкер для перевозки нефти и химикатов),,8.9,Панама (PANAMA),vessel,,149.03,24.0,At Anchor (На якоре),,,
9175535,477108300.0,JORYA,Crude Oil Tanker (Танкер для перевозки сырой нефти),,7.8,Гонконг (HONG KONG),vessel,,159.61,23.0,At Anchor (На якоре),,,
9777412,356177000.0,CHEMOCEAN ORION,Oil/Chemical Tanker (Танкер для перевозки нефти и химикатов),,10.6,Панама (PANAMA),vessel,,185.06,29.2,At Anchor (На якоре),,,
9277797,352003200.0,INTERSTELLAR,Crude Oil Tanker (Танкер для перевозки сырой нефти),,8.5,Панама (PANAMA),vessel,,228.19,32.2,At Anchor (На якоре),,,
9727572,538005785.0,HAFNIA ALABASTER,Oil/Chemical Tanker (Танкер для перевозки нефти и химикатов),,11.0,Маршалловы Острова (MARSHALL ISLANDS),vessel,,184.06,27.4,At Anchor (На якоре),,,
9438418,538003713.0,NORDIC CROSS,Crude Oil Tanker (Танкер для перевозки сырой нефти),,16.4,Маршалловы Острова (MARSHALL ISLANDS),vessel,,274.39,48.0,At Anchor (На якоре),,,
9407201,356903000.0,ORIENTAL MARGUERITE,Oil/Chemical Tanker (Танкер для перевозки нефти и химикатов),,9.0,Панама (PANAMA),vessel,,134.16,20.5,At Anchor (На якоре),,,
9487471,371346000.0,NAVE CAPELLA,Oil/Chemical Tanker (Танкер для перевозки нефти и химикатов),,8.8,Панама (PANAMA),vessel,,183.1,32.2,"Underway using Engine (На ходу, используется двигатель)",,,
9278624,477123200.0,PETREL,Oil/Chemical Tanker (Танкер для перевозки нефти и химикатов),,7.1,Гонконг (HONG KONG),vessel,,186.0,32.2,At Anchor (На якоре),,,
9583720,636015513.0,ALMI HYDRA,Crude Oil Tanker (Танкер для перевозки сырой нефти),,21.0,Либерия (LIBERIA),vessel,,333.0,60.04,At Anchor (На якоре),,,
9802188,431804000.0,TONEGAWA,Crude Oil Tanker (Танкер для перевозки сырой нефти),,20.0,Япония (JAPAN),vessel,,,,At Anchor (На якоре),,,
9771028,636019175.0,PEACE VICTORIA,Oil/Chemical Tanker (Танкер для перевозки нефти и химикатов),,8.3,Либерия (LIBERIA),vessel,,227.99,38.03,At Anchor (На якоре),,,
9602928,636020559.0,DUBAI ENERGY,Crude Oil Tanker (Танкер для перевозки сырой нефти),,21.1,Либерия (LIBERIA),vessel,,333.0,60.0,At Anchor (На якоре),,,
9735373,354264000.0,GEM NO.2,Crude Oil Tanker (Танкер для перевозки сырой нефти),,20.5,Панама (PANAMA),vessel,,330.0,60.0,Stopped (Остановлено),,,
9690834,538005510.0,STI ORCHARD,Crude Oil Tanker (Танкер для перевозки сырой нефти),,9.0,Маршалловы Острова (MARSHALL ISLANDS),vessel,,255.9,43.0,At Anchor (На якоре),,,
9367748,352004533.0,PVT VALENCIA,Oil Products Tanker (Танкер для перевозки нефтепродуктов),,11.6,Панама (PANAMA),vessel,,182.5,32.2,Stopped (Остановлено),,,
9907445,205658000.0,CYPRES,Crude Oil Tanker (Танкер для перевозки сырой нефти),,17.0,Бельгия (BELGIUM),vessel,,274.0,48.04,At Anchor (На якоре),,,
9412581,311026700.0,NORDIC VEGA,Crude Oil Tanker (Танкер для перевозки сырой нефти),,16.1,Багамские Острова (BAHAMAS),vessel,,274.16,48.0,At Anchor (На якоре),,,
9917892,403647000.0,AMWAJ,Oil/Chemical Tanker (Танкер для перевозки нефти и химикатов),,11.3,Саудовская Аравия (SAUDI ARABIA),vessel,,183.0,35.04,At Anchor (На якоре),,,
9478729,538004832.0,ASPROUDA,Oil/Chemical Tanker (Танкер для перевозки нефти и химикатов),,8.2,Маршалловы Острова (MARSHALL ISLANDS),vessel,,229.0,32.27,At Anchor (На якоре),,,
9961207,255917227.0,GASCHEM ERICA,LPG/Chemical Tanker (Танкер для перевозки сжиженного газа и химикатов),,9.5,Португалия (PORTUGAL),vessel,,188.24,29.0,At Anchor (На якоре),,,
9887372,636020364.0,SOLAR ROMA,Oil/Chemical Tanker (Танкер для перевозки нефти и химикатов),,7.6,Либерия (LIBERIA),vessel,,169.06,25.6,At Anchor (На якоре),,,
9278715,353491000.0,GINGA TIGER,Chemical Tanker (Танкер-химовоз),,10.6,Панама (PANAMA),vessel,,159.98,26.8,At Anchor (На якоре),,,
9112117,620800335.0,QUAR,Oil/Chemical Tanker (Танкер для перевозки нефти и химикатов),,7.0,Коморы (COMOROS),vessel,,181.0,32.03,Stopped (Остановлено),,,
9739501,636017088.0,MOMBASA B,Crude Oil Tanker (Танкер для перевозки сырой нефти),,11.1,Либерия (LIBERIA),vessel,,333.0,60.0,At Anchor (На якоре),,,
9690834,538005510.0,STI ORCHARD,Crude Oil Tanker (Танкер для перевозки сырой нефти),,9.0,Маршалловы Острова (MARSHALL ISLANDS),vessel,,255.9,43.0,At Anchor (На якоре),,,
9430181,215473000.0,SUNDORO,Oil/Chemical Tanker (Танкер для перевозки нефти и химикатов),,8.0,Мальта (MALTA),vessel,,185.0,32.2,At Anchor (На якоре),,,
1064015,636023765.0,CHEMROAD ODYSSEY,Oil/Chemical Tanker (Танкер для перевозки нефти и химикатов),,11.2,Либерия (LIBERIA),vessel,,172.95,28.0,At Anchor (На якоре),,,
9251884,306890000.0,LOANNA,Oil/Chemical Tanker (Танкер для перевозки нефти и химикатов),,7.8,Кюрасао (CURACAO),vessel,,182.74,32.23,At Anchor (На якоре),,,
9235464,306875000.0,SITA,Oil/Chemical Tanker (Танкер для перевозки нефти и химикатов),,6.5,Кюрасао (CURACAO),vessel,,153.2,25.0,Not Under Command (Лишено возможности управляться),,,
9224764,538002388.0,FSO AFRICA,Floating Storage/Production (Плавучее нефтехранилище/отгрузочный терминал),,18.5,MARSHALL ISLANDS (Маршалловы Острова),vessel,,380.0,68.0,Restricted Manoeuvrability (Ограничена возможность маневрировать),,,
9976927,636024601.0,LEBRETHAH,LNG Tanker (Танкер для перевозки сжиженного природного газа),,11.1,LIBERIA (Либерия),vessel,,,,"Underway using Engine (На ходу, используется двигатель)",,,
9820324,422232400.0,DALIA,Oil/Chemical Tanker (Нефтехимический танкер),,11.3,IRAN (Иран),vessel,,183.0,32.0,"Underway using Engine (На ходу, используется двигатель)",,,
9343390,370526000.0,TENJUN,Crude Oil Tanker (Танкер для перевозки сырой нефти),,10.6,PANAMA (Панама),vessel,,333.0,60.0,"Underway using Engine (На ходу, используется двигатель)",,,
9358280,636019743.0,PLATA CARRIER,Crude Oil Tanker (Танкер для перевозки сырой нефти),,21.5,LIBERIA (Либерия),vessel,,332.95,58.0,"Underway using Engine (На ходу, используется двигатель)",,,
9278698,518999378.0,DAKUSH,Oil/Chemical Tanker (Нефтехимический танкер),,7.8,COOK ISLANDS (Острова Кука),vessel,,185.93,32.0,"Underway using Engine (На ходу, используется двигатель)",,,
9440069,466009000.0,SIDRA AL KHOR,Oil/Chemical Tanker (Нефтехимический танкер),,6.6,QATAR (Катар),vessel,,115.64,18.0,At Anchor (На якоре),,,
9686637,538006609.0,FRONT CHEETAH,Crude Oil Tanker (Танкер для перевозки сырой нефти),,9.0,MARSHALL ISLANDS (Маршалловы Острова),vessel,,250.0,44.0,At Anchor (На якоре),,,
9397286,538003353.0,AL GHASHAMIYA,LNG Tanker (Танкер для перевозки сжиженного природного газа),,12.0,MARSHALL ISLANDS (Маршалловы Острова),vessel,,315.06,50.03,Underway (На ходу),,,
9250713,215533000.0,DISHA,LNG Tanker (Танкер для перевозки сжиженного природного газа),,11.9,MALTA (Мальта),vessel,,276.99,43.4,At Anchor (На якоре),,,
9360829,538002388.0,FSO AFRICA,Floating Storage/Production (Плавучее нефтехранилище/отгрузочный терминал),,18.5,MARSHALL ISLANDS (Маршалловы Острова),vessel,,380.0,68.0,Restricted Manoeuvrability (Ограничена возможность маневрировать),,,
9986635,563274300.0,MIHZEM,LNG Tanker (Танкер для перевозки сжиженного природного газа),,10.7,SINGAPORE (Сингапур),vessel,,,,At Anchor (На якоре),,,
9339648,466011000.0,SIDRA AL RUWAIS,Oil/Chemical Tanker (Нефтехимический танкер),,11.2,QATAR (Катар),vessel,,170.69,28.0,At Anchor (На якоре),,,
9086734,538009768.0,AL RAYYAN,LNG Tanker (Танкер для перевозки сжиженного природного газа),,10.5,MARSHALL ISLANDS (Маршалловы Острова),vessel,,297.5,45.75,Underway (На ходу),,,
9960186,538010542.0,NEJAT,Bulk Carrier (Балкер / Сухогруз),,10.6,MARSHALL ISLANDS (Маршалловы Острова),vessel,,179.9,30.0,At Anchor (На якоре),,,
9594949,636093266.0,HONG KUN MEI GUI,Multi Purpose Offshore Vessel (Многоцелевое офшорное судно),,4.4,LIBERIA (Либерия),vessel,,153.0,28.2,At Anchor (На якоре),,,
9796860,466004000.0,SIDRA AL RUMEILA,Oil Products Tanker (Танкер для нефтепродуктов),,3.3,QATAR (Катар),vessel,,53.5,12.0,Underway using Engine (На ходу под мотором),,,
9390953,563146100.0,LEONORA KOSAN,LPG/Chemical Tanker (Танкер для перевозки сжиженного газа и химикатов),,6.1,SINGAPORE (Сингапур),vessel,,115.0,18.5,At Anchor (На якоре),,,
9385037,477372500.0,LONG WIND,Crude Oil Tanker (Танкер для сырой нефти),,21.4,HONG KONG (Гонконг),vessel,,332.0,60.0,At Anchor (На якоре),,,
9851593,636019806.0,TENZAN,Crude Oil Tanker (Танкер для сырой нефти),,19.4,LIBERIA (Либерия),vessel,,,,At Anchor (На якоре),,,
9343780,353992000.0,GINGA PUMA,Chemical Tanker (Химовоз),,10.8,PANAMA (Панама),vessel,,159.9,25.0,At Anchor (На якоре),,,
9749025,477142500.0,BOCHEM MARENGO,Oil/Chemical Tanker (Нефтеналивной танкер/химовоз),,10.0,HONG KONG (Гонконг),vessel,,158.93,27.0,At Anchor (На якоре),,,
9933547,538010019.0,ADVANTAGE VICTORY,Crude Oil Tanker (Танкер для сырой нефти),,21.0,MARSHALL ISLANDS (Маршалловы Острова),vessel,,,,At Anchor (На якоре),,,
9874222,351238000.0,DAISEN,Crude Oil Tanker (Танкер для сырой нефти),,19.7,PANAMA (Панама),vessel,,339.5,60.04,At Anchor (На якоре),,,
9783411,563015300.0,NAN LIN WAN,Oil Products Tanker (Танкер для нефтепродуктов),,14.6,SINGAPORE (Сингапур),vessel,,249.98,44.0,At Anchor (На якоре),,,
9614086,414741000.0,HUA LIN WAN,Oil Products Tanker (Танкер для нефтепродуктов),,12.6,CHINA (Китай),vessel,,244.7,42.03,At Anchor (На якоре),,,
9435595,413179000.0,HAI TUN ZUO,Oil Products Tanker (Танкер для нефтепродуктов),,12.2,CHINA (Китай),vessel,,228.6,32.26,At Anchor (На якоре),,,
9984156,352003489.0,SAEHAN MARINA,Oil/Chemical Tanker (Танкер для нефтепродуктов и химикатов),,9.8,PANAMA (Панама),vessel,,146.5,24.0,At Anchor (На якоре),,,
9399478,636023772.0,STALLION,Crude Oil Tanker (Танкер для сырой нефти),,16.2,LIBERIA (Либерия),vessel,,274.5,48.0,At Anchor (На якоре),,,
9788887,356818000.0,GULF SUNRISE,Crude Oil Tanker (Танкер для сырой нефти),,20.0,PANAMA (Панама),vessel,,336.0,60.0,At Anchor (На якоре),,,
9362877,538003428.0,YAKUMOSAN,Crude Oil Tanker (Танкер для сырой нефти),,20.2,MARSHALL ISLANDS (Маршалловы Острова),vessel,,333.0,60.0,At Anchor (На якоре),,,
9567659,352001518.0,OMEGA TRADER,Crude Oil Tanker (Танкер для сырой нефти),,20.8,PANAMA (Панама),vessel,,333.0,60.0,At Anchor (На якоре),,,
9608867,538004722.0,MAGIC VICTORIA,Oil Products Tanker (Танкер для нефтепродуктов),,13.9,MARSHALL ISLANDS (Маршалловы Острова),vessel,,228.0,32.26,At Anchor (На якоре),,,
9993133,563236200.0,THETIS LEONA,Oil/Chemical Tanker (Танкер для перевозки нефти и химикатов),,9.9,SINGAPORE (Сингапур),vessel,,146.5,24.0,At Anchor (На якоре),,,
9322293,538010197.0,SINGAPORE LOYALTY,Crude Oil Tanker (Танкер для сырой нефти),,21.0,MARSHALL ISLANDS (Маршалловы Острова),vessel,,333.0,60.0,At Anchor (На якоре),,,
9580405,636015407.0,NAVE ANDROMEDA,Oil Products Tanker (Танкер для нефтепродуктов),,12.2,LIBERIA (Либерия),vessel,,228.0,32.0,"Underway using Engine (На ходу, под мотором)",,,
9322293,538010197.0,SINGAPORE LOYALTY,Crude Oil Tanker (Танкер для сырой нефти),,21.0,MARSHALL ISLANDS (Маршалловы Острова),vessel,,333.0,58.0,At Anchor (На якоре),,,
9499943,440034000.0,ASIAN LILAC,Oil/Chemical Tanker (Танкер для перевозки нефти и химикатов),,8.6,REPUBLIC OF KOREA (Республика Корея),vessel,,127.65,19.63,At Anchor (На якоре),,,
9078892,671385100.0,QUEEN SARA,Oil Products Tanker (Танкер для нефтепродуктов),,3.2,TOGO (Того),vessel,,76.0,12.0,At Anchor (На якоре),,,
9229233,351143000.0,ARD HORIZON,LPG Tanker (Танкер для перевозки сжиженного газа),,6.0,PANAMA (Панама),vessel,,154.16,23.0,At Anchor (На якоре),,,
9468853,241411000.0,OLYMPIC TARGET,Crude Oil Tanker (Танкер для сырой нефти),,21.0,GREECE (Греция),vessel,,339.76,,At Anchor (На якоре),,,
9139696,613003392.0,G YMM,LPG Tanker (Танкер для перевозки сжиженного газа),,7.2,CAMEROON (Камерун),vessel,,169.9,27.43,At Anchor (На якоре),,,
9423621,563190800.0,PRABHU PARVATI,Oil/Chemical Tanker (Танкер для перевозки нефти и химикатов),,9.9,SINGAPORE (Сингапур),vessel,,144.09,24.2,At Anchor (На якоре),,,
9892822,215956000.0,SEARAMBLER,LPG Tanker (Танкер для перевозки сжиженного газа),,10.3,MALTA (Мальта),vessel,,180.0,28.44,At Anchor (На якоре),,,
1022732,352006069.0,HOKKAIDO,Oil/Chemical Tanker (Танкер для перевозки нефти и химикатов),,8.2,PANAMA (Панама),vessel,,183.06,32.0,At Anchor (На якоре),,,
9263916,636022477.0,SOYIA,Oil Products Tanker (Танкер для нефтепродуктов),,12.5,LIBERIA (Либерия),vessel,,182.5,32.21,At Anchor (На якоре),,,
9610298,419000479.0,DESH VIBHOR,Crude Oil Tanker (Танкер для сырой нефти),,21.5,INDIA (Индия),vessel,,332.93,59.94,At Anchor (На якоре),,,
9297498,419531000.0,DESH VAIBHAV,Crude Oil Tanker (Танкер для сырой нефти),,21.5,INDIA (Индия),vessel,,333.15,60.0,At Anchor (На якоре),,,
9264908,477223600.0,LUMINA POLARIS,LPG Tanker (Танкер для перевозки сжиженного нефтяного газа),,10.8,HONG KONG (Гонконг),vessel,,230.0,36.0,At Anchor (На якоре),,,
9467768,419793000.0,DESH SURAKSHA,Crude Oil Tanker (Танкер для сырой нефти),,15.1,INDIA (Индия),vessel,,243.96,42.0,At Anchor (На якоре),,,
9302994,636024935.0,ORINOCCO,Crude Oil Tanker (Танкер для сырой нефти),,9.0,LIBERIA (Либерия),vessel,,274.2,48.04,At Anchor (На якоре),,,
9313761,257868000.0,STELLA,Oil Products Tanker (Танкер для нефтепродуктов),,12.4,NORWAY (Норвегия),vessel,,179.8,32.2,At Anchor (На якоре),,,
9216559,750907000.0,VENTURA,Oil Products Tanker (Танкер для нефтепродуктов),,8.5,GUYANA (Гайана),vessel,,229.0,32.2,At Anchor (На якоре),,,
9302994,636024935.0,ORINOCCO,Crude Oil Tanker (Танкер для сырой нефти),,9.0,LIBERIA (Либерия),vessel,,274.2,48.04,At Anchor (На якоре),,,
9320831,257912000.0,ALRAYA,Crude Oil Tanker (Танкер для сырой нефти),,19.0,NORWAY (Норвегия),vessel,,333.0,60.0,At Anchor (На якоре),,,
9794824,636023124.0,UNIVERSAL GLORY,Crude Oil Tanker (Танкер для сырой нефти),,20.6,LIBERIA (Либерия),vessel,,336.1,60.0,At Anchor (На якоре),,,
9290270,352002154.0,TARA GAS,LPG Tanker (Танкер для перевозки сжиженного нефтяного газа),,8.2,PANAMA (Панама),vessel,,224.5,36.0,"Underway using Engine (На ходу, использует двигатель)",,,
9732230,256349000.0,STELLATA,Oil Products Tanker (Танкер для нефтепродуктов),,12.2,MALTA (Мальта),vessel,,239.0,42.0,At Anchor (На якоре),,,
9158240,511101848.0,MD 23,LPG/Chemical Tanker (Танкер для перевозки сжиженного газа и химикатов),,7.0,PALAU (Палау),vessel,,115.31,16.8,At Anchor (На якоре),,,
9196450,352005323.0,XIN MING LONG,LPG Tanker (Танкер для перевозки сжиженного нефтяного газа),,4.3,PANAMA (Панама),vessel,,95.5,16.6,At Anchor (На якоре),,,
9242481,620800322.0,MIRAAN,Oil Products Tanker (Танкер для нефтепродуктов),,9.9,COMOROS (Коморы),vessel,,182.55,27.34,At Anchor (На якоре),,,
9837602,440274000.0,UNIVERSAL WINNER,Crude Oil Tanker (Танкер для перевозки сырой нефти),,21.3,REPUBLIC OF KOREA (Республика Корея),vessel,,,,At Anchor (На якоре),,,
1028762,636024096.0,STOIC WARRIOR,Crude Oil Tanker (Танкер для перевозки сырой нефти),,16.6,LIBERIA (Либерия),vessel,,274.3,48.04,At Anchor (На якоре),,,
9753545,241485000.0,PRUDENT WARRIOR,Crude Oil Tanker (Танкер для перевозки сырой нефти),,16.4,GREECE (Греция),vessel,,274.0,48.0,At Anchor (На якоре),,,
9257711,353534000.0,LISBOA,Oil Products Tanker (Танкер для нефтепродуктов),,8.5,PANAMA (Панама),vessel,,183.0,32.0,At Anchor (На якоре),,,
9683685,636023089.0,VL PRIME,Crude Oil Tanker (Танкер для перевозки сырой нефти),,21.0,LIBERIA (Либерия),vessel,,333.08,60.0,At Anchor (На якоре),,,
9688829,538005384.0,STI ELYSEES,Crude Oil Tanker (Танкер для перевозки сырой нефти),,14.8,MARSHALL ISLANDS (Маршалловы Острова),vessel,,256.39,43.0,At Anchor (На якоре),,,
9733533,565502000.0,EPIC SENTOSA,LPG/Chemical Tanker (Танкер для перевозки сжиженного газа и химикатов),,5.6,SINGAPORE (Сингапур),vessel,,119.98,20.0,At Anchor (На якоре),,,
9933626,563217200.0,EAGLE VERACRUZ,Crude Oil Tanker (Танкер для перевозки сырой нефти),,21.0,SINGAPORE (Сингапур),vessel,,,,At Anchor (На якоре),,,
9750050,241422000.0,DILIGENT WARRIOR,Crude Oil Tanker (Танкер для перевозки сырой нефти),,16.2,GREECE (Греция),vessel,,274.22,,At Anchor (На якоре),,,
9722637,256769000.0,HELLAS REVENGER,Oil/Chemical Tanker (Танкер для перевозки нефти и химикатов),,8.0,MALTA (Мальта),vessel,,183.0,32.24,At Anchor (На якоре),,,
9251171,564600000.0,EPIC BURANO,LPG Tanker (Танкер для перевозки сжиженного нефтяного газа),,5.8,SINGAPORE (Сингапур),vessel,,119.0,18.8,At Anchor (На якоре),,,
9838577,636020995.0,LION,Crude Oil Tanker (Танкер для перевозки сырой нефти),,14.9,LIBERIA (Либерия),vessel,,249.9,44.03,At Anchor (На якоре),,,
9299111,636020082.0,ELKA APOLLON,Oil/Chemical Tanker (Танкер для перевозки нефти и химикатов),,13.0,LIBERIA (Либерия),vessel,,243.6,42.0,At Anchor (На якоре),,,
9494876,357201000.0,SG PEGASUS,Chemical Tanker (Химовоз),,8.5,PANAMA (Панама),vessel,,132.07,20.0,At Anchor (На якоре),,,
9561382,538009584.0,IMPERIOUS,Oil Products Tanker (Танкер для перевозки нефтепродуктов),,7.0,MARSHALL ISLANDS (Маршалловы Острова),vessel,,179.9,32.19,At Anchor (На якоре),,,
9677313,352004258.0,GAMSUNORO,Crude Oil Tanker (Танкер для перевозки сырой нефти),,12.6,PANAMA (Панама),vessel,,228.6,42.0,At Anchor (На якоре),,,
9926738,441345000.0,VL BREEZE,Crude Oil Tanker (Танкер для перевозки сырой нефти),,20.0,REPUBLIC OF KOREA (Республика Корея),vessel,,,,At Anchor (На якоре),,,
9915569,352978156.0,GRAND BONANZA,Crude Oil Tanker (Танкер для перевозки сырой нефти),,21.0,PANAMA (Панама),vessel,,,,At Anchor (На якоре),,,
9311256,441046000.0,YC PANSY,Oil/Chemical Tanker (Нефтеналивной/Химовоз),,9.9,REPUBLIC OF KOREA (Республика Корея),vessel,,145.53,23.7,At Anchor (На якоре),,,
9833735,241836000.0,SIENA,Crude Oil Tanker (Танкер для перевозки сырой нефти),,14.1,GREECE (Греция),vessel,,249.9,44.03,At Anchor (На якоре),,,
9364215,312050000.0,CY VICTORIOUS,Crude Oil Tanker (Танкер для перевозки сырой нефти),,14.8,BELIZE (Белиз),vessel,,229.0,42.0,At Anchor (На якоре),,,
9510591,470002000.0,MONJASA SHAKER,Chemical Tanker (Химовоз),,5.5,UNITED ARAB EMIRATES (ОАЭ),vessel,,117.6,19.02,Stopped (Остановлено),,,
9272682,440323000.0,YC AZALEA,Oil/Chemical Tanker (Нефтеналивной/Химовоз),,9.2,REPUBLIC OF KOREA (Республика Корея),vessel,,147.83,24.0,At Anchor (На якоре),,,
9374856,563180100.0,ALORA,Crude Oil Tanker (Танкер для перевозки сырой нефти),,14.3,SINGAPORE (Сингапур),vessel,,228.6,32.57,At Anchor (На якоре),,,
9309629,538005129.0,SERENE MONACO,Chemical Tanker (Химовоз),,9.0,MARSHALL ISLANDS (Маршалловы Острова),vessel,,147.83,24.2,At Anchor (На якоре),,,
9290294,403101001.0,AL HABIBAH,Crude Oil Tanker (Танкер для перевозки сырой нефти),,14.4,SAUDI ARABIA (Саудовская Аравия),vessel,,243.96,42.0,At Anchor (На якоре),,,
9510577,636020246.0,MONJASA SERVER,Oil/Chemical Tanker (Нефтеналивной/Химовоз),,6.7,LIBERIA (Либерия),vessel,,117.6,19.0,At Anchor (На якоре),,,
9542154,352003212.0,HANYU CAMELLIA,Oil/Chemical Tanker (Нефтеналивной/Химовоз),,9.6,PANAMA (Панама),vessel,,146.19,24.23,At Anchor (На якоре),,,
9932725,352001319.0,BOW MERCURY,Oil/Chemical Tanker (Нефтеналивной/Химовоз),,10.2,PANAMA (Панама),vessel,,157.03,26.03,At Anchor (На якоре),,,
9411721,325946000.0,LILAC,Oil/Chemical Tanker (Нефтеналивной/Химовоз),,5.0,DOMINICA (Доминика),vessel,,101.39,19.05,At Anchor (На якоре),,,
9234628,352002500.0,MACKEREL,Chemical Tanker (Химовоз),,9.1,PANAMA (Панама),vessel,,107.67,20.56,At Anchor (На якоре),,,
9773179,372240000.0,BOW VICTORY,Oil/Chemical Tanker (Нефтеналивной/Химовоз),,8.6,PANAMA (Панама),vessel,,149.03,24.0,At Anchor (На якоре),,,
9336660,440384000.0,GREEN ONE,LPG Tanker (Танкер для перевозки сжиженного газа),,10.0,REPUBLIC OF KOREA (Республика Корея),vessel,,180.0,29.2,At Anchor (На якоре),,,
9936549,538009925.0,ECO ORACLE,LPG Tanker (Танкер для перевозки сжиженного газа),,10.4,MARSHALL ISLANDS (Маршалловы Острова),vessel,,180.0,28.74,At Anchor (На якоре),,,
9175535,477108300.0,JORYA,Crude Oil Tanker (Танкер для перевозки сырой нефти),,9.6,HONG KONG (Гонконг),vessel,,159.61,23.0,At Anchor (На якоре),,,
9387152,511101945.0,OCEAN WAVE,Oil Products Tanker (Танкер для нефтепродуктов),,5.0,PALAU (Палау),vessel,,115.0,17.6,At Anchor (На якоре),,,
9380570,511101819.0,KURDOS III,Oil/Chemical Tanker (Нефтеналивной/Химовоз),,8.0,PALAU (Палау),vessel,,184.32,27.45,At Anchor (На якоре),,,
9427263,248538000.0,AMELIA,Oil Products Tanker (Танкер для нефтепродуктов),,4.5,MALTA (Мальта),vessel,,129.86,20.4,At Anchor (На якоре),,,
8774889,341127001.0,ZETAE TRIUMT,Oil Products Tanker (Танкер для нефтепродуктов),,3.0,SAINT KITTS AND NEVIS (Сент-Китс и Невис),vessel,,44.0,9.0,At Anchor (На якоре),,,
9453729,350140000.0,BINARY STAR II,Oil/Chemical Tanker (Нефтеналивной танкер/Химовоз),,5.5,NICARAGUA (Никарагуа),vessel,,130.2,20.8,At Anchor (На якоре),,,
9236731,355888000.0,KURDOS,Oil/Chemical Tanker (Нефтеналивной танкер/Химовоз),,6.0,PANAMA (Панама),vessel,,182.55,27.34,At Anchor (На якоре),,,
9310367,511101203.0,ZATARA,Oil/Chemical Tanker (Нефтеналивной танкер/Химовоз),,6.2,PALAU (Палау),vessel,,105.5,16.8,At Anchor (На якоре),,,
9952177,563180300.0,BOW LION,Oil/Chemical Tanker (Нефтеналивной танкер/Химовоз),,9.7,SINGAPORE (Сингапур),vessel,,158.5,25.0,At Anchor (На якоре),,,
9406269,538011955.0,SYMI,LPG Tanker (Танкер для перевозки сжиженного нефтяного газа),,9.5,MARSHALL ISLANDS (Маршалловы Острова),vessel,,173.7,28.03,At Anchor (На якоре),,,
9290294,403101001.0,AL HABIBAH,Crude Oil Tanker (Танкер для перевозки сырой нефти),,14.4,SAUDI ARABIA (Саудовская Аравия),vessel,,243.96,42.0,At Anchor (На якоре),,,
9279202,314074000.0,TITAN HARMONY,Oil/Chemical Tanker (Нефтеналивной танкер/Химовоз),,6.0,BARBADOS (Барбадос),vessel,,162.0,26.0,At Anchor (На якоре),,,
9185580,649134000.0,BETA 2,LPG Tanker (Танкер для перевозки сжиженного нефтяного газа),,3.1,MALI (Мали),vessel,,71.5,12.5,At Anchor (На якоре),,,
9402691,373151000.0,VACAMONTE,Oil/Chemical Tanker (Нефтеналивной танкер/Химовоз),,7.2,PANAMA (Панама),vessel,,103.0,16.0,At Anchor (На якоре),,,
9232967,518999187.0,GSM,Oil/Chemical Tanker (Нефтеналивной танкер/Химовоз),,5.6,COOK ISLANDS (Острова Кука),vessel,,118.37,19.0,At Anchor (На якоре),,,
9494199,341495000.0,TRISTAR TRIUMPH,Oil/Chemical Tanker (Нефтеналивной танкер/Химовоз),,4.0,SAINT KITTS AND NEVIS (Сент-Китс и Невис),vessel,,82.05,12.2,At Anchor (На якоре),,,
9438274,636021985.0,PUFFIN TWO,Oil Products Tanker (Танкер для перевозки нефтепродуктов),,5.3,LIBERIA (Либерия),vessel,,99.0,18.0,At Anchor (На якоре),,,
9538842,564829000.0,QUINN,Oil Products Tanker (Танкер для перевозки нефтепродуктов),,5.5,SINGAPORE (Сингапур),vessel,,115.0,17.6,At Anchor (На якоре),,,
9956707,563180700.0,MARINE CHARGE,Bunkering Tanker (Бункеровщик),,4.9,SINGAPORE (Сингапур),vessel,,102.6,,At Anchor (На якоре),,,
9465124,314195000.0,BLOSSOM,Oil Products Tanker (Танкер для перевозки нефтепродуктов),,3.2,BARBADOS (Барбадос),vessel,,98.8,15.0,At Anchor (На якоре),,,
9535759,314181000.0,PHOENIX,Oil Products Tanker (Танкер для перевозки нефтепродуктов),,3.0,BARBADOS (Барбадос),vessel,,98.8,15.1,At Anchor (На якоре),,,
1066271,671534100.0,MAYS AL RAYM,Oil Products Tanker (Танкер для перевозки нефтепродуктов),,5.4,TOGO (Того),vessel,,96.0,13.4,At Anchor (На якоре),,,
9489089,533003050.0,UACC MANSOURIA,Oil/Chemical Tanker (Танкер для перевозки нефти и химикатов),,8.0,MARSHALL ISLANDS (Маршалловы Острова),vessel,,183.0,32.22,At Anchor (На якоре),,,
1072036,671448100.0,RENA,Oil/Chemical Tanker (Танкер для перевозки нефти и химикатов),,3.0,TOGO (Того),vessel,,91.0,13.5,Moored (Пришвартовано),,,
9134361,620999435.0,SU GAS,LPG Tanker (Танкер для перевозки сжиженного газа),,3.7,COMOROS (Коморы),vessel,,71.01,12.2,Moored (Пришвартовано),,,
9849033,538008167.0,SEA WOLF,Oil/Chemical Tanker (Танкер для перевозки нефти и химикатов),,8.0,MARSHALL ISLANDS (Маршалловы Острова),vessel,,182.93,32.23,Moored (Пришвартовано),,,
1025590,241983000.0,SEA CONDOR,Crude Oil Tanker (Танкер для перевозки сырой нефти),,11.5,GREECE (Греция),vessel,,248.6,44.04,Moored (Пришвартовано),,,
9387956,419001235.0,JAG PAVITRA,Oil/Chemical Tanker (Танкер для перевозки нефти и химикатов),,11.5,INDIA (Индия),vessel,,183.0,32.23,Moored (Пришвартовано),,,
9638551,538005015.0,NAVE RIGEL,Crude Oil Tanker (Танкер для перевозки сырой нефти),,12.8,MARSHALL ISLANDS (Маршалловы Острова),vessel,,228.0,32.0,Stopped (Остановлено),,,
9820300,354622000.0,SEDEF,Oil/Chemical Tanker (Танкер для перевозки нефти и химикатов),,7.0,PANAMA (Панама),vessel,,183.0,32.2,Stopped (Остановлено),,,
9031894,518100307.0,NOBLE ONE,Asphalt/Bitumen Tanker (Танкер для перевозки асфальта и битума),,3.9,COOK ISLANDS (Острова Кука),vessel,,99.95,15.0,Moored (Пришвартовано),,,
9205653,620999825.0,OCEAN FUEL,Oil/Chemical Tanker (Танкер для перевозки нефти и химикатов),,3.6,COMOROS (Коморы),vessel,,113.98,18.0,Moored (Пришвартовано),,,
9439280,636013315.0,KRONOS,Oil Products Tanker (Танкер для перевозки нефтепродуктов),,4.6,LIBERIA (Либерия),vessel,,116.0,19.0,Moored (Пришвартовано),,,
9144184,620999559.0,B2 OCEAN,Asphalt/Bitumen Tanker (Танкер для перевозки асфальта и битума),,4.3,COMOROS (Коморы),vessel,,97.65,17.0,Moored (Пришвартовано),,,
9485019,630001242.0,OCEAN PRIME,Asphalt/Bitumen Tanker (Танкер для перевозки асфальта и битума),,4.5,GUINEA BISSAU (Гвинея-Бисау),vessel,,101.9,16.0,Moored (Пришвартовано),,,
9424534,470711000.0,FNSA 11,Oil Products Tanker (Танкер для перевозки нефтепродуктов),,3.4,UNITED ARAB EMIRATES (ОАЭ),vessel,,113.08,15.7,At Anchor (На якоре),,,
1066219,341762001.0,AYODHYA,Oil/Chemical Tanker (Танкер для перевозки нефти и химикатов),,1.5,SAINT KITTS AND NEVIS (Сент-Китс и Невис),vessel,,,,At Anchor (На якоре),,,
9117765,620800339.0,MARINERO,Oil Products Tanker (Танкер для перевозки нефтепродуктов),,9.5,COMOROS (Коморы),vessel,,76.93,11.5,Moored (Пришвартовано),,,
9454149,679882001.0,DHARMA,Oil/Chemical Tanker (Танкер для перевозки нефти и химикатов),,3.5,ZIMBABWE (Зимбабве),vessel,,88.02,16.0,At Anchor (На якоре),,,
9353242,538011959.0,HAANA,LPG Tanker (Танкер для перевозки сжиженного нефтяного газа),,7.1,MARSHALL ISLANDS (Маршалловы Острова),vessel,,225.29,36.64,Underway (В пути),,,
9475349,511100843.0,ELEGANCE,Oil Products Tanker (Танкер для перевозки нефтепродуктов),,3.8,PALAU (Палау),vessel,,88.02,14.0,At Anchor (На якоре),,,
9477177,671446100.0,TREND,Oil Products Tanker (Танкер для перевозки нефтепродуктов),,6.6,TOGO (Того),vessel,,118.0,17.6,At Anchor (На якоре),,,
9129380,620800324.0,YASHAR,LPG/Chemical Tanker (Танкер для перевозки сжиженного газа и химикатов),,4.4,COMOROS (Коморы),vessel,,97.42,15.3,Underway (В пути),,,
8360688,669555000.0,AMIR,Oil Products Tanker (Танкер для нефтепродуктов),,3.0,ESWATINI (Эсватини),vessel,,95.0,14.0,At Anchor (На якоре),,,
9820295,355782000.0,MERCAN,Oil/Chemical Tanker (Нефтеналивной/химический танкер),,7.5,PANAMA (Панама),vessel,,183.06,32.2,Underway (В пути),,,
9246803,374176000.0,SWIFT FALCON,Oil/Chemical Tanker (Нефтеналивной/химический танкер),,8.5,PANAMA (Панама),vessel,,183.0,32.23,Underway (В пути),,,
9334612,376516000.0,ATA BEKET,Oil Products Tanker (Танкер для перевозки нефтепродуктов),,4.0,SAINT VINCENT AND THE GRENADINES (Сент-Винсент и Гренадины),vessel,,149.35,17.33,At Anchor (На якоре),,,
9377585,355201000.0,SUN RISE I,Oil Products Tanker (Танкер для нефтепродуктов),,5.0,PANAMA (Панама),vessel,,115.0,17.6,"Underway using Engine (На ходу, используется двигатель)",,,
1120510,671536000.0,MARIA,Oil Products Tanker (Танкер для перевозки нефтепродуктов),,3.8,TOGO (Того),vessel,,91.0,14.0,At Anchor (На якоре),,,
9290579,357005388.0,NEW VOYAGE,Oil/Chemical Tanker (Нефтеналивной/химический танкер),,8.1,PANAMA (Панама),vessel,,183.0,32.2,At Anchor (На якоре),,,
9417490,306295000.0,ARABIAN ENERGY,Oil/Chemical Tanker (Нефтеналивной/химический танкер),,5.7,CURACAO (Кюрасао),vessel,,117.6,19.0,Stopped (Остановлено),,,
1137745,613701904.0,SPADE,Oil Products Tanker (Танкер для перевозки нефтепродуктов),,3.5,CAMEROON (Камерун),vessel,,83.0,13.0,Stopped (Остановлено),,,
9211664,511101625.0,CHEMTRANS,Oil/Chemical Tanker (Нефтеналивной/химический танкер),,6.5,PALAU (Палау),vessel,,114.0,18.9,Moored (Пришвартовано),,,
1047287,629009488.0,PRESTIGE PRIDE,Oil Products Tanker (Танкер для нефтепродуктов),,5.6,GAMBIA (Гамбия),vessel,,95.0,13.0,Moored (Пришвартовано),,,
1063762,720222000.0,BLACK DIAMOND,Oil Products Tanker (Танкер для перевозки нефтепродуктов),,3.0,BOLIVIA (Боливия),vessel,,82.0,13.0,At Anchor (На якоре),,,
9466623,626224000.0,MSG,Oil/Chemical Tanker (Нефтеналивной/химический танкер),,4.2,GABON (Габон),vessel,,118.0,17.6,Stopped (Остановлено),,,
1043592,671420100.0,SUDARSHAN,Oil Products Tanker (Танкер для перевозки нефтепродуктов),,4.5,TOGO (Того),vessel,,88.0,14.0,Moored (Пришвартовано),,,
9840544,470976000.0,HAFSA 1,Water Tanker (Танкер для перевозки воды),,2.5,UNITED ARAB EMIRATES (ОАЭ),vessel,,30.0,7.0,Underway (В пути),,,
9843302,414474000.0,YUAN GUI YANG,Crude Oil Tanker (Танкер для перевозки сырой нефти),,19.8,CHINA (Китай),vessel,,,,Underway (В пути),,,
9284960,477178100.0,OCEAN LILY,Crude Oil Tanker (Танкер для перевозки сырой нефти),,20.5,HONG KONG (Гонконг),vessel,,329.99,60.04,Underway (В пути),,,
9198305,352004923.0,OCEAN JEWEL,Oil/Chemical Tanker (Нефтеналивной/химический танкер),,12.0,PANAMA (Панама),vessel,,182.98,32.23,Underway (В пути),,,
9723588,414213000.0,YUAN HUA HU,Crude Oil Tanker (Танкер для перевозки сырой нефти),,20.5,CHINA (Китай),vessel,,333.0,60.0,At Anchor (На якоре),,,
9350290,419001720.0,BW LOYALTY,LPG Tanker (Танкер для перевозки сжиженного нефтяного газа),,11.5,INDIA (Индия),vessel,,226.0,36.6,Underway (В пути),,,
9912256,538009642.0,LEGIO X EQUESTRIS,Crude Oil Tanker (Танкер для перевозки сырой нефти),,21.0,MARSHALL ISLANDS (Маршалловы Острова),vessel,,329.99,60.04,"Underway using Engine (На ходу, используется двигатель)",,,
9389863,636023086.0,SHAHRAZAD,Crude Oil Tanker (Танкер для перевозки сырой нефти),,12.1,LIBERIA (Либерия),vessel,,228.0,32.25,Stopped (Остановлено),,,
9783899,352004394.0,ASP AVANA,Crude Oil Tanker (Танкер для перевозки сырой нефти),,12.2,PANAMA (Панама),vessel,,243.79,42.0,Stopped (Остановлено),,,
9397327,538003352.0,AL KHARAITIYAT,LNG Tanker (Танкер для перевозки сжиженного природного газа),,12.4,MARSHALL ISLANDS (Маршалловы Острова),vessel,,315.16,50.0,"Underway using Engine (На ходу, используется двигатель)",,,
9320831,257912000.0,ALRAYA,Crude Oil Tanker (Танкер для перевозки сырой нефти),,19.0,NORWAY (Норвегия),vessel,,333.0,60.0,At Anchor (На якоре),,,
9276688,538011950.0,JV INNOVATION,Oil/Chemical Tanker (Танкер для перевозки нефти и химикатов),,12.0,MARSHALL ISLANDS (Маршалловы Острова),vessel,,180.07,32.23,At Anchor (На якоре),,,
9856074,538008311.0,NISSOS KEROS,Crude Oil Tanker (Танкер для перевозки сырой нефти),,20.5,MARSHALL ISLANDS (Маршалловы Острова),vessel,,333.0,60.04,"Underway using Engine (На ходу, используется двигатель)",,,
9304617,240653000.0,MINERVA DOXA,Crude Oil Tanker (Танкер для перевозки сырой нефти),,14.7,GREECE (Греция),vessel,,270.88,50.04,"Underway using Engine (На ходу, используется двигатель)",,,
9257486,341028000.0,ALMA NOVA,Asphalt/Bitumen Tanker (Танкер для перевозки асфальта и битума),,5.2,SAINT KITTS AND NEVIS (Сент-Китс и Невис),vessel,,79.99,13.2,Underway (На ходу),,,
9256901,636018400.0,VAUGHAN,Oil/Chemical Tanker (Танкер для перевозки нефти и химикатов),,9.2,LIBERIA (Либерия),vessel,,183.37,32.23,At Anchor (На якоре),,,
9852119,241673000.0,SEA EMERALD,Crude Oil Tanker (Танкер для перевозки сырой нефти),,20.3,GREECE (Греция),vessel,,336.0,60.04,At Anchor (На якоре),,,
9793741,351551000.0,GEM NO.5,Crude Oil Tanker (Танкер для перевозки сырой нефти),,20.3,PANAMA (Панама),vessel,,330.0,60.0,At Anchor (На якоре),,,
9785237,241572000.0,MINERVA EVROPI,Crude Oil Tanker (Танкер для перевозки сырой нефти),,16.7,GREECE (Греция),vessel,,274.0,48.0,"Underway using Engine (На ходу, используется двигатель)",,,
9759824,249884000.0,AGIOS FANOURIOS I,Crude Oil Tanker (Танкер для перевозки сырой нефти),,20.5,MALTA (Мальта),vessel,,330.0,60.0,"Underway using Engine (На ходу, используется двигатель)",,,
9287871,511100371.0,AB VICTORY,Asphalt/Bitumen Tanker (Танкер для перевозки асфальта/битума),,7.0,PALAU (Палау),vessel,,105.5,16.8,"Underway by Sail (Под парусом — вероятно, программная ошибка статуса или специфическая кодировка AIS, фактически судно на ходу)",,,
5165776,422325000.0,MIR MAHNA,Oil Products Tanker (Танкер для нефтепродуктов),,5.3,IRAN (Иран),vessel,,70.0,10.0,Underway (На ходу),,,
8541622,341224002.0,RUDRA SHAKTHI,Tanker,,2.0,SAINT KITTS AND NEVIS (Сент-Китс и Невис),vessel,,69.8,13.4,At Anchor (На якоре),,,
9235737,306408000.0,YURI,Crude Oil Tanker (Танкер для перевозки сырой нефти),,20.5,CURACAO (Кюрасао),vessel,,333.0,60.05,Stopped (Остановлено),,,
9273052,650000177.0,SOUFIA 1,Crude Oil Tanker (Танкер для сырой нефти),,8.0,MOZAMBIQUE (Мозамбик),vessel,,241.03,42.0,At Anchor (На якоре),,,
9314167,613202701.0,AGNI,Oil Products Tanker (Танкер для нефтепродуктов),,13.0,CAMEROON (Камерун),vessel,,228.0,32.24,Stopped (Остановлено),,,
9247778,620800101.0,BREEZ,Crude Oil Tanker (Танкер для перевозки сырой нефти),,8.4,COMOROS (Коморы),vessel,,182.5,32.2,Underway (На ходу),,,
9215103,422963400.0,MAOMING,Oil Products Tanker (Танкер для нефтепродуктов),,7.4,IRAN (Иран),vessel,,182.94,32.2,At Anchor (На якоре),,,
9125138,422231100.0,DELICE,Chemical Tanker (Химовоз),,7.3,IRAN (Иран),vessel,,148.44,23.02,At Anchor (На якоре),,,
9125126,422231800.0,CASPIA,Chemical Tanker (Химовоз),,7.0,IRAN (Иран),vessel,,148.44,23.02,At Anchor (На якоре),,,
9036052,422055500.0,HAMD,Bunkering Tanker (Бункеровщик),,,IRAN (Иран),vessel,,40.01,10.0,"Underway using Engine (На ходу, под мотором)",,,
9820312,422232300.0,NIKI,Oil/Chemical Tanker (Нефтеналивной танкер/химовоз),,8.0,IRAN (Иран),vessel,,183.0,32.0,Moored (Пришвартовано),,,
9110432,511100554.0,HARBOUR PHOENIX,Oil Products Tanker (Танкер для нефтепродуктов),,4.8,PALAU (Палау),vessel,,114.37,18.0,At Anchor (На якоре),,,
9215103,422963400.0,MAOMING,Oil Products Tanker (Танкер для нефтепродуктов),,7.4,IRAN (Иран),vessel,,182.94,32.2,At Anchor (На якоре),,,
9941453,563208200.0,MAOMING PAN,LPG Tanker (Танкер для перевозки сжиженного газа),,8.3,SINGAPORE (Сингапур),vessel,,230.0,36.63,Moored (Пришвартовано),,,
9275658,477965400.0,PURDUE STELLAR,Crude Oil Tanker (Танкер для перевозки сырой нефти),,8.0,HONG KONG (Гонконг),vessel,,228.0,32.27,Underway (На ходу),,,
9277723,352003203.0,NEW FUSION,Oil Products Tanker (Танкер для нефтепродуктов),,7.8,PANAMA (Панама),vessel,,228.0,32.2,Underway (На ходу),,,
9931185,413291020.0,YU TONG,Oil/Chemical Tanker (Танкер для нефтепродуктов/химпродуктов),,5.5,CHINA (Китай),vessel,,138.8,19.22,At Anchor (На якоре),,,
9125205,373544000.0,MELODIE V,Oil/Chemical Tanker (Танкер для нефтепродуктов/химпродуктов),,12.0,PANAMA (Панама),vessel,,182.86,32.29,Underway (На ходу),,,
9300829,314001117.0,NAUTICAL ECHO,Oil/Chemical Tanker (Танкер для нефтепродуктов/химпродуктов),,6.5,BARBADOS (Барбадос),vessel,,141.2,21.94,Underway (На ходу),,,
9411575,352001465.0,LADY YASSO,Oil/Chemical Tanker (Танкер для нефтепродуктов/химпродуктов),,6.5,PANAMA (Панама),vessel,,127.2,20.43,At Anchor (На якоре),,,
9217981,620398002.0,LATITUDE,Crude Oil Tanker (Танкер для сырой нефти),,11.5,COMOROS (Коморы),vessel,,333.0,58.05,Underway using Engine (На ходу под двигателем),,,
9896414,636019738.0,ANGOLA PROSPERITY,Crude Oil Tanker (Танкер для сырой нефти),,10.8,LIBERIA (Либерия),vessel,,329.98,60.04,At Anchor (На якоре),,,
9315159,636026235.0,CAMEROON PROSPERITY,Crude Oil Tanker (Танкер для сырой нефти),,11.0,LIBERIA (Либерия),vessel,,334.0,60.04,Stopped (Остановлено),,,
9284374,636024747.0,CAPETAN ANDREAS,Crude Oil Tanker (Танкер для сырой нефти),,8.5,LIBERIA (Либерия),vessel,,228.6,32.57,Stopped (Остановлено),,,
9084267,511100711.0,SUVARI REIS,Bulk Carrier (Балкер),,5.0,PALAU (Палау),vessel,,148.27,22.8,Underway (На ходу),,,
9286437,511101414.0,SELENIA,Asphalt/Bitumen Tanker (Танкер для перевозки асфальта и битума),,4.5,PALAU (Палау),vessel,,109.66,17.8,At Anchor (На якоре),,,
9042697,341524000.0,MELANIE,Oil Products Tanker (Танкер для нефтепродуктов),,3.9,SAINT KITTS AND NEVIS (Сент-Китс и Невис),vessel,,64.99,10.4,Underway (На ходу),,,
9554834,422999903.0,XARON,Oil Products Tanker (Танкер для нефтепродуктов),,6.4,IRAN (Иран),vessel,,101.39,19.0,At Anchor (На якоре),,,
9008108,603921000.0,KALASTIN,LPG Tanker (Танкер для перевозки сжиженного газа),,7.0,ANGOLA (Ангола),vessel,,230.0,36.6,At Anchor (На якоре),,,
9411719,325307000.0,ANDES,Oil/Chemical Tanker (Танкер для нефти и химикатов),,3.6,DOMINICA (Доминика),vessel,,101.39,19.05,At Anchor (На якоре),,,
9307748,603914000.0,ASTRAM,LPG Tanker (Танкер для перевозки сжиженного газа),,7.7,ANGOLA (Ангола),vessel,,230.0,36.0,At Anchor (На якоре),,,
9014420,620800004.0,SARAH,LPG Tanker (Танкер для перевозки сжиженного газа),,7.4,COMOROS (Коморские острова),vessel,,170.0,27.36,At Anchor (На якоре),,,
9131539,352002653.0,GAZ GMS,LPG Tanker (Танкер для перевозки сжиженного газа),,8.0,PANAMA (Панама),vessel,,230.0,36.0,Underway (На ходу),,,
9174361,338897010.0,GALAXY GAS,LPG/Chemical Tanker (Танкер для перевозки сжиженного газа и химикатов),,6.4,HAITI (Гаити),vessel,,106.98,15.7,At Anchor (На якоре),,,
9343118,352000431.0,TRITON EXPLORE,LPG Tanker (Танкер для перевозки сжиженного газа),,6.8,PANAMA (Панама),vessel,,174.2,28.03,At Anchor (На якоре),,,
9281566,352002468.0,TORIN,Oil/Chemical Tanker (Танкер для нефти и химикатов),,9.5,PANAMA (Панама),vessel,,183.0,32.23,At Anchor (На якоре),,,
9377066,538011089.0,ECO 3,Oil/Chemical Tanker (Танкер для нефти и химикатов),,6.8,MARSHALL ISLANDS (Маршалловы Острова),vessel,,119.54,20.0,At Anchor (На якоре),,,
9661388,538010687.0,MATURITY ONE,Oil Products Tanker (Танкер для нефтепродуктов),,4.5,MARSHALL ISLANDS (Маршалловы Острова),vessel,,93.0,17.5,At Anchor (На якоре),,,
9377066,538011089.0,ECO 3,Oil/Chemical Tanker (Танкер для перевозки нефти и химикатов),,6.8,MARSHALL ISLANDS (Маршалловы Острова),vessel,,119.54,20.0,At Anchor (На якоре),,,
9421984,372477000.0,C.DIGNITY,Crude Oil Tanker (Танкер для сырой нефти),,10.5,PANAMA (Панама),vessel,,333.0,60.05,At Anchor (На якоре),,,
9298818,620927000.0,EAN SPIR,Oil Products Tanker (Танкер для нефтепродуктов),,11.8,COMOROS (Коморы),vessel,,171.24,27.4,"Underway using Engine (На ходу, использует двигатель)",,,
9503873,373924000.0,NEREUS,Oil Products Tanker (Танкер для нефтепродуктов),,9.0,PANAMA (Панама),vessel,,49.95,12.0,Stopped (Остановлено),,,
9066136,471112000.0,EMIRATES NADA III,Chemical Tanker (Химовоз),,3.5,UNITED ARAB EMIRATES (ОАЭ),vessel,,59.22,10.0,Stopped (Остановлено),,,
1059785,470990000.0,TRISTAR ECO VOYAGER,Bunkering Tanker (Бункеровочный танкер),,3.0,UNITED ARAB EMIRATES (ОАЭ),vessel,,46.5,10.0,Underway (На ходу),,,
8816388,470962000.0,EMIRATES NADA II,Oil Products Tanker (Танкер для нефтепродуктов),,3.2,UNITED ARAB EMIRATES (ОАЭ),vessel,,55.95,9.83,"Underway using Engine (На ходу, использует двигатель)",,,
8533649,352003860.0,PEGASUS I,Oil Products Tanker (Танкер для нефтепродуктов),,2.6,PANAMA (Панама),vessel,,55.15,9.0,Underway by Sail (Под парусом / В движении),,,
9389502,620911000.0,BALD MAN,Oil/Chemical Tanker (Нефтеналивной танкер/Химовоз),,8.5,COMOROS (Коморы),vessel,,180.0,32.0,Underway (На ходу),,,
9254939,370949000.0,UHUD,Oil Products Tanker (Танкер для нефтепродуктов),,7.6,PANAMA (Панама),vessel,,179.9,32.23,"Underway using Engine (На ходу, использует двигатель)",,,
9421984,372477000.0,C.DIGNITY,Crude Oil Tanker (Танкер для сырой нефти),,10.5,PANAMA (Панама),vessel,,333.0,60.05,At Anchor (На якоре),,,
9505479,470343000.0,TRISTAR LEGEND,Oil Products Tanker (Танкер для нефтепродуктов),,2.5,UNITED ARAB EMIRATES (ОАЭ),vessel,,49.25,10.3,Stopped (Остановлен),,,
9513763,636024676.0,NAVE SYNERGY,Crude Oil Tanker (Танкер для сырой нефти),,11.0,LIBERIA (Либерия),vessel,,333.0,60.0,At Anchor (На якоре),,,
9357640,371907000.0,CECILE,Oil/Chemical Tanker (Нефтеналивной танкер/Химовоз),,4.6,PANAMA (Панама),vessel,,105.11,16.82,At Anchor (На якоре),,,
9357676,355958000.0,SIENE,Oil/Chemical Tanker (Нефтеналивной танкер/Химовоз),,4.6,PANAMA (Панама),vessel,,129.6,20.2,At Anchor (На якоре),,,
9374507,538012234.0,ATLANTIS ARTEMIDA,Oil/Chemical Tanker (Нефтеналивной танкер/Химовоз),,7.9,MARSHALL ISLANDS (Маршалловы Острова),vessel,,183.0,32.2,At Anchor (На якоре),,,
9416329,352002913.0,ABC SUN,Oil/Chemical Tanker (Нефтеналивной танкер/Химовоз),,5.4,PANAMA (Панама),vessel,,109.99,18.2,Stopped (Остановлен),,,
9553282,352001808.0,VEMAGRACE,Oil Products Tanker (Танкер для нефтепродуктов),,6.3,PANAMA (Панама),vessel,,102.7,19.0,At Anchor (На якоре),,,
9438195,565800000.0,MARINE XENA,Oil Products Tanker (Танкер для нефтепродуктов),,4.4,SINGAPORE (Сингапур),vessel,,99.36,38.0,Underway (На ходу),,,
9357585,351310000.0,FALDA,Oil/Chemical Tanker (Нефтеналивной танкер/Химовоз),,4.9,PANAMA (Панама),vessel,,105.11,16.82,At Anchor (На якоре),,,
9513763,636024676.0,NAVE SYNERGY,Crude Oil Tanker (Танкер для сырой нефти),,11.0,LIBERIA (Либерия),vessel,,333.0,60.0,At Anchor (На якоре),,,
9590876,538011730.0,DHT SUNDARBANS,Crude Oil Tanker (Танкер для сырой нефти),,10.7,MARSHALL ISLANDS (Маршалловы Острова),vessel,,333.0,60.05,"Underway using Engine (На ходу, использует двигатель)",,,
9854507,636020376.0,DAS,Crude Oil Tanker (Танкер для сырой нефти),,11.0,LIBERIA (Либерия),vessel,,336.12,60.05,At Anchor (На якоре),,,
9500730,538004577.0,HABRUT,Crude Oil Tanker (Танкер для сырой нефти),,11.0,MARSHALL ISLANDS (Маршалловы Острова),vessel,,333.0,60.36,At Anchor (На якоре),,,
9252436,477832800.0,CALLISTO,Oil/Chemical Tanker (Нефтеналивной танкер/Химовоз),,8.0,HONG KONG (Гонконг),vessel,,182.5,32.2,Not Under Command (Лишено возможности управляться),,,
9306469,352005144.0,CELES,Oil/Chemical Tanker (Нефтеналивной танкер/Химовоз),,11.8,PANAMA (Панама),vessel,,182.43,32.2,At Anchor (На якоре),,,
9605841,636020762.0,MINOAN FALCON,Bulk Carrier (Балкер),,14.3,LIBERIA (Либерия),vessel,,230.0,38.0,At Anchor (На якоре),,,
9238284,352004997.0,BRIZO,LPG Tanker (Танкер для перевозки сжиженного нефтяного газа),,7.8,PANAMA (Панама),vessel,,227.0,36.0,At Anchor (На якоре),,,
9329722,447087000.0,GAS AL NEGEH,LPG Tanker (Танкер для перевозки сжиженного нефтяного газа),,8.0,KUWAIT (Кувейт),vessel,,225.0,36.63,Stopped (Остановлено),,,
9656058,447186000.0,MUTRIBA,Oil/Chemical Tanker (Нефтеналивной танкер/Химовоз),,8.5,KUWAIT (Кувейт),vessel,,185.99,32.2,Stopped (Остановлено),,,
9309227,307210000.0,ELIAH,Oil/Chemical Tanker (Нефтеналивной танкер/Химовоз),,6.5,ARUBA (Аруба),vessel,,177.1,26.27,"Underway using Engine (На ходу, под мотором)",,,
9308766,511101460.0,KANHA,Oil/Chemical Tanker (Нефтеналивной танкер/Химовоз),,5.0,PALAU (Палау),vessel,,127.2,20.4,Underway (На ходу),,,
9177806,352001583.0,LPG SEVAN,LPG Tanker (Танкер для перевозки сжиженного нефтяного газа),,7.2,PANAMA (Панама),vessel,,179.92,27.4,At Anchor (На якоре),,,
9320623,371569000.0,LARA,Oil Products Tanker (Танкер для нефтепродуктов),,5.3,PANAMA (Панама),vessel,,95.41,16.0,Stopped (Остановлено),,,
9379313,538005167.0,NEW FUTURE,Oil/Chemical Tanker (Нефтеналивной танкер/Химовоз),,11.5,MARSHALL ISLANDS (Маршалловы Острова),vessel,,183.0,32.2,Underway (На ходу),,,
9171448,668116257.0,IMPALAS,Crude Oil Tanker (Танкер для перевозки сырой нефти),,11.5,SAO TOME AND PRINCIPE (Сан-Томе и Принсипи),vessel,,332.0,58.04,Stopped (Остановлено),,,
9271896,352004496.0,VOYAGER HAVEN,Oil/Chemical Tanker (Нефтеналивной танкер/Химовоз),,7.5,PANAMA (Панама),vessel,,144.0,21.5,Stopped (Остановлено),,,
9281554,306213000.0,LOUIZA,Oil/Chemical Tanker (Нефтеналивной танкер/Химовоз),,7.0,CURACAO (Кюрасао),vessel,,183.0,32.23,Underway (На ходу),,,
9845233,538008382.0,V.HARMONY,Crude Oil Tanker (Танкер для перевозки сырой нефти),,10.9,MARSHALL ISLANDS (Маршалловы Острова),vessel,,330.0,60.0,Stopped (Остановлено),,,
9457543,636026116.0,GABON PROSPERITY,Crude Oil Tanker (Танкер для перевозки сырой нефти),,11.0,LIBERIA (Либерия),vessel,,330.0,60.0,At Anchor (На якоре),,,
9297319,306268000.0,LORA,Crude Oil Tanker (Танкер для перевозки сырой нефти),,11.0,CURACAO (Кюрасао),vessel,,333.0,58.0,"Underway using Engine (На ходу, работает двигатель)",,,
9441219,314001006.0,CHENG X,Asphalt/Bitumen Tanker (Танкер для перевозки асфальта и битума),,5.8,BARBADOS (Барбадос),vessel,,105.2,18.0,Underway (На ходу),,,
9169770,518101006.0,POSEIDON ECO,Asphalt/Bitumen Tanker (Танкер для перевозки асфальта и битума),,7.2,COOK ISLANDS (Острова Кука),vessel,,144.53,22.5,At Anchor (На якоре),,,
9040883,620000301.0,GAS RAY,LPG/Chemical Tanker (Танкер для перевозки сжиженного газа и химикатов),,4.9,COMOROS (Коморские Острова),vessel,,113.22,18.9,At Anchor (На якоре),,,
9250907,637001134.0,FUYAO,Crude Oil Tanker (Танкер для перевозки сырой нефти),,8.5,GUINEA (Гвинея),vessel,,248.8,42.0,Stopped (Остановлено),,,
9002491,650000169.0,PYRA,LPG Tanker (Танкер для перевозки сжиженного нефтяного газа),,11.3,MOZAMBIQUE (Мозамбик),vessel,,223.99,36.0,"Underway using Engine (На ходу, работает двигатель)",,,
9404572,352001366.0,FOSHAN,Oil/Chemical Tanker (Танкер для перевозки нефти и химикатов),,4.5,PANAMA (Панама),vessel,,110.0,18.62,Stopped (Остановлено),,,
9222649,632001163.0,AL SAFA,Oil Products Tanker (Танкер для перевозки нефтепродуктов),,13.0,GUINEA (Гвинея),vessel,,182.5,32.2,At Anchor (На якоре),,,
9203277,611000293.0,LEXIE,Crude Oil Tanker (Танкер для перевозки сырой нефти),,12.0,BOTSWANA (Ботсвана),vessel,,332.0,58.04,At Anchor (На якоре),,,
9174608,477113200.0,HALIA,Oil/Chemical Tanker (Танкер для перевозки нефти и химикатов),,7.2,HONG KONG (Гонконг),vessel,,183.0,32.2,At Anchor (На якоре),,,
9222649,632001163.0,AL SAFA,Oil Products Tanker (Танкер для перевозки нефтепродуктов),,13.0,GUINEA (Гвинея),vessel,,182.5,32.2,At Anchor (На якоре),,,
9404572,352001366.0,FOSHAN,Oil/Chemical Tanker (Танкер для перевозки нефти и химикатов),,4.5,PANAMA (Панама),vessel,,110.0,18.62,Stopped (Остановлено),,,
9053995,620800194.0,WASEL,Oil Products Tanker (Танкер для перевозки нефтепродуктов),,4.0,COMOROS (Коморы),vessel,,65.0,8.0,"Underway using Engine (На ходу, под мотором)",,,
9206396,477227800.0,MIGHTY NAVIGATOR,LPG Tanker (Танкер для перевозки сжиженного газа),,7.5,HONG KONG (Гонконг),vessel,,230.0,36.6,Moored (Пришвартовано),,,
9849631,447274000.0,GAS UMM AL ROWAISAT,LPG Tanker (Танкер для перевозки сжиженного газа),,7.6,KUWAIT (Кувейт),vessel,,228.45,36.0,Stopped (Остановлено),,,
9595008,447069000.0,BAHRA,Crude Oil Tanker (Танкер для перевозки сырой нефти),,8.7,KUWAIT (Кувейт),vessel,,249.91,42.02,"Underway by Sail (Под парусом — вероятно, системная ошибка AIS при низкой скорости или дрейфе)",,,
9849629,447275000.0,GAS AL AHMADIAH,LPG Tanker (Танкер для перевозки сжиженного газа),,7.7,KUWAIT (Кувейт),vessel,,228.45,36.0,"Underway using Engine (На ходу, под мотором)",,,
9286229,268245201.0,RIEVERIA I,Crude Oil Tanker (Танкер для перевозки сырой нефти),,15.2,SAN MARINO (Сан-Марино),vessel,,274.0,48.04,Not Under Command (Лишено возможности управляться),,,
9088536,647553071.0,SEA BIRD,LPG Tanker (Танкер для перевозки сжиженного газа),,7.6,MADAGASCAR (Мадагаскар),vessel,,230.0,36.6,Stopped (Остановлено),,,
9280873,632001120.0,FURY,Crude Oil Tanker (Танкер для перевозки сырой нефти),,9.5,GUINEA (Гвинея),vessel,,274.0,48.04,Not Under Command (Лишено возможности управляться),,,
9462354,636023517.0,CASTOR I,Crude Oil Tanker (Танкер для перевозки сырой нефти),,8.4,LIBERIA (Либерия),vessel,,228.0,32.24,Underway (На ходу),,,
1062225,620067000.0,FENG FU YOU 8,Oil/Chemical Tanker (Танкер для перевозки нефти и химикатов),,7.0,COMOROS (Коморские острова),vessel,,175.12,28.0,At Anchor (На якоре),,,
9350422,650000174.0,ASTRA,LPG Tanker (Танкер для перевозки сжиженного газа),,8.5,MOZAMBIQUE (Мозамбик),vessel,,225.01,36.53,At Anchor (На якоре),,,
8917807,268752804.0,DOUBLE IN,LPG Tanker (Танкер для перевозки сжиженного газа),,7.5,SAN MARINO (Сан-Марино),vessel,,223.99,36.28,At Anchor (На якоре),,,
9329710,447161000.0,GAS AL KUWAIT II,LPG Tanker (Танкер для перевозки сжиженного газа),,8.5,KUWAIT (Кувейт),vessel,,225.0,36.63,Stopped (Остановлено),,,
9273002,647553004.0,STARBOUND EXPLORER,Chemical Tanker (Химовоз),,6.8,MADAGASCAR (Мадагаскар),vessel,,109.03,18.4,Underway using Engine (На ходу под мотором),,,
9169782,620800114.0,ONYX 2,Oil/Chemical Tanker (Нефтеналивной танкер/Химовоз),,6.8,COMOROS (Коморские острова),vessel,,145.9,22.53,Not Under Command (Лишено возможности управляться),,,
9672301,750067100.0,PEARL,Bunkering Tanker (Бункеровщик),,4.0,GUYANA (Гайана),vessel,,91.2,15.2,Stopped (Остановлено),,,
9176656,307072000.0,ASTRID 1,Tanker (Танкер),,7.4,ARUBA (Аруба),vessel,,,30.0,Stopped (Остановлено),,,
9141962,511101895.0,GAS RGA,LPG Tanker (Танкер для перевозки сжиженного газа),,4.6,PALAU (Палау),vessel,,99.8,16.4,Underway using Engine (На ходу под мотором),,,
1025368,620999173.0,ENERGY TITAN,Oil Products Tanker (Танкер для нефтепродуктов),,5.0,COMOROS (Коморские острова),vessel,,,,,,,
9255933,314001038.0,JIN LI,Crude Oil Tanker (Танкер для перевозки сырой нефти),,7.5,BARBADOS (Барбадос),vessel,,228.6,32.23,Not Under Command (Лишено возможности управляться),,,
9413676,636014491.0,FOS MERCURY,Crude Oil Tanker (Танкер для перевозки сырой нефти),,10.8,LIBERIA (Либерия),vessel,,183.2,32.22,Underway using Engine (На ходу под мотором),,,
9876440,229738000.0,SEADUCHESS,Crude Oil Tanker (Танкер для перевозки сырой нефти),,11.4,MALTA (Мальта),vessel,,333.36,60.05,Underway using Engine (На ходу под мотором),,,
9393682,636023795.0,AL MARYAH,LPG Tanker (Танкер для перевозки сжиженного газа),,8.1,LIBERIA (Либерия),vessel,,226.0,36.6,Underway using Engine (На ходу под мотором),,,
9402794,538003585.0,GAITA,Oil Products Tanker (Танкер для нефтепродуктов),,11.0,MARSHALL ISLANDS (Маршалловы Острова),vessel,,182.5,32.2,Stopped (Остановлено),,,
9223540,632001122.0,RAINE,LPG Tanker (Танкер для перевозки сжиженного газа),,10.7,GUINEA (Гвинея),vessel,,230.0,36.0,Not Under Command (Лишено возможности управляться),,,
9402794,538003585.0,GAITA,Oil Products Tanker (Танкер для нефтепродуктов),,11.0,MARSHALL ISLANDS (Маршалловы Острова),vessel,,182.5,32.2,Stopped (Остановлено),,,
9000883,613490000.0,SEA OPERA,LPG Tanker (Танкер для перевозки сжиженного газа),,8.0,CAMEROON (Камерун),vessel,,224.05,36.0,Not Under Command (Лишено возможности управляться),,,
9870824,538009084.0,SUR,Crude Oil Tanker (Танкер для перевозки сырой нефти),,11.0,MARSHALL ISLANDS (Маршалловы Острова),vessel,,336.0,60.06,Underway using Engine (На ходу под мотором),,,
9133599,352491000.0,PRINCE IX,Oil/Chemical Tanker (Танкер для нефтепродуктов и химикатов),,5.7,PANAMA (Панама),vessel,,105.0,15.8,Underway using Engine (На ходу под мотором),,,
9479553,249672000.0,GUNES K,Oil/Chemical Tanker (Танкер для нефтепродуктов и химикатов),,8.8,MALTA (Мальта),vessel,,149.95,23.0,Underway using Engine (На ходу под мотором),,,
1052880,538012068.0,ATARAKTOS,Crude Oil Tanker (Танкер для перевозки сырой нефти),,9.9,MARSHALL ISLANDS (Маршалловы Острова),vessel,,270.0,48.0,Not Under Command (Лишено возможности управляться),,,
9364239,636020835.0,SOFIA II,Crude Oil Tanker (Танкер для перевозки сырой нефти),,8.2,LIBERIA (Либерия),vessel,,228.6,42.0,Not Under Command (Лишено возможности управляться),,,
9337729,538003360.0,MESAIMEER,LNG Tanker (Танкер для перевозки сжиженного природного газа),,11.5,MARSHALL ISLANDS (Маршалловы Острова),vessel,,315.16,50.0,Underway using Engine (На ходу под мотором),,,
9958640,,,LNG Tanker.,,9.4,HONG KONG (Гонконг).,vessel,,299.0,46.0,На ходу под мотором (Underway using Engine),,,
9848338,538012349.0,MALBEC HORIZON,Oil/Chemical Tanker,,10.0,MARSHALL ISLANDS (Маршалловы Острова),vessel,,182.8,,Underway using Engine (На ходу под мотором),,,
9595618,441205000.0,C. INNOVATOR,Crude Oil Tanker,,11.0,REPUBLIC OF KOREA (Республика Корея),vessel,,,,Underway using Engine (На ходу под мотором),,,
9412452,667001290.0,NILANGA,Oil Products Tanker,,14.2,SIERRA LEONE (Сьерра-Леоне),vessel,,250.0,44.03,Underway using Engine (На ходу под мотором),,,
9378333,477797300.0,SC TIANJIN,Oil/Chemical Tanker,,8.9,HONG KONG (Гонконг),vessel,,127.2,,Underway using Engine (На ходу под мотором),,,
9877183,215730000.0,CAPTAIN LYRISTIS,Crude Oil Tanker,,16.0,MALTA (Мальта),vessel,,274.0,,Underway using Engine (На ходу под мотором),,,
9772345,248113000.0,SAMOS,Crude Oil Tanker,,16.5,MALTA (Мальта),vessel,,274.43,,Underway using Engine (На ходу под мотором),,,
9848338,538012349.0,MALBEC HORIZON,Oil/Chemical Tanker,,10.0,MARSHALL ISLANDS (Маршалловы Острова),vessel,,182.8,,Underway using Engine (На ходу под мотором),,,
9723112,538006816.0,ULYSSES,Crude Oil Tanker,,11.0,MARSHALL ISLANDS (Маршалловы Острова),vessel,,332.97,,Underway using Engine (На ходу под мотором),,,
9474151,352003175.0,HAVEN,Oil/Chemical Tanker,,6.0,PANAMA (Панама),vessel,,127.9,,Underway using Engine (На ходу под мотором),,,
9826720,636018682.0,ALIMEDON,Crude Oil Tanker,,13.6,LIBERIA (Либерия),vessel,,249.99,,Underway using Engine (На ходу под мотором),,,
9292046,613277613.0,NOVA CREST,Oil Products Tanker,,10.4,CAMEROON (Камерун),vessel,,182.32,,Underway using Engine (На ходу под мотором),,,
9672478,455401000.0,NEON,Oil/Chemical Tanker,,9.5,MALDIVES (Мальдивы),vessel,,175.2,,Underway using Engine (На ходу под мотором),,,
9262168,610107205.0,BERG 1,Crude Oil Tanker,,10.5,BENIN (Бенин),vessel,,333.0,,Underway using Engine (На ходу под мотором),,,
9520869,538004854.0,FLAGSHIP IVY,Oil Products Tanker,,13.5,MARSHALL ISLANDS (Маршалловы Острова),vessel,,228.24,,Underway using Engine (На ходу под мотором),,,
1025564,241960000.0,SEA PENGUIN.,Crude Oil Tanker.,,13.9,GREECE (Греция).,vessel,,248.8,,Underway using Engine (На ходу под мотором),,,
9460459,538003277.0,SONGA DIAMOND,Oil/Chemical Tanker,,8.7,MARSHALL ISLANDS (Маршалловы Острова),vessel,,144.0,,Underway using Engine (На ходу под мотором),,,
9792486,538007154.0,ELANDRA FALCON,Crude Oil Tanker,,9.5,MARSHALL ISLANDS (Маршалловы Острова),vessel,,277.0,,Underway using Engine (На ходу под мотором),,,
9340582,538007154.0,ELANDRA FALCON,Crude Oil Tanker,,9.5,MARSHALL ISLANDS (Маршалловы Острова),vessel,,277.0,,Underway using Engine (На ходу под мотором),,,
9276028,273276060.0,PEGASUS,Oil/Chemical Tanker,,9.0,RUSSIA (Россия),vessel,,183.0,,Underway using Engine (На ходу под мотором),,,
9271341,240168000.0,OLYMPIC FLAG.,Crude Oil Tanker.,,9.4,GREECE (Греция).,vessel,,274.0,,Underway using Engine (На ходу под мотором),,,
9772046,538007562.0,PACIFIC JULIA,Oil/Chemical Tanker,,7.8,MARSHALL ISLANDS (Маршалловы Острова),vessel,,219.0,,Underway using Engine (На ходу под мотором),,,
9308132,667002310.0,TEMPEST DREAM.,Crude Oil Tanker.,,8.6,SIERRA LEONE (Сьерра-Леоне).,vessel,,189.0,,Underway using Engine (На ходу под мотором),,,
1145039,352006302.0,GOLDEN WEAL,Tanker,,5.4,PANAMA (Панама),vessel,,113.0,17.0,Not Under Command (Лишено возможности управляться),,,
9425514,538011903.0,JAG PRIYA.,Oil Products Tanker.,,7.0,MARSHALL ISLANDS (Маршалловы Острова).,vessel,,182.5,,Underway using Engine (На ходу под мотором),,,
9308778,650000126.0,AMIL,Oil Products Tanker,,8.0,MOZAMBIQUE (Мозамбик),vessel,,179.99,,Underway using Engine (На ходу под мотором),,,
1024974,636025413.0,KALYMNOS I,Crude Oil Tanker,,14.3,LIBERIA (Либерия),vessel,,243.0,44.03,Underway using Engine (На ходу под мотором),,,
9283617,352002514.0,PS FALCON,Crude Oil Tanker,,7.9,PANAMA (Панама),vessel,,228.6,32.25,Moored (Пришвартовано),,,
9395719,511101929.0,TITAN WAVE.,Oil/Chemical Tanker.,,5.1,PALAU (Палау).,vessel,,122.2,19.05,At Anchor (На якоре),,,
9337315,305333000.0,SENTINEL.,Oil/Chemical Tanker.,,12.5,ANTIGUA AND BARBUDA (Антигуа и Барбуда).,vessel,,183.0,32.2,Underway using Engine (На ходу под мотором),,,
9360336,636022260.0,VALERY ROMA.,Oil/Chemical Tanker.,,8.2,LIBERIA (Либерия).,vessel,,183.21,32.2,Underway using Engine (На ходу под мотором),,,
9247883,667002270.0,SAPNA.,Oil Products Tanker.,,8.0,SIERRA LEONE (Сьерра-Леоне).,vessel,,244.41,41.1,At Anchor (На якоре),,,
9297905,477223300.0,LILIANA.,Crude Oil Tanker.,,8.2,HONG KONG (Гонконг).,vessel,,274.19,48.05,At Anchor (На якоре),,,
9825051,563059400.0,MARGHERITA COSULICH.,Bunkering Tanker.,,6.9,SINGAPORE (Сингапур).,vessel,,114.99,19.24,At Anchor (На якоре),,,
9275983,511101620.0,ROSE 25.,Oil Products Tanker.,,11.7,PALAU (Палау).,vessel,,180.0,32.23,Moored (Пришвартовано),,,
9322982,353131000.0,DALIA.,Oil/Chemical Tanker.,,5.0,PANAMA (Панама).,vessel,,,,Stopped (Остановлено),,,
9331153,667001249.0,MAYLO.,Crude Oil Tanker.,,7.9,SIERRA LEONE (Сьерра-Леоне).,vessel,,249.0,43.84,Moored (Пришвартовано),,,
9342932,511101980.0,ASPIRE I.,Oil Products Tanker.,,4.0,PALAU (Палау).,vessel,,117.75,17.6,Moored (Пришвартовано),,,
9534781,447025000.0,UMM AL AISH.,Crude Oil Tanker.,,11.0,KUWAIT (Кувейт).,vessel,,332.0,60.0,Moored (Пришвартовано),,,
9197844,610107156.0,HORNET.,Crude Oil Tanker (Танкер для сырой нефти).,,10.7,BENIN (Бенин).,vessel,,330.0,60.0,At Anchor (На якоре),,,
9810381,241576000.0,MARAN APHRODITE.,Crude Oil Tanker.,,19.9,GREECE (Греция).,vessel,,336.0,60.0,At Anchor (На якоре),,,
1038884,636024742.0,ALIAKMON I.,Crude Oil Tanker.,,20.1,LIBERIA (Либерия).,vessel,,,,Moored (Пришвартовано),,,
9597006,636015166.0,FLEVES.,Crude Oil Tanker.,,9.0,LIBERIA (Либерия).,vessel,,274.34,48.04,Underway using Engine (В пути под двигателем),,,
9340702,477684300.0,SC BRILLIANT.,Oil/Chemical Tanker.,,8.9,HONG KONG (Гонконг).,vessel,,144.09,24.2,Underway using Engine (В пути под двигателем),,,
9787194,241614000.0,MINERVA OLYMPIA.,Crude Oil Tanker.,,8.2,GREECE (Греция).,vessel,,250.0,44.04,Underway using Engine (В пути под двигателем),,,
9787170,241574000.0,MINERVA KARTERIA.,Crude Oil Tanker (Танкер для сырой нефти).,,8.2,GREECE (Греция).,vessel,,,44.0,Underway using Engine (В пути под двигателем),,,
9745225,241444000.0,AEGEAN MARATHON.,Crude Oil Tanker.,,9.0,GREECE (Греция).,vessel,,274.0,48.0,Underway using Engine (В пути под двигателем),,,
9223851,636022150.0,JAL KISAN.,Chemical Tanker.,,10.5,LIBERIA (Либерия).,vessel,,170.15,27.2,Underway using Engine (В пути под двигателем),,,
9319870,613003573.0,MAINI,Crude Oil Tanker,,8.0,CAMEROON (Камерун),vessel,,249.0,44.03,Underway using Engine (В пути под двигателем),,,
9577111,538010840.0,SILVERLIGHT.,Crude Oil Tanker.,,11.8,MARSHALL ISLANDS (Маршалловы Острова).,vessel,,228.5,32.24,Underway using Engine (В пути под двигателем),,,
9327138,477067600.0,SEA DELTA.,Oil/Chemical Tanker.,,5.5,HONG KONG (Гонконг).,vessel,,144.03,23.0,Underway using Engine (В пути под двигателем),,,
9304332,314116000.0,AURELIAN,Oil/Chemical Tanker,,8.3,BARBADOS (Барбадос),vessel,,145.53,,Underway using Engine (В пути под двигателем),,,
9269245,352001515.0,BLUE STAR II.,Crude Oil Tanker.,,8.0,PANAMA (Панама).,vessel,,228.0,32.0,Underway using Engine (В пути под двигателем),,,
9411343,538008332.0,YANNIS P.,Crude Oil Tanker.,,9.3,MARSHALL ISLANDS (Маршалловы Острова).,vessel,,274.0,48.04,Underway using Engine (В пути под двигателем),,,
9419450,374987000.0,JEWEL.,Crude Oil Tanker.,,14.3,PANAMA (Панама).,vessel,,248.96,43.84,Underway using Engine (В пути под двигателем),,,
9291286,477156500.0,FLORA.,Crude Oil Tanker.,,11.0,HONG KONG (Гонконг).,vessel,,333.0,60.04,Underway using Engine (В пути под двигателем),,,
9268112,650000125.0,ALBA.,Crude Oil Tanker.,,8.0,MOZAMBIQUE (Мозамбик).,vessel,,241.0,42.0,Underway using Engine (В пути под двигателем),,,
9290397,511101057.0,STORMBRINGER,Crude Oil Tanker,,14.6,PALAU (Палау),vessel,,274.47,48.04,Underway using Engine (В пути под двигателем),,,
9390628,636026140.0,SKIROS.,Crude Oil Tanker.,,15.0,LIBERIA (Либерия).,vessel,,274.7,48.03,Underway using Engine (В пути под двигателем),,,
9614048,412487000.0,HE PING HAI.,Crude Oil Tanker.,,20.4,CHINA (Китай).,vessel,,332.95,60.4,Underway using Engine (В пути под двигателем),,,
9389100,613411302.0,SMYRTOS.,Crude Oil Tanker.,,8.0,CAMEROON (Камерун).,vessel,,243.8,42.0,Underway using Engine (В пути под двигателем),,,
9776731,249811000.0,MALIBU.,Crude Oil Tanker.,,15.5,MALTA (Мальта).,vessel,,274.39,49.0,Underway using Engine (В пути под двигателем),,,
9271585,273274930.0,KOMANDER.,Crude Oil Tanker.,,13.3,RUSSIA (Россия).,vessel,,274.0,48.04,Underway using Engine (В пути под двигателем),,,
1017048,241959000.0,METRO MISTRAL,Oil/Chemical Tanker,,8.5,GREECE (Греция),vessel,,227.9,36.0,Underway using Engine (В пути под двигателем),,,
9273636,572142220.0,SPICA.,Oil/Chemical Tanker.,,11.2,TUVALU (Тувалу).,vessel,,183.0,32.2,Underway using Engine (В пути под двигателем),,,
9326938,311001780.0,PACIFIC ADVENTURE.,Oil/Chemical Tanker.,,12.6,BAHAMAS (Багамские Острова).,vessel,,182.9,32.22,Underway using Engine (В пути под двигателем),,,
9358644,477243800.0,SEA HARVEST.,Oil/Chemical Tanker.,,6.4,HONG KONG (Гонконг).,vessel,,144.09,24.2,Underway using Engine (В пути под двигателем),,,
9800568,241079000.0,MINERVA ZOE.,Crude Oil Tanker.,,12.7,GREECE (Греция).,vessel,,249.95,44.06,Underway using Engine (В пути под двигателем),,,
9575096,477728200.0,HARBOUR SPLENDOR.,Crude Oil Tanker.,,20.6,HONG KONG (Гонконг).,vessel,,330.0,59.99,Underway using Engine (В пути под двигателем),,,
9297486,419532000.0,DESH UJAALA.,Crude Oil Tanker.,,11.0,INDIA (Индия).,vessel,,333.11,60.05,Underway using Engine (В пути под двигателем),,,
9399935,636019627.0,MICA.,Oil/Chemical Tanker.,,11.5,LIBERIA (Либерия).,vessel,,183.0,32.21,Underway using Engine (В пути под двигателем),,,
9280586,357003744.0,NILE.,Oil Products Tanker.,,8.0,PANAMA (Панама).,vessel,,227.83,32.24,Underway using Engine (В пути под двигателем),,,
9535797,477712900.0,NEW PEACE,Crude Oil Tanker,,11.0,HONG KONG (Гонконг),vessel,,330.0,60.0,Underway using Engine (В пути под двигателем),,,
9339337,461000249.0,LAVENDER.,Crude Oil Tanker.,,8.0,OMAN (Оман).,vessel,,248.96,43.84,Underway using Engine (В пути под двигателем),,,
9319674,631010074.0,NIGHT GLORY.,Oil Products Tanker.,,14.5,EQUATORIAL GUINEA (Экваториальная Гвинея).,vessel,,244.6,42.03,Underway using Engine (В пути под двигателем),,,
9610810,273298810.0,VIKTOR BAKAEV.,Crude Oil Tanker.,,12.8,RUSSIA (Россия).,vessel,,249.9,46.04,Underway using Engine (В пути под двигателем),,,
9792266,538012368.0,LEICESTER.,Crude Oil Tanker.,,20.0,MARSHALL ISLANDS (Маршалловы Острова).,vessel,,333.0,60.0,Underway using Engine (В пути под двигателем),,,
9319882,273272850.0,GEFEST.,Crude Oil Tanker.,,14.0,RUSSIA (Россия).,vessel,,249.0,44.04,Underway using Engine (В пути под двигателем),,,
1016214,636023092.0,KEDROS,Crude Oil Tanker,,14.4,LIBERIA (Либерия),vessel,,249.9,44.04,Underway using Engine (В пути под двигателем),,,
9311622,461000242.0,DINASTY.,Crude Oil Tanker.,,12.2,OMAN (Оман).,vessel,,280.5,50.06,Underway using Engine (В пути под двигателем),,,
9304629,613471907.0,CHENG HE.,Crude Oil Tanker.,,8.5,CAMEROON (Камерун).,vessel,,277.0,50.0,Underway using Engine (В пути под двигателем),,,
9348479,613277600.0,LUCKY FAIRY.,Crude Oil Tanker.,,8.0,CAMEROON (Камерун).,vessel,,248.95,43.8,Underway using Engine (В пути под двигателем),,,
9272503,477928800.0,KUN PENG.,Oil/Chemical Tanker.,,7.0,HONG KONG (Гонконг).,vessel,,179.88,32.2,Underway using Engine (В пути под двигателем),,,
9360453,463075101.0,MARDAN.,Crude Oil Tanker.,,8.6,PAKISTAN (Пакистан).,vessel,,246.8,42.0,Underway using Engine (В пути под двигателем),,,
9306782,273257910.0,KARELIYA,Crude Oil Tanker,,8.3,RUSSIA (Россия),vessel,,244.0,42.03,Underway using Engine (В пути под двигателем),,,
9315082,477007600.0,ERECTER.,Crude Oil Tanker.,,11.0,HONG KONG (Гонконг).,vessel,,332.0,58.0,Underway using Engine (В пути под двигателем),,,
9309576,649113000.0,SILVER,Oil/Chemical Tanker,,11.0,MALI (Мали),vessel,,182.5,32.23,Stopped (Остановлено),,,
9247077,477625100.0,GLORIA.,Oil/Chemical Tanker.,,12.6,HONG KONG (Гонконг).,vessel,,183.02,32.23,Underway using Engine (В пути под двигателем),,,
9260055,629009386.0,DORIN.,Oil/Chemical Tanker.,,5.7,GAMBIA (Гамбия).,vessel,,175.93,31.0,At Anchor (На якоре),,,
9198290,629009783.0,MD MIRANDA.,Oil/Chemical Tanker.,,12.2,GAMBIA (Гамбия).,vessel,,182.94,32.2,At Anchor (На якоре),,,
9325336,371394000.0,EL GAIA.,Oil Products Tanker.,,12.3,PANAMA (Панама).,vessel,,179.99,32.2,At Anchor (На якоре),,,
9198290,629009783.0,MD MIRANDA.,Oil/Chemical Tanker.,,12.2,GAMBIA (Гамбия).,vessel,,182.94,32.2,At Anchor (На якоре),,,
9189134,636022009.0,RED SEA II.,Crude Oil Tanker.,,8.0,LIBERIA (Либерия).,vessel,,228.5,32.24,At Anchor (На якоре),,,
9012501,620094000.0,VER.,Bunkering Tanker.,,8.5,COMOROS (Коморы).,vessel,,62.0,13.0,At Anchor (На якоре),,,
9437658,215203000.0,SERENO.,Oil Products Tanker.,,12.4,MALTA (Мальта).,vessel,,228.0,32.24,At Anchor (На якоре),,,
9313113,352001769.0,ALJAZIAH.,Oil/Chemical Tanker.,,6.2,PANAMA (Панама).,vessel,,145.6,22.03,At Anchor (На якоре),,,
9324459,538008757.0,COSMOGRAPH.,Oil Products Tanker.,,11.7,MARSHALL ISLANDS (Маршалловы Острова).,vessel,,182.5,32.23,Stopped (Остановлено),,,
9849394,636018901.0,CLEAROCEAN MIRACLE.,Oil/Chemical Tanker.,,12.2,LIBERIA (Либерия).,vessel,,182.9,32.23,At Anchor (На якоре),,,
9387164,357132000.0,MAXIMUS.,Oil Products Tanker.,,4.7,PANAMA (Панама).,vessel,,115.0,17.6,At Anchor (На якоре),,,
9166156,647553072.0,BERBERA STAR 7.,Oil/Chemical Tanker.,,9.0,MADAGASCAR (Мадагаскар).,vessel,,132.0,24.02,At Anchor (На якоре),,,
9246798,477630700.0,GOLDEN GLORY.,Oil/Chemical Tanker (Tanker - Hazard B).,,11.5,HONG KONG (Гонконг).,vessel,,183.0,32.2,Underway using Engine (В пути под мотором),,,
9312896,273257030.0,KRASNOYARSK.,Crude Oil Tanker.,,8.2,RUSSIA (Россия).,vessel,,244.0,42.0,Underway using Engine (В пути под мотором),,,
9321706,273273450.0,LIDER.,Crude Oil Tanker.,,14.1,RUSSIA (Россия).,vessel,,274.2,48.0,Underway using Engine (В пути под мотором),,,
9220914,518919247.0,BENTLEY.,Oil/Chemical Tanker.,,7.5,COOK ISLANDS (Острова Кука).,vessel,,176.0,31.0,Underway using Engine (В пути под мотором),,,
9243150,525012284.0,SUCCESS FORTUNE XL.,Crude Oil Tanker (Tanker - Hazard A (Major)).,,21.5,INDONESIA (Индонезия).,vessel,,332.07,58.04,Underway using Engine (В пути под мотором),,,
9837626,440265000.0,UNIVERSAL CREATOR.,Crude Oil Tanker.,,21.0,REPUBLIC OF KOREA (Республика Корея).,vessel,,,,Underway using Engine (В пути под мотором),,,
9163283,352978269.0,SEASTAR 1.,Chemical Tanker.,,6.4,PANAMA (Панама).,vessel,,175.0,30.0,Underway using Engine (В пути под мотором),,,
9607710,373594000.0,SEA STAR.,Crude Oil Tanker.,,13.9,PANAMA (Панама).,vessel,,250.0,44.0,Underway using Engine (В пути под мотором),,,
9299769,631010100.0,AQUATICA.,Crude Oil Tanker.,,13.6,EQUATORIAL GUINEA (Экваториальная Гвинея).,vessel,,243.96,42.03,Underway using Engine (В пути под мотором),,,
9249128,273259630.0,SAKHALIN.,Crude Oil Tanker.,,8.2,RUSSIA (Россия).,vessel,,247.24,42.0,Underway using Engine (В пути под мотором),,,
9913511,463093101.0,LAHORE.,Crude Oil Tanker.,,11.4,PAKISTAN (Пакистан).,vessel,,237.0,44.04,Underway using Engine (В пути под мотором),,,
9140451,620800275.0,SEA ROCK.,Oil/Chemical Tanker.,,7.5,COMOROS (Коморы).,vessel,,138.62,22.0,Underway using Engine (В пути под мотором),,,
9323948,636018944.0,YEMEN.,Crude Oil Tanker.,,17.7,LIBERIA (Либерия).,vessel,,333.0,58.05,At Anchor (На якоре),,,
9409467,632001125.0,PRAVASI.,Oil Products Tanker.,,14.0,GUINEA (Гвинея).,vessel,,228.0,32.26,At Anchor (На якоре),,,
9431381,215401000.0,AFRA ROSSI.,Crude Oil Tanker.,,12.4,MALTA (Мальта).,vessel,,250.0,44.04,Underway using Engine (В пути под мотором),,,
9389679,667002240.0,BULLAR.,Crude Oil Tanker.,,8.2,SIERRA LEONE (Сьерра-Леоне).,vessel,,250.0,44.0,Underway using Engine (В пути под мотором),,,
9690846,255915899.0,STI BROADWAY.,Crude Oil Tanker.,,8.6,PORTUGAL (Португалия).,vessel,,255.9,43.0,Underway using Engine (В пути под мотором),,,
9294587,354433000.0,COSGRACE LAKE.,Crude Oil Tanker.,,11.0,PANAMA (Панама).,vessel,,329.99,60.04,Underway using Engine (В пути под мотором),,,
9903413,463092101.0,KARACHI.,Crude Oil Tanker.,,8.3,PAKISTAN (Пакистан).,vessel,,237.0,44.04,Underway using Engine (В пути под мотором),,,
9311713,538008336.0,SAPSAN.,Crude Oil Tanker.,,7.9,MARSHALL ISLANDS (Маршалловы Острова).,vessel,,183.37,32.25,Underway using Engine (В пути под мотором),,,
9403542,636013354.0,LEADER.,Crude Oil Tanker.,,12.5,LIBERIA (Либерия).,vessel,,228.0,32.24,Underway using Engine (В пути под мотором),,,
9318008,636024741.0,MINERVA VASO.,Oil/Chemical Tanker.,,8.0,LIBERIA (Либерия).,vessel,,183.0,32.25,Underway using Engine (В пути под мотором),,,
9420629,538009850.0,SEA VALIANT.,Crude Oil Tanker.,,14.3,MARSHALL ISLANDS (Маршалловы Острова).,vessel,,244.0,42.03,Underway using Engine (В пути под мотором),,,
9719410,636021773.0,POINTIS.,LPG Tanker.,,9.1,LIBERIA (Либерия).,vessel,,225.13,36.6,At Anchor (На якоре),,,
9311713,538008336.0,,Crude Oil Tanker (Танкер для перевозки сырой нефти).,,7.9,MARSHALL ISLANDS (Маршалловы Острова).,vessel,,183.37,32.25,Underway using Engine (В пути под мотором),,,
9403542,636013354.0,LEADER.,Crude Oil Tanker.,,12.5,LIBERIA (Либерия).,vessel,,228.0,32.24,Underway using Engine (В пути под мотором),,,
9363845,636023447.0,QD SUMMER.,,,8.9,LIBERIA (Либерия).,vessel,,145.53,24.0,Underway using Engine (В пути под мотором),,,
9734408,311000360.0,LYRIC MAGNOLIA.,,,8.8,BAHAMAS (Багамские Острова).,vessel,,250.0,44.0,Underway using Engine (В пути под мотором),,,
9324320,305255000.0,MARALTA.,,,8.0,ANTIGUA AND BARBUDA (Антигуа и Барбуда).,vessel,,228.6,32.29,Underway using Engine (В пути под мотором),,,
9332834,667001245.0,MYSTERY.,,,8.0,SIERRA LEONE (Сьерра-Леоне).,vessel,,244.0,42.0,Underway using Engine (В пути под мотором),,,
9336983,636025948.0,POROS.,Crude Oil Tanker (Танкер для перевозки сырой нефти).,,8.3,LIBERIA (Либерия).,vessel,,274.2,48.04,Underway using Engine (В пути под мотором),,,
9381768,538008670.0,VELOS LEO.,,,7.0,MARSHALL ISLANDS (Маршалловы Острова).,vessel,,183.21,32.2,Underway using Engine (В пути под мотором),,,
9411317,403513001.0,NCC AMAL.,,,8.0,SAUDI ARABIA (Саудовская Аравия).,vessel,,183.0,32.23,Underway using Engine (В пути под мотором),,,
9434620,636014485.0,NEW RESOURCE.,,,20.5,LIBERIA (Либерия).,vessel,,330.0,60.0,Underway using Engine (В пути под мотором),,,
9332834,667001245.0,MYSTERY.,,,8.0,SIERRA LEONE (Сьерра-Леоне).,vessel,,244.0,42.0,Underway using Engine (В пути под мотором),,,
9252943,620900005.0,ALBARRAQ Z.,,,13.3,COMOROS (Коморы).,vessel,,228.0,32.24,Stopped (Остановлено),,,
9335094,,VARG.,,,12.2,MYANMAR (Мьянма).,vessel,,183.0,32.0,Underway (В пути),,,
9407835,636014043.0,SCIROCCO.,,,8.2,LIBERIA (Либерия).,vessel,,228.0,32.6,Underway using Engine (В пути под мотором),,,
9415404,642122016.0,AL AGAILA.,,,9.3,LIBYA (Ливия).,vessel,,274.19,50.0,Underway using Engine (В пути под мотором),,,
1062237,538011541.0,ECO TEXIANA.,,,7.2,MARSHALL ISLANDS (Маршалловы Острова).,vessel,,114.7,20.0,Underway (В пути),,,
9282558,352003819.0,REVOLINER.,,,11.8,PANAMA (Панама).,vessel,,179.9,32.2,Underway (В пути),,,
9281932,352004560.0,SEA ROCK.,,,11.6,PANAMA (Панама).,vessel,,183.0,32.23,Underway (В пути),,,
9969833,563248200.0,GAS ARCTURUS.,,,8.2,SINGAPORE (Сингапур).,vessel,,230.0,36.63,Underway using Engine (В пути под мотором),,,
9318034,613003744.0,SARD.,,,12.7,CAMEROON (Камерун).,vessel,,183.0,32.2,Underway using Engine (В пути под мотором),,,
9697430,353952000.0,NAVE PYXIS.,,,10.5,PANAMA (Панама).,vessel,,183.1,32.2,Underway using Engine (В пути под мотором),,,
9314882,613411500.0,RUNA.,,,11.5,CAMEROON (Камерун).,vessel,,182.55,27.37,At Anchor (На якоре),,,
9405849,370985000.0,MATRAH.,,,7.6,PANAMA (Панама).,vessel,,183.0,32.24,Underway using Engine (В пути под мотором),,,
9266774,311001979.0,EVER VICT.,,,7.4,BAHAMAS (Багамы).,vessel,,228.5,32.2,Underway using Engine (В пути под мотором),,,
9408205,613741800.0,NELSA.,,,9.3,CAMEROON (Камерун).,vessel,,274.0,48.0,Underway using Engine (В пути под мотором),,,
9424209,636014465.0,ORIENTAL ARK.,,,10.5,LIBERIA (Либерия).,vessel,,332.76,60.0,Underway using Engine (В пути под мотором),,,
9389772,477595500.0,XIN YUE YANG.,,,11.0,HONG KONG (Гонконг).,vessel,,330.0,60.0,Underway using Engine (В пути под мотором),,,
9705885,249295000.0,ELKA ASTIR.,,,10.4,MALTA (Мальта).,vessel,,189.0,35.0,Underway using Engine (В пути под мотором),,,
9788966,636020292.0,SATMAR.,,,8.2,LIBERIA (Либерия).,vessel,,147.0,23.0,Underway using Engine (В пути под мотором),,,
9306457,352003184.0,ANNABEL.,,,12.2,PANAMA (Панама).,vessel,,182.5,32.2,Underway using Engine (В пути под мотором),,,
9327360,273275160.0,CROCO.,,,10.0,RUSSIA (Россия).,vessel,,183.0,27.37,Stopped (Остановлено),,,
9410624,636023743.0,GAS MELODY.,,,8.7,LIBERIA (Либерия).,vessel,,159.97,25.62,Underway using Engine (В пути под мотором),,,
9276016,630001214.0,GLOBAL B.,,,12.2,GUINEA BISSAU (Гвинея-Бисау).,vessel,,183.0,32.24,Underway using Engine (В пути под мотором),,,
9396763,352004858.0,AUTAN.,,,11.9,PANAMA (Панама).,vessel,,183.0,32.2,Underway using Engine (В пути под мотором),,,
9323340,613471021.0,ROYAL ICE.,,,12.3,CAMEROON (Камерун).,vessel,,185.19,32.24,Restricted Manoeuvrability (Ограниченная маневренность),,,
9362372,477966300.0,BLOSSOM GLORY.,,,8.0,HONG KONG (Гонконг).,vessel,,183.0,32.24,Underway using Engine (В пути под мотором),,,
1030076,636025227.0,CAMARO.,,,12.4,LIBERIA (Либерия).,vessel,,227.9,36.0,Underway using Engine (В пути под мотором),,,
8914829,620999154.0,BURAAQ.,,,8.3,COMOROS (Коморы).,vessel,,145.0,22.5,Not Under Command (Лишено возможности управляться),,,
9298351,352003628.0,DOLPHIN 08.,,,9.7,PANAMA (Панама).,vessel,,164.34,23.44,Underway using Engine (В пути под мотором),,,
1024948,636025214.0,RODOS.,,,8.8,LIBERIA (Либерия).,vessel,,249.8,44.03,Underway using Engine (В пути под мотором),,,
9309588,273273750.0,SYMPHONY.,,,10.1,RUSSIA (Россия).,vessel,,182.5,32.23,Underway using Engine (В пути под мотором),,,
9318541,273271160.0,SERENADE.,,,11.0,RUSSIA (Россия).,vessel,,182.5,32.23,Underway using Engine (В пути под мотором),,,
9935595,636021772.0,BOUVARDIA.,,,12.2,LIBERIA (Либерия).,vessel,,249.9,44.03,Underway using Engine (В пути под мотором),,,
9334325,249907000.0,SARACENA.,,,6.0,MALTA (Мальта).,vessel,,155.2,25.6,Underway using Engine (В пути под мотором),,,
9705914,636016776.0,ELKA ELEFSIS.,,,11.1,LIBERIA (Либерия).,vessel,,189.0,35.0,Underway using Engine (В пути под мотором),,,
9501643,403793001.0,AL SAFA.,,,5.8,SAUDI ARABIA (Саудовская Аравия).,vessel,,101.39,19.05,At Anchor (На якоре),,,
9186728,403138000.0,AL AMAL AL SAUDI.,,,5.5,SAUDI ARABIA (Саудовская Аравия).,vessel,,145.56,19.6,At Anchor (На якоре),,,
9215024,403010000.0,AL BARQ AL SAUDI.,,,2.6,SAUDI ARABIA (Саудовская Аравия).,vessel,,99.85,12.21,At Anchor (На якоре),,,
9033919,403243770.0,SPARTAKOS.,,,7.8,SAUDI ARABIA (Саудовская Аравия).,vessel,,142.4,23.0,At Anchor (На якоре),,,
9136797,403058000.0,AL MAJD AL SAUDI.,,,4.0,SAUDI ARABIA (Саудовская Аравия).,vessel,,104.95,16.0,Stopped (Остановлено),,,
9325958,403070000.0,AL ZARANDI.,,,7.0,SAUDI ARABIA (Саудовская Аравия).,vessel,,101.39,19.05,At Anchor (На якоре),,,
9393292,403263670.0,MARWAH 9.,,,5.3,SAUDI ARABIA (Саудовская Аравия).,vessel,,104.91,16.0,At Anchor (На якоре),,,
9417957,209773000.0,HALKI.,,,6.2,CYPRUS (Кипр).,vessel,,102.5,18.16,Moored (Пришвартовано),,,
9185578,403062000.0,AL SUMUO AL SAUDI.,,,5.4,SAUDI ARABIA (Саудовская Аравия).,vessel,,105.0,16.0,Stopped (Остановлено),,,
9186728,403138000.0,AL AMAL AL SAUDI.,,,5.5,SAUDI ARABIA (Саудовская Аравия).,vessel,,145.56,19.6,At Anchor (На якоре),,,
9655602,636016724.0,ELKA COSMOS.,,,11.2,LIBERIA (Либерия).,vessel,,189.0,35.0,At Anchor (На якоре),,,
9346079,538009637.0,START.,,,11.2,MARSHALL ISLANDS (Маршалловы Острова).,vessel,,183.0,32.2,Stopped (Остановлено),,,
9394741,403465000.0,MIRAJ.,,,6.5,SAUDI ARABIA (Саудовская Аравия).,vessel,,101.39,19.05,Stopped (Остановлено),,,
9382152,354011000.0,LEROS.,,,5.7,PANAMA (Панама).,vessel,,102.71,18.14,At Anchor (На якоре),,,
9753557,241501000.0,RELIABLE WARRIOR.,,,9.0,GREECE (Греция).,vessel,,274.22,48.0,"Underway using Engine (На ходу, используется двигатель)",,,
9582738,352004266.0,NOVA 1.,,,7.3,PANAMA (Панама).,vessel,,139.3,,"Underway using Engine (На ходу, используется двигатель)",,,
9753557,241501000.0,RELIABLE WARRIOR.,Танкер для перевозки сырой нефти (Crude Oil Tanker).,,9.0,Греция (GREECE).,vessel,,274.22,48.0,,,,
9241085,352002802.0,YOKO 1.,,,7.0,PANAMA (Панама).,vessel,,182.0,32.23,"Underway using Engine (На ходу, используется двигатель)",,,
1021776,636024787.0,LAMU.,,,8.7,LIBERIA (Либерия).,vessel,,249.0,44.0,"Underway using Engine (На ходу, используется двигатель)",,,
9697430,353952000.0,NAVE PYXIS.,,,10.5,PANAMA (Панама).,vessel,,183.1,32.2,"Underway using Engine (На ходу, используется двигатель)",,,
9693082,249279000.0,YPAPANTI.,,,8.2,MALTA (Мальта).,vessel,,249.9,44.0,"Underway using Engine (На ходу, используется двигатель)",,,
9455818,636014998.0,KUDURO.,,,9.0,LIBERIA (Либерия).,vessel,,183.0,32.23,"Underway using Engine (На ходу, используется двигатель)",,,
9308144,538012236.0,SAM MAJESTY.,Танкер для перевозки сырой нефти (Crude Oil Tanker).,,8.4,Маршалловы Острова (MARSHALL ISLANDS).,vessel,,,32.23,На ходу под двигателем (Underway using Engine),,,
9401154,248416000.0,NAMRATA.,,,12.2,MALTA (Мальта).,vessel,,244.0,42.0,Moored (Пришвартовано),,,
9239939,403097001.0,DESERT ROSE.,,,8.5,SAUDI ARABIA (Саудовская Аравия).,vessel,,248.0,43.04,Moored (Пришвартовано),,,
9295452,248888000.0,TRANS EMERALD.,,,5.5,MALTA (Мальта).,vessel,,115.0,18.83,Stopped (Остановлено),,,
9459096,351695000.0,NAVE ORION.,,,8.0,PANAMA (Панама).,vessel,,183.1,32.0,Underway (На ходу),,,
9405849,370985000.0,MATRAH.,,,7.6,PANAMA (Панама).,vessel,,183.0,32.24,Stopped (Остановлено),,,
9524970,403499000.0,WEDYAN.,Танкер для перевозки сырой нефти (Crude Oil Tanker).,,10.3,Саудовская Аравия (SAUDI ARABIA).,vessel,,,60.0,На ходу под двигателем (Underway using Engine),,,
9413028,255915925.0,BLUE SEA.,,,8.0,PORTUGAL (Португалия).,vessel,,228.6,42.04,Underway using Engine (На ходу под двигателем),,,
9386938,403522001.0,JANA.,,,10.8,SAUDI ARABIA (Саудовская Аравия).,vessel,,333.04,,Underway using Engine (На ходу под двигателем),,,
9978377,311001562.0,EROTOKRITOS.,,,14.1,BAHAMAS (Багамы).,vessel,,243.8,44.0,Underway using Engine (На ходу под двигателем),,,
9413028,255915925.0,BLUE SEA,,,8.0,PORTUGAL (Португалия),vessel,,228.6,42.04,Underway using Engine (На ходу под двигателем),,,
9384215,403562000.0,KHUZAMA.,,,11.0,SAUDI ARABIA (Саудовская Аравия).,vessel,,333.0,60.0,Underway using Engine (На ходу под двигателем),,,
9407835,636014043.0,SCIROCCO.,,,8.2,LIBERIA (Либерия).,vessel,,228.0,32.6,Underway using Engine (На ходу под двигателем),,,
9509023,636014253.0,PISSIOTIS.,,,15.6,LIBERIA (Либерия).,vessel,,274.2,50.04,Underway using Engine (На ходу под двигателем),,,
9323766,636021007.0,T VEGA.,,,5.8,LIBERIA (Либерия).,vessel,,141.0,24.2,Underway using Engine (На ходу под двигателем),,,
9693745,403644001.0,AMZAN.,,,10.8,SAUDI ARABIA (Саудовская Аравия).,vessel,,333.0,60.0,Underway using Engine (На ходу под двигателем),,,
9705897,636016723.0,ELKA BREEZE.,,,8.2,LIBERIA (Либерия).,vessel,,189.0,35.0,Underway using Engine (На ходу под двигателем),,,
9484730,403536000.0,NISALAH.,,,10.8,SAUDI ARABIA (Саудовская Аравия).,vessel,,333.0,60.23,Underway using Engine (На ходу под двигателем),,,
9424209,636014465.0,ORIENTAL ARK.,,,10.5,LIBERIA (Либерия).,vessel,,339.76,60.0,Underway using Engine (На ходу под двигателем),,,
9484730,403536000.0,NISALAH.,,,10.8,SAUDI ARABIA (Саудовская Аравия).,vessel,,333.0,60.23,Underway using Engine (На ходу под двигателем),,,
9830824,403579000.0,UQAB.,,,11.0,SAUDI ARABIA (Саудовская Аравия).,vessel,,,,Underway using Engine (На ходу под двигателем),,,
9484728,403638000.0,GHINAH.,Tanker / Crude Oil Tanker.,,10.9,SAUDI ARABIA (Саудовская Аравия).,vessel,,,,Underway using Engine (На ходу под двигателем),,,
9413028,255915925.0,BLUE SEA.,,,8.0,PORTUGAL (Португалия).,vessel,,228.6,42.04,Underway using Engine (На ходу под двигателем),,,
9705897,636016723.0,ELKA BREEZE.,,,8.2,LIBERIA (Либерия).,vessel,,189.0,35.0,Underway using Engine (На ходу под двигателем),,,
9783708,403798001.0,QAMRAN.,,,10.6,SAUDI ARABIA (Саудовская Аравия).,vessel,,332.97,60.04,Underway using Engine (На ходу под двигателем),,,
9389071,352005354.0,TANGO 2.,,,8.0,PANAMA (Панама).,vessel,,243.0,42.0,Underway using Engine (На ходу под двигателем),,,
9856622,248962000.0,HAFNIA GUANGZHOU.,,,8.8,MALTA (Мальта).,vessel,,228.39,38.04,Underway using Engine (На ходу под двигателем),,,
9440473,538003856.0,ALTESSE.,,,8.4,MARSHALL ISLANDS (Маршалловы Острова).,vessel,,228.0,32.24,Underway using Engine (На ходу под двигателем),,,
9288942,352003888.0,CHERRY TONDA.,,,11.0,PANAMA (Панама).,vessel,,176.0,31.0,Underway using Engine (На ходу под двигателем),,,
9595632,566855000.0,HAFNIA PIONEER.,,,8.5,SINGAPORE (Сингапур).,vessel,,227.9,37.0,Moored (Пришвартовано),,,
9476135,538003113.0,MELODY.,,,7.2,MARSHALL ISLANDS (Маршалловы Острова).,vessel,,183.0,27.4,Moored (Пришвартовано),,,
9917842,403642000.0,AMIRA.,,,9.3,SAUDI ARABIA (Саудовская Аравия).,vessel,,183.06,35.04,Moored (Пришвартовано),,,
9382190,236705000.0,PAXOI.,,,6.9,GIBRALTAR (Гибралтар).,vessel,,102.7,17.82,At Anchor (На якоре),,,
1045980,538011455.0,ADVANTAGE PASSION.,,,8.4,MARSHALL ISLANDS (Маршалловы Острова).,vessel,,228.0,32.0,Moored (Пришвартовано),,,
9294575,419002108.0,LILA JAMNAGAR.,,,11.0,INDIA (Индия).,vessel,,330.0,60.04,Moored (Пришвартовано),,,
9870800,241851000.0,MARAN MIRA.,,,11.0,GREECE (Греция).,vessel,,336.02,60.05,Underway (В пути),,,
9382762,215466000.0,MINERVA SOPHIA.,,,13.8,MALTA (Мальта).,vessel,,248.96,43.8,At Anchor (На якоре),,,
9271365,403098000.0,AL MAHFOZA.,,,8.0,SAUDI ARABIA (Саудовская Аравия).,vessel,,241.03,42.0,At Anchor (На якоре),,,
9538177,311000134.0,ATLAS.,,,10.1,BAHAMAS (Багамские Острова).,vessel,,183.0,31.28,Underway (В пути),,,
9440497,538003857.0,ALIGOTE.,,,10.5,MARSHALL ISLANDS (Маршалловы Острова).,vessel,,229.0,32.0,At Anchor (На якоре),,,
9459010,403514001.0,NCC SHAMS.,,,11.9,SAUDI ARABIA (Саудовская Аравия).,vessel,,183.0,32.23,Underway (В пути),,,
9645786,538005118.0,VELOS TURQUOISE.,,,11.5,MARSHALL ISLANDS (Маршалловы Острова).,vessel,,183.31,32.0,Moored (Пришвартовано),,,
9831074,563087400.0,SPETSES LADY.,,,8.2,SINGAPORE (Сингапур).,vessel,,237.0,,Underway (В пути),,,
9457763,538003994.0,ARABOS.,,,13.0,MARSHALL ISLANDS (Маршалловы Острова).,vessel,,229.0,32.26,Underway (В пути),,,
9187904,477647700.0,CT BRIGHT.,,,10.5,HONG KONG (Гонконг).,vessel,,159.62,23.03,Underway (В пути),,,
9952957,538010356.0,ANGELA GLORY.,,,10.3,MARSHALL ISLANDS (Маршалловы Острова).,vessel,,182.9,32.0,Underway using Engine (В пути под мотором),,,
9607734,636018896.0,RAFFLES HARMONY.,,,8.4,LIBERIA (Либерия).,vessel,,243.99,42.0,Underway using Engine (В пути под мотором),,,
9952957,538010356.0,ANGELA GLORY.,,,10.3,MARSHALL ISLANDS (Маршалловы Острова).,vessel,,182.9,32.0,Underway using Engine (В пути под мотором),,,
9309007,636022737.0,NORDIC.,,,13.5,LIBERIA (Либерия).,vessel,,228.6,32.29,Underway using Engine (В пути под мотором),,,
9685205,403038000.0,NCC GHAZAL.,,,11.7,SAUDI ARABIA (Саудовская Аравия).,vessel,,183.12,32.24,Underway using Engine (В пути под мотором),,,
9440485,538003755.0,ARAMON.,,,12.8,MARSHALL ISLANDS (Маршалловы Острова).,vessel,,229.0,32.26,Underway using Engine (В пути под мотором),,,
9288942,352003888.0,CHERRY TONDA.,,,11.0,PANAMA (Панама).,vessel,,176.0,31.0,Underway using Engine (В пути под мотором),,,
9336098,403507001.0,LAYLA.,,,10.7,SAUDI ARABIA (Саудовская Аравия).,vessel,,333.04,60.03,Underway using Engine (В пути под мотором),,,
9420253,538003460.0,MAGIC STAR.,,,11.6,MARSHALL ISLANDS (Маршалловы Острова).,vessel,,183.0,27.44,Underway using Engine (В пути под мотором),,,
9828156,247402300.0,PS SINGAPORE.,,,8.0,ITALY (Италия).,vessel,,183.06,32.24,Underway using Engine (В пути под мотором),,,
9487483,352181000.0,NAVE ALDERAMIN.,,,11.2,PANAMA (Панама).,vessel,,183.1,32.2,Underway using Engine (В пути под мотором),,,
9228291,563095900.0,ROAMA 19.,,,9.8,SINGAPORE (Сингапур).,vessel,,147.83,24.2,Restricted Manoeuvrability (Ограниченная возможность маневрировать),,,
9901178,273271620.0,KAPITAN YUNAK.,,,8.5,RUSSIA (Россия).,vessel,,,,Underway using Engine (В пути под мотором),,,
9379129,636019261.0,RUI FU SHENG.,,,8.0,LIBERIA (Либерия).,vessel,,183.0,32.23,"Underway by Sail (В пути под парусом — вероятно, программная ошибка статуса или некорректная настройка АИС)",,,
9259733,352002051.0,YI TONG.,,,13.1,PANAMA (Панама).,vessel,,274.7,48.0,Underway using Engine (В пути под мотором),,,
9278507,572242220.0,BREEZE.,,,11.0,TUVALU (Тувалу).,vessel,,183.0,32.2,Underway using Engine (В пути под мотором),,,
9804136,271045135.0,T.SADBERK.,,,15.6,TURKIYE (Турция).,vessel,,277.17,48.03,Underway using Engine (В пути под мотором),,,
9850707,636019153.0,CLEAROCEAN APOLLON.,,,8.3,LIBERIA (Либерия).,vessel,,249.9,44.05,Underway using Engine (В пути под мотором),,,
9432048,352004264.0,VENDAVEL.,,,15.9,PANAMA (Панама).,vessel,,274.2,50.0,Underway using Engine (В пути под мотором),,,
9905320,636021344.0,AFRICA.,,,9.6,LIBERIA (Либерия).,vessel,,274.0,50.0,Underway using Engine (В пути под мотором),,,
9359387,352002060.0,LYSANDRA.,,,7.2,PANAMA (Панама).,vessel,,182.88,32.23,Underway using Engine (В пути под мотором),,,
9274678,538009157.0,KATSUYAMA.,,,10.4,MARSHALL ISLANDS (Маршалловы Острова).,vessel,,185.6,31.3,Underway using Engine (В пути под мотором),,,
9345441,240657000.0,AEGEAN NOBILITY.,,,13.8,GREECE (Греция).,vessel,,248.94,43.8,Underway using Engine (В пути под мотором),,,
9409247,631010075.0,VALIANT.,,,11.0,EQUATORIAL GUINEA (Экваториальная Гвинея).,vessel,,333.13,60.03,Underway using Engine (В пути под мотором),,,
9901063,636020821.0,LUNARIA.,,,8.8,LIBERIA (Либерия).,vessel,,249.9,44.03,Underway using Engine (В пути под мотором),,,
9315642,477186300.0,TAMIA.,,,11.5,HONG KONG (Гонконг).,vessel,,332.0,58.04,Not Under Command (Лишено возможности управляться),,,
9417763,636013940.0,SPRUCE 2.,,,8.2,LIBERIA (Либерия).,vessel,,228.6,32.26,Underway using Engine (В пути под мотором),,,
9283291,667001287.0,TIBURON.,,,8.0,SIERRA LEONE (Сьерра-Леоне).,vessel,,244.6,42.03,Underway using Engine (В пути под мотором),,,
9750062,241453000.0,FAITHFUL WARRIOR.,,,13.8,GREECE (Греция).,vessel,,274.22,48.0,Underway using Engine (В пути под мотором),,,
9298325,311001921.0,BURG STAR.,,,7.2,BAHAMAS (Багамы).,vessel,,228.6,32.3,Underway using Engine (В пути под мотором),,,
9285847,649136000.0,SIRIUS 1.,,,8.2,MALI (Мали).,vessel,,241.0,43.84,Underway using Engine (В пути под мотором),,,
9681405,403109001.0,NCC JOOD.,,,10.0,SAUDI ARABIA (Саудовская Аравия).,vessel,,183.12,32.24,At Anchor (На якоре),,,
9685190,403108001.0,NCC BADER.,,,11.5,SAUDI ARABIA (Саудовская Аравия).,vessel,,183.12,32.24,At Anchor (На якоре),,,
9227479,631010077.0,DELLA.,,,11.0,EQUATORIAL GUINEA (Экваториальная Гвинея).,vessel,,332.0,58.05,Underway using Engine (В пути под мотором),,,
9041655,620800045.0,ZIRAN.,,,10.8,COMOROS (Коморы).,vessel,,230.0,36.63,At Anchor (На якоре),,,
9905320,636021344.0,,,,9.6,LIBERIA (Либерия).,vessel,,274.0,50.0,Underway using Engine (В пути под мотором),,,
9777943,636021730.0,RIVERA.,,,8.5,LIBERIA (Либерия).,vessel,,249.91,43.8,Underway using Engine (В пути под мотором),,,
9378864,636013351.0,GLADIATOR.,,,8.5,LIBERIA (Либерия).,vessel,,274.0,48.04,Underway using Engine (В пути под мотором),,,
9259721,477227500.0,RAINBOW.,,,17.0,HONG KONG (Гонконг).,vessel,,274.7,48.0,Underway using Engine (В пути под мотором),,,
9832559,273270850.0,PROMETEY.,,,8.9,RUSSIA (Россия).,vessel,,249.98,44.0,Underway using Engine (В пути под мотором),,,
9293155,613003595.0,BENEDICT.,,,8.2,CAMEROON (Камерун).,vessel,,243.96,42.0,Underway using Engine (В пути под мотором),,,
9253076,667002335.0,REUS.,,,8.5,SIERRA LEONE (Сьерра-Леоне).,vessel,,248.0,42.0,Underway using Engine (В пути под мотором),,,
9773923,636022218.0,PALLADIUM.,,,13.5,LIBERIA (Либерия).,vessel,,249.97,44.0,Underway using Engine (В пути под мотором),,,
9512185,538009187.0,PACCHA.,,,11.0,MARSHALL ISLANDS (Маршалловы Острова).,vessel,,189.0,32.0,Underway using Engine (В пути под мотором),,,
9436006,273272260.0,GUSTAV.,,,8.5,RUSSIA (Россия).,vessel,,250.0,44.0,Underway using Engine (В пути под мотором),,,
9484716,403508000.0,NIBAN.,,,21.3,SAUDI ARABIA (Саудовская Аравия).,vessel,,333.0,60.02,Underway using Engine (В пути под мотором),,,
9779800,403525000.0,AMJAD.,,,10.8,SAUDI ARABIA (Саудовская Аравия).,vessel,,330.0,60.0,At Anchor (На якоре),,,
9309423,248884000.0,MINERVA NOUNOU.,,,13.2,MALTA (Мальта).,vessel,,254.0,44.06,At Anchor (На якоре),,,
9326861,636020960.0,DUKE OF PEACE.,,,14.0,LIBERIA (Либерия).,vessel,,228.6,32.27,Underway using Engine (В пути под мотором),,,
9982689,636024852.0,AL QASSAR.,,,11.5,LIBERIA (Либерия).,vessel,,290.0,45.8,At Anchor (На якоре),,,
9595125,249765000.0,HTM SAMURAI.,,,7.2,MALTA (Мальта).,vessel,,184.0,27.4,At Anchor (На якоре),,,
9892999,241734000.0,MINERVA ALEXANDRA.,,,12.9,GREECE (Греция).,vessel,,249.9,44.03,At Anchor (На якоре),,,
9762273,538010101.0,FLEX ENTERPRISE.,LNG Tanker (Танкер СПГ).,,11.0,MARSHALL ISLANDS (Маршалловы Острова).,vessel,,,,Stopped (Остановлено),,,
9655509,319302000.0,ALKAID.,,,7.5,CAYMAN ISLANDS (Каймановы Острова).,vessel,,159.97,25.64,Underway using Engine (В пути под мотором),,,
9220938,629009390.0,MODESTE.,,,11.0,GAMBIA (Гамбия).,vessel,,176.0,31.0,Stopped (Остановлено),,,
9509449,538006775.0,ELANDRA OAK.,,,10.3,MARSHALL ISLANDS (Маршалловы Острова).,vessel,,183.0,32.0,At Anchor (На якоре),,,
9486192,538003696.0,CHEM NORMA.,,,6.7,MARSHALL ISLANDS (Маршалловы Острова).,vessel,,144.8,23.0,Underway using Engine (В пути под мотором),,,
9943516,538010617.0,LUCKY GAS.,,,12.3,MARSHALL ISLANDS (Маршалловы Острова).,vessel,,229.96,32.0,Underway using Engine (В пути под мотором),,,
9472634,352005472.0,AURA 1.,,,13.8,PANAMA (Панама).,vessel,,248.97,43.83,Underway (На ходу),,,
9340594,622120928.0,SHARIFA 5.,,,9.5,EGYPT (Египет).,vessel,,175.2,29.2,Underway using Engine (В пути под мотором),,,
9419541,403516001.0,NCC DANAH.,,,10.3,SAUDI ARABIA (Саудовская Аравия).,vessel,,182.98,32.23,Moored (Пришвартовано),,,
9265756,667002293.0,ALTIS.,,,8.5,SIERRA LEONE (Сьерра-Леоне).,vessel,,240.78,44.0,Underway using Engine (В пути под мотором),,,
9620267,622096350.0,CPC I.,,,4.4,EGYPT (Египет).,vessel,,65.6,11.5,Moored (Пришвартовано),,,
9758181,622121222.0,CPC VI.,,,5.5,EGYPT (Египет).,vessel,,74.15,12.4,Stopped (Остановлено),,,
9871684,622123411.0,MISR 3.,,,,EGYPT (Египет).,vessel,,68.0,11.0,Moored (Пришвартовано),,,
9265756,667002293.0,ALTIS.,,,8.5,SIERRA LEONE (Сьерра-Леоне).,vessel,,240.78,44.0,Underway using Engine (В пути под мотором),,,
9425980,563201300.0,PRABHU NAND.,,,8.4,SINGAPORE (Сингапур).,vessel,,147.83,24.2,Underway using Engine (В пути под мотором),,,
9788978,636021202.0,CURIOUS JOEL.,,,7.6,LIBERIA (Либерия).,vessel,,147.0,22.0,Underway using Engine (В пути под мотором),,,
9610793,273359730.0,GEORGY MASLOV.,,,8.5,RUSSIA (Россия).,vessel,,249.9,44.04,Underway using Engine (В пути под мотором),,,
9125279,572836220.0,NORMAN.,,,5.5,TUVALU (Тувалу).,vessel,,126.73,19.0,Underway using Engine (В пути под мотором),,,
9260809,622108300.0,ETC RAMSIS.,,,8.0,EGYPT (Египет).,vessel,,246.0,42.03,Underway using Engine (В пути под мотором),,,
9113135,620999091.0,ALISA.,,,7.5,COMOROS (Коморы).,vessel,,127.0,21.0,At Anchor (На якоре),,,
9877133,538008979.0,LNG ROSENROT.,,,10.9,MARSHALL ISLANDS (Маршалловы Острова).,vessel,,297.9,47.9,Underway using Engine (В пути под мотором),,,
9434216,636017987.0,ZERVOS.,,,11.1,LIBERIA (Либерия).,vessel,,183.31,32.2,Underway using Engine (В пути под мотором),,,
9487249,636014942.0,BANI YAS.,,,8.5,LIBERIA (Либерия).,vessel,,228.0,32.28,Underway using Engine (В пути под мотором),,,
9856361,636019764.0,HUMBLE WARRIOR.,,,15.6,LIBERIA (Либерия).,vessel,,277.08,48.04,Underway using Engine (В пути под мотором),,,
9787948,319151100.0,BURRI.,,,12.9,CAYMAN ISLANDS (Каймановы Острова).,vessel,,249.9,44.0,Underway using Engine (В пути под мотором),,,
9283306,631010088.0,FINA A.,,,14.9,EQUATORIAL GUINEA (Экваториальная Гвинея).,vessel,,244.6,42.0,Underway using Engine (В пути под мотором),,,
9569607,356666000.0,HABI.,,,3.6,PANAMA (Панама).,vessel,,79.4,15.0,Stopped (Остановлено),,,
9798351,215078000.0,ELDIA.,,,11.3,MALTA (Мальта).,vessel,,183.06,32.23,Moored (Пришвартовано),,,
9405564,636025558.0,SIFNOS.,,,8.1,LIBERIA (Либерия).,vessel,,183.0,32.0,At Anchor (На якоре),,,
9893204,370236000.0,ON PEACE.,,,8.5,PANAMA (Панама).,vessel,,250.0,44.0,At Anchor (На якоре),,,
9315769,636022654.0,THE SAUCE.,,,10.2,LIBERIA (Либерия).,vessel,,184.0,27.0,At Anchor (На якоре),,,
9278674,352003713.0,WISDOM STAR.,,,10.1,PANAMA (Панама).,vessel,,174.4,27.7,At Anchor (На якоре),,,
9286542,636022195.0,PUTUOSHAN.,,,9.3,LIBERIA (Либерия).,vessel,,144.03,24.23,At Anchor (На якоре),,,
9253234,613814700.0,SATNA.,,,8.5,CAMEROON (Камерун).,vessel,,182.55,27.38,At Anchor (На якоре),,,
9248461,314783000.0,WAN HE.,,,9.2,BARBADOS (Барбадос).,vessel,,153.2,25.06,At Anchor (На якоре),,,
9477751,354191000.0,VEMAHOPE.,,,7.0,PANAMA (Панама).,vessel,,102.7,17.8,At Anchor (На якоре),,,
9351529,247219700.0,RINELLA M.,,,7.3,ITALY (Италия).,vessel,,179.96,32.2,At Anchor (На якоре),,,
9263174,538005372.0,MOUNT MCKINNEY.,,,7.3,MARSHALL ISLANDS (Маршалловы Острова).,vessel,,182.0,27.45,At Anchor (На якоре),,,
9307815,613719802.0,FLORA 1.,,,12.0,CAMEROON (Камерун).,vessel,,183.0,32.23,At Anchor (На якоре),,,
9404948,613271404.0,THRON.,,,14.9,CAMEROON (Камерун).,vessel,,244.0,42.0,Stopped (Остановлено),,,
9232929,631010092.0,MAISHA.,,,14.6,EQUATORIAL GUINEA (Экваториальная Гвинея).,vessel,,274.2,48.04,At Anchor (На якоре),,,
9417543,248338000.0,KYTHIRA.,,,4.8,MALTA (Мальта).,vessel,,102.5,17.82,Stopped (Остановлено),,,
9360415,631010099.0,INDUS 1.,,,10.7,EQUATORIAL GUINEA (Экваториальная Гвинея).,vessel,,182.05,27.45,At Anchor (На якоре),,,
9301615,632001133.0,SIRTIC.,,,3.6,GUINEA (Гвинея).,vessel,,80.0,14.72,At Anchor (На якоре),,,
9290828,613414203.0,DORIN.,,,10.5,CAMEROON (Камерун).,vessel,,182.55,27.38,At Anchor (На якоре),,,
9131357,613003607.0,ORION.,,,9.1,CAMEROON (Камерун).,vessel,,265.0,42.5,At Anchor (На якоре),,,
9286023,613407500.0,OPAL.,,,8.9,CAMEROON (Камерун).,vessel,,228.0,32.24,At Anchor (На якоре),,,
9234501,613831531.0,STABILIS I.,,,8.0,CAMEROON (Камерун).,vessel,,189.0,32.23,At Anchor (На якоре),,,
9259599,273271560.0,AKKORD.,,,8.4,RUSSIA (Россия).,vessel,,239.0,42.0,At Anchor (На якоре),,,
9183295,667002409.0,NEON.,,,7.9,SIERRA LEONE (Сьерра-Леоне).,vessel,,243.84,42.0,At Anchor (На якоре),,,
9592264,538010371.0,NISSOS SERIFOS.,,,8.0,MARSHALL ISLANDS (Маршалловы Острова).,vessel,,249.0,43.84,At Anchor (На якоре),,,
9866392,273611590.0,VOSTOCHNY PROSPECT.,,,9.0,RUSSIA (Россия).,vessel,,249.99,44.0,Underway using Engine (На ходу под мотором),,,
9292034,273276750.0,TOPAZ.,,,9.6,RUSSIA (Россия).,vessel,,182.5,32.24,At Anchor (На якоре),,,
9354521,312171000.0,ANHONA.,,,7.5,BELIZE (Белиз).,vessel,,179.88,32.2,Underway (На ходу),,,
9354521,312171000.0,ANHONA.,,,7.5,BELIZE (Белиз).,vessel,,179.88,32.2,Underway (На ходу),,,
9276030,613400212.0,ECHO.,,,10.6,CAMEROON (Камерун).,vessel,,183.0,32.24,Underway using Engine (На ходу под мотором),,,
9719721,538006081.0,STI SUPREME.,,,13.5,MARSHALL ISLANDS (Маршалловы Острова).,vessel,,249.9,44.0,Underway using Engine (На ходу под мотором),,,
9247390,352002704.0,TYCHE I.,,,8.0,PANAMA (Панама).,vessel,,239.0,42.0,At Anchor (На якоре),,,
9862891,215668000.0,ARISTOS I.,,,9.2,MALTA (Мальта).,vessel,,299.0,46.4,Underway using Engine (На ходу под мотором),,,
9576753,565015000.0,REBECCA SCHULTE.,,,7.4,SINGAPORE (Сингапур).,vessel,,176.4,27.43,At Anchor (На якоре),,,
9833682,563252500.0,NAVIG8 GUIDE.,,,13.0,SINGAPORE (Сингапур).,vessel,,183.23,32.0,Stopped (Остановлено),,,
9714056,538005771.0,HAFNIA AMBER.,,,8.0,MARSHALL ISLANDS (Маршалловы Острова).,vessel,,184.0,27.0,Stopped (Остановлено),,,
1031537,677099900.0,LADY JASMINE.,,,4.3,TANZANIA (Танзания).,vessel,,99.0,14.0,Moored (Пришвартовано),,,
9919606,622121215.0,CPC IV.,,,3.0,EGYPT (Египет).,vessel,,,,,,,
9236987,622120927.0,AL NABILA 6.,,,7.5,EGYPT (Египет).,vessel,,171.2,27.43,Moored (Пришвартовано),,,
9800790,636019212.0,HISTRIA ATLAS.,,,7.0,LIBERIA (Либерия).,vessel,,179.99,32.0,Moored (Пришвартовано),,,
1036202,477212600.0,WESTERN ACACIA.,,,9.0,HONG KONG (Гонконг).,vessel,,149.8,23.0,"Underway using Engine (На ходу, используется двигатель)",,,
9389526,219277000.0,HENNING MAERSK.,,,6.7,DENMARK (Дания).,vessel,,180.0,32.0,"Underway using Engine (На ходу, используется двигатель)",,,
9698367,538005496.0,ECO CHIOS.,,,6.5,MARSHALL ISLANDS (Маршалловы Острова).,vessel,,117.03,18.2,"Underway using Engine (На ходу, используется двигатель)",,,
9858773,538010988.0,SARIYAH.,,,6.5,MARSHALL ISLANDS (Маршалловы Острова).,vessel,,154.31,36.0,At Anchor (На якоре),,,
9344007,636023630.0,HARDRADA.,,,10.0,LIBERIA (Либерия).,vessel,,179.9,32.23,At Anchor (На якоре),,,
9292101,352001678.0,PASCO ODIN.,,,9.0,PANAMA (Панама).,vessel,,180.0,28.24,At Anchor (На якоре),,,
9312913,311001723.0,COAST BUSTER.,,,10.8,BAHAMAS (Багамские Острова).,vessel,,184.0,28.0,At Anchor (На якоре),,,
9380477,218057000.0,SEASPRAT.,,,9.4,GERMANY (Германия).,vessel,,188.18,32.23,At Anchor (На якоре),,,
9436719,256515000.0,HISTRIA GEMMA.,,,10.0,MALTA (Мальта).,vessel,,179.88,32.27,At Anchor (На якоре),,,
9397559,273257640.0,ARIA.,,,12.0,RUSSIA (Россия).,vessel,,183.0,32.23,At Anchor (На якоре),,,
9328144,636024537.0,AHINOS.,,,10.0,LIBERIA (Либерия).,vessel,,183.2,32.23,At Anchor (На якоре),,,
9323560,636013645.0,BALOS.,,,7.5,LIBERIA (Либерия).,vessel,,176.0,31.0,At Anchor (На якоре),,,
9391402,352004840.0,MESTRAL.,,,10.0,PANAMA (Панама).,vessel,,184.32,27.43,At Anchor (На якоре),,,
9340128,636022736.0,TATIANA.,,,9.9,LIBERIA (Либерия).,vessel,,183.0,,At Anchor (На якоре),,,
9447809,636023107.0,OCEANIC MOON.,,,9.5,LIBERIA (Либерия).,vessel,,174.2,28.02,At Anchor (На якоре),,,
9460825,636014361.0,DILOS.,,,4.7,LIBERIA (Либерия).,vessel,,90.22,20.0,Moored (Пришвартовано),,,
9724714,538011848.0,ASTROLIGHT.,,,9.9,MARSHALL ISLANDS (Маршалловы Острова).,vessel,,183.0,32.0,At Anchor (На якоре),,,
9666663,354895000.0,MANTA ANKA.,,,9.6,PANAMA (Панама).,vessel,,183.12,29.2,At Anchor (На якоре),,,
9724685,249762000.0,PEARL LIGHT.,,,10.0,MALTA (Мальта).,vessel,,183.0,32.0,At Anchor (На якоре),,,
9406013,538008947.0,CAPE BENAT.,,,9.2,MARSHALL ISLANDS (Маршалловы Острова).,vessel,,274.0,48.0,At Anchor (На якоре),,,
9453030,256812000.0,VALPIAVE.,,,7.0,MALTA (Мальта).,vessel,,248.96,43.8,At Anchor (На якоре),,,
9396335,636013848.0,HISTRIA TIGER.,,,7.0,LIBERIA (Либерия).,vessel,,179.94,32.2,At Anchor (На якоре),,,
9259707,636011267.0,MARIANNA V.V.,,,8.0,LIBERIA (Либерия).,vessel,,239.0,38.01,Stopped (Остановлено),,,
9792228,249820000.0,SAMSARA.,,,9.3,MALTA (Мальта).,vessel,,274.2,48.0,At Anchor (На якоре),,,
9304643,622120926.0,CHRIS.,,,8.0,EGYPT (Египет).,vessel,,,,В движении (зафиксирована скорость),,,
9319703,461000285.0,SIRAJ.,,,15.0,OMAN (Оман).,vessel,,244.6,42.03,At Anchor (На якоре),,,
9800817,228446800.0,ANTARES,,,7.4,FRANCE (Франция),vessel,,179.99,32.26,Underway using Engine (В пути под двигателем),,,
9642019,636015556.0,OCEAN SPIRIT.,,,12.6,LIBERIA (Либерия).,vessel,,183.0,32.0,Underway using Engine (В пути под двигателем),,,
9402213,538009381.0,VELOS EMERALD.,,,14.3,MARSHALL ISLANDS (Маршалловы Острова).,vessel,,243.8,42.0,Underway using Engine (В пути под двигателем),,,
9337901,613511600.0,RIMMA.,,,14.8,CAMEROON (Камерун).,vessel,,245.0,42.0,Underway using Engine (В пути под двигателем),,,
9682459,563271000.0,POLARIS.,,,10.7,SINGAPORE (Сингапур).,vessel,,183.0,32.2,Underway using Engine (В пути под двигателем),,,
9384069,613381403.0,LION I.,,,14.7,CAMEROON (Камерун).,vessel,,243.8,42.0,Underway using Engine (В пути под двигателем),,,
9732814,538006544.0,MALBEC LEGEND.,,,8.6,MARSHALL ISLANDS (Маршалловы Острова).,vessel,,184.0,27.43,Underway using Engine (В пути под двигателем),,,
9395379,613702110.0,FORTIS.,,,14.7,CAMEROON (Камерун).,vessel,,241.03,42.03,Underway using Engine (В пути под двигателем),,,
9806615,351354000.0,SEA ICON.,,,14.7,PANAMA (Панама).,vessel,,277.17,48.0,Underway using Engine (В пути под двигателем),,,
9411185,352005099.0,NEPHIRA.,,,8.5,PANAMA (Панама).,vessel,,228.6,42.0,Underway using Engine (В пути под двигателем),,,
9418614,636025641.0,LILA MARSEILLE.,,,15.8,LIBERIA (Либерия).,vessel,,274.5,48.03,Underway using Engine (В пути под двигателем),,,
9578658,538008328.0,PSERIMOS.,,,9.0,MARSHALL ISLANDS (Маршалловы Острова).,vessel,,274.0,48.0,Underway using Engine (В пути под двигателем),,,
9388780,631010073.0,BAI LU.,,,9.5,EQUATORIAL GUINEA (Экваториальная Гвинея).,vessel,,245.07,42.0,Underway using Engine (В пути под двигателем),,,
9247431,613447808.0,REGAL I.,,,9.0,CAMEROON (Камерун).,vessel,,269.0,45.7,Underway using Engine (В пути под двигателем),,,
9247508,352003670.0,ESENTEPE.,,,9.0,PANAMA (Панама).,vessel,,176.0,31.0,Underway using Engine (В пути под двигателем),,,
9919735,563271200.0,THERESA TIGA.,,,11.4,SINGAPORE (Сингапур).,vessel,,183.3,32.2,Underway using Engine (В пути под двигателем),,,
9862944,368834000.0,OVERSEAS SUN COAST.,,,12.2,UNITED STATES OF AMERICA (США).,vessel,,183.0,32.23,Underway using Engine (В пути под двигателем),,,
9236353,613414602.0,BLUE.,,,9.5,CAMEROON (Камерун).,vessel,,274.0,50.04,Underway using Engine (В пути под двигателем),,,
9346861,241367000.0,KRITI VERANO.,,,8.0,GREECE (Греция).,vessel,,245.5,42.0,Underway using Engine (В пути под двигателем),,,
9887255,636020097.0,KRITI KING.,,,11.1,LIBERIA (Либерия).,vessel,,274.1,48.04,Underway using Engine (В пути под двигателем),,,
9263186,613271012.0,SOUTH STAR.,,,6.8,CAMEROON (Камерун).,vessel,,182.48,27.34,Underway using Engine (В пути под двигателем),,,
9388027,647553009.0,MANASLU.,,,12.0,MADAGASCAR (Мадагаскар).,vessel,,183.0,32.2,Underway using Engine (В пути под двигателем),,,
9312846,636025005.0,BOURDA.,,,14.0,LIBERIA (Либерия).,vessel,,243.96,42.03,Underway using Engine (В пути под двигателем),,,
9743849,477636500.0,BOCHEM LONDON.,,,9.8,HONG KONG (Гонконг).,vessel,,145.0,24.2,Underway using Engine (В пути под двигателем),,,
9290335,667002023.0,JUMBO.,,,16.4,SIERRA LEONE (Сьерра-Леоне).,vessel,,274.48,48.04,Underway using Engine (В пути под двигателем),,,
9248447,352002351.0,BIRUNI.,,,16.6,PANAMA (Панама).,vessel,,278.0,48.04,Underway using Engine (В пути под двигателем),,,
9323364,613271012.0,SILVER ICE.,,,12.0,CAMEROON (Камерун).,vessel,,195.0,32.24,Underway using Engine (В пути под двигателем),,,
9637117,538012314.0,JAG PRANESH.,,,11.1,MARSHALL ISLANDS (Маршалловы Острова).,vessel,,183.0,32.24,Underway using Engine (В пути под двигателем),,,
9788394,538012394.0,ROCK N ROLL.,,,7.3,MARSHALL ISLANDS (Маршалловы Острова).,vessel,,219.07,38.03,Underway using Engine (В пути под двигателем),,,
9411991,636018752.0,FLAMENCO.,,,10.0,LIBERIA (Либерия).,vessel,,184.0,27.4,Underway using Engine (В пути под двигателем),,,
9889162,538008397.0,ENERGEAN POWER.,,,4.0,MARSHALL ISLANDS (Маршалловы Острова).,vessel,,226.08,55.47,Stopped (Остановлено),,,
9360439,636021941.0,PRELUDE.,,,10.4,LIBERIA (Либерия).,vessel,,182.0,27.45,Stopped (Остановлено),,,
9260263,374125000.0,HAWK III.,,,7.2,PANAMA (Панама).,vessel,,175.93,31.0,At Anchor (На якоре),,,
9165451,354409000.0,STELLAR.,,,5.8,PANAMA (Панама).,vessel,,106.3,16.0,Underway using Engine (В пути под двигателем),,,
9376945,636022191.0,ROSE I.,,,7.0,LIBERIA (Либерия).,vessel,,184.32,27.45,Moored (Пришвартовано),,,
9290505,538007627.0,BASILIS L.,,,10.7,MARSHALL ISLANDS (Маршалловы Острова).,vessel,,182.55,27.37,At Anchor (На якоре),,,
9470985,248029000.0,SAN MARTIN.,,,7.2,MALTA (Мальта).,vessel,,184.32,27.43,Underway (В пути),,,
9903126,538009211.0,AMADES.,,,9.0,MARSHALL ISLANDS (Маршалловы Острова).,vessel,,249.95,44.04,Underway using Engine (В пути под двигателем),,,
9230426,620800005.0,FLORA B.,,,7.0,COMOROS (Коморы).,vessel,,183.0,27.34,Not Under Command (Лишено возможности управляться),,,
9916812,636021495.0,AL AIN.,,,11.1,LIBERIA (Либерия).,vessel,,230.0,36.0,Underway using Engine (В пути под двигателем),,,
9309435,248993000.0,MINERVA ALICE.,,,8.5,MALTA (Мальта).,vessel,,254.0,44.0,At Anchor (На якоре),,,
9235696,636018234.0,CAESAR.,,,10.1,LIBERIA (Либерия).,vessel,,175.98,31.0,At Anchor (На якоре),,,
9612844,538004420.0,GAZ DYNAMIC.,,,6.4,MARSHALL ISLANDS (Маршалловы Острова).,vessel,,117.02,19.2,At Anchor (На якоре),,,
1045784,352001513.0,SOFIA V.,,,5.7,PANAMA (Панама).,vessel,,99.9,19.0,At Anchor (На якоре),,,
9433016,647553023.0,APATE.,,,12.8,MADAGASCAR (Мадагаскар).,vessel,,228.0,32.0,At Anchor (На якоре),,,
9572563,538007915.0,GAZ HORIZON.,,,5.8,MARSHALL ISLANDS (Маршалловы Острова).,vessel,,119.29,19.2,At Anchor (На якоре),,,
9267974,636024136.0,GAS LISBON.,,,5.8,LIBERIA (Либерия).,vessel,,119.97,19.0,At Anchor (На якоре),,,
9151149,636024327.0,GAS MILANO.,,,5.0,LIBERIA (Либерия).,vessel,,99.0,18.24,At Anchor (На якоре),,,
9040170,620635000.0,PREMIER.,,,5.4,COMOROS (Коморы).,vessel,,99.0,15.0,At Anchor (На якоре),,,
9235842,271000882.0,KUZGUNCUK.,,,6.2,TURKIYE (Турция).,vessel,,99.97,19.0,At Anchor (На якоре),,,
9260366,574004790.0,NAVIS.,,,5.6,VIETNAM (Вьетнам).,vessel,,117.02,18.2,At Anchor (На якоре),,,
9292967,314001000.0,AVELORA.,,,8.0,BARBADOS (Барбадос).,vessel,,185.0,32.25,Underway (В пути),,,
9486922,311039900.0,ALBERTA.,,,10.9,BAHAMAS (Багамы).,vessel,,229.0,42.04,Moored (Пришвартовано),,,
9725639,538012477.0,HAFNIA SUNDA.,,,10.1,MARSHALL ISLANDS (Маршалловы Острова).,vessel,,184.0,28.0,At Anchor (На якоре),,,
9452268,215013000.0,DELTA SEA.,,,4.8,MALTA (Мальта).,vessel,,100.12,18.0,At Anchor (На якоре),,,
9376816,636023504.0,YANBU.,,,11.0,LIBERIA (Либерия).,vessel,,183.0,27.4,Underway using Engine (В пути под мотором),,,
9243318,352001697.0,TRITONEA.,,,10.2,PANAMA (Панама).,vessel,,244.0,42.04,Restricted Manoeuvrability (Ограниченная возможность маневрировать),,,
9340116,636013337.0,CHEM HELEN.,,,7.6,LIBERIA (Либерия).,vessel,,183.0,27.4,Stopped (Остановлено),,,
9448499,372961000.0,GAZ SERENITY.,,,8.2,PANAMA (Панама).,vessel,,154.0,25.5,Stopped (Остановлено),,,
9448889,210412000.0,ALEXANDRIA.,,,6.5,CYPRUS (Кипр).,vessel,,99.6,18.0,At Anchor (На якоре),,,
9550589,209835000.0,ASTRAIA.,,,6.5,CYPRUS (Кипр).,vessel,,88.9,17.3,Stopped (Остановлено),,,
9973925,563258100.0,NAVIG8 ESTELLE.,,,11.3,SINGAPORE (Сингапур).,vessel,,183.24,32.0,Moored (Пришвартовано),,,
9135793,636016188.0,SEAGAS MAJOR.,,,5.4,LIBERIA (Либерия).,vessel,,98.53,15.2,At Anchor (На якоре),,,
9460617,212422000.0,PETROLINA OCEAN.,,,7.2,CYPRUS (Кипр).,vessel,,113.09,18.22,Moored (Пришвартовано),,,
9517290,354198000.0,EPSILON SEA.,,,6.5,PANAMA (Панама).,vessel,,99.62,18.0,Moored (Пришвартовано),,,
8705943,210096000.0,ENERGEIA.,,,5.6,CYPRUS (Кипр).,vessel,,89.42,14.63,At Anchor (На якоре),,,
9376945,636022191.0,ROSE I.,,,7.0,LIBERIA (Либерия).,vessel,,184.32,27.45,Moored (Пришвартовано),,,
9153733,511101725.0,ROBA.,,,6.0,PALAU (Палау).,vessel,,125.0,18.8,Underway (В пути),,,
9388376,240417000.0,SEMERU.,,,8.2,MALTA (Мальта).,vessel,,244.0,42.0,At Anchor (На якоре),,,
1025588,241962000.0,SEA WHALE.,,,8.6,GREECE (Греция).,vessel,,248.8,43.99,Underway using Engine (На ходу под мотором),,,
1064936,477205100.0,SC EMERALD.,,,10.4,HONG KONG (Гонконг).,vessel,,158.98,27.03,Moored (Пришвартовано),,,
9838199,273393560.0,TAMARA.,,,4.1,RUSSIA (Россия).,vessel,,140.85,16.86,At Anchor (На якоре),,,
9659660,538005111.0,THE BLACKSMITH.,,,7.0,MARSHALL ISLANDS (Маршалловы Острова).,vessel,,183.0,27.42,At Anchor (На якоре),,,
9369760,352002355.0,GAS RIVER.,,,6.5,PANAMA (Панама).,vessel,,174.2,28.02,At Anchor (На якоре),,,
9327384,538007532.0,LYCIA KA.,,,9.3,MARSHALL ISLANDS (Маршалловы Острова).,vessel,,183.0,27.37,At Anchor (На якоре),,,
9402835,271050193.0,CHEM LEADER.,,,8.0,TURKIYE (Турция).,vessel,,144.3,23.0,At Anchor (На якоре),,,
9392315,636019277.0,KRITI ROCK.,,,7.5,LIBERIA (Либерия).,vessel,,179.88,32.2,At Anchor (На якоре),,,
9366275,563170300.0,ALPINE EAGLE.,,,7.5,SINGAPORE (Сингапур).,vessel,,183.0,32.2,At Anchor (На якоре),,,
9407067,636025402.0,LILA VANCOUVER.,,,9.8,LIBERIA (Либерия).,vessel,,144.03,23.0,Underway using Engine (На ходу под мотором),,,
9317028,354866000.0,WINTER SUN.,,,7.5,PANAMA (Панама).,vessel,,119.17,18.2,At Anchor (На якоре),,,
9730933,311000359.0,LYRIC CAMELLIA.,,,8.6,BAHAMAS (Багамские Острова).,vessel,,250.0,44.0,At Anchor (На якоре),,,
9175183,341322002.0,ELVIN SAFAROV.,,,3.8,SAINT KITTS AND NEVIS (Сент-Китс и Невис).,vessel,,129.3,16.5,Underway using Engine (На ходу под мотором),,,
9575321,630001258.0,KHUDAYAR YUSIFZADE.,,,4.5,GUINEA BISSAU (Гвинея-Бисау).,vessel,,139.95,16.0,At Anchor (На якоре),,,
9344019,271054096.0,PORT AMALFI.,,,7.5,TURKIYE (Турция).,vessel,,179.88,32.2,Moored (Пришвартовано),,,
9422641,636021551.0,POLKA.,,,10.4,LIBERIA (Либерия).,vessel,,184.21,27.68,At Anchor (На якоре),,,
9294666,538011242.0,VALIANTA.,,,9.3,MARSHALL ISLANDS (Маршалловы Острова).,vessel,,183.0,32.23,At Anchor (На якоре),,,
9301902,352004632.0,CERS.,,,8.2,PANAMA (Панама).,vessel,,183.0,32.2,At Anchor (На якоре),,,
9499838,271002726.0,T.GONUL.,,,5.9,TURKIYE (Турция).,vessel,,123.72,18.9,Moored (Пришвартовано),,,
9302683,215375000.0,GEORGIA.,,,10.3,MALTA (Мальта).,vessel,,176.0,31.0,Moored (Пришвартовано),,,
9296119,636025775.0,DORADO CHEM.,,,10.3,LIBERIA (Либерия).,vessel,,175.97,,Moored (Пришвартовано),,,
9426922,271044024.0,KUZEY EKIM.,,,9.1,TURKIYE (Турция).,vessel,,149.61,24.2,Moored (Пришвартовано),,,
9799446,256206000.0,3B DESTINY.,,,5.4,MALTA (Мальта).,vessel,,109.9,20.0,Moored (Пришвартовано),,,
9474321,271052008.0,T.BALAT.,,,8.3,TURKIYE (Турция).,vessel,,146.0,22.0,"Underway using Engine (На ходу, используется двигатель)",,,
9258167,613612000.0,AKAR WEST.,,,11.9,CAMEROON (Камерун).,vessel,,182.5,32.24,"Underway using Engine (На ходу, используется двигатель)",,,
9788394,538012334.0,ROCK N ROLL.,,,7.3,MARSHALL ISLANDS (Маршалловы Острова).,vessel,,219.07,38.03,"Underway using Engine (На ходу, используется двигатель)",,,
9396713,636017845.0,AQUADISIAC.,,,8.0,LIBERIA (Либерия).,vessel,,183.0,32.2,"Underway using Engine (На ходу, используется двигатель)",,,
9332614,352001849.0,BELLARIS.,,,12.8,PANAMA (Панама).,vessel,,228.6,32.25,"Underway using Engine (На ходу, используется двигатель)",,,
9411991,636018752.0,,,,10.0,LIBERIA (Либерия).,vessel,,184.0,27.4,"Underway using Engine (На ходу, используется двигатель)",,,
9592276,248148000.0,STAMOS.,,,8.0,MALTA (Мальта).,vessel,,249.0,43.8,"Underway using Engine (На ходу, используется двигатель)",,,
9395329,249575000.0,BOTAFOGO.,,,8.0,MALTA (Мальта).,vessel,,243.8,42.0,"Underway using Engine (На ходу, используется двигатель)",,,
9796743,238019000.0,RAVA.,,,9.0,CROATIA (Хорватия).,vessel,,249.9,44.0,"Underway using Engine (На ходу, используется двигатель)",,,
9302970,352002786.0,SAGAR1.,,,8.2,PANAMA (Панама).,vessel,,243.07,42.0,"Underway using Engine (На ходу, используется двигатель)",,,
9787168,241570000.0,MINERVA ELEFTHERIA.,,,8.2,GREECE (Греция).,vessel,,250.0,44.0,"Underway using Engine (На ходу, используется двигатель)",,,
9263186,613271012.0,SOUTH STAR.,,,6.8,CAMEROON (Камерун).,vessel,,182.48,27.4,"Underway using Engine (На ходу, используется двигатель)",,,
9359741,240560000.0,ARCADIA.,,,4.8,GREECE (Греция).,vessel,,76.47,11.0,"Underway using Engine (На ходу, используется двигатель)",,,
9314844,538011104.0,LYDIA KA.,,,9.5,MARSHALL ISLANDS (Маршалловы Острова).,vessel,,182.55,27.39,Not Under Command (Лишено возможности управляться),,,
9505754,240949000.0,EVIAPETROL III.,Tanker (Oil/Chemical Tanker).,,4.5,GREECE (Греция).,vessel,,,,"Underway using Engine (На ходу, используется двигатель)",,,
9344356,240493000.0,EVIAPETROL II.,,,4.6,GREECE (Греция).,vessel,,77.6,12.0,"Underway using Engine (На ходу, используется двигатель)",,,
9458169,355238000.0,GAZ ENERGY.,,,8.4,PANAMA (Панама).,vessel,,153.0,23.1,At Anchor (На якоре),,,
9761243,605076060.0,TESSALA.,,,9.4,ALGERIA (Алжир).,vessel,,291.4,46.44,"Underway using Engine (На ходу, используется двигатель)",,,
9815458,538007747.0,STAR RIVER.,,,7.0,MARSHALL ISLANDS (Маршалловы Острова).,vessel,,179.9,30.6,"Underway using Engine (На ходу, используется двигатель)",,,
9544607,229449000.0,JANINE K.,,,11.9,MALTA (Мальта).,vessel,,179.99,32.2,"Underway using Engine (На ходу, используется двигатель)",,,
9743758,256160000.0,CHEMICAL CHALLENGER.,,,7.0,MALTA (Мальта).,vessel,,134.03,21.6,"Underway using Engine (На ходу, используется двигатель)",,,
9172167,247326000.0,IEVOLI SHINE.,,,7.6,ITALY (Италия).,vessel,,126.7,19.7,"Underway using Engine (На ходу, используется двигатель)",,,
9683025,235108527.0,KMARIN RELIANCE.,,,9.0,UNITED KINGDOM (Великобритания).,vessel,,250.0,44.0,"Underway using Engine (На ходу, используется двигатель)",,,
9579547,636015879.0,ALMI EXPLORER.,,,13.2,LIBERIA (Либерия).,vessel,,274.0,48.04,"Underway using Engine (На ходу, используется двигатель)",,,
9458066,229551000.0,IMERA.,,,8.8,MALTA (Мальта).,vessel,,142.98,21.7,"Underway using Engine (На ходу, используется двигатель)",,,
9747132,538011972.0,ALLIED ATLANTIC.,,,11.4,MARSHALL ISLANDS (Маршалловы Острова).,vessel,,182.56,32.23,"Underway using Engine (На ходу, используется двигатель)",,,
9312901,305053000.0,WONDER MIMOSA.,,,7.0,ANTIGUA AND BARBUDA (Антигуа и Барбуда).,vessel,,184.0,27.4,"Underway using Engine (На ходу, используется двигатель)",,,
9776755,249857000.0,WAIKIKI.,,,12.7,MALTA (Мальта).,vessel,,249.91,43.0,"Underway using Engine (На ходу, используется двигатель)",,,
9389497,240713000.0,KAPETAN MICHALIS.,,,7.7,GREECE (Греция).,vessel,,183.0,32.23,"Underway using Engine (На ходу, используется двигатель)",,,
9447770,240954000.0,KAPETAN CHIDAS.,,,7.6,GREECE (Греция).,vessel,,183.0,32.23,"Underway using Engine (На ходу, используется двигатель)",,,
9299941,352005852.0,OCEAN LAUREATE.,,,14.2,PANAMA (Панама).,vessel,,245.0,42.0,"Underway using Engine (На ходу, используется двигатель)",,,
1021934,538010537.0,KAVO ALKYON.,,,7.7,MARSHALL ISLANDS (Маршалловы Острова).,vessel,,228.99,35.04,"Underway using Engine (На ходу, используется двигатель)",,,
9279850,247104500.0,DIEGO.,,,6.8,ITALY (Италия).,vessel,,99.98,16.98,"Underway using Engine (На ходу, используется двигатель)",,,
9389033,636013383.0,MALTA PROSPERITY.,,,11.0,LIBERIA (Либерия).,vessel,,333.0,60.04,"Underway using Engine (На ходу, используется двигатель)",,,
9838254,563085200.0,HAFNIA SHANGHAI.,,,7.7,SINGAPORE (Сингапур).,vessel,,184.0,32.0,"Underway using Engine (На ходу, используется двигатель)",,,
9417309,538008272.0,KAVO PLATANOS.,,,6.8,MARSHALL ISLANDS (Маршалловы Острова).,vessel,,189.99,32.26,"Underway using Engine (На ходу, используется двигатель)",,,
9307334,636016731.0,TAVROPOS.,,,7.5,LIBERIA (Либерия).,vessel,,213.0,32.26,At Anchor (На якоре),,,
9508720,248333000.0,SILENDI.,,,8.9,MALTA (Мальта).,vessel,,149.0,23.2,At Anchor (На якоре),,,
9361031,247287600.0,ODOARDO AMORETTI.,,,5.8,ITALY (Италия).,vessel,,140.0,22.0,At Anchor (На якоре),,,
9607526,477850800.0,YU RU.,,,9.1,HONG KONG (Гонконг).,vessel,,146.9,21.6,At Anchor (На якоре),,,
9788708,271044691.0,OTTOMAN COURTESY.,,,9.5,TURKIYE (Турция).,vessel,,269.06,46.03,At Anchor (На якоре),,,
9489285,538006514.0,KNOSSOS.,,,8.1,MARSHALL ISLANDS (Маршалловы Острова).,vessel,,243.8,42.0,At Anchor (На якоре),,,
9850678,563104600.0,BW PAVILION ARANTHERA.,,,11.4,SINGAPORE (Сингапур).,vessel,,294.97,46.43,At Anchor (На якоре),,,
8125868,249320000.0,ARMADA LNG MEDITERRANA.,,,10.4,MALTA (Мальта).,vessel,,283.0,44.8,Moored (Пришвартовано),,,
9384124,215072000.0,VALGARDENA.,,,10.9,MALTA (Мальта).,vessel,,184.32,27.4,Moored (Пришвартовано),,,
9078098,249677000.0,VANNA.,,,5.5,MALTA (Мальта).,vessel,,110.5,18.2,Moored (Пришвартовано),,,
9143439,215330000.0,SANTA MARTINA.,,,7.8,MALTA (Мальта).,vessel,,125.5,,Moored (Пришвартовано),,,
9422639,636021552.0,TWIST.,,,8.3,LIBERIA (Либерия).,vessel,,184.21,27.68,"Underway using Engine (На ходу, используется двигатель)",,,
9354258,352003675.0,HATAY.,,,8.2,PANAMA (Панама).,vessel,,183.0,32.0,"Underway using Engine (На ходу, используется двигатель)",,,
9800805,636020115.0,HISTRIA DIONE.,,,7.0,LIBERIA (Либерия).,vessel,,179.99,32.0,"Underway using Engine (На ходу, используется двигатель)",,,
8613736,672700000.0,THAPSUS.,,,6.0,TUNISIA (Тунис).,vessel,,244.0,42.67,Moored (Пришвартовано / На мертвых якорях),,,
9382712,667001964.0,DENVER.,,,8.0,SIERRA LEONE (Сьерра-Леоне).,vessel,,179.99,32.2,"Underway using Engine (На ходу, используется двигатель)",,,
9733571,563009700.0,EPIC SARDINIA.,,,6.8,SINGAPORE (Сингапур).,vessel,,119.98,21.0,At Anchor (На якоре),,,
9250086,247069600.0,LUCA IEVOLI.,Tanker.,,5.1,ITALY (Италия).,vessel,,,,,,,
9392236,565699000.0,BWEK MANHATTAN.,,,6.9,SINGAPORE (Сингапур).,vessel,,119.95,19.0,Moored (Пришвартовано),,,
9328132,636012836.0,HISTRIA GIOCONDA.,,,7.3,LIBERIA (Либерия).,vessel,,180.22,32.23,"Underway using Engine (На ходу, используется двигатель)",,,
9288734,636012431.0,HISTRIA AMBRA.,,,7.3,LIBERIA (Либерия).,vessel,,180.22,32.23,"Underway using Engine (На ходу, используется двигатель)",,,
9447043,636014234.0,HISTRIA CRYSTAL.,,,7.3,LIBERIA (Либерия).,vessel,,180.22,32.23,"Underway using Engine (На ходу, используется двигатель)",,,
9761451,636017260.0,HISTRIA PERLA.,,,7.3,LIBERIA (Либерия).,vessel,,180.22,32.23,"Underway using Engine (На ходу, используется двигатель)",,,
9700706,636016335.0,HISTRIA CROWN.,,,7.3,LIBERIA (Либерия).,vessel,,180.22,32.23,"Underway using Engine (На ходу, используется двигатель)",,,
9912141,636021008.0,HISTRIA ATLANTIC.,,,7.3,LIBERIA (Либерия).,vessel,,180.0,32.0,"Underway using Engine (На ходу, используется двигатель)",,,
9227443,636011986.0,HISTRIA IVORY.,,,7.3,LIBERIA (Либерия).,vessel,,180.22,32.23,"Underway using Engine (На ходу, используется двигатель)",,,
9696773,636016334.0,HISTRIA AZURE.,,,7.3,LIBERIA (Либерия).,vessel,,180.22,32.23,"Underway using Engine (На ходу, используется двигатель)",,,
9382712,667001964.0,DENVER.,,,8.0,SIERRA LEONE (Сьерра-Леоне).,vessel,,179.99,32.2,"Underway using Engine (На ходу, используется двигатель)",,,
9941702,636021009.0,HISTRIA DANTE.,,,7.3,LIBERIA (Либерия).,vessel,,180.0,32.23,"Underway using Engine (На ходу, используется двигатель)",,,
9592252,636015330.0,HISTRIA CORAL.,,,7.3,LIBERIA (Либерия).,vessel,,180.22,32.23,"Underway using Engine (На ходу, используется двигатель)",,,
9692363,636016333.0,HISTRIA AMBER.,,,7.3,LIBERIA (Либерия).,vessel,,180.22,32.23,"Underway using Engine (На ходу, используется двигатель)",,,
9578634,636015331.0,HISTRIA PERLA.,,,7.3,LIBERIA (Либерия).,vessel,,180.22,32.23,"Underway using Engine (На ходу, используется двигатель)",,,
9257802,636011985.0,HISTRIA LORENA.,,,7.3,LIBERIA (Либерия).,vessel,,180.22,32.23,"Underway using Engine (На ходу, используется двигатель)",,,
9423712,636014233.0,HISTRIA TIGER.,,,7.3,LIBERIA (Либерия).,vessel,,180.22,32.23,"Underway using Engine (На ходу, используется двигатель)",,,
9258480,636011984.0,HISTRIA GIADA.,,,7.3,LIBERIA (Либерия).,vessel,,180.22,32.23,"Underway using Engine (На ходу, используется двигатель)",,,
9953494,636022631.0,HISTRIA PRINCE.,,,7.3,LIBERIA (Либерия).,vessel,,180.0,32.23,"Underway using Engine (На ходу, используется двигатель)",,,
9926910,636021570.0,HISTRIA GEM.,,,7.3,LIBERIA (Либерия).,vessel,,180.0,32.23,"Underway using Engine (На ходу, используется двигатель)",,,
9291640,636011983.0,HISTRIA GIOCONDA.,,,7.3,LIBERIA (Либерия).,vessel,,180.22,32.23,"Underway using Engine (На ходу, используется двигатель)",,,
9612052,636015331.0,HISTRIA PERLA.,,,7.3,LIBERIA (Либерия).,vessel,,180.22,32.23,"Underway using Engine (На ходу, используется двигатель)",,,
9398266,636014120.0,HISTRIA LUMINITA.,,,7.3,LIBERIA (Либерия).,vessel,,180.22,32.23,"Underway using Engine (На ходу, используется двигатель)",,,
9324332,636012669.0,HISTRIA GIULIA.,,,7.3,LIBERIA (Либерия).,vessel,,180.22,32.23,"Underway using Engine (На ходу, используется двигатель)",,,
9749489,636017006.0,HISTRIA ATHENA.,,,7.3,LIBERIA (Либерия).,vessel,,180.22,32.23,"Underway using Engine (На ходу, используется двигатель)",,,
9175078,636014234.0,HISTRIA LADY.,,,7.3,LIBERIA (Либерия).,vessel,,180.22,32.23,"Underway using Engine (На ходу, используется двигатель)",,,
9746671,636017005.0,HISTRIA ATLAS.,,,7.3,LIBERIA (Либерия).,vessel,,180.22,32.23,"Underway using Engine (На ходу, используется двигатель)",,,
9934905,636021010.0,HISTRIA AMBRA.,,,7.3,LIBERIA (Либерия).,vessel,,180.0,32.23,"Underway using Engine (На ходу, используется двигатель)",,,
9995466,636023348.0,HISTRIA CRYSTAL.,,,7.3,LIBERIA (Либерия).,vessel,,180.0,32.23,"Underway using Engine (На ходу, используется двигатель)",,,
9406673,636014122.0,HISTRIA DANTE.,,,7.3,LIBERIA (Либерия).,vessel,,180.22,32.23,"Underway using Engine (На ходу, используется двигатель)",,,
9986104,636023347.0,HISTRIA AMBER.,,,7.3,LIBERIA (Либерия).,vessel,,180.0,32.23,"Underway using Engine (На ходу, используется двигатель)",,,
9228320,636011982.0,HISTRIA IVORY.,,,7.3,LIBERIA (Либерия).,vessel,,180.22,32.23,"Underway using Engine (На ходу, используется двигатель)",,,
9308833,636012671.0,HISTRIA CORAL.,,,7.3,LIBERIA (Либерия).,vessel,,180.22,32.23,"Underway using Engine (На ходу, используется двигатель)",,,
9825439,636018318.0,HISTRIA DYNAMIC.,,,7.3,LIBERIA (Либерия).,vessel,,180.0,32.26,"Underway using Engine (На ходу, используется двигатель)",,,
9425318,636014121.0,HISTRIA CROWN.,,,7.3,LIBERIA (Либерия).,vessel,,180.22,32.23,"Underway using Engine (На ходу, используется двигатель)",,,
9310707,636012672.0,HISTRIA AZURE.,,,7.3,LIBERIA (Либерия).,vessel,,180.22,32.23,"Underway using Engine (На ходу, используется двигатель)",,,
9308168,636012670.0,HISTRIA GIADA.,,,7.3,LIBERIA (Либерия).,vessel,,180.22,32.23,"Underway using Engine (На ходу, используется двигатель)",,,
9636735,636015332.0,HISTRIA AGARE.,,,7.3,LIBERIA (Либерия).,vessel,,180.22,32.23,"Underway using Engine (На ходу, используется двигатель)",,,
9233777,636011984.0,HISTRIA TOPAZ.,,,7.3,LIBERIA (Либерия).,vessel,,180.22,32.23,"Underway using Engine (На ходу, используется двигатель)",,,
9301407,636012376.0,HISTRIA PERLA.,,,7.3,LIBERIA (Либерия).,vessel,,180.22,32.23,"Underway using Engine (На ходу, используется двигатель)",,,
9959917,636022646.0,HISTRIA ONIX.,,,7.3,LIBERIA (Либерия).,vessel,,180.0,32.23,"Underway using Engine (На ходу, используется двигатель)",,,
9288710,636012377.0,HISTRIA AGATA.,,,7.3,LIBERIA (Либерия).,vessel,,180.22,32.23,"Underway using Engine (На ходу, используется двигатель)",,,
9958846,636022645.0,HISTRIA OPAL.,,,7.3,LIBERIA (Либерия).,vessel,,180.0,32.23,"Underway using Engine (На ходу, используется двигатель)",,,
9388807,636014120.0,HISTRIA AMETHYST.,,,7.3,LIBERIA (Либерия).,vessel,,180.22,32.23,"Underway using Engine (На ходу, используется двигатель)",,,
9411941,636014123.0,HISTRIA GIULIA.,,,7.3,LIBERIA (Либерия).,vessel,,180.22,32.23,"Underway using Engine (На ходу, используется двигатель)",,,
9260081,636012378.0,HISTRIA LORENA.,,,7.3,LIBERIA (Либерия).,vessel,,180.22,32.23,"Underway using Engine (На ходу, используется двигатель)",,,
9404807,636014124.0,HISTRIA PETRA.,,,7.3,LIBERIA (Либерия).,vessel,,180.22,32.23,"Underway using Engine (На ходу, используется двигатель)",,,
9455052,636014125.0,HISTRIA ATLANTIC.,,,7.3,LIBERIA (Либерия).,vessel,,180.22,32.23,"Underway using Engine (На ходу, используется двигатель)",,,
9912115,636021175.0,HISTRIA NARCEIN.,,,7.3,LIBERIA (Либерия).,vessel,,180.0,32.26,"Underway using Engine (На ходу, используется двигатель)",,,
9883912,636021174.0,HISTRIA DIONE.,,,7.3,LIBERIA (Либерия).,vessel,,180.0,32.26,"Underway using Engine (На ходу, используется двигатель)",,,
9694361,636016335.0,HISTRIA CORAL.,,,7.3,LIBERIA (Либерия).,vessel,,180.22,32.23,"Underway using Engine (На ходу, используется двигатель)",,,
9428358,636014122.0,HISTRIA CRYSTAL.,,,7.3,LIBERIA (Либерия).,vessel,,180.22,32.23,"Underway using Engine (На ходу, используется двигатель)",,,
9946362,636021464.0,HISTRIA AMBER.,,,7.3,LIBERIA (Либерия).,vessel,,180.0,32.23,"Underway using Engine (На ходу, используется двигатель)",,,
9406673,636014119.0,HISTRIA IVORY.,,,7.3,LIBERIA (Либерия).,vessel,,180.22,32.23,"Underway using Engine (На ходу, используется двигатель)",,,
9296418,636012375.0,HISTRIA GIADA.,,,7.3,LIBERIA (Либерия).,vessel,,180.22,32.23,"Underway using Engine (На ходу, используется двигатель)",,,
9370850,636014121.0,HISTRIA PERLA.,,,7.3,LIBERIA (Либерия).,vessel,,180.22,32.23,"Underway using Engine (На ходу, используется двигатель)",,,
9522257,636014436.0,HISTRIA CROWN.,,,7.3,LIBERIA (Либерия).,vessel,,180.22,32.23,"Underway using Engine (На ходу, используется двигатель)",,,
9292620,636012374.0,HISTRIA PRINCE.,,,7.3,LIBERIA (Либерия).,vessel,,180.22,32.23,"Underway using Engine (На ходу, используется двигатель)",,,
9301407,636012376.0,HISTRIA PERLA.,,,7.3,LIBERIA (Либерия).,vessel,,180.22,32.23,"Underway using Engine (На ходу, используется двигатель)",,,
9411941,636014123.0,HISTRIA GIULIA.,,,7.3,LIBERIA (Либерия).,vessel,,180.22,32.23,"Underway using Engine (На ходу, используется двигатель)",,,
9308168,636012377.0,HISTRIA GIADA.,,,7.3,LIBERIA (Либерия).,vessel,,180.22,32.23,"Underway using Engine (На ходу, используется двигатель)",,,
9258480,636012373.0,HISTRIA GIULIA.,,,7.3,LIBERIA (Либерия).,vessel,,180.22,32.23,"Underway using Engine (На ходу, используется двигатель)",,,
1045215,338161000.0,MAERSK DETROIT.,,,12.1,USA (США).,vessel,,299.9,45.2,"Underway using Engine (На ходу, используется двигатель)",,,
9941702,636021465.0,HISTRIA ONIX.,,,7.3,LIBERIA (Либерия).,vessel,,180.0,32.23,"Underway using Engine (На ходу, используется двигатель)",,,
9912141,636021175.0,HISTRIA AMBER.,,,7.3,LIBERIA (Либерия).,vessel,,180.0,32.26,"Underway using Engine (На ходу, используется двигатель)",,,
9995466,636021173.0,HISTRIA ONIX.,,,7.3,LIBERIA (Либерия).,vessel,,180.0,32.26,"Underway using Engine (На ходу, используется двигатель)",,,
9175078,338162000.0,MAERSK DENVER.,,,12.1,USA (США).,vessel,,299.9,45.2,"Underway using Engine (На ходу, используется двигатель)",,,
9986104,636021172.0,HISTRIA AMBER.,,,7.3,LIBERIA (Либерия).,vessel,,180.0,32.26,"Underway using Engine (На ходу, используется двигатель)",,,
9746671,636018318.0,HISTRIA DIONE.,,,7.3,LIBERIA (Либерия).,vessel,,180.0,32.26,"Underway using Engine (На ходу, используется двигатель)",,,
9288734,636012372.0,HISTRIA IVORY.,,,7.3,LIBERIA (Либерия).,vessel,,180.22,32.23,"Underway using Engine (На ходу, используется двигатель)",,,
9227443,636012371.0,HISTRIA CORAL.,,,7.3,LIBERIA (Либерия).,vessel,,180.22,32.23,"Underway using Engine (На ходу, используется двигатель)",,,
9612052,636015505.0,HISTRIA ATLAS.,,,7.3,LIBERIA (Либерия).,vessel,,180.22,32.23,"Underway using Engine (На ходу, используется двигатель)",,,
9308833,636012378.0,HISTRIA GIADA.,,,7.3,LIBERIA (Либерия).,vessel,,180.22,32.23,"Underway using Engine (На ходу, используется двигатель)",,,
9270517,636012365.0,HISTRIA TOPAZ.,,,7.3,LIBERIA (Либерия).,vessel,,180.22,32.23,"Underway using Engine (На ходу, используется двигатель)",,,
9934905,636021174.0,HISTRIA ONIX.,,,7.3,LIBERIA (Либерия).,vessel,,180.0,32.26,"Underway using Engine (На ходу, используется двигатель)",,,
9373668,636012678.0,HISTRIA PERLA.,,,7.3,LIBERIA (Либерия).,vessel,,180.22,32.23,"Underway using Engine (На ходу, используется двигатель)",,,
9274812,636012368.0,HISTRIA CROWN.,,,7.3,LIBERIA (Либерия).,vessel,,180.22,32.23,"Underway using Engine (На ходу, используется двигатель)",,,
9284013,636012376.0,HISTRIA GIADA.,,,7.3,LIBERIA (Либерия).,vessel,,180.22,32.23,"Underway using Engine (На ходу, используется двигатель)",,,
9953494,636021464.0,HISTRIA ONIX.,,,7.3,LIBERIA (Либерия).,vessel,,180.0,32.23,"Underway using Engine (На ходу, используется двигатель)",,,
9825439,338573000.0,MAERSK DETROIT.,,,12.1,USA (США).,vessel,,299.9,45.2,"Underway using Engine (На ходу, используется двигатель)",,,
1087639,338573000.0,MAERSK DETROIT.,,,12.1,USA (США).,vessel,,299.9,45.2,"Underway using Engine (На ходу, используется двигатель)",,,
9516959,636015501.0,HISTRIA AMBRA.,,,7.3,LIBERIA (Либерия).,vessel,,180.22,32.23,"Underway using Engine (На ходу, используется двигатель)",,,
9314870,636012379.0,HISTRIA GIADA.,,,7.3,LIBERIA (Либерия).,vessel,,180.22,32.23,"Underway using Engine (На ходу, используется двигатель)",,,
9381512,636012676.0,HISTRIA PREZIOSA.,,,7.3,LIBERIA (Либерия).,vessel,,180.22,32.23,"Underway using Engine (На ходу, используется двигатель)",,,
9826897,338574000.0,MAERSK DENVER.,,,12.1,USA (США).,vessel,,299.9,45.2,"Underway using Engine (На ходу, используется двигатель)",,,
1058092,1058092.0,MAERSK DENVER.,,,12.1,USA (США).,vessel,,300.0,45.0,"Underway using Engine (На ходу, используется двигатель)",,,
9407445,636013344.0,HISTRIA D'ORO.,,,7.3,LIBERIA (Либерия).,vessel,,180.22,32.23,"Underway using Engine (На ходу, используется двигатель)",,,
9853577,636021175.0,HISTRIA ONIX.,,,7.3,LIBERIA (Либерия).,vessel,,180.0,32.26,"Underway using Engine (На ходу, используется двигатель)",,,
9483619,636015502.0,HISTRIA AMBRA.,,,7.3,LIBERIA (Либерия).,vessel,,180.22,32.23,"Underway using Engine (На ходу, используется двигатель)",,,
9081564,636012365.0,HISTRIA CORAL.,,,7.3,LIBERIA (Либерия).,vessel,,180.22,32.23,"Underway using Engine (На ходу, используется двигатель)",,,
9747261,636021173.0,HISTRIA ONIX.,,,7.3,LIBERIA (Либерия).,vessel,,180.0,32.26,"Underway using Engine (На ходу, используется двигатель)",,,
9846471,636021463.0,HISTRIA ONIX.,,,7.3,LIBERIA (Либерия).,vessel,,180.0,32.23,"Underway using Engine (На ходу, используется двигатель)",,,
9409168,636012679.0,HISTRIA PERLA.,,,7.3,LIBERIA (Либерия).,vessel,,180.22,32.23,"Underway using Engine (На ходу, используется двигатель)",,,
9774197,636021172.0,HISTRIA ONIX.,,,7.3,LIBERIA (Либерия).,vessel,,180.0,32.26,"Underway using Engine (На ходу, используется двигатель)",,,
9492311,636012380.0,HISTRIA GIADA.,,,7.3,LIBERIA (Либерия).,vessel,,180.22,32.23,"Underway using Engine (На ходу, используется двигатель)",,,
9337004,636012677.0,HISTRIA PREZIOSA.,,,7.3,LIBERIA (Либерия).,vessel,,180.22,32.23,"Underway using Engine (На ходу, используется двигатель)",,,
9953468,636021174.0,HISTRIA ONIX.,,,7.3,LIBERIA (Либерия).,vessel,,180.0,32.26,"Underway using Engine (На ходу, используется двигатель)",,,
9723007,636021171.0,HISTRIA ONIX.,,,7.3,LIBERIA (Либерия).,vessel,,180.0,32.26,"Underway using Engine (На ходу, используется двигатель)",,,
9334789,636012678.0,HISTRIA PREZIOSA.,,,7.3,LIBERIA (Либерия).,vessel,,180.22,32.23,"Underway using Engine (На ходу, используется двигатель)",,,
9772931,636021176.0,HISTRIA ONIX.,,,7.3,LIBERIA (Либерия).,vessel,,180.0,32.26,"Underway using Engine (На ходу, используется двигатель)",,,
9759836,636021177.0,HISTRIA ONIX.,,,7.3,LIBERIA (Либерия).,vessel,,180.0,32.26,"Underway using Engine (На ходу, используется двигатель)",,,
9347736,636012676.0,HISTRIA PREZIOSA.,,,7.3,LIBERIA (Либерия).,vessel,,180.22,32.23,"Underway using Engine (На ходу, используется двигатель)",,,
9298375,636012674.0,HISTRIA PREZIOSA.,,,7.3,LIBERIA (Либерия).,vessel,,180.22,32.23,"Underway using Engine (На ходу, используется двигатель)",,,
9358400,636012675.0,HISTRIA PREZIOSA.,,,7.3,LIBERIA (Либерия).,vessel,,180.22,32.23,"Underway using Engine (На ходу, используется двигатель)",,,
9596777,636012673.0,HISTRIA PREZIOSA.,,,7.3,LIBERIA (Либерия).,vessel,,180.22,32.23,"Underway using Engine (На ходу, используется двигатель)",,,
9425502,636012672.0,HISTRIA CROWN.,,,7.3,LIBERIA (Либерия).,vessel,,180.22,32.23,"Underway using Engine (На ходу, используется двигатель)",,,
9245378,636012671.0,HISTRIA CROWN.,,,7.3,LIBERIA (Либерия).,vessel,,180.22,32.23,"Underway using Engine (На ходу, используется двигатель)",,,
9385192,636012670.0,HISTRIA CROWN.,,,7.3,LIBERIA (Либерия).,vessel,,180.22,32.23,"Underway using Engine (На ходу, используется двигатель)",,,
9365623,636012669.0,HISTRIA CROWN.,,,7.3,LIBERIA (Либерия).,vessel,,180.22,32.23,"Underway using Engine (На ходу, используется двигатель)",,,
9168611,636012668.0,HISTRIA CROWN.,,,7.3,LIBERIA (Либерия).,vessel,,180.22,32.23,"Underway using Engine (На ходу, используется двигатель)",,,
9368223,636012667.0,HISTRIA CORAL.,,,7.3,LIBERIA (Либерия).,vessel,,180.22,32.23,"Underway using Engine (На ходу, используется двигатель)",,,
9607629,636012666.0,HISTRIA CORAL.,,,7.3,LIBERIA (Либерия).,vessel,,180.22,32.23,"Underway using Engine (На ходу, используется двигатель)",,,
9374844,636012665.0,HISTRIA CORAL.,,,7.3,LIBERIA (Либерия).,vessel,,180.22,32.23,"Underway using Engine (На ходу, используется двигатель)",,,
9538141,636012664.0,HISTRIA CORAL.,,,7.3,LIBERIA (Либерия).,vessel,,180.22,32.23,"Underway using Engine (На ходу, используется двигатель)",,,
9254240,636012663.0,HISTRIA CORAL.,,,7.3,LIBERIA (Либерия).,vessel,,180.22,32.23,"Underway using Engine (На ходу, используется двигатель)",,,
9725627,636021175.0,HISTRIA CORAL.,,,7.3,LIBERIA (Либерия).,vessel,,180.0,32.26,"Underway using Engine (На ходу, используется двигатель)",,,
9984857,636021174.0,HISTRIA CORAL.,,,7.3,LIBERIA (Либерия).,vessel,,180.0,32.26,"Underway using Engine (На ходу, используется двигатель)",,,
9717113,636021173.0,HISTRIA CORAL.,,,7.3,LIBERIA (Либерия).,vessel,,180.0,32.26,"Underway using Engine (На ходу, используется двигатель)",,,
9428451,636012662.0,HISTRIA CORAL.,,,7.3,LIBERIA (Либерия).,vessel,,180.22,32.23,"Underway using Engine (На ходу, используется двигатель)",,,
9309980,636012661.0,HISTRIA CORAL.,,,7.3,LIBERIA (Либерия).,vessel,,180.22,32.23,"Underway using Engine (На ходу, используется двигатель)",,,
9752694,636021172.0,HISTRIA CORAL.,,,7.3,LIBERIA (Либерия).,vessel,,180.0,32.26,"Underway using Engine (На ходу, используется двигатель)",,,
9809368,636021171.0,HISTRIA CORAL.,,,7.3,LIBERIA (Либерия).,vessel,,180.0,32.26,"Underway using Engine (На ходу, используется двигатель)",,,
9797228,636021170.0,HISTRIA CORAL.,,,7.3,LIBERIA (Либерия).,vessel,,180.0,32.26,"Underway using Engine (На ходу, используется двигатель)",,,
9958286,636021169.0,HISTRIA CORAL.,,,7.3,LIBERIA (Либерия).,vessel,,180.0,32.26,"Underway using Engine (На ходу, используется двигатель)",,,
9793753,636021168.0,HISTRIA CORAL.,,,7.3,LIBERIA (Либерия).,vessel,,180.0,32.26,"Underway using Engine (На ходу, используется двигатель)",,,
9803285,636021167.0,HISTRIA CORAL.,,,7.3,LIBERIA (Либерия).,vessel,,180.0,32.26,"Underway using Engine (На ходу, используется двигатель)",,,
9402263,636021166.0,HISTRIA CORAL.,,,7.3,LIBERIA (Либерия).,vessel,,180.0,32.26,"Underway using Engine (На ходу, используется двигатель)",,,
9336402,636021165.0,HISTRIA CORAL.,,,7.3,LIBERIA (Либерия).,vessel,,180.0,32.26,"Underway using Engine (На ходу, используется двигатель)",,,
9693719,636021164.0,HISTRIA CORAL.,,,7.3,LIBERIA (Либерия).,vessel,,180.0,32.26,"Underway using Engine (На ходу, используется двигатель)",,,
9686857,636021163.0,HISTRIA CORAL.,,,7.3,LIBERIA (Либерия).,vessel,,180.0,32.26,"Underway using Engine (На ходу, используется двигатель)",,,
9390032,636021162.0,HISTRIA CORAL.,,,7.3,LIBERIA (Либерия).,vessel,,180.0,32.26,"Underway using Engine (На ходу, используется двигатель)",,,
9758789,636021161.0,HISTRIA CORAL.,,,7.3,LIBERIA (Либерия).,vessel,,180.0,32.26,"Underway using Engine (На ходу, используется двигатель)",,,
9504190,636021160.0,HISTRIA CORAL.,,,7.3,LIBERIA (Либерия).,vessel,,180.0,32.26,"Underway using Engine (На ходу, используется двигатель)",,,
9707194,636021159.0,HISTRIA CORAL.,,,7.3,LIBERIA (Либерия).,vessel,,180.0,32.26,"Underway using Engine (На ходу, используется двигатель)",,,
9520261,636021158.0,HISTRIA CORAL.,,,7.3,LIBERIA (Либерия).,vessel,,180.0,32.26,"Underway using Engine (На ходу, используется двигатель)",,,
9770531,636021157.0,HISTRIA CORAL.,,,7.3,LIBERIA (Либерия).,vessel,,180.0,32.26,"Underway using Engine (На ходу, используется двигатель)",,,
9761267,636021156.0,HISTRIA CORAL.,,,7.3,LIBERIA (Либерия).,vessel,,180.0,32.26,"Underway using Engine (На ходу, используется двигатель)",,,
9457610,636021155.0,HISTRIA CORAL.,,,7.3,LIBERIA (Либерия).,vessel,,180.0,32.26,"Underway using Engine (На ходу, используется двигатель)",,,
9477517,636021154.0,HISTRIA CORAL.,,,7.3,LIBERIA (Либерия).,vessel,,180.0,32.26,"Underway using Engine (На ходу, используется двигатель)",,,
1050387,636021153.0,HISTRIA CORAL.,,,7.3,LIBERIA (Либерия).,vessel,,180.0,32.26,"Underway using Engine (На ходу, используется двигатель)",,,
9938066,636021152.0,HISTRIA CORAL.,,,7.3,LIBERIA (Либерия).,vessel,,180.0,32.26,"Underway using Engine (На ходу, используется двигатель)",,,
9661443,636021151.0,HISTRIA CORAL.,,,7.3,LIBERIA (Либерия).,vessel,,180.0,32.26,"Underway using Engine (На ходу, используется двигатель)",,,
9371309,636021150.0,HISTRIA CORAL.,,,7.3,LIBERIA (Либерия).,vessel,,180.0,32.26,"Underway using Engine (На ходу, используется двигатель)",,,
9292503,636021149.0,HISTRIA CORAL.,,,7.3,LIBERIA (Либерия).,vessel,,180.0,32.26,"Underway using Engine (На ходу, используется двигатель)",,,
9631383,636021148.0,HISTRIA CORAL.,,,7.3,LIBERIA (Либерия).,vessel,,180.0,32.26,"Underway using Engine (На ходу, используется двигатель)",,,
9870719,636021147.0,HISTRIA CORAL.,,,7.3,LIBERIA (Либерия).,vessel,,180.0,32.26,"Underway using Engine (На ходу, используется двигатель)",,,
9351452,636021146.0,HISTRIA CORAL.,,,7.3,LIBERIA (Либерия).,vessel,,180.0,32.26,"Underway using Engine (На ходу, используется двигатель)",,,
9258351,636021145.0,HISTRIA CORAL.,,,7.3,LIBERIA (Либерия).,vessel,,180.0,32.26,"Underway using Engine (На ходу, используется двигатель)",,,
9464352,636021144.0,HISTRIA CORAL.,,,7.3,LIBERIA (Либерия).,vessel,,180.0,32.26,"Underway using Engine (На ходу, используется двигатель)",,,
9382085,636021143.0,HISTRIA CORAL.,,,7.3,LIBERIA (Либерия).,vessel,,180.0,32.26,"Underway using Engine (На ходу, используется двигатель)",,,
9727534,636021142.0,HISTRIA CORAL.,,,7.3,LIBERIA (Либерия).,vessel,,180.0,32.26,"Underway using Engine (На ходу, используется двигатель)",,,
9559640,636021141.0,HISTRIA CORAL.,,,7.3,LIBERIA (Либерия).,vessel,,180.0,32.26,"Underway using Engine (На ходу, используется двигатель)",,,
9480382,636021140.0,HISTRIA CORAL.,,,7.3,LIBERIA (Либерия).,vessel,,180.0,32.26,"Underway using Engine (На ходу, используется двигатель)",,,
8325547,636021139.0,HISTRIA CORAL.,,,7.3,LIBERIA (Либерия).,vessel,,180.0,32.26,"Underway using Engine (На ходу, используется двигатель)",,,
9899375,636021138.0,HISTRIA CORAL.,,,7.3,LIBERIA (Либерия).,vessel,,180.0,32.26,"Underway using Engine (На ходу, используется двигатель)",,,
9800374,636021137.0,HISTRIA CORAL.,,,7.3,LIBERIA (Либерия).,vessel,,180.0,32.26,"Underway using Engine (На ходу, используется двигатель)",,,
9318072,636021136.0,HISTRIA CORAL.,,,7.3,LIBERIA (Либерия).,vessel,,180.0,32.26,"Underway using Engine (На ходу, используется двигатель)",,,
9655456,636021135.0,HISTRIA CORAL.,,,7.3,LIBERIA (Либерия).,vessel,,180.0,32.26,"Underway using Engine (На ходу, используется двигатель)",,,
9420643,636021134.0,HISTRIA CORAL.,,,7.3,LIBERIA (Либерия).,vessel,,180.0,32.26,"Underway using Engine (На ходу, используется двигатель)",,,
9699517,636021133.0,HISTRIA CORAL.,,,7.3,LIBERIA (Либерия).,vessel,,180.0,32.26,"Underway using Engine (На ходу, используется двигатель)",,,
9438406,636021132.0,HISTRIA CORAL.,,,7.3,LIBERIA (Либерия).,vessel,,180.0,32.26,"Underway using Engine (На ходу, используется двигатель)",,,
9731042,636021131.0,HISTRIA CORAL.,,,7.3,LIBERIA (Либерия).,vessel,,180.0,32.26,"Underway using Engine (На ходу, используется двигатель)",,,
9692246,636021130.0,HISTRIA CORAL.,,,7.3,LIBERIA (Либерия).,vessel,,180.0,32.26,"Underway using Engine (На ходу, используется двигатель)",,,
9175767,636021129.0,HISTRIA CORAL.,,,7.3,LIBERIA (Либерия).,vessel,,180.0,32.26,"Underway using Engine (На ходу, используется двигатель)",,,
9958327,636021128.0,HISTRIA CORAL.,,,7.3,LIBERIA (Либерия).,vessel,,180.0,32.26,"Underway using Engine (На ходу, используется двигатель)",,,
9321445,636021127.0,HISTRIA CORAL.,,,7.3,LIBERIA (Либерия).,vessel,,180.0,32.26,"Underway using Engine (На ходу, используется двигатель)",,,
9425540,636021126.0,HISTRIA CORAL.,,,7.3,LIBERIA (Либерия).,vessel,,180.0,32.26,"Underway using Engine (На ходу, используется двигатель)",,,
9356438,636021125.0,HISTRIA CORAL.,,,7.3,LIBERIA (Либерия).,vessel,,180.0,32.26,"Underway using Engine (На ходу, используется двигатель)",,,
9997385,636021124.0,HISTRIA CORAL.,,,7.3,LIBERIA (Либерия).,vessel,,180.0,32.26,"Underway using Engine (На ходу, используется двигатель)",,,
9804851,636021123.0,HISTRIA CORAL.,,,7.3,LIBERIA (Либерия).,vessel,,180.0,32.26,"Underway using Engine (На ходу, используется двигатель)",,,
9295426,636021122.0,HISTRIA CORAL.,,,7.3,LIBERIA (Либерия).,vessel,,180.0,32.26,"Underway using Engine (На ходу, используется двигатель)",,,
9742211,636021121.0,HISTRIA CORAL.,,,7.3,LIBERIA (Либерия).,vessel,,180.0,32.26,"Underway using Engine (На ходу, используется двигатель)",,,
9250737,636021120.0,HISTRIA CORAL.,,,7.3,LIBERIA (Либерия).,vessel,,180.0,32.26,"Underway using Engine (На ходу, используется двигатель)",,,
9899478,636021119.0,HISTRIA CORAL.,,,7.3,LIBERIA (Либерия).,vessel,,180.0,32.26,"Underway using Engine (На ходу, используется двигатель)",,,
9340489,636021118.0,HISTRIA CORAL.,,,7.3,LIBERIA (Либерия).,vessel,,180.0,32.26,"Underway using Engine (На ходу, используется двигатель)",,,
9686883,636021117.0,HISTRIA CORAL.,,,7.3,LIBERIA (Либерия).,vessel,,180.0,32.26,"Underway using Engine (На ходу, используется двигатель)",,,
9322956,636021116.0,HISTRIA CORAL.,,,7.3,LIBERIA (Либерия).,vessel,,180.0,32.26,"Underway using Engine (На ходу, используется двигатель)",,,
9773935,636021115.0,HISTRIA CORAL.,,,7.3,LIBERIA (Либерия).,vessel,,180.0,32.26,"Underway using Engine (На ходу, используется двигатель)",,,
9527855,636021114.0,HISTRIA CORAL.,,,7.3,LIBERIA (Либерия).,vessel,,180.0,32.26,"Underway using Engine (На ходу, используется двигатель)",,,
9797230,636021113.0,HISTRIA CORAL.,,,7.3,LIBERIA (Либерия).,vessel,,180.0,32.26,"Underway using Engine (На ходу, используется двигатель)",,,
9783423,636021112.0,HISTRIA CORAL.,,,7.3,LIBERIA (Либерия).,vessel,,180.0,32.26,"Underway using Engine (На ходу, используется двигатель)",,,
9330604,636021111.0,HISTRIA CORAL.,,,7.3,LIBERIA (Либерия).,vessel,,180.0,32.26,"Underway using Engine (На ходу, используется двигатель)",,,
9877767,636021110.0,HISTRIA CORAL.,,,7.3,LIBERIA (Либерия).,vessel,,180.0,32.26,"Underway using Engine (На ходу, используется двигатель)",,,
9352303,636021109.0,HISTRIA CORAL.,,,7.3,LIBERIA (Либерия).,vessel,,180.0,32.26,"Underway using Engine (На ходу, используется двигатель)",,,
9920784,636021108.0,HISTRIA CORAL.,,,7.3,LIBERIA (Либерия).,vessel,,180.0,32.26,"Underway using Engine (На ходу, используется двигатель)",,,
9978028,636021107.0,HISTRIA CORAL.,,,7.3,LIBERIA (Либерия).,vessel,,180.0,32.26,"Underway using Engine (На ходу, используется двигатель)",,,
9340623,636021106.0,HISTRIA CORAL.,,,7.3,LIBERIA (Либерия).,vessel,,180.0,32.26,"Underway using Engine (На ходу, используется двигатель)",,,
9253818,636021105.0,HISTRIA CORAL.,,,7.3,LIBERIA (Либерия).,vessel,,180.0,32.26,"Underway using Engine (На ходу, используется двигатель)",,,
9117507,636021104.0,HISTRIA CORAL.,,,7.3,LIBERIA (Либерия).,vessel,,180.0,32.26,"Underway using Engine (На ходу, используется двигатель)",,,
9905162,636021103.0,HISTRIA CORAL.,,,7.3,LIBERIA (Либерия).,vessel,,180.0,32.26,"Underway using Engine (На ходу, используется двигатель)",,,
9148960,636021102.0,HISTRIA CORAL.,,,7.3,LIBERIA (Либерия).,vessel,,180.0,32.26,"Underway using Engine (На ходу, используется двигатель)",,,
9572276,636021101.0,HISTRIA CORAL.,,,7.3,LIBERIA (Либерия).,vessel,,180.0,32.26,"Underway using Engine (На ходу, используется двигатель)",,,
9399363,636021100.0,HISTRIA CORAL.,,,7.3,LIBERIA (Либерия).,vessel,,180.0,32.26,"Underway using Engine (На ходу, используется двигатель)",,,
9795103,636021099.0,HISTRIA CORAL.,,,7.3,LIBERIA (Либерия).,vessel,,180.0,32.26,"Underway using Engine (На ходу, используется двигатель)",,,
9621601,636021098.0,HISTRIA CORAL.,,,7.3,LIBERIA (Либерия).,vessel,,180.0,32.26,"Underway using Engine (На ходу, используется двигатель)",,,
9513139,636021097.0,HISTRIA CORAL.,,,7.3,LIBERIA (Либерия).,vessel,,180.0,32.26,"Underway using Engine (На ходу, используется двигатель)",,,
9938482,636021096.0,HISTRIA CORAL.,,,7.3,LIBERIA (Либерия).,vessel,,180.0,32.26,"Underway using Engine (На ходу, используется двигатель)",,,
9383869,636021095.0,HISTRIA CORAL.,,,7.3,LIBERIA (Либерия).,vessel,,180.0,32.26,"Underway using Engine (На ходу, используется двигатель)",,,
9472751,636021094.0,HISTRIA CORAL.,,,7.3,LIBERIA (Либерия).,vessel,,180.0,32.26,"Underway using Engine (На ходу, используется двигатель)",,,
9421972,636021093.0,HISTRIA CORAL.,,,7.3,LIBERIA (Либерия).,vessel,,180.0,32.26,"Underway using Engine (На ходу, используется двигатель)",,,
9297503,636021092.0,HISTRIA CORAL.,,,7.3,LIBERIA (Либерия).,vessel,,180.0,32.26,"Underway using Engine (На ходу, используется двигатель)",,,
9293129,636021091.0,HISTRIA CORAL.,,,7.3,LIBERIA (Либерия).,vessel,,180.0,32.26,"Underway using Engine (На ходу, используется двигатель)",,,
9349203,636021090.0,HISTRIA CORAL.,,,7.3,LIBERIA (Либерия).,vessel,,180.0,32.26,"Underway using Engine (На ходу, используется двигатель)",,,
9378278,636021089.0,HISTRIA CORAL.,,,7.3,LIBERIA (Либерия).,vessel,,180.0,32.26,"Underway using Engine (На ходу, используется двигатель)",,,
9396000,636021088.0,HISTRIA CORAL.,,,7.3,LIBERIA (Либерия).,vessel,,180.0,32.26,"Underway using Engine (На ходу, используется двигатель)",,,
9442184,636021087.0,HISTRIA CORAL.,,,7.3,LIBERIA (Либерия).,vessel,,180.0,32.26,"Underway using Engine (На ходу, используется двигатель)",,,
9399868,636021086.0,HISTRIA CORAL.,,,7.3,LIBERIA (Либерия).,vessel,,180.0,32.26,"Underway using Engine (На ходу, используется двигатель)",,,
1013987,636021085.0,HISTRIA CORAL.,,,7.3,LIBERIA (Либерия).,vessel,,180.0,32.26,"Underway using Engine (На ходу, используется двигатель)",,,
9399868,636021084.0,HISTRIA CORAL.,,,7.3,LIBERIA (Либерия).,vessel,,180.0,32.26,"Underway using Engine (На ходу, используется двигатель)",,,
9654581,636021083.0,HISTRIA CORAL.,,,7.3,LIBERIA (Либерия).,vessel,,180.0,32.26,"Underway using Engine (На ходу, используется двигатель)",,,
9298703,636021082.0,HISTRIA CORAL.,,,7.3,LIBERIA (Либерия).,vessel,,180.0,32.26,"Underway using Engine (На ходу, используется двигатель)",,,
9362138,636021081.0,HISTRIA CORAL.,,,7.3,LIBERIA (Либерия).,vessel,,180.0,32.26,"Underway using Engine (На ходу, используется двигатель)",,,
9655444,636021080.0,HISTRIA CORAL.,,,7.3,LIBERIA (Либерия).,vessel,,180.0,32.26,"Underway using Engine (На ходу, используется двигатель)",,,
1028683,636021079.0,HISTRIA CORAL.,,,7.3,LIBERIA (Либерия).,vessel,,180.0,32.26,"Underway using Engine (На ходу, используется двигатель)",,,
9934125,636021078.0,HISTRIA CORAL.,,,7.3,LIBERIA (Либерия).,vessel,,180.0,32.26,"Underway using Engine (На ходу, используется двигатель)",,,
9297890,636021077.0,HISTRIA CORAL.,,,7.3,LIBERIA (Либерия).,vessel,,180.0,32.26,"Underway using Engine (На ходу, используется двигатель)",,,
9314179,636021076.0,HISTRIA CORAL.,,,7.3,LIBERIA (Либерия).,vessel,,180.0,32.26,"Underway using Engine (На ходу, используется двигатель)",,,
9729283,636021075.0,HISTRIA CORAL.,,,7.3,LIBERIA (Либерия).,vessel,,180.0,32.26,"Underway using Engine (На ходу, используется двигатель)",,,
9905318,636021074.0,HISTRIA CORAL.,,,7.3,LIBERIA (Либерия).,vessel,,180.0,32.26,"Underway using Engine (На ходу, используется двигатель)",,,
9887217,636021073.0,HISTRIA CORAL.,,,7.3,LIBERIA (Либерия).,vessel,,180.0,32.26,"Underway using Engine (На ходу, используется двигатель)",,,
9871012,636021072.0,HISTRIA CORAL.,,,7.3,LIBERIA (Либерия).,vessel,,180.0,32.26,"Underway using Engine (На ходу, используется двигатель)",,,
9507984,636021070.0,HISTRIA CORAL.,,,7.3,LIBERIA (Либерия).,vessel,,180.0,32.26,"Underway using Engine (На ходу, используется двигатель)",,,
9823572,636021069.0,HISTRIA CORAL.,,,7.3,LIBERIA (Либерия).,vessel,,180.0,32.26,"Underway using Engine (На ходу, используется двигатель)",,,
9768526,636021068.0,HISTRIA CORAL.,,,7.3,LIBERIA (Либерия).,vessel,,180.0,32.26,"Underway using Engine (На ходу, используется двигатель)",,,
9308156,636021067.0,HISTRIA CORAL.,,,7.3,LIBERIA (Либерия).,vessel,,180.0,32.26,"Underway using Engine (На ходу, используется двигатель)",,,
1068358,636021066.0,HISTRIA CORAL.,,,7.3,LIBERIA (Либерия).,vessel,,180.0,32.26,"Underway using Engine (На ходу, используется двигатель)",,,
9407330,636021065.0,HISTRIA CORAL.,,,7.3,LIBERIA (Либерия).,vessel,,180.0,32.26,"Underway using Engine (На ходу, используется двигатель)",,,
9511234,636021064.0,HISTRIA CORAL.,,,7.3,LIBERIA (Либерия).,vessel,,180.0,32.26,"Underway using Engine (На ходу, используется двигатель)",,,
9856062,636021063.0,HISTRIA CORAL.,,,7.3,LIBERIA (Либерия).,vessel,,180.0,32.26,"Underway using Engine (На ходу, используется двигатель)",,,
9893230,636021062.0,HISTRIA CORAL.,,,7.3,LIBERIA (Либерия).,vessel,,180.0,32.26,"Underway using Engine (На ходу, используется двигатель)",,,
9669653,636021061.0,HISTRIA CORAL.,,,7.3,LIBERIA (Либерия).,vessel,,180.0,32.26,"Underway using Engine (На ходу, используется двигатель)",,,
9686869,636021060.0,HISTRIA CORAL.,,,7.3,LIBERIA (Либерия).,vessel,,180.0,32.26,"Underway using Engine (На ходу, используется двигатель)",,,
9876828,636021059.0,HISTRIA CORAL.,,,7.3,LIBERIA (Либерия).,vessel,,180.0,32.26,"Underway using Engine (На ходу, используется двигатель)",,,
9876830,636021058.0,HISTRIA CORAL.,,,7.3,LIBERIA (Либерия).,vessel,,180.0,32.26,"Underway using Engine (На ходу, используется двигатель)",,,
9581007,636021057.0,HISTRIA CORAL.,,,7.3,LIBERIA (Либерия).,vessel,,180.0,32.26,"Underway using Engine (На ходу, используется двигатель)",,,
9803651,636021056.0,HISTRIA CORAL.,,,7.3,LIBERIA (Либерия).,vessel,,180.0,32.26,"Underway using Engine (На ходу, используется двигатель)",,,
1020863,636021055.0,HISTRIA CORAL.,,,7.3,LIBERIA (Либерия).,vessel,,180.0,32.26,"Underway using Engine (На ходу, используется двигатель)",,,
9817470,636021054.0,HISTRIA CORAL.,,,7.3,LIBERIA (Либерия).,vessel,,180.0,32.26,"Underway using Engine (На ходу, используется двигатель)",,,
9783631,636021053.0,HISTRIA CORAL.,,,7.3,LIBERIA (Либерия).,vessel,,180.0,32.26,"Underway using Engine (На ходу, используется двигатель)",,,
9792046,636021052.0,HISTRIA CORAL.,,,7.3,LIBERIA (Либерия).,vessel,,180.0,32.26,"Underway using Engine (На ходу, используется двигатель)",,,
9274329,636021051.0,HISTRIA CORAL.,,,7.3,LIBERIA (Либерия).,vessel,,180.0,32.26,"Underway using Engine (На ходу, используется двигатель)",,,
9409273,636021050.0,HISTRIA CORAL.,,,7.3,LIBERIA (Либерия).,vessel,,180.0,32.26,"Underway using Engine (На ходу, используется двигатель)",,,
9931460,636021049.0,HISTRIA CORAL.,,,7.3,LIBERIA (Либерия).,vessel,,180.0,32.26,"Underway using Engine (На ходу, используется двигатель)",,,
9724673,636021048.0,HISTRIA CORAL.,,,7.3,LIBERIA (Либерия).,vessel,,180.0,32.26,"Underway using Engine (На ходу, используется двигатель)",,,
9947691,636021047.0,HISTRIA CORAL.,,,7.3,LIBERIA (Либерия).,vessel,,180.0,32.26,"Underway using Engine (На ходу, используется двигатель)",,,
9694359,636021046.0,HISTRIA CORAL.,,,7.3,LIBERIA (Либерия).,vessel,,180.0,32.26,"Underway using Engine (На ходу, используется двигатель)",,,
9410648,636021045.0,HISTRIA CORAL.,,,7.3,LIBERIA (Либерия).,vessel,,180.0,32.26,"Underway using Engine (На ходу, используется двигатель)",,,
9787182,636021044.0,HISTRIA CORAL.,,,7.3,LIBERIA (Либерия).,vessel,,180.0,32.26,"Underway using Engine (На ходу, используется двигатель)",,,
9418597,636021043.0,HISTRIA CORAL.,,,7.3,LIBERIA (Либерия).,vessel,,180.0,32.26,"Underway using Engine (На ходу, используется двигатель)",,,
9431264,636021042.0,HISTRIA CORAL.,,,7.3,LIBERIA (Либерия).,vessel,,180.0,32.26,"Underway using Engine (На ходу, используется двигатель)",,,
9283679,636021041.0,HISTRIA CORAL.,,,7.3,LIBERIA (Либерия).,vessel,,180.0,32.26,"Underway using Engine (На ходу, используется двигатель)",,,
9773741,636021040.0,HISTRIA CORAL.,,,7.3,LIBERIA (Либерия).,vessel,,180.0,32.26,"Underway using Engine (На ходу, используется двигатель)",,,
9451733,636021039.0,HISTRIA CORAL.,,,7.3,LIBERIA (Либерия).,vessel,,180.0,32.26,"Underway using Engine (На ходу, используется двигатель)",,,
9288693,636021038.0,HISTRIA CORAL.,,,7.3,LIBERIA (Либерия).,vessel,,180.0,32.26,"Underway using Engine (На ходу, используется двигатель)",,,
9384095,636021037.0,HISTRIA CORAL.,,,7.3,LIBERIA (Либерия).,vessel,,180.0,32.26,"Underway using Engine (На ходу, используется двигатель)",,,
9753363,636021036.0,HISTRIA CORAL.,,,7.3,LIBERIA (Либерия).,vessel,,180.0,32.26,"Underway using Engine (На ходу, используется двигатель)",,,
9561370,636021035.0,HISTRIA CORAL.,,,7.3,LIBERIA (Либерия).,vessel,,180.0,32.26,"Underway using Engine (На ходу, используется двигатель)",,,
9263203,636021034.0,HISTRIA CORAL.,,,7.3,LIBERIA (Либерия).,vessel,,180.0,32.26,"Underway using Engine (На ходу, используется двигатель)",,,
9357559,636021033.0,HISTRIA CORAL.,,,7.3,LIBERIA (Либерия).,vessel,,180.0,32.26,"Underway using Engine (На ходу, используется двигатель)",,,
9682588,636021032.0,HISTRIA CORAL.,,,7.3,LIBERIA (Либерия).,vessel,,180.0,32.26,"Underway using Engine (На ходу, используется двигатель)",,,
9292060,636021031.0,HISTRIA CORAL.,,,7.3,LIBERIA (Либерия).,vessel,,180.0,32.26,"Underway using Engine (На ходу, используется двигатель)",,,
9512484,636021030.0,HISTRIA CORAL.,,,7.3,LIBERIA (Либерия).,vessel,,180.0,32.26,"Underway using Engine (На ходу, используется двигатель)",,,
9313462,636021029.0,HISTRIA CORAL.,,,7.3,LIBERIA (Либерия).,vessel,,180.0,32.26,"Underway using Engine (На ходу, используется двигатель)",,,
9762261,636021028.0,HISTRIA CORAL.,,,7.3,LIBERIA (Либерия).,vessel,,180.0,32.26,"Underway using Engine (На ходу, используется двигатель)",,,
9781920,636021027.0,HISTRIA CORAL.,,,7.3,LIBERIA (Либерия).,vessel,,180.0,32.26,"Underway using Engine (На ходу, используется двигатель)",,,
9590682,636021026.0,HISTRIA CORAL.,,,7.3,LIBERIA (Либерия).,vessel,,180.0,32.26,"Underway using Engine (На ходу, используется двигатель)",,,
9941697,636021025.0,HISTRIA CORAL.,,,7.3,LIBERIA (Либерия).,vessel,,180.0,32.26,"Underway using Engine (На ходу, используется двигатель)",,,
9692258,636021024.0,HISTRIA CORAL.,,,7.3,LIBERIA (Либерия).,vessel,,180.0,32.26,"Underway using Engine (На ходу, используется двигатель)",,,
9970583,636021023.0,HISTRIA CORAL.,,,7.3,LIBERIA (Либерия).,vessel,,180.0,32.26,"Underway using Engine (На ходу, используется двигатель)",,,
9592214,636021022.0,HISTRIA CORAL.,,,7.3,LIBERIA (Либерия).,vessel,,180.0,32.26,"Underway using Engine (На ходу, используется двигатель)",,,
9952608,636021021.0,HISTRIA CORAL.,,,7.3,LIBERIA (Либерия).,vessel,,180.0,32.26,"Underway using Engine (На ходу, используется двигатель)",,,
9706463,636021020.0,HISTRIA CORAL.,,,7.3,LIBERIA (Либерия).,vessel,,180.0,32.26,"Underway using Engine (На ходу, используется двигатель)",,,
9501174,636021019.0,HISTRIA CORAL.,,,7.3,LIBERIA (Либерия).,vessel,,180.0,32.26,"Underway using Engine (На ходу, используется двигатель)",,,
9410909,636021018.0,HISTRIA CORAL.,,,7.3,LIBERIA (Либерия).,vessel,,180.0,32.26,"Underway using Engine (На ходу, используется двигатель)",,,
1014096,636021017.0,HISTRIA CORAL.,,,7.3,LIBERIA (Либерия).,vessel,,180.0,32.26,"Underway using Engine (На ходу, используется двигатель)",,,
9261516,636021016.0,HISTRIA CORAL.,,,7.3,LIBERIA (Либерия).,vessel,,180.0,32.26,"Underway using Engine (На ходу, используется двигатель)",,,
9435703,636021015.0,HISTRIA CORAL.,,,7.3,LIBERIA (Либерия).,vessel,,180.0,32.26,"Underway using Engine (На ходу, используется двигатель)",,,
9370848,636021014.0,HISTRIA CORAL.,,,7.3,LIBERIA (Либерия).,vessel,,180.0,32.26,"Underway using Engine (На ходу, используется двигатель)",,,
9986001,636021013.0,HISTRIA CORAL.,,,7.3,LIBERIA (Либерия).,vessel,,180.0,32.26,"Underway using Engine (На ходу, используется двигатель)",,,
9947691,636021012.0,HISTRIA CORAL.,,,7.3,LIBERIA (Либерия).,vessel,,180.0,32.26,"Underway using Engine (На ходу, используется двигатель)",,,
9746279,636021011.0,HISTRIA CORAL.,,,7.3,LIBERIA (Либерия).,vessel,,180.0,32.26,"Underway using Engine (На ходу, используется двигатель)",,,
9724673,636021010.0,HISTRIA CORAL.,,,7.3,LIBERIA (Либерия).,vessel,,180.0,32.26,"Underway using Engine (На ходу, используется двигатель)",,,
9249180,636021009.0,HISTRIA CORAL.,,,7.3,LIBERIA (Либерия).,vessel,,180.0,32.26,"Underway using Engine (На ходу, используется двигатель)",,,
9254941,636021008.0,HISTRIA CORAL.,,,7.3,LIBERIA (Либерия).,vessel,,180.0,32.26,"Underway using Engine (На ходу, используется двигатель)",,,
9402562,636021007.0,HISTRIA CORAL.,,,7.3,LIBERIA (Либерия).,vessel,,180.0,32.26,"Underway using Engine (На ходу, используется двигатель)",,,
9852145,636021006.0,HISTRIA CORAL.,,,7.3,LIBERIA (Либерия).,vessel,,180.0,32.26,"Underway using Engine (На ходу, используется двигатель)",,,
9803649,636021005.0,HISTRIA CORAL.,,,7.3,LIBERIA (Либерия).,vessel,,180.0,32.26,"Underway using Engine (На ходу, используется двигатель)",,,
9460564,636021004.0,HISTRIA CORAL.,,,7.3,LIBERIA (Либерия).,vessel,,180.0,32.26,"Underway using Engine (На ходу, используется двигатель)",,,
9803649,636021003.0,HISTRIA CORAL.,,,7.3,LIBERIA (Либерия).,vessel,,180.0,32.26,"Underway using Engine (На ходу, используется двигатель)",,,
9852145,636021002.0,HISTRIA CORAL.,,,7.3,LIBERIA (Либерия).,vessel,,180.0,32.26,"Underway using Engine (На ходу, используется двигатель)",,,
9460564,636021001.0,HISTRIA CORAL.,,,7.3,LIBERIA (Либерия).,vessel,,180.0,32.26,"Underway using Engine (На ходу, используется двигатель)",,,
9385831,636020999.0,HISTRIA CORAL.,,,7.3,LIBERIA (Либерия).,vessel,,180.0,32.26,"Underway using Engine (На ходу, используется двигатель)",,,
9447794,636020998.0,HISTRIA CORAL.,,,7.3,LIBERIA (Либерия).,vessel,,180.0,32.26,"Underway using Engine (На ходу, используется двигатель)",,,
9724570,636020997.0,,,,7.3,LIBERIA (Либерия).,vessel,,180.0,32.26,"Underway using Engine (На ходу, используется двигатель)",,,
9292979,636020996.0,HISTRIA CORAL.,,,7.3,LIBERIA (Либерия).,vessel,,180.0,32.26,"Underway using Engine (На ходу, используется двигатель)",,,
9447055,636020995.0,HISTRIA CORAL.,,,7.3,LIBERIA (Либерия).,vessel,,180.0,32.26,"Underway using Engine (На ходу, используется двигатель)",,,
9417892,636020994.0,HISTRIA CORAL.,,,7.3,LIBERIA (Либерия).,vessel,,180.0,32.26,"Underway using Engine (На ходу, используется двигатель)",,,
9819844,636020993.0,HISTRIA CORAL.,,,7.3,LIBERIA (Либерия).,vessel,,180.0,32.26,"Underway using Engine (На ходу, используется двигатель)",,,
9357561,636020992.0,HISTRIA CORAL.,,,7.3,LIBERIA (Либерия).,vessel,,180.0,32.26,"Underway using Engine (На ходу, используется двигатель)",,,
9444455,636020991.0,HISTRIA CORAL.,,,7.3,LIBERIA (Либерия).,vessel,,180.0,32.26,"Underway using Engine (На ходу, используется двигатель)",,,
9298193,636020990.0,HISTRIA CORAL.,,,7.3,LIBERIA (Либерия).,vessel,,180.0,32.26,"Underway using Engine (На ходу, используется двигатель)",,,
9404584,636020989.0,HISTRIA CORAL.,,,7.3,LIBERIA (Либерия).,vessel,,180.0,32.26,"Underway using Engine (На ходу, используется двигатель)",,,
9363522,636020988.0,HISTRIA CORAL.,,,7.3,LIBERIA (Либерия).,vessel,,180.0,32.26,"Underway using Engine (На ходу, используется двигатель)",,,
9698355,636020987.0,HISTRIA CORAL.,,,7.3,LIBERIA (Либерия).,vessel,,180.0,32.26,"Underway using Engine (На ходу, используется двигатель)",,,
9428815,636020986.0,HISTRIA CORAL.,,,7.3,LIBERIA (Либерия).,vessel,,180.0,32.26,"Underway using Engine (На ходу, используется двигатель)",,,
9318137,636020985.0,HISTRIA CORAL.,,,7.3,LIBERIA (Либерия).,vessel,,180.0,32.26,"Underway using Engine (На ходу, используется двигатель)",,,
9916123,636020984.0,HISTRIA CORAL.,,,7.3,LIBERIA (Либерия).,vessel,,180.0,32.26,"Underway using Engine (На ходу, используется двигатель)",,,
9989209,636020983.0,HISTRIA CORAL.,,,7.3,LIBERIA (Либерия).,vessel,,180.0,32.26,"Underway using Engine (На ходу, используется двигатель)",,,
9851725,636020982.0,HISTRIA CORAL.,,,7.3,LIBERIA (Либерия).,vessel,,180.0,32.26,"Underway using Engine (На ходу, используется двигатель)",,,
9300489,636020981.0,HISTRIA CORAL.,,,7.3,LIBERIA (Либерия).,vessel,,180.0,32.26,"Underway using Engine (На ходу, используется двигатель)",,,
9266243,636020980.0,HISTRIA CORAL.,,,7.3,LIBERIA (Либерия).,vessel,,180.0,32.26,"Underway using Engine (На ходу, используется двигатель)",,,
9746279,636020979.0,HISTRIA CORAL.,,,7.3,LIBERIA (Либерия).,vessel,,180.0,32.26,"Underway using Engine (На ходу, используется двигатель)",,,
1055894,636020978.0,HISTRIA CORAL.,,,7.3,LIBERIA (Либерия).,vessel,,180.0,32.26,"Underway using Engine (На ходу, используется двигатель)",,,
9845788,636020977.0,HISTRIA CORAL.,,,7.3,LIBERIA (Либерия).,vessel,,180.0,32.26,"Underway using Engine (На ходу, используется двигатель)",,,
1055844,636020976.0,HISTRIA CORAL.,,,7.3,LIBERIA (Либерия).,vessel,,180.0,32.26,"Underway using Engine (На ходу, используется двигатель)",,,
9268253,636020975.0,HISTRIA CORAL.,,,7.3,LIBERIA (Либерия).,vessel,,180.0,32.26,"Underway using Engine (На ходу, используется двигатель)",,,
9752034,636020974.0,HISTRIA CORAL.,,,7.3,LIBERIA (Либерия).,vessel,,180.0,32.26,"Underway using Engine (На ходу, используется двигатель)",,,
9750696,636020973.0,HISTRIA CORAL.,,,7.3,LIBERIA (Либерия).,vessel,,180.0,32.26,"Underway using Engine (На ходу, используется двигатель)",,,
9749374,636020972.0,HISTRIA CORAL.,,,7.3,LIBERIA (Либерия).,vessel,,180.0,32.26,"Underway using Engine (На ходу, используется двигатель)",,,
9283459,636020971.0,HISTRIA CORAL.,,,7.3,LIBERIA (Либерия).,vessel,,180.0,32.26,"Underway using Engine (На ходу, используется двигатель)",,,
9461910,636020970.0,HISTRIA CORAL.,,,7.3,LIBERIA (Либерия).,vessel,,180.0,32.26,"Underway using Engine (На ходу, используется двигатель)",,,
9401544,636020969.0,HISTRIA CORAL.,,,7.3,LIBERIA (Либерия).,vessel,,180.0,32.26,"Underway using Engine (На ходу, используется двигатель)",,,
9724570,636020968.0,HISTRIA CORAL.,,,7.3,LIBERIA (Либерия).,vessel,,180.0,32.26,"Underway using Engine (На ходу, используется двигатель)",,,
9380489,636020967.0,HISTRIA CORAL.,,,7.3,LIBERIA (Либерия).,vessel,,180.0,32.26,"Underway using Engine (На ходу, используется двигатель)",,,
9322700,636020966.0,HISTRIA CORAL.,,,7.3,LIBERIA (Либерия).,vessel,,180.0,32.26,"Underway using Engine (На ходу, используется двигатель)",,,
9973937,636020965.0,HISTRIA CORAL.,,,7.3,LIBERIA (Либерия).,vessel,,180.0,32.26,"Underway using Engine (На ходу, используется двигатель)",,,
9602710,636020964.0,HISTRIA CORAL.,,,7.3,LIBERIA (Либерия).,vessel,,180.0,32.26,"Underway using Engine (На ходу, используется двигатель)",,,
9412000,636020963.0,HISTRIA CORAL.,,,7.3,LIBERIA (Либерия).,vessel,,180.0,32.26,"Underway using Engine (На ходу, используется двигатель)",,,
9973937,636020962.0,HISTRIA CORAL.,,,7.3,LIBERIA (Либерия).,vessel,,180.0,32.26,"Underway using Engine (На ходу, используется двигатель)",,,
9752711,636020961.0,HISTRIA CORAL.,,,7.3,LIBERIA (Либерия).,vessel,,180.0,32.26,"Underway using Engine (На ходу, используется двигатель)",,,
9465992,636020960.0,HISTRIA CORAL.,,,7.3,LIBERIA (Либерия).,vessel,,180.0,32.26,"Underway using Engine (На ходу, используется двигатель)",,,
9426283,636020959.0,HISTRIA CORAL.,,,7.3,LIBERIA (Либерия).,vessel,,180.0,32.26,"Underway using Engine (На ходу, используется двигатель)",,,
9786231,636020958.0,HISTRIA CORAL.,,,7.3,LIBERIA (Либерия).,vessel,,180.0,32.26,"Underway using Engine (На ходу, используется двигатель)",,,
9752046,636020957.0,HISTRIA CORAL.,,,7.3,LIBERIA (Либерия).,vessel,,180.0,32.26,"Underway using Engine (На ходу, используется двигатель)",,,
9884241,636020956.0,HISTRIA CORAL.,,,7.3,LIBERIA (Либерия).,vessel,,180.0,32.26,"Underway using Engine (На ходу, используется двигатель)",,,
9359557,636020955.0,HISTRIA CORAL.,,,7.3,LIBERIA (Либерия).,vessel,,180.0,32.26,"Underway using Engine (На ходу, используется двигатель)",,,
9707182,636020954.0,HISTRIA CORAL.,,,7.3,LIBERIA (Либерия).,vessel,,180.0,32.26,"Underway using Engine (На ходу, используется двигатель)",,,
9424754,636020953.0,HISTRIA CORAL.,,,7.3,LIBERIA (Либерия).,vessel,,180.0,32.26,"Underway using Engine (На ходу, используется двигатель)",,,
9976812,636020952.0,HISTRIA CORAL.,,,7.3,LIBERIA (Либерия).,vessel,,180.0,32.26,"Underway using Engine (На ходу, используется двигатель)",,,
9387279,636020951.0,HISTRIA CORAL.,,,7.3,LIBERIA (Либерия).,vessel,,180.0,32.26,"Underway using Engine (На ходу, используется двигатель)",,,
9242089,636020950.0,HISTRIA CORAL.,,,7.3,LIBERIA (Либерия).,vessel,,180.0,32.26,"Underway using Engine (На ходу, используется двигатель)",,,
9447794,636020949.0,HISTRIA CORAL.,,,7.3,LIBERIA (Либерия).,vessel,,180.0,32.26,"Underway using Engine (На ходу, используется двигатель)",,,
9477567,636020948.0,HISTRIA CORAL.,,,7.3,LIBERIA (Либерия).,vessel,,180.0,32.26,"Underway using Engine (На ходу, используется двигатель)",,,
9676515,636020947.0,HISTRIA CORAL.,,,7.3,LIBERIA (Либерия).,vessel,,180.0,32.26,"Underway using Engine (На ходу, используется двигатель)",,,
9431290,636020946.0,HISTRIA CORAL.,,,7.3,LIBERIA (Либерия).,vessel,,180.0,32.26,"Underway using Engine (На ходу, используется двигатель)",,,
9391957,636020945.0,HISTRIA CORAL.,,,7.3,LIBERIA (Либерия).,vessel,,180.0,32.26,"Underway using Engine (На ходу, используется двигатель)",,,
9332078,636020944.0,HISTRIA CORAL.,,,7.3,LIBERIA (Либерия).,vessel,,180.0,32.26,"Underway using Engine (На ходу, используется двигатель)",,,
9956604,636020943.0,HISTRIA CORAL.,,,7.3,LIBERIA (Либерия).,vessel,,180.0,32.26,"Underway using Engine (На ходу, используется двигатель)",,,
9834313,636020942.0,HISTRIA CORAL.,,,7.3,LIBERIA (Либерия).,vessel,,180.0,32.26,"Underway using Engine (На ходу, используется двигатель)",,,
9358632,636020941.0,HISTRIA CORAL.,,,7.3,LIBERIA (Либерия).,vessel,,180.0,32.26,"Underway using Engine (На ходу, используется двигатель)",,,
9905916,636020940.0,HISTRIA CORAL.,,,7.3,LIBERIA (Либерия).,vessel,,180.0,32.26,"Underway using Engine (На ходу, используется двигатель)",,,
9438858,636020939.0,HISTRIA CORAL.,,,7.3,LIBERIA (Либерия).,vessel,,180.0,32.26,"Underway using Engine (На ходу, используется двигатель)",,,
9817315,636020938.0,HISTRIA CORAL.,,,7.3,LIBERIA (Либерия).,vessel,,180.0,32.26,"Underway using Engine (На ходу, используется двигатель)",,,
9910533,636020937.0,HISTRIA CORAL.,,,7.3,LIBERIA (Либерия).,vessel,,180.0,32.26,"Underway using Engine (На ходу, используется двигатель)",,,
9537769,636020936.0,HISTRIA CORAL.,,,7.3,LIBERIA (Либерия).,vessel,,180.0,32.26,"Underway using Engine (На ходу, используется двигатель)",,,
9970571,636020935.0,HISTRIA CORAL.,,,7.3,LIBERIA (Либерия).,vessel,,180.0,32.26,"Underway using Engine (На ходу, используется двигатель)",,,
9831309,636020934.0,HISTRIA CORAL.,,,7.3,LIBERIA (Либерия).,vessel,,180.0,32.26,"Underway using Engine (На ходу, используется двигатель)",,,
9726592,636020933.0,HISTRIA CORAL.,,,7.3,LIBERIA (Либерия).,vessel,,180.0,32.26,"Underway using Engine (На ходу, используется двигатель)",,,
9798002,636020932.0,HISTRIA CORAL.,,,7.3,LIBERIA (Либерия).,vessel,,180.0,32.26,"Underway using Engine (На ходу, используется двигатель)",,,
9923463,636020931.0,HISTRIA CORAL.,,,7.3,LIBERIA (Либерия).,vessel,,180.0,32.26,"Underway using Engine (На ходу, используется двигатель)",,,
9893022,636020930.0,HISTRIA CORAL.,,,7.3,LIBERIA (Либерия).,vessel,,180.0,32.26,"Underway using Engine (На ходу, используется двигатель)",,,
1042342,636020929.0,HISTRIA CORAL.,,,7.3,LIBERIA (Либерия).,vessel,,180.0,32.26,"Underway using Engine (На ходу, используется двигатель)",,,
1034199,636020928.0,HISTRIA CORAL.,,,7.3,LIBERIA (Либерия).,vessel,,180.0,32.26,"Underway using Engine (На ходу, используется двигатель)",,,
9914620,636020927.0,HISTRIA CORAL.,,,7.3,LIBERIA (Либерия).,vessel,,180.0,32.26,"Underway using Engine (На ходу, используется двигатель)",,,
9997476,636020926.0,HISTRIA CORAL.,,,7.3,LIBERIA (Либерия).,vessel,,180.0,32.26,"Underway using Engine (На ходу, используется двигатель)",,,
9876660,636020925.0,HISTRIA CORAL.,,,7.3,LIBERIA (Либерия).,vessel,,180.0,32.26,"Underway using Engine (На ходу, используется двигатель)",,,
9862920,636020924.0,HISTRIA CORAL.,,,7.3,LIBERIA (Либерия).,vessel,,180.0,32.26,"Underway using Engine (На ходу, используется двигатель)",,,
9983499,636020923.0,HISTRIA CORAL.,,,7.3,LIBERIA (Либерия).,vessel,,180.0,32.26,"Underway using Engine (На ходу, используется двигатель)",,,
9887803,636020922.0,HISTRIA CORAL.,,,7.3,LIBERIA (Либерия).,vessel,,180.0,32.26,"Underway using Engine (На ходу, используется двигатель)",,,
9272709,636020921.0,HISTRIA CORAL.,,,7.3,LIBERIA (Либерия).,vessel,,180.0,32.26,"Underway using Engine (На ходу, используется двигатель)",,,
9410911,636020920.0,HISTRIA CORAL.,,,7.3,LIBERIA (Либерия).,vessel,,180.0,32.26,"Underway using Engine (На ходу, используется двигатель)",,,
9283289,636020919.0,HISTRIA CORAL.,,,7.3,LIBERIA (Либерия).,vessel,,180.0,32.26,"Underway using Engine (На ходу, используется двигатель)",,,
9482562,636020918.0,HISTRIA CORAL.,,,7.3,LIBERIA (Либерия).,vessel,,180.0,32.26,"Underway using Engine (На ходу, используется двигатель)",,,
9230517,636020917.0,HISTRIA CORAL.,,,7.3,LIBERIA (Либерия).,vessel,,180.0,32.26,"Underway using Engine (На ходу, используется двигатель)",,,
9508158,636020916.0,HISTRIA CORAL.,,,7.3,LIBERIA (Либерия).,vessel,,180.0,32.26,"Underway using Engine (На ходу, используется двигатель)",,,
9681118,636020915.0,HISTRIA CORAL.,,,7.3,LIBERIA (Либерия).,vessel,,180.0,32.26,"Underway using Engine (На ходу, используется двигатель)",,,
9408073,636020914.0,HISTRIA CORAL.,,,7.3,LIBERIA (Либерия).,vessel,,180.0,32.26,"Underway using Engine (На ходу, используется двигатель)",,,
9878888,636020913.0,HISTRIA CORAL.,,,7.3,LIBERIA (Либерия).,vessel,,180.0,32.26,"Underway using Engine (На ходу, используется двигатель)",,,
9462926,636020912.0,HISTRIA CORAL.,,,7.3,LIBERIA (Либерия).,vessel,,180.0,32.26,"Underway using Engine (На ходу, используется двигатель)",,,
9877470,636020911.0,HISTRIA CORAL.,,,7.3,LIBERIA (Либерия).,vessel,,180.0,32.26,"Underway using Engine (На ходу, используется двигатель)",,,
9286281,636020910.0,HISTRIA CORAL.,,,7.3,LIBERIA (Либерия).,vessel,,180.0,32.26,"Underway using Engine (На ходу, используется двигатель)",,,
1044209,636020909.0,HISTRIA CORAL.,,,7.3,LIBERIA (Либерия).,vessel,,180.0,32.26,"Underway using Engine (На ходу, используется двигатель)",,,
9328326,636020908.0,HISTRIA CORAL.,,,7.3,LIBERIA (Либерия).,vessel,,180.0,32.26,"Underway using Engine (На ходу, используется двигатель)",,,
1026635,636020907.0,HISTRIA CORAL.,,,7.3,LIBERIA (Либерия).,vessel,,180.0,32.26,"Underway using Engine (На ходу, используется двигатель)",,,
9794721,636020906.0,HISTRIA CORAL.,,,7.3,LIBERIA (Либерия).,vessel,,180.0,32.26,"Underway using Engine (На ходу, используется двигатель)",,,
9281853,636020905.0,HISTRIA CORAL.,,,7.3,LIBERIA (Либерия).,vessel,,180.0,32.26,"Underway using Engine (На ходу, используется двигатель)",,,
9322712,636020904.0,HISTRIA CORAL.,,,7.3,LIBERIA (Либерия).,vessel,,180.0,32.26,"Underway using Engine (На ходу, используется двигатель)",,,
9745251,636020903.0,HISTRIA CORAL.,,,7.3,LIBERIA (Либерия).,vessel,,180.0,32.26,"Underway using Engine (На ходу, используется двигатель)",,,
9888730,636020902.0,HISTRIA CORAL.,,,7.3,LIBERIA (Либерия).,vessel,,180.0,32.26,"Underway using Engine (На ходу, используется двигатель)",,,
9983097,636020901.0,HISTRIA CORAL.,,,7.3,LIBERIA (Либерия).,vessel,,180.0,32.26,"Underway using Engine (На ходу, используется двигатель)",,,
9888730,636020900.0,HISTRIA CORAL.,,,7.3,LIBERIA (Либерия).,vessel,,180.0,32.26,"Underway using Engine (На ходу, используется двигатель)",,,
9297515,636020899.0,HISTRIA CORAL.,,,7.3,LIBERIA (Либерия).,vessel,,180.0,32.26,"Underway using Engine (На ходу, используется двигатель)",,,
9360441,636020898.0,HISTRIA CORAL.,,,7.3,LIBERIA (Либерия).,vessel,,180.0,32.26,"Underway using Engine (На ходу, используется двигатель)",,,
9909754,636020897.0,HISTRIA CORAL.,,,7.3,LIBERIA (Либерия).,vessel,,180.0,32.26,"Underway using Engine (На ходу, используется двигатель)",,,
9808156,636020896.0,HISTRIA CORAL.,,,7.3,LIBERIA (Либерия).,vessel,,180.0,32.26,"Underway using Engine (На ходу, используется двигатель)",,,
9436393,636020895.0,HISTRIA CORAL.,,,7.3,LIBERIA (Либерия).,vessel,,180.0,32.26,"Underway using Engine (На ходу, используется двигатель)",,,
9863560,636020894.0,HISTRIA CORAL.,,,7.3,LIBERIA (Либерия).,vessel,,180.0,32.26,"Underway using Engine (На ходу, используется двигатель)",,,
9787340,636020893.0,HISTRIA CORAL.,,,7.3,LIBERIA (Либерия).,vessel,,180.0,32.26,"Underway using Engine (На ходу, используется двигатель)",,,
9724350,636020892.0,HISTRIA CORAL.,,,7.3,LIBERIA (Либерия).,vessel,,180.0,32.26,"Underway using Engine (На ходу, используется двигатель)",,,
9610781,636020891.0,HISTRIA CORAL.,,,7.3,LIBERIA (Либерия).,vessel,,180.0,32.26,"Underway using Engine (На ходу, используется двигатель)",,,
9818058,636020890.0,HISTRIA CORAL.,,,7.3,LIBERIA (Либерия).,vessel,,180.0,32.26,"Underway using Engine (На ходу, используется двигатель)",,,
9649225,636020889.0,HISTRIA CORAL.,,,7.3,LIBERIA (Либерия).,vessel,,180.0,32.26,"Underway using Engine (На ходу, используется двигатель)",,,
9386536,636020888.0,HISTRIA CORAL.,,,7.3,LIBERIA (Либерия).,vessel,,180.0,32.26,"Underway using Engine (На ходу, используется двигатель)",,,
9275335,636020887.0,HISTRIA CORAL.,,,7.3,LIBERIA (Либерия).,vessel,,180.0,32.26,"Underway using Engine (На ходу, используется двигатель)",,,
9837169,636020886.0,HISTRIA CORAL.,,,7.3,LIBERIA (Либерия).,vessel,,180.0,32.26,"Underway using Engine (На ходу, используется двигатель)",,,
9922976,636020885.0,HISTRIA CORAL.,,,7.3,LIBERIA (Либерия).,vessel,,180.0,32.26,"Underway using Engine (На ходу, используется двигатель)",,,
9387255,636020884.0,HISTRIA CORAL.,,,7.3,LIBERIA (Либерия).,vessel,,180.0,32.26,"Underway using Engine (На ходу, используется двигатель)",,,
9724556,636020883.0,HISTRIA CORAL.,,,7.3,LIBERIA (Либерия).,vessel,,180.0,32.26,"Underway using Engine (На ходу, используется двигатель)",,,
9919890,636020882.0,HISTRIA CORAL.,,,7.3,LIBERIA (Либерия).,vessel,,180.0,32.26,"Underway using Engine (На ходу, используется двигатель)",,,
9837169,636020881.0,HISTRIA CORAL.,,,7.3,LIBERIA (Либерия).,vessel,,180.0,32.26,"Underway using Engine (На ходу, используется двигатель)",,,
9922976,636020880.0,HISTRIA CORAL.,,,7.3,LIBERIA (Либерия).,vessel,,180.0,32.26,"Underway using Engine (На ходу, используется двигатель)",,,
9386536,636020879.0,HISTRIA CORAL.,,,7.3,LIBERIA (Либерия).,vessel,,180.0,32.26,"Underway using Engine (На ходу, используется двигатель)",,,
9387255,636020878.0,HISTRIA CORAL.,,,7.3,LIBERIA (Либерия).,vessel,,180.0,32.26,"Underway using Engine (На ходу, используется двигатель)",,,
9725495,636020877.0,HISTRIA CORAL.,,,7.3,LIBERIA (Либерия).,vessel,,180.0,32.26,"Underway using Engine (На ходу, используется двигатель)",,,
9391000,636020876.0,HISTRIA CORAL.,,,7.3,LIBERIA (Либерия).,vessel,,180.0,32.26,"Underway using Engine (На ходу, используется двигатель)",,,
9834715,636020875.0,HISTRIA CORAL.,,,7.3,LIBERIA (Либерия).,vessel,,180.0,32.26,"Underway using Engine (На ходу, используется двигатель)",,,
9301914,636020874.0,HISTRIA CORAL.,,,7.3,LIBERIA (Либерия).,vessel,,180.0,32.26,"Underway using Engine (На ходу, используется двигатель)",,,
9761176,636020873.0,HISTRIA CORAL.,,,7.3,LIBERIA (Либерия).,vessel,,180.0,32.26,"Underway using Engine (На ходу, используется двигатель)",,,
9833113,636020872.0,HISTRIA CORAL.,,,7.3,LIBERIA (Либерия).,vessel,,180.0,32.26,"Underway using Engine (На ходу, используется двигатель)",,,
9114763,636020871.0,HISTRIA CORAL.,,,7.3,LIBERIA (Либерия).,vessel,,180.0,32.26,"Underway using Engine (На ходу, используется двигатель)",,,
9737395,636020870.0,HISTRIA CORAL.,,,7.3,LIBERIA (Либерия).,vessel,,180.0,32.26,"Underway using Engine (На ходу, используется двигатель)",,,
9396749,636020869.0,HISTRIA CORAL.,,,7.3,LIBERIA (Либерия).,vessel,,180.0,32.26,"Underway using Engine (На ходу, используется двигатель)",,,
8912508,636020868.0,HISTRIA CORAL.,,,7.3,LIBERIA (Либерия).,vessel,,180.0,32.26,"Underway using Engine (На ходу, используется двигатель)",,,
9755658,636020867.0,HISTRIA CORAL.,,,7.3,LIBERIA (Либерия).,vessel,,180.0,32.26,"Underway using Engine (На ходу, используется двигатель)",,,
9230505,636020866.0,HISTRIA CORAL.,,,7.3,LIBERIA (Либерия).,vessel,,180.0,32.26,"Underway using Engine (На ходу, используется двигатель)",,,
9313527,636020865.0,HISTRIA CORAL.,,,7.3,LIBERIA (Либерия).,vessel,,180.0,32.26,"Underway using Engine (На ходу, используется двигатель)",,,
9823041,636020864.0,HISTRIA CORAL.,,,7.3,LIBERIA (Либерия).,vessel,,180.0,32.26,"Underway using Engine (На ходу, используется двигатель)",,,
9299678,636020863.0,HISTRIA CORAL.,,,7.3,LIBERIA (Либерия).,vessel,,180.0,32.26,"Underway using Engine (На ходу, используется двигатель)",,,
9818228,636020862.0,HISTRIA CORAL.,,,7.3,LIBERIA (Либерия).,vessel,,180.0,32.26,"Underway using Engine (На ходу, используется двигатель)",,,
9306627,636020861.0,HISTRIA CORAL.,,,7.3,LIBERIA (Либерия).,vessel,,180.0,32.26,"Underway using Engine (На ходу, используется двигатель)",,,
9655975,636020860.0,HISTRIA CORAL.,,,7.3,LIBERIA (Либерия).,vessel,,180.0,32.26,"Underway using Engine (На ходу, используется двигатель)",,,
9489297,636020859.0,HISTRIA CORAL.,,,7.3,LIBERIA (Либерия).,vessel,,180.0,32.26,"Underway using Engine (На ходу, используется двигатель)",,,
9645970,636020858.0,HISTRIA CORAL.,,,7.3,LIBERIA (Либерия).,vessel,,180.0,32.26,"Underway using Engine (На ходу, используется двигатель)",,,
9291250,636020857.0,HISTRIA CORAL.,,,7.3,LIBERIA (Либерия).,vessel,,180.0,32.26,"Underway using Engine (На ходу, используется двигатель)",,,
9427988,636020856.0,HISTRIA CORAL.,,,7.3,LIBERIA (Либерия).,vessel,,180.0,32.26,"Underway using Engine (На ходу, используется двигатель)",,,
9470131,636020855.0,HISTRIA CORAL.,,,7.3,LIBERIA (Либерия).,vessel,,180.0,32.26,"Underway using Engine (На ходу, используется двигатель)",,,
9341079,636020854.0,HISTRIA CORAL.,,,7.3,LIBERIA (Либерия).,vessel,,180.0,32.26,"Underway using Engine (На ходу, используется двигатель)",,,
9336517,636020853.0,HISTRIA CORAL.,,,7.3,LIBERIA (Либерия).,vessel,,180.0,32.26,"Underway using Engine (На ходу, используется двигатель)",,,
9332781,636020852.0,HISTRIA CORAL.,,,7.3,LIBERIA (Либерия).,vessel,,180.0,32.26,"Underway using Engine (На ходу, используется двигатель)",,,
9338917,636020851.0,HISTRIA CORAL.,,,7.3,LIBERIA (Либерия).,vessel,,180.0,32.26,"Underway using Engine (На ходу, используется двигатель)",,,
9953470,636020850.0,HISTRIA CORAL.,,,7.3,LIBERIA (Либерия).,vessel,,180.0,32.26,"Underway using Engine (На ходу, используется двигатель)",,,
9893058,636020849.0,HISTRIA CORAL.,,,7.3,LIBERIA (Либерия).,vessel,,180.0,32.26,"Underway using Engine (На ходу, используется двигатель)",,,
9279757,636020848.0,HISTRIA CORAL.,,,7.3,LIBERIA (Либерия).,vessel,,180.0,32.26,"Underway using Engine (На ходу, используется двигатель)",,,
9325908,636020847.0,HISTRIA CORAL.,,,7.3,LIBERIA (Либерия).,vessel,,180.0,32.26,"Underway using Engine (На ходу, используется двигатель)",,,
9430260,636020846.0,HISTRIA CORAL.,,,7.3,LIBERIA (Либерия).,vessel,,180.0,32.26,"Underway using Engine (На ходу, используется двигатель)",,,
9703320,636020845.0,HISTRIA CORAL.,,,7.3,LIBERIA (Либерия).,vessel,,180.0,32.26,"Underway using Engine (На ходу, используется двигатель)",,,
9997983,636020844.0,HISTRIA CORAL.,,,7.3,LIBERIA (Либерия).,vessel,,180.0,32.26,"Underway using Engine (На ходу, используется двигатель)",,,
9823560,636020843.0,HISTRIA CORAL.,,,7.3,LIBERIA (Либерия).,vessel,,180.0,32.26,"Underway using Engine (На ходу, используется двигатель)",,,
9374557,636020842.0,HISTRIA CORAL.,,,7.3,LIBERIA (Либерия).,vessel,,180.0,32.26,"Underway using Engine (На ходу, используется двигатель)",,,
9390587,636020841.0,HISTRIA CORAL.,,,7.3,LIBERIA (Либерия).,vessel,,180.0,32.26,"Underway using Engine (На ходу, используется двигатель)",,,
9459230,636020840.0,HISTRIA CORAL.,,,7.3,LIBERIA (Либерия).,vessel,,180.0,32.26,"Underway using Engine (На ходу, используется двигатель)",,,
9388730,636020839.0,HISTRIA CORAL.,,,7.3,LIBERIA (Либерия).,vessel,,180.0,32.26,"Underway using Engine (На ходу, используется двигатель)",,,
9315941,636020838.0,HISTRIA CORAL.,,,7.3,LIBERIA (Либерия).,vessel,,180.0,32.26,"Underway using Engine (На ходу, используется двигатель)",,,
9511387,636020837.0,HISTRIA CORAL.,,,7.3,LIBERIA (Либерия).,vessel,,180.0,32.26,"Underway using Engine (На ходу, используется двигатель)",,,
1034010,636020836.0,HISTRIA CORAL.,,,7.3,LIBERIA (Либерия).,vessel,,180.0,32.26,"Underway using Engine (На ходу, используется двигатель)",,,
9397547,636020835.0,HISTRIA CORAL.,,,7.3,LIBERIA (Либерия).,vessel,,180.0,32.26,"Underway using Engine (На ходу, используется двигатель)",,,
9255660,636020834.0,HISTRIA CORAL.,,,7.3,LIBERIA (Либерия).,vessel,,180.0,32.26,"Underway using Engine (На ходу, используется двигатель)",,,
1065289,636020833.0,HISTRIA CORAL.,,,7.3,LIBERIA (Либерия).,vessel,,180.0,32.26,"Underway using Engine (На ходу, используется двигатель)",,,
9250892,636020832.0,HISTRIA CORAL.,,,7.3,LIBERIA (Либерия).,vessel,,180.0,32.26,"Underway using Engine (На ходу, используется двигатель)",,,
9806627,636020831.0,HISTRIA CORAL.,,,7.3,LIBERIA (Либерия).,vessel,,180.0,32.26,"Underway using Engine (На ходу, используется двигатель)",,,
9297333,636020830.0,HISTRIA CORAL.,,,7.3,LIBERIA (Либерия).,vessel,,180.0,32.26,"Underway using Engine (На ходу, используется двигатель)",,,
9271353,636020829.0,HISTRIA CORAL.,,,7.3,LIBERIA (Либерия).,vessel,,180.0,32.26,"Underway using Engine (На ходу, используется двигатель)",,,
9422457,636020828.0,HISTRIA CORAL.,,,7.3,LIBERIA (Либерия).,vessel,,180.0,32.26,"Underway using Engine (На ходу, используется двигатель)",,,
9370836,636020827.0,HISTRIA CORAL.,,,7.3,LIBERIA (Либерия).,vessel,,180.0,32.26,"Underway using Engine (На ходу, используется двигатель)",,,
9318539,636020826.0,HISTRIA CORAL.,,,7.3,LIBERIA (Либерия).,vessel,,180.0,32.26,"Underway using Engine (На ходу, используется двигатель)",,,
1015208,636020825.0,HISTRIA CORAL.,,,7.3,LIBERIA (Либерия).,vessel,,180.0,32.26,"Underway using Engine (На ходу, используется двигатель)",,,
9755646,636020824.0,HISTRIA CORAL.,,,7.3,LIBERIA (Либерия).,vessel,,180.0,32.26,"Underway using Engine (На ходу, используется двигатель)",,,
9892444,636020823.0,HISTRIA CORAL.,,,7.3,LIBERIA (Либерия).,vessel,,180.0,32.26,"Underway using Engine (На ходу, используется двигатель)",,,
9893008,636020822.0,HISTRIA CORAL.,,,7.3,LIBERIA (Либерия).,vessel,,180.0,32.26,"Underway using Engine (На ходу, используется двигатель)",,,
9330472,636020821.0,HISTRIA CORAL.,,,7.3,LIBERIA (Либерия).,vessel,,180.0,32.26,"Underway using Engine (На ходу, используется двигатель)",,,
9365362,636020820.0,HISTRIA CORAL.,,,7.3,LIBERIA (Либерия).,vessel,,180.0,32.26,"Underway using Engine (На ходу, используется двигатель)",,,
9380673,636020819.0,HISTRIA CORAL.,,,7.3,LIBERIA (Либерия).,vessel,,180.0,32.26,"Underway using Engine (На ходу, используется двигатель)",,,
9290438,636020818.0,HISTRIA CORAL.,,,7.3,LIBERIA (Либерия).,vessel,,180.0,32.26,"Underway using Engine (На ходу, используется двигатель)",,,
9299692,636020817.0,HISTRIA CORAL.,,,7.3,LIBERIA (Либерия).,vessel,,180.0,32.26,"Underway using Engine (На ходу, используется двигатель)",,,
9292577,636020816.0,HISTRIA CORAL.,,,7.3,LIBERIA (Либерия).,vessel,,180.0,32.26,"Underway using Engine (На ходу, используется двигатель)",,,
9299771,636020815.0,HISTRIA CORAL.,,,7.3,LIBERIA (Либерия).,vessel,,180.0,32.26,"Underway using Engine (На ходу, используется двигатель)",,,
9297541,636020814.0,HISTRIA CORAL.,,,7.3,LIBERIA (Либерия).,vessel,,180.0,32.26,"Underway using Engine (На ходу, используется двигатель)",,,
9308857,636020813.0,HISTRIA CORAL.,,,7.3,LIBERIA (Либерия).,vessel,,180.0,32.26,"Underway using Engine (На ходу, используется двигатель)",,,
9248849,636020812.0,HISTRIA CORAL.,,,7.3,LIBERIA (Либерия).,vessel,,180.0,32.26,"Underway using Engine (На ходу, используется двигатель)",,,
9356763,636020811.0,HISTRIA CORAL.,,,7.3,LIBERIA (Либерия).,vessel,,180.0,32.26,"Underway using Engine (На ходу, используется двигатель)",,,
9388728,636020810.0,HISTRIA CORAL.,,,7.3,LIBERIA (Либерия).,vessel,,180.0,32.26,"Underway using Engine (На ходу, используется двигатель)",,,
9853008,636020809.0,HISTRIA CORAL.,,,7.3,LIBERIA (Либерия).,vessel,,180.0,32.26,"Underway using Engine (На ходу, используется двигатель)",,,
9893008,636020808.0,HISTRIA CORAL.,,,7.3,LIBERIA (Либерия).,vessel,,180.0,32.26,"Underway using Engine (На ходу, используется двигатель)",,,
9640097,636020807.0,HISTRIA CORAL.,,,7.3,LIBERIA (Либерия).,vessel,,180.0,32.26,"Underway using Engine (На ходу, используется двигатель)",,,
9471032,636020806.0,HISTRIA CORAL.,,,7.3,LIBERIA (Либерия).,vessel,,180.0,32.26,"Underway using Engine (На ходу, используется двигатель)",,,
9892444,636020805.0,HISTRIA CORAL.,,,7.3,LIBERIA (Либерия).,vessel,,180.0,32.26,"Underway using Engine (На ходу, используется двигатель)",,,
9471032,636020804.0,HISTRIA CORAL.,,,7.3,LIBERIA (Либерия).,vessel,,180.0,32.26,"Underway using Engine (На ходу, используется двигатель)",,,
9427471,636020803.0,HISTRIA CORAL.,,,7.3,LIBERIA (Либерия).,vessel,,180.0,32.26,"Underway using Engine (На ходу, используется двигатель)",,,
9262924,636020802.0,HISTRIA CORAL.,,,7.3,LIBERIA (Либерия).,vessel,,180.0,32.26,"Underway using Engine (На ходу, используется двигатель)",,,
9293117,636020801.0,HISTRIA CORAL.,,,7.3,LIBERIA (Либерия).,vessel,,180.0,32.26,"Underway using Engine (На ходу, используется двигатель)",,,
1028736,636020800.0,HISTRIA CORAL.,,,7.3,LIBERIA (Либерия).,vessel,,180.0,32.26,"Underway using Engine (На ходу, используется двигатель)",,,
9773947,636020799.0,HISTRIA CORAL.,,,7.3,LIBERIA (Либерия).,vessel,,180.0,32.26,"Underway using Engine (На ходу, используется двигатель)",,,
9247429,636020798.0,HISTRIA CORAL.,,,7.3,LIBERIA (Либерия).,vessel,,180.0,32.26,"Underway using Engine (На ходу, используется двигатель)",,,
9185528,636020797.0,HISTRIA CORAL.,,,7.3,LIBERIA (Либерия).,vessel,,180.0,32.26,"Underway using Engine (На ходу, используется двигатель)",,,
9285859,636020796.0,HISTRIA CORAL.,,,7.3,LIBERIA (Либерия).,vessel,,180.0,32.26,"Underway using Engine (На ходу, используется двигатель)",,,
9288722,636020795.0,HISTRIA CORAL.,,,7.3,LIBERIA (Либерия).,vessel,,180.0,32.26,"Underway using Engine (На ходу, используется двигатель)",,,
9185528,636020794.0,HISTRIA CORAL.,,,7.3,LIBERIA (Либерия).,vessel,,180.0,32.26,"Underway using Engine (На ходу, используется двигатель)",,,
9285835,636020793.0,HISTRIA CORAL.,,,7.3,LIBERIA (Либерия).,vessel,,180.0,32.26,"Underway using Engine (На ходу, используется двигатель)",,,
9253313,636020792.0,HISTRIA CORAL.,,,7.3,LIBERIA (Либерия).,vessel,,180.0,32.26,"Underway using Engine (На ходу, используется двигатель)",,,
9331141,636020791.0,HISTRIA CORAL.,,,7.3,LIBERIA (Либерия).,vessel,,180.0,32.26,"Underway using Engine (На ходу, используется двигатель)",,,
9308821,636020790.0,HISTRIA CORAL.,,,7.3,LIBERIA (Либерия).,vessel,,180.0,32.26,"Underway using Engine (На ходу, используется двигатель)",,,
9205067,636020789.0,HISTRIA CORAL.,,,7.3,LIBERIA (Либерия).,vessel,,180.0,32.26,"Underway using Engine (На ходу, используется двигатель)",,,
9229350,636020788.0,HISTRIA CORAL.,,,7.3,LIBERIA (Либерия).,vessel,,180.0,32.26,"Underway using Engine (На ходу, используется двигатель)",,,
9296195,636020787.0,HISTRIA CORAL.,,,7.3,LIBERIA (Либерия).,vessel,,180.0,32.26,"Underway using Engine (На ходу, используется двигатель)",,,
9336490,636020786.0,HISTRIA CORAL.,,,7.3,LIBERIA (Либерия).,vessel,,180.0,32.26,"Underway using Engine (На ходу, используется двигатель)",,,
9511533,636020785.0,HISTRIA CORAL.,,,7.3,LIBERIA (Либерия).,vessel,,180.0,32.26,"Underway using Engine (На ходу, используется двигатель)",,,
9177545,636020784.0,HISTRIA CORAL.,,,7.3,LIBERIA (Либерия).,vessel,,180.0,32.26,"Underway using Engine (На ходу, используется двигатель)",,,
9311725,636020783.0,HISTRIA CORAL.,,,7.3,LIBERIA (Либерия).,vessel,,180.0,32.26,"Underway using Engine (На ходу, используется двигатель)",,,
9317949,636020782.0,HISTRIA CORAL.,,,7.3,LIBERIA (Либерия).,vessel,,180.0,32.26,"Underway using Engine (На ходу, используется двигатель)",,,
9440526,636020781.0,HISTRIA CORAL.,,,7.3,LIBERIA (Либерия).,vessel,,180.0,32.26,"Underway using Engine (На ходу, используется двигатель)",,,
9156981,636020779.0,HISTRIA CORAL.,,,7.3,LIBERIA (Либерия).,vessel,,180.0,32.26,"Underway using Engine (На ходу, используется двигатель)",,,
9298301,636020778.0,HISTRIA CORAL.,,,7.3,LIBERIA (Либерия).,vessel,,180.0,32.26,"Underway using Engine (На ходу, используется двигатель)",,,
9280184,636020777.0,HISTRIA CORAL.,,,7.3,LIBERIA (Либерия).,vessel,,180.0,32.26,"Underway using Engine (На ходу, используется двигатель)",,,
8920579,636020776.0,HISTRIA CORAL.,,,7.3,LIBERIA (Либерия).,vessel,,180.0,32.26,"Underway using Engine (На ходу, используется двигатель)",,,
8724793,636020775.0,HISTRIA CORAL.,,,7.3,LIBERIA (Либерия).,vessel,,180.0,32.26,"Underway using Engine (На ходу, используется двигатель)",,,
9436020,636020774.0,HISTRIA CORAL.,,,7.3,LIBERIA (Либерия).,vessel,,180.0,32.26,"Underway using Engine (На ходу, используется двигатель)",,,
8724779,636020773.0,HISTRIA CORAL.,,,7.3,LIBERIA (Либерия).,vessel,,180.0,32.26,"Underway using Engine (На ходу, используется двигатель)",,,
9322968,636020772.0,HISTRIA CORAL.,,,7.3,LIBERIA (Либерия).,vessel,,180.0,32.26,"Underway using Engine (На ходу, используется двигатель)",,,
9314894,636020771.0,HISTRIA CORAL.,,,7.3,LIBERIA (Либерия).,vessel,,180.0,32.26,"Underway using Engine (На ходу, используется двигатель)",,,
9255672,636020770.0,HISTRIA CORAL.,,,7.3,LIBERIA (Либерия).,vessel,,180.0,32.26,"Underway using Engine (На ходу, используется двигатель)",,,
9207027,636020769.0,HISTRIA CORAL.,,,7.3,LIBERIA (Либерия).,vessel,,180.0,32.26,"Underway using Engine (На ходу, используется двигатель)",,,
9271573,636020768.0,HISTRIA CORAL.,,,7.3,LIBERIA (Либерия).,vessel,,180.0,32.26,"Underway using Engine (На ходу, используется двигатель)",,,
9589750,636020767.0,HISTRIA CORAL.,,,7.3,LIBERIA (Либерия).,vessel,,180.0,32.26,"Underway using Engine (На ходу, используется двигатель)",,,
9299898,636020766.0,HISTRIA CORAL.,,,7.3,LIBERIA (Либерия).,vessel,,180.0,32.26,"Underway using Engine (На ходу, используется двигатель)",,,
9232888,636020765.0,HISTRIA CORAL.,,,7.3,LIBERIA (Либерия).,vessel,,180.0,32.26,"Underway using Engine (На ходу, используется двигатель)",,,
9318084,636020764.0,HISTRIA CORAL.,,,7.3,LIBERIA (Либерия).,vessel,,180.0,32.26,"Underway using Engine (На ходу, используется двигатель)",,,
9346885,636020763.0,HISTRIA CORAL.,,,7.3,LIBERIA (Либерия).,vessel,,180.0,32.26,"Underway using Engine (На ходу, используется двигатель)",,,
9420851,636020762.0,HISTRIA CORAL.,,,7.3,LIBERIA (Либерия).,vessel,,180.0,32.26,"Underway using Engine (На ходу, используется двигатель)",,,
9151890,636020761.0,HISTRIA CORAL.,,,7.3,LIBERIA (Либерия).,vessel,,180.0,32.26,"Underway using Engine (На ходу, используется двигатель)",,,
9249312,636020760.0,HISTRIA CORAL.,,,7.3,LIBERIA (Либерия).,vessel,,180.0,32.26,"Underway using Engine (На ходу, используется двигатель)",,,
9849045,538008166.0,SEA EAGLE.,,,9.4,MARSHALL ISLANDS (Маршалловы Острова).,vessel,,182.93,32.23,Moored (Пришвартовано),,,
9849253,259033000.0,TP RESOLVE.,,,9.1,NORWAY (Норвегия).,vessel,,183.1,32.23,Moored (Пришвартовано),,,
9933511,563203400.0,HERMIT.,,,8.1,SINGAPORE (Сингапур).,vessel,,230.0,36.63,Moored (Пришвартовано),,,
1019761,636024278.0,ATHENS C.,,,8.6,LIBERIA (Либерия).,vessel,,182.9,32.22,Moored (Пришвартовано),,,
9898527,636019990.0,SOLAR TINE.,,,7.2,LIBERIA (Либерия).,vessel,,183.16,32.22,Moored (Пришвартовано),,,
9828144,538011722.0,CAPTAIN NIKOS.,,,8.0,MARSHALL ISLANDS (Маршалловы Острова).,vessel,,183.06,32.24,Moored (Пришвартовано),,,
9441166,538012522.0,DAIQUIRI.,,,8.0,MARSHALL ISLANDS (Маршалловы Острова).,vessel,,228.6,32.3,Moored (Пришвартовано),,,
7816551,303104000.0,CHALLENGE.,,,7.3,UNITED STATES OF AMERICA (США).,vessel,,191.81,32.26,Moored (Пришвартовано),,,
9927201,,,,,8.5,LIBERIA (Либерия).,vessel,,249.9,44.0,Moored (Пришвартовано),,,
9804863,538008724.0,NOCTURNE.,,,7.4,MARSHALL ISLANDS (Маршалловы Острова).,vessel,,180.15,28.0,Moored (Пришвартовано),,,
9459539,636015005.0,STOLT OCELOT,,,9.4,LIBERIA (Либерия),vessel,,155.0,24.8,Moored (Пришвартовано),,,
9689914,311000251.0,COMET.,,,8.3,BAHAMAS (Багамские Острова).,vessel,,225.0,36.6,Moored (Пришвартовано),,,
9351426,232013527.0,VS PROGRESS.,,,9.0,UNITED KINGDOM (Великобритания).,vessel,,228.6,32.26,Moored (Пришвартовано),,,
9629873,354957000.0,SAKURA GAS.,,,7.8,PANAMA (Панама).,vessel,,230.0,36.6,"Underway using Engine (На ходу, использует двигатель)",,,
9997957,256916000.0,SEASCOUT.,,,8.8,MALTA (Мальта).,vessel,,249.95,44.03,Moored (Пришвартовано),,,
9765550,373045000.0,GLOBE ATLAS.,,,8.3,PANAMA (Панама).,vessel,,230.0,36.6,Moored (Пришвартовано),,,
9387580,215070000.0,VALLE BIANCA.,,,11.5,MALTA (Мальта).,vessel,,183.09,32.2,Moored (Пришвартовано),,,
9379337,636025670.0,AGIOS CHARALAMBOS.,,,12.7,LIBERIA (Либерия).,vessel,,183.0,32.2,Moored (Пришвартовано),,,
9935155,538011942.0,KUFRA.,,,13.7,MARSHALL ISLANDS (Маршалловы Острова).,vessel,,249.97,44.0,"Underway using Engine (На ходу, использует двигатель)",,,
9990052,636024828.0,IINO INEOS SUNNA.,,,11.0,LIBERIA (Либерия).,vessel,,230.0,37.0,Moored (Пришвартовано),,,
9671228,636016399.0,NAVIGATOR TRITON.,,,7.2,LIBERIA (Либерия).,vessel,,159.96,24.83,Moored (Пришвартовано),,,
9419553,247275300.0,FOUR WIND.,,,12.0,ITALY (Италия).,vessel,,248.97,43.8,"Underway using Engine (На ходу, использует двигатель)",,,
1026805,258220000.0,CLIPPER GUARDIAN.,,,12.2,NORWAY (Норвегия).,vessel,,230.0,32.0,"Underway using Engine (На ходу, использует двигатель)",,,
9779965,249997000.0,KYRAKATINGO.,,,8.8,MALTA (Мальта).,vessel,,255.9,44.0,Moored (Пришвартовано),,,
9863235,563108500.0,HAFNIA NANJING.,,,8.7,SINGAPORE (Сингапур).,vessel,,228.43,38.03,Moored (Пришвартовано),,,
9790646,259191000.0,BOW PRECISION.,,,10.5,NORWAY (Норвегия).,vessel,,179.53,27.43,Moored (Пришвартовано),,,
9511167,636015004.0,STOLT BOBCAT.,,,8.5,LIBERIA (Либерия).,vessel,,155.0,24.8,Moored (Пришвартовано),,,
9390692,636013615.0,SOCRATES.,,,8.1,LIBERIA (Либерия).,vessel,,227.63,32.27,At Anchor (На якоре),,,
1057218,538011976.0,P. MARSEILLE.,,,8.0,MARSHALL ISLANDS (Маршалловы Острова).,vessel,,249.95,44.0,"Underway using Engine (На ходу, использует двигатель)",,,
9466013,219413000.0,TORM AGNETE.,,,8.0,DENMARK (Дания).,vessel,,183.2,32.2,At Anchor (На якоре),,,
9933781,636022369.0,BELLA NIAGARA.,,,8.6,LIBERIA (Либерия).,vessel,,229.9,37.0,At Anchor (На якоре),,,
9600944,538005762.0,FRONT IDUN.,,,9.2,MARSHALL ISLANDS (Маршалловы Острова).,vessel,,274.5,48.0,At Anchor (На якоре),,,
9724611,538010226.0,CATHERINE GRACE.,,,7.4,MARSHALL ISLANDS (Маршалловы Острова).,vessel,,183.11,32.23,At Anchor (На якоре),,,
9374296,538012084.0,MARIA FAITH.,,,8.0,MARSHALL ISLANDS (Маршалловы Острова).,vessel,,183.2,32.2,At Anchor (На якоре),,,
9987562,636022848.0,ZANTE GAS.,,,7.7,LIBERIA (Либерия).,vessel,,229.88,32.28,At Anchor (На якоре),,,
9745536,219672000.0,BERING GAS.,,,6.4,DENMARK (Дания).,vessel,,159.83,24.0,At Anchor (На якоре),,,
9385685,370355000.0,GAS ALKHALEEJ.,,,8.0,PANAMA (Панама).,vessel,,225.0,36.62,At Anchor (На якоре),,,
9928750,232032105.0,ENERGY ARTEMIS,,,7.2,UNITED KINGDOM (Великобритания),vessel,,182.9,32.2,At Anchor (На якоре),,,
9786205,219377000.0,MAERSK CURACAO.,,,8.5,DENMARK (Дания).,vessel,,183.0,32.23,At Anchor (На якоре),,,
9332626,538009607.0,SUNNY LIGER.,,,8.2,MARSHALL ISLANDS (Маршалловы Острова).,vessel,,228.5,32.27,At Anchor (На якоре),,,
9982524,352003703.0,NORD VULCAN.,,,7.7,PANAMA (Панама).,vessel,,183.06,,At Anchor (На якоре),,,
9894727,538009383.0,CURURO.,,,7.6,MARSHALL ISLANDS (Маршалловы Острова).,vessel,,184.94,32.0,At Anchor (На якоре),,,
9726619,256468000.0,HAFNIA LENE.,,,7.6,MALTA (Мальта).,vessel,,183.2,32.2,At Anchor (На якоре),,,
9143219,259928000.0,BOW CECIL.,,,9.3,NORWAY (Норвегия).,vessel,,183.1,32.2,At Anchor (На якоре),,,
9692325,538006386.0,SILVER ZOE.,,,8.2,MARSHALL ISLANDS (Маршалловы Острова).,vessel,,183.06,32.0,At Anchor (На якоре),,,
9972232,563242200.0,GAS ZHUJIANG.,,,8.2,SINGAPORE (Сингапур).,vessel,,230.0,36.0,At Anchor (На якоре),,,
9667942,538005761.0,ARDMORE ENDEAVOUR.,,,8.2,MARSHALL ISLANDS (Маршалловы Острова).,vessel,,183.0,32.0,At Anchor (На якоре),,,
9961714,255916548.0,GASCHEM ALSTER.,,,5.1,PORTUGAL (Португалия).,vessel,,116.15,18.0,At Anchor (На якоре),,,
9402574,636024948.0,NAVIGATOR VESTA.,,,5.8,LIBERIA (Либерия).,vessel,,154.89,22.7,At Anchor (На якоре),,,
9742314,636017411.0,NAVIGATOR NOVA,LPG/Chemical Tanker (Газовоз/Химовоз),,7.7,LIBERIA (Либерия),vessel,,179.89,29.63,At Anchor (На якоре),,,
9714642,636022582.0,NAVIGATOR CASTOR.,LPG/Chemical Tanker.,,8.3,LIBERIA (Либерия).,vessel,,159.9,25.23,At Anchor (На якоре),,,
9607758,431230000.0,SUNNY VISTA.,,,7.8,JAPAN (Япония).,vessel,,230.0,36.6,At Anchor (На якоре),,,
9408138,367353070.0,EVERGREEN STATE.,,,7.8,UNITED STATES OF AMERICA (США).,vessel,,183.0,32.2,At Anchor (На якоре),,,
9688415,9688415.0,HAFNIA ANDREA,,,8.7,SINGAPORE (Сингапур),vessel,,183.11,32.2,"Underway using Engine (На ходу, используется двигатель)",,,
1026805,258220000.0,CLIPPER GUARDIAN.,LPG Tanker (Танкер для перевозки сжиженного газа).,,12.2,NORWAY (Норвегия).,vessel,,230.0,32.0,"Underway using Engine (На ходу, используется двигатель)",,,
9353101,538008426.0,CHIP,,,8.0,MARSHALL ISLANDS (Маршалловы Острова),vessel,,184.0,27.65,"Underway using Engine (На ходу, используется двигатель)",,,
9935143,636021090.0,ARACHTHOS I.,,,8.6,LIBERIA (Либерия).,vessel,,249.97,44.04,At Anchor (На якоре),,,
9230880,273276460.0,MARINERA.,,,11.0,RUSSIA (Россия).,vessel,,332.99,60.0,At Anchor (На якоре),,,
9884045,538008913.0,NISSOS SIFNOS.,,,9.6,MARSHALL ISLANDS (Маршалловы Острова).,vessel,,274.0,48.04,At Anchor (На якоре),,,
9592240,636015176.0,AQUALEGEND.,,,8.2,LIBERIA (Либерия).,vessel,,248.97,43.84,At Anchor (На якоре),,,
9838008,355837000.0,ESTEEM ASTRO.,,,11.0,PANAMA (Панама).,vessel,,,,At Anchor (На якоре),,,
9986099,9986099.0,AL SENE.,,,9.3,LIBERIA (Либерия).,vessel,,294.9,46.44,At Anchor (На якоре),,,
1054620,538011264.0,CAPE TAINARON.,,,9.0,MARSHALL ISLANDS (Маршалловы Острова).,vessel,,249.97,44.0,At Anchor (На якоре),,,
9347516,525114108.0,VICTORIA LYRA.,,,7.7,INDONESIA (Индонезия).,vessel,,225.0,36.6,At Anchor (На якоре),,,
9390161,419745000.0,JAG AANCHAL.,,,8.0,INDIA (Индия).,vessel,,228.04,32.24,At Anchor (На якоре),,,
9680085,319103900.0,STOLT SINCERITY.,Oil/Chemical Tanker (Танкер для перевозки нефти и химикатов).,,7.9,CAYMAN ISLANDS (Острова Кайман).,vessel,,185.06,32.26,Underway (На ходу),,,
9693549,373215000.0,GAS SUMMIT.,,,7.7,PANAMA (Панама).,vessel,,225.0,36.63,At Anchor (На якоре),,,
9144926,9144926.0,BRENTON REEF.,Oil/Chemical Tanker (Танкер для перевозки нефти и химикатов).,,11.3,UNITED STATES OF AMERICA (США).,vessel,,188.9,32.2,At Anchor (На якоре),,,
9773739,563299500.0,UNITY VENTURE.,,,9.0,SINGAPORE (Сингапур).,vessel,,237.0,44.0,At Anchor (На якоре),,,
9916604,563133700.0,CLEAROCEAN GINKGO.,Oil/Chemical Tanker (Танкер для перевозки нефти и химикатов).,,11.9,SINGAPORE (Сингапур).,vessel,,183.06,32.26,At Anchor (На якоре),,,
9969821,352003638.0,TINOS I.,LPG Tanker (Танкер для перевозки сжиженного нефтяного газа).,,8.7,PANAMA (Панама).,vessel,,230.0,37.0,At Anchor (На якоре),,,
1026805,258220000.0,CLIPPER GUARDIAN.,LPG Tanker (Танкер для перевозки сжиженного нефтяного газа).,,12.2,NORWAY (Норвегия).,vessel,,230.0,32.0,"Underway using Engine (На ходу, под мотором)",,,
9973315,255915868.0,BOCHEM BRISBANE.,Oil/Chemical Tanker (Танкер для перевозки нефти и химикатов).,,8.5,PORTUGAL (Португалия).,vessel,,158.98,27.0,"Underway using Engine (На ходу, под мотором)",,,
9795048,9795048.0,EAGLE BARCELONA.,Crude Oil Tanker (Танкер для перевозки сырой нефти).,,12.2,SINGAPORE (Сингапур).,vessel,,250.0,44.0,"Underway using Engine (На ходу, под мотором)",,,
9541306,247486100.0,VALTURCHESE.,Oil/Chemical Tanker (Танкер для перевозки нефти и химикатов).,,10.6,ITALY (Италия).,vessel,,183.0,32.2,Moored (Пришвартовано),,,
9516258,256862000.0,KOURION.,Oil/Chemical Tanker (Танкер для перевозки нефти и химикатов).,,8.1,MALTA (Мальта).,vessel,,183.0,32.24,Moored (Пришвартовано),,,
9518892,538004638.0,EAGLE LOUISIANA.,Crude Oil Tanker (Танкер для перевозки сырой нефти).,,9.8,MARSHALL ISLANDS (Маршалловы Острова).,vessel,,,,Moored (Пришвартовано),,,
9413016,9413016.0,BLUE SKY.,Crude Oil Tanker (Танкер для перевозки сырой нефти).,,8.0,LIBERIA (Либерия).,vessel,,,,Moored (Пришвартовано),,,
9748227,538006841.0,BW VAR.,LPG Tanker (Танкер для перевозки сжиженного нефтяного газа).,,8.2,MARSHALL ISLANDS (Маршалловы Острова).,vessel,,225.22,36.64,Moored (Пришвартовано),,,
9734525,565960000.0,SANSOVINO.,LPG Tanker (Танкер для перевозки сжиженного нефтяного газа).,,8.4,SINGAPORE (Сингапур).,vessel,,225.13,36.6,Stopped (Остановлено),,,
1030325,563321200.0,GAS IRIS.,LPG Tanker (Танкер для перевозки сжиженного нефтяного газа).,,12.1,SINGAPORE (Сингапур).,vessel,,230.0,36.0,Moored (Пришвартовано),,,
9744922,563000100.0,ELLINGTON.,LPG/Chemical Tanker (Танкер для перевозки сжиженного газа и химикатов).,,6.7,SINGAPORE (Сингапур).,vessel,,180.0,28.0,At Anchor (На якоре),,,
9940978,538010118.0,TSUBAKI.,LPG Tanker (Танкер для перевозки сжиженного нефтяного газа).,,8.6,MARSHALL ISLANDS (Маршалловы Острова).,vessel,,230.0,32.0,Moored (Пришвартовано),,,
9850202,563105300.0,TAKAROA SUN.,Oil/Chemical Tanker (Танкер для перевозки нефти и химикатов).,,8.2,SINGAPORE (Сингапур).,vessel,,183.07,32.24,Moored (Пришвартовано),,,
9924089,256029000.0,ANWAAR TRABLUS.,Crude Oil Tanker (Танкер для перевозки сырой нефти).,,9.0,MALTA (Мальта).,vessel,,249.97,44.04,Moored (Пришвартовано),,,
9848340,563119300.0,MARITIME AMITY.,Oil/Chemical Tanker (Танкер для перевозки нефти и химикатов).,,10.5,SINGAPORE (Сингапур).,vessel,,182.8,,At Anchor (На якоре),,,
9131369,366962000.0,MARINER.,Oil Products Tanker (Танкер для перевозки нефтепродуктов).,,8.1,UNITED STATES OF AMERICA (США).,vessel,,183.0,32.2,Moored (Пришвартовано),,,
9215270,259788000.0,BOW SUMMER.,Oil/Chemical Tanker (Танкер для перевозки нефти и химикатов).,,11.8,NORWAY (Норвегия).,vessel,,182.74,32.2,Moored (Пришвартовано),,,
9766190,563010700.0,HAFNIA KALLANG.,Oil Products Tanker (Танкер для перевозки нефтепродуктов).,,11.5,SINGAPORE (Сингапур).,vessel,,228.0,32.0,Moored (Пришвартовано),,,
9972373,636025071.0,HL SEA EAGLE.,LNG Tanker (Танкер для перевозки сжиженного природного газа).,,11.5,LIBERIA (Либерия).,vessel,,290.0,45.83,Moored (Пришвартовано),,,
9372963,370799000.0,LNG KOLT.,LNG Tanker (Танкер для перевозки сжиженного природного газа).,,9.6,PANAMA (Панама).,vessel,,280.6,44.04,Moored (Пришвартовано),,,
9707508,310755000.0,GASLOG GENEVA.,LNG Tanker (Танкер для перевозки сжиженного природного газа).,,9.5,BERMUDA (Бермудские острова).,vessel,,291.08,45.8,"Underway using Engine (На ходу, используется двигатель)",,,
9972373,636025071.0,HL SEA EAGLE.,LNG Tanker (Танкер для перевозки сжиженного природного газа).,,11.5,LIBERIA (Либерия).,vessel,,290.0,45.83,"Underway using Engine (На ходу, используется двигатель)",,,
9428982,563216100.0,TORM GWENDOLYN.,Crude Oil Tanker (Танкер для перевозки сырой нефти).,,8.6,SINGAPORE (Сингапур).,vessel,,249.99,45.04,At Anchor (На якоре),,,
9877341,229099000.0,MINERVA CHIOS.,LNG Tanker (Танкер для перевозки сжиженного природного газа).,,9.8,MALTA (Мальта).,vessel,,293.16,46.1,Moored (Пришвартовано),,,
9708772,249852000.0,PYXIS LAMDA.,Oil/Chemical Tanker (Танкер для перевозки нефти и химикатов).,,11.5,MALTA (Мальта).,vessel,,183.07,32.2,"Underway using Engine (На ходу, используется двигатель)",,,
9969388,228460900.0,IGNACY JAN PADEREWSKI.,LNG Tanker (Танкер для перевозки сжиженного природного газа).,,9.0,FRANCE (Франция).,vessel,,,,,,,
9800116,372267000.0,NORDIC AQUA.,Oil/Chemical Tanker (Танкер для перевозки нефти и химикатов).,,8.3,PANAMA (Панама).,vessel,,142.02,22.0,At Anchor (На якоре),,,
9317987,477241500.0,BERGE NANTONG.,LPG Tanker (Танкер для перевозки сжиженного нефтяного газа).,,9.4,HONG KONG (Гонконг).,vessel,,225.3,36.63,At Anchor (На якоре),,,
9594755,538004033.0,SEAWAYS SABINE.,Crude Oil Tanker (Танкер для перевозки сырой нефти).,,9.2,MARSHALL ISLANDS (Маршалловы Острова).,vessel,,274.39,48.04,At Anchor (На якоре),,,
9335824,9335824.0,MTM DUBLIN.,Oil/Chemical Tanker (Танкер для перевозки нефти и химикатов).,,6.5,SINGAPORE (Сингапур).,vessel,,170.0,26.64,At Anchor (На якоре),,,
9403475,538012456.0,ANGERONA.,Crude Oil Tanker (Танкер для перевозки сырой нефти).,,7.9,MARSHALL ISLANDS (Маршалловы Острова).,vessel,,248.5,42.0,At Anchor (На якоре),,,
9682447,371353000.0,ALBERT.,LPG Tanker (Танкер для перевозки сжиженного нефтяного газа).,,9.6,PANAMA (Панама).,vessel,,225.0,36.0,At Anchor (На якоре),,,
9704491,636016400.0,NAVIGATOR UMBRIO.,LPG/Chemical Tanker (Танкер для перевозки сжиженного газа и химикатов).,,6.0,LIBERIA (Либерия).,vessel,,159.86,24.83,At Anchor (На якоре),,,
1030234,563272400.0,GAS ORCHID.,LPG Tanker (Танкер для перевозки сжиженного нефтяного газа).,,8.2,SINGAPORE (Сингапур).,vessel,,230.0,36.0,At Anchor (На якоре),,,
9314193,538006216.0,DUBAI GOLD.,Crude Oil Tanker (Танкер для перевозки сырой нефти).,,10.0,MARSHALL ISLANDS (Маршалловы Острова).,vessel,,228.0,32.29,At Anchor (На якоре),,,
1030260,563316200.0,GAS VIOLET.,LPG Tanker (Танкер для перевозки сжиженного нефтяного газа).,,9.5,SINGAPORE (Сингапур).,vessel,,230.0,36.0,At Anchor (На якоре),,,
9453987,235076282.0,EAGLE HALIFAX.,Crude Oil Tanker (Танкер для перевозки сырой нефти).,,8.5,UNITED KINGDOM (Великобритания).,vessel,,249.9,44.03,"Underway using Engine (На ходу, используется двигатель)",,,
9933212,538010080.0,FREEPORT STAR.,Crude Oil Tanker (Танкер для перевозки сырой нефти).,,9.0,MARSHALL ISLANDS (Маршалловы Острова).,vessel,,249.97,44.0,At Anchor (На якоре),,,
9624079,255806156.0,NORDORCHID.,Crude Oil Tanker (Танкер для перевозки сырой нефти).,,11.1,PORTUGAL (Португалия).,vessel,,228.6,44.0,At Anchor (На якоре),,,
9865116,215510000.0,SPARTO,Crude Oil Tanker (Танкер для перевозки сырой нефти),,12.2,MALTA (Мальта),vessel,,249.97,44.03,At Anchor (На якоре),,,
1042524,241964000.0,AEGEAN WINNER,Crude Oil Tanker (Танкер для перевозки сырой нефти),,10.0,GREECE (Греция),vessel,,274.0,48.0,At Anchor (На якоре),,,
9972373,241858000.0,AEGEAN MYTH,Crude Oil Tanker (Танкер для перевозки сырой нефти),,9.0,GREECE (Греция),vessel,,274.39,48.04,At Anchor (На якоре),,,
9441180,538003549.0,PLAYA PARAISO,Oil/Chemical Tanker (Танкер для перевозки нефти и химикатов),,11.9,MARSHALL ISLANDS (Маршалловы Острова),vessel,,228.6,32.3,"Underway using Engine (На ходу, используется двигатель)",,,
9529346,538008034.0,IONIC ASTRAPI,Crude Oil Tanker (Танкер для перевозки сырой нефти),,10.3,MARSHALL ISLANDS (Маршалловы Острова),vessel,,243.8,42.0,"Underway using Engine (На ходу, используется двигатель)",,,
9779824,403533000.0,ASLAF,Crude Oil Tanker (Танкер для перевозки сырой нефти),,17.5,SAUDI ARABIA (Саудовская Аравия),vessel,,333.0,60.0,At Anchor (На якоре),,,
9779836,403534000.0,RIMTHAN,Crude Oil Tanker (Танкер для перевозки сырой нефти),,14.3,SAUDI ARABIA (Саудовская Аравия),vessel,,332.97,60.0,At Anchor (На якоре),,,
9480370,271042996.0,BEYLERBEYI,LPG/Chemical Tanker (Танкер для перевозки сжиженного газа и химикатов),,5.3,TURKIYE (Турция),vessel,,119.95,20.0,"Underway using Engine (На ходу, используется двигатель)",,,
9723100,636018082.0,FRONT RAUMA,Crude Oil Tanker (Танкер для перевозки сырой нефти),,15.8,LIBERIA (Либерия),vessel,,336.0,60.04,At Anchor (На якоре),,,
9784386,636018306.0,KASSOS,Crude Oil Tanker (Танкер для перевозки сырой нефти),,20.2,LIBERIA (Либерия),vessel,,336.0,60.0,At Anchor (На якоре),,,
9643269,538011022.0,YASA HERCULES,Crude Oil Tanker (Танкер для перевозки сырой нефти),,11.5,MARSHALL ISLANDS (Маршалловы Острова),vessel,,333.0,60.0,At Anchor (На якоре),,,
9389978,563066900.0,KHK EMPRESS,Crude Oil Tanker (Танкер для перевозки сырой нефти),,8.2,SINGAPORE (Сингапур),vessel,,243.96,42.0,At Anchor (На якоре),,,
9562685,431375000.0,CHOKAISAN,Crude Oil Tanker (Танкер для перевозки сырой нефти),,10.2,JAPAN (Япония),vessel,,333.0,60.0,Underway (На ходу),,,
9773040,477043500.0,VICTORY VENTURE,Crude Oil Tanker (Танкер для перевозки сырой нефти),,9.2,HONG KONG (Гонконг),vessel,,247.0,44.0,Underway (На ходу),,,
9829643,403017000.0,BAYRAQ,Crude Oil Tanker (Танкер для перевозки сырой нефти),,11.7,SAUDI ARABIA (Саудовская Аравия),vessel,,332.98,60.05,At Anchor (На якоре),,,
9467811,566242000.0,HAFNIA AFRICA,Crude Oil Tanker (Танкер для перевозки сырой нефти),,8.9,SINGAPORE (Сингапур),vessel,,228.0,32.24,At Anchor (На якоре),,,
9304667,750330000.0,SKIPPER,Crude Oil Tanker (Танкер для перевозки сырой нефти),,21.4,GUYANA (Гайана),vessel,,332.99,60.0,At Anchor (На якоре),,,
9852949,257568000.0,CLIPPER EXPLORER,LPG Tanker (Танкер для перевозки сжиженного нефтяного газа),,8.0,NORWAY (Норвегия),vessel,,,,Underway (На ходу),,,
9843352,414490000.0,YUAN BEI HAI,Crude Oil Tanker (Танкер для перевозки сырой нефти),,9.5,CHINA (Китай),vessel,,274.3,48.03,At Anchor (На якоре),,,
9779587,241764000.0,AMAZON FALCON,Crude Oil Tanker (Танкер для перевозки сырой нефти),,8.5,GREECE (Греция),vessel,,228.6,40.03,At Anchor (На якоре),,,
9440382,538008330.0,MIKELA P,Crude Oil Tanker (Танкер для перевозки сырой нефти),,9.2,MARSHALL ISLANDS (Маршалловы Острова),vessel,,274.0,48.0,Underway using Engine (На ходу),,,
9828778,538011788.0,QURAYYAT,Crude Oil Tanker (Танкер для перевозки сырой нефти),,19.3,MARSHALL ISLANDS (Маршалловы Острова),vessel,,332.95,60.04,Underway using Engine (На ходу),,,
9534054,636020434.0,CELESTE NOVA,Crude Oil Tanker (Танкер для перевозки сырой нефти),,20.6,LIBERIA (Либерия),vessel,,332.98,60.05,Underway using Engine (На ходу),,,
9878711,538009152.0,CELSIUS CHARLOTTE,LNG Tanker (Танкер для перевозки сжиженного природного газа),,11.6,MARSHALL ISLANDS (Маршалловы Острова),vessel,,299.16,45.83,Underway using Engine (На ходу),,,
9936537,563198600.0,CHRYSOPIGI LADY,LPG Tanker (Танкер для перевозки сжиженного нефтяного газа),,7.1,SINGAPORE (Сингапур),vessel,,180.0,28.74,Underway using Engine (На ходу),,,
9876737,310816000.0,GASLOG WINCHESTER,LNG Tanker (Танкер для перевозки сжиженного природного газа),,9.4,BERMUDA (Бермуды),vessel,,,,Underway using Engine (На ходу),,,
9854806,219357000.0,TORM STELLAR,Oil/Chemical Tanker (Танкер для перевозки нефтепродуктов и химикатов),,12.5,DENMARK (Дания),vessel,,183.06,32.03,Underway using Engine (На ходу),,,
9727211,477913200.0,LANDBRIDGE FORTUNE,Crude Oil Tanker (Танкер для перевозки сырой нефти),,20.3,HONG KONG (Гонконг),vessel,,332.95,60.0,Underway using Engine (На ходу),,,
9422548,538004173.0,DUBAI BEAUTY,Crude Oil Tanker (Танкер для перевозки сырой нефти),,8.0,MARSHALL ISLANDS (Маршалловы Острова),vessel,,250.0,44.03,Underway using Engine (На ходу),,,
9244661,303294000.0,ALASKAN EXPLORER,Crude Oil Tanker (Танкер для перевозки сырой нефти),,15.7,UNITED STATES OF AMERICA (США),vessel,,286.87,50.0,,,,
9537771,538010032.0,NORTH LOYALTY,Crude Oil Tanker (Танкер для перевозки сырой нефти),,11.5,MARSHALL ISLANDS (Маршалловы Острова),vessel,,332.0,60.0,,,,
9522415,373129000.0,GAS POWER,LPG Tanker (Танкер для перевозки сжиженного нефтяного газа),,11.1,PANAMA (Панама),vessel,,230.0,36.64,,,,
9878826,636019544.0,BABYLON,Crude Oil Tanker (Танкер для перевозки сырой нефти),,11.0,LIBERIA (Либерия),vessel,,329.98,60.04,,,,
9730086,636017082.0,FRONT VOSSO,Crude Oil Tanker (Танкер для перевозки сырой нефти),,11.0,LIBERIA (Либерия),vessel,,333.0,60.0,,,,
9255701,636011617.0,GAS CAPRICORN,LPG Tanker (Танкер для перевозки сжиженного нефтяного газа),,7.7,LIBERIA (Либерия),vessel,,230.0,36.6,,,,
9967251,563194700.0,HEROLDS BAY,Oil/Chemical Tanker (Нефтеналивной/химвоз),,12.1,SINGAPORE (Сингапур),vessel,,183.0,32.0,,,,
9534054,636020434.0,CELESTE NOVA,Crude Oil Tanker (Танкер для перевозки сырой нефти),,20.6,LIBERIA (Либерия),vessel,,332.98,60.05,,,,
1077921,636025097.0,TROPHY,Oil/Chemical Tanker (Нефтеналивной/химвоз),,7.9,LIBERIA (Либерия),vessel,,184.0,27.0,,,,
9914058,352001015.0,CALLUNA GAS,LPG Tanker (Танкер для перевозки сжиженного нефтяного газа),,8.6,PANAMA (Панама),vessel,,229.9,37.0,,,,
9905423,538008826.0,PELICAN MARINER,,,11.5,MARSHALL ISLANDS (Маршалловы Острова),vessel,,183.06,32.24,,,,
1022469,636024113.0,ATLANTIC GEM,Crude Oil Tanker (Танкер для перевозки сырой нефти),,8.1,LIBERIA (Либерия),vessel,,250.0,44.03,,,,
1026805,258220000.0,CLIPPER GUARDIAN,LPG Tanker (Танкер для перевозки сжиженного нефтяного газа),,12.2,NORWAY (Норвегия),vessel,,230.0,32.0,,,,
9683049,235108529.0,,Crude Oil Tanker (Танкер для перевозки сырой нефти),,9.5,UNITED KINGDOM (Великобритания),vessel,,250.0,44.0,,,,
9759252,356051000.0,MARVEL PELICAN,LNG Tanker (Танкер для перевозки сжиженного природного газа),,10.1,PANAMA (Панама),vessel,,,,,,,
9475935,368589000.0,OVERSEAS CASCADE,Crude Oil Tanker (Танкер для перевозки сырой нефти),,11.6,UNITED STATES OF AMERICA (США),vessel,,183.2,32.2,,,,
9862918,241853000.0,ARISTARCHOS,LNG Tanker (Танкер для перевозки сжиженного природного газа),,11.6,GREECE (Греция),vessel,,299.08,46.43,,,,
9540091,538010182.0,BW RIGEL,Tanker / LPG Tanker (Танкер для перевозки сжиженного нефтяного газа),,8.6,MARSHALL ISLANDS (Маршалловы Острова),vessel,,229.9,37.0,,,,
9793997,248851000.0,PHILOTIMOS,Crude Oil Tanker (Танкер для перевозки сырой нефти),,12.2,MALTA (Мальта),vessel,,249.97,44.04,,,,
9118630,367455000.0,SEABULK PRIDE,Crude Oil Tanker (Танкер для перевозки сырой нефти),,11.4,UNITED STATES OF AMERICA (США),vessel,,,,,,,
9717137,538005825.0,STI GAUNTLET,Crude Oil Tanker (Танкер для перевозки сырой нефти),,13.6,MARSHALL ISLANDS (Маршалловы Острова),vessel,,249.99,44.03,,,,
9888481,352986205.0,PRISM COURAGE,Tanker / LNG Tanker (Танкер для перевозки сжиженного природного газа),,11.4,PANAMA (Панама),vessel,,,,,,,
9244661,303294000.0,ALASKAN EXPLORER,Crude Oil Tanker (Танкер для перевозки сырой нефти),,15.7,UNITED STATES OF AMERICA (США),vessel,,286.87,50.0,,,,
9730086,636017082.0,FRONT VOSSO,Crude Oil Tanker,,11.0,LIBERIA (Либерия),vessel,,333.0,60.0,,,,
9926714,228444600.0,NANTES KNUTSEN,LNG Tanker (Танкер для перевозки сжиженного природного газа),,11.5,FRANCE (Франция),vessel,,297.0,46.43,,,,
9903918,241733000.0,SEA DRAGON,Crude Oil Tanker (Танкер для перевозки сырой нефти),,13.1,GREECE (Греция),vessel,,249.95,44.03,,,,
9929132,352001415.0,GAS IVORY,LPG Tanker (Танкер для перевозки сжиженного нефтяного газа),,9.0,PANAMA (Панама),vessel,,229.97,36.0,,,,
9692832,229717000.0,CAPTAIN JOHN,Crude Oil Tanker (Танкер для перевозки сырой нефти),,13.4,MALTA (Мальта),vessel,,251.99,44.0,,,,
9995478,636024972.0,NARRATOR,Oil/Chemical Tanker,,8.2,LIBERIA (Либерия),vessel,,182.98,32.23,,,,
9765457,563019900.0,PYXIS ALFA,LPG Tanker (Танкер для перевозки сжиженного нефтяного газа),,11.3,SINGAPORE (Сингапур),vessel,,229.9,37.2,,,,
9724087,241456000.0,THOMAS ZAFIRAS,Crude Oil Tanker,,8.5,GREECE (Греция),vessel,,249.97,44.03,,,,
9943748,538010092.0,FRONT BEAVER,Crude Oil Tanker,,11.0,MARSHALL ISLANDS (Маршалловы Острова),vessel,,332.98,60.04,,,,
9833199,563101100.0,CRYSTAL ANGEL,LPG Tanker (Танкер для перевозки сжиженного нефтяного газа),,11.4,SINGAPORE (Сингапур),vessel,,229.9,37.24,,,,
9414503,311000357.0,YAMATO SPIRIT,Crude Oil Tanker,,11.5,BAHAMAS (Багамы),vessel,,243.8,42.0,,,,
9605205,373705000.0,C.PROGRESS,Crude Oil Tanker,,11.0,PANAMA (Панама),vessel,,333.0,60.03,,,,
9948695,538010609.0,ENERGY ENDURANCE,LNG Tanker (Танкер для перевозки сжиженного природного газа),,8.7,MARSHALL ISLANDS (Маршалловы Острова),vessel,,299.0,46.12,,,,
9642930,345030016.0,CALAKMUL,Oil/Chemical Tanker,,6.2,MEXICO (Мексика),vessel,,183.0,32.0,,,,
9307346,308371000.0,LARVIK,Crude Oil Tanker,,7.2,BAHAMAS (Багамы),vessel,,213.0,32.29,,,,
9527403,563103500.0,CHALLENGE PROCYON,Oil Products Tanker,,7.3,SINGAPORE (Сингапур),vessel,,181.54,32.2,,,,
9391294,345200011.0,BICENTENARIO,Oil/Chemical Tanker,,6.2,MEXICO (Мексика),vessel,,183.0,32.2,,,,
9983504,228414800.0,COURCHEVEL,LPG/Chemical Tanker,,9.6,FRANCE (Франция),vessel,,180.0,31.0,,,,
9478717,538003962.0,ALPINE LIGHT,Oil/Chemical Tanker,,11.2,MARSHALL ISLANDS (Маршалловы Острова),vessel,,183.0,32.24,,,,
9925710,636021688.0,RELIABILITY,Oil/Chemical Tanker,,8.2,LIBERIA (Либерия),vessel,,183.1,32.23,,,,
9780732,371669000.0,ALBERT II,LPG Tanker,,7.8,PANAMA (Панама),vessel,,225.13,36.63,,,,
9422225,352005000.0,IONIAN FIGHTER,Oil/Chemical Tanker,,8.2,PANAMA (Панама),vessel,,183.17,32.2,,,,
9440136,219028049.0,TORM PHILIPPINES,Oil/Chemical Tanker,,9.0,DENMARK (Дания),vessel,,183.17,32.23,,,,
9919632,636020504.0,JUPITER STAR,Oil/Chemical Tanker,,8.0,LIBERIA (Либерия),vessel,,183.0,32.24,,,,
9539913,538004967.0,ARDMORE SEAVALIANT,Oil/Chemical Tanker,,6.5,MARSHALL ISLANDS (Маршалловы Острова),vessel,,183.0,32.24,,,,
9292761,538010809.0,LIBRAMONT,LPG Tanker,,8.0,MARSHALL ISLANDS (Маршалловы Острова),vessel,,180.0,29.2,,,,
9457608,636016127.0,LEO SUN,Crude Oil Tanker,,8.3,LIBERIA (Либерия),vessel,,244.0,42.0,,,,
9944144,219625000.0,NORD VOLANTE,Oil/Chemical Tanker,,9.4,DENMARK (Дания),vessel,,183.06,32.23,,,,
9389332,345030072.0,MIGUEL HIDALGO II,Oil/Chemical Tanker,,11.1,MEXICO (Мексика),vessel,,183.0,32.2,,,,
9645774,538005119.0,GEM TURQUOISE,Oil/Chemical Tanker,,10.4,MARSHALL ISLANDS (Маршалловы Острова),vessel,,183.31,32.2,,,,
9712606,565873000.0,MTM SANTOS,Oil/Chemical Tanker,,6.4,SINGAPORE (Сингапур),vessel,,149.93,,,,,
9419735,256419000.0,MRC NAZENDE,Oil/Chemical Tanker,,7.4,MALTA (Мальта),vessel,,183.0,32.2,,,,
9642899,345200100.0,CENTLA,Tanker (Oil/Chemical Tanker),,6.2,MEXICO (Мексика),vessel,,183.0,32.23,,,,
9765029,249986000.0,SEARUNNER,Crude Oil Tanker,,8.5,MALTA (Мальта),vessel,,250.0,44.0,,,,
9422524,538003882.0,DUBAI ANGEL,Crude Oil Tanker,,8.4,MARSHALL ISLANDS (Маршалловы Острова),vessel,,250.0,,,,,
9707845,538005865.0,ARDMORE CHEROKEE,Oil/Chemical Tanker,,7.5,MARSHALL ISLANDS (Маршалловы Острова),vessel,,158.9,27.0,,,,
9869942,563091900.0,MTM POTOMAC.,Chemical/Oil Products Tanker (Танкер для перевозки химпродуктов и нефтепродуктов).,,7.2,SINGAPORE (Сингапур).,vessel,,144.0,24.2,At Anchor (На якоре),,,
9730098,636017088.0,ELKA DELPHI.,Oil/Chemical Tanker (Танкер для перевозки нефти и химикатов).,,8.0,LIBERIA (Либерия).,vessel,,183.0,32.0,At Anchor (На якоре),,,
9991862,538010839.0,PROVENCAL.,Crude Oil Tanker (Танкер для перевозки сырой нефти).,,9.4,MARSHALL ISLANDS (Маршалловы Острова).,vessel,,274.0,48.0,At Anchor (На якоре),,,
9315185,229151000.0,JOHNNY RANGER.,Oil/Chemical Tanker (Танкер для перевозки нефти и химикатов).,,8.0,MALTA (Мальта).,vessel,,182.55,32.23,At Anchor (На якоре),,,
9698018,636016664.0,CIELO DI HOUSTON.,Oil/Chemical Tanker (Танкер для перевозки нефти и химикатов).,,8.0,LIBERIA (Либерия).,vessel,,184.42,27.4,At Anchor (На якоре),,,
9742819,636017081.0,CIELO DI CAPRI.,Oil/Chemical Tanker (Танкер для перевозки нефти и химикатов).,,8.0,LIBERIA (Либерия).,vessel,,184.0,27.4,At Anchor (На якоре),,,
9707819,636016644.0,ELKA GLORY.,Oil/Chemical Tanker (Танкер для перевозки нефти и химикатов).,,8.0,LIBERIA (Либерия).,vessel,,183.0,32.0,At Anchor (На якоре),,,
9397793,636014464.0,ELKA ATHINA.,Oil/Chemical Tanker (Танкер для перевозки нефти и химикатов).,,8.0,LIBERIA (Либерия).,vessel,,228.0,32.23,At Anchor (На якоре),,,
9905332,636021285.0,ELKA DELOS.,Oil/Chemical Tanker (Танкер для перевозки нефти и химикатов).,,8.0,LIBERIA (Либерия).,vessel,,183.0,32.0,At Anchor (На якоре),,,
9850367,636018973.0,ELKA APOLLON.,Oil/Chemical Tanker (Танкер для перевозки нефти и химикатов).,,8.0,LIBERIA (Либерия).,vessel,,183.0,32.0,At Anchor (На якоре),,,
9825568,563065400.0,MTM PENOBSCOT.,Chemical/Oil Products Tanker (Танкер для перевозки химпродуктов и нефтепродуктов).,,7.2,SINGAPORE (Сингапур).,vessel,,144.0,24.2,At Anchor (На якоре),,,
9911513,538010065.0,PROVENCE.,Crude Oil Tanker (Танкер для перевозки сырой нефти).,,9.4,MARSHALL ISLANDS (Маршалловы Острова).,vessel,,274.0,48.0,At Anchor (На якоре),,,
9892298,636021286.0,ELKA DELTA.,Oil/Chemical Tanker (Танкер для перевозки нефти и химикатов).,,8.0,LIBERIA (Либерия).,vessel,,183.0,32.0,At Anchor (На якоре),,,
9904651,636021284.0,ELKA DELICATE.,Oil/Chemical Tanker (Танкер для перевозки нефти и химикатов).,,8.0,LIBERIA (Либерия).,vessel,,183.0,32.0,At Anchor (На якоре),,,
9752606,636017084.0,ELKA COMPASS.,Oil/Chemical Tanker (Танкер для перевозки нефти и химикатов).,,8.0,LIBERIA (Либерия).,vessel,,183.0,32.0,At Anchor (На якоре),,,
9607069,636015509.0,ELKA ANGELIQUE.,Oil/Chemical Tanker (Танкер для перевозки нефти и химикатов).,,8.0,LIBERIA (Либерия).,vessel,,183.0,32.2,At Anchor (На якоре),,,
9441180,636014463.0,ELKA ARISTOTLE.,Oil/Chemical Tanker (Танкер для перевозки нефти и химикатов).,,8.0,LIBERIA (Либерия).,vessel,,228.0,32.23,At Anchor (На якоре),,,
9765457,636017409.0,ELKA ATHOS.,Oil/Chemical Tanker (Танкер для перевозки нефти и химикатов).,,8.0,LIBERIA (Либерия).,vessel,,183.0,32.0,At Anchor (На якоре),,,
9829813,636018370.0,CIELO DI ROTTERDAM.,Oil/Chemical Tanker (Танкер для перевозки нефти и химикатов).,,8.0,LIBERIA (Либерия).,vessel,,184.0,27.4,At Anchor (На якоре),,,
1013834,636016644.0,ELKA GLORY.,Oil/Chemical Tanker (Танкер для перевозки нефти и химикатов).,,8.0,LIBERIA (Либерия).,vessel,,183.0,32.0,At Anchor (На якоре),,,
9714068,636016663.0,ELKA PETRA.,Oil/Chemical Tanker (Танкер для перевозки нефти и химикатов).,,8.0,LIBERIA (Либерия).,vessel,,183.0,32.0,At Anchor (На якоре),,,
9793234,636017724.0,ELKA SIRIUS.,Oil/Chemical Tanker (Танкер для перевозки нефти и химикатов).,,8.0,LIBERIA (Либерия).,vessel,,183.0,32.0,At Anchor (На якоре),,,
9983891,636023249.0,ELKA NOBLE.,Crude Oil Tanker (Танкер для перевозки сырой нефти).,,9.2,LIBERIA (Либерия).,vessel,,250.0,44.0,At Anchor (На якоре),,,
9478638,636014467.0,ELKA HERCULES.,Oil/Chemical Tanker (Танкер для перевозки нефти и химикатов).,,8.0,LIBERIA (Либерия).,vessel,,228.0,32.0,At Anchor (На якоре),,,
9935478,636021950.0,ELKA APPOLLON.,Oil/Chemical Tanker (Танкер для перевозки нефти и химикатов).,,8.0,LIBERIA (Либерия).,vessel,,183.0,32.0,At Anchor (На якоре),,,
9919187,636021287.0,ELKA HERCULES.,Oil/Chemical Tanker (Танкер для перевозки нефти и химикатов).,,8.0,LIBERIA (Либерия).,vessel,,183.0,32.0,At Anchor (На якоре),,,
9993638,636023248.0,ELKA DELPHI.,Crude Oil Tanker (Танкер для перевозки сырой нефти).,,9.2,LIBERIA (Либерия).,vessel,,250.0,44.0,At Anchor (На якоре),,,
9030802,636014389.0,ELKA GLORY.,Oil/Chemical Tanker (Танкер для перевозки нефти и химикатов).,,8.0,LIBERIA (Либерия).,vessel,,183.0,32.0,At Anchor (На якоре),,,
9977220,636021285.0,ELKA COMPASS.,Oil/Chemical Tanker (Танкер для перевозки нефти и химикатов).,,8.0,LIBERIA (Либерия).,vessel,,183.0,32.0,At Anchor (На якоре),,,
9797864,636018047.0,ELKA DELICATE.,Oil/Chemical Tanker (Танкер для перевозки нефти и химикатов).,,8.0,LIBERIA (Либерия).,vessel,,183.0,32.0,At Anchor (На якоре),,,
9417751,636014461.0,ELKA LEFKADA.,Oil/Chemical Tanker (Танкер для перевозки нефти и химикатов).,,8.0,LIBERIA (Либерия).,vessel,,228.0,32.23,At Anchor (На якоре),,,
9761853,636017409.0,ELKA ATHOS.,Oil/Chemical Tanker (Танкер для перевозки нефти и химикатов).,,8.0,LIBERIA (Либерия).,vessel,,183.0,32.0,At Anchor (На якоре),,,
9909572,636021286.0,ELKA DELPHI.,Oil/Chemical Tanker (Танкер для перевозки нефти и химикатов).,,8.0,LIBERIA (Либерия).,vessel,,183.0,32.0,At Anchor (На якоре),,,
9681168,636016147.0,ELKA ANGELINA.,Oil/Chemical Tanker (Танкер для перевозки нефти и химикатов).,,8.0,LIBERIA (Либерия).,vessel,,183.0,32.0,At Anchor (На якоре),,,
9906893,636021288.0,ELKA GLORY.,Oil/Chemical Tanker (Танкер для перевозки нефти и химикатов).,,8.0,LIBERIA (Либерия).,vessel,,183.0,32.0,At Anchor (На якоре),,,
9692143,636016664.0,ELKA PERPETUA.,Oil/Chemical Tanker (Танкер для перевозки нефти и химикатов).,,8.0,LIBERIA (Либерия).,vessel,,183.0,32.0,At Anchor (На якоре),,,
9604380,636015560.0,ELKA PETRA.,Oil/Chemical Tanker (Танкер для перевозки нефти и химикатов).,,8.0,LIBERIA (Либерия).,vessel,,183.0,32.0,At Anchor (На якоре),,,
9960291,636021951.0,ELKA TAURUS.,Oil/Chemical Tanker (Танкер для перевозки нефти и химикатов).,,8.0,LIBERIA (Либерия).,vessel,,183.0,32.0,At Anchor (На якоре),,,
9956393,636021949.0,ELKA PETRA.,Oil/Chemical Tanker (Танкер для перевозки нефти и химикатов).,,8.0,LIBERIA (Либерия).,vessel,,183.0,32.0,At Anchor (На якоре),,,
9848211,636019553.0,ELKA SIRIUS.,Oil/Chemical Tanker (Танкер для перевозки нефти и химикатов).,,8.0,LIBERIA (Либерия).,vessel,,183.0,32.0,At Anchor (На якоре),,,
9967330,636021289.0,ELKA APOLLON.,Oil/Chemical Tanker (Танкер для перевозки нефти и химикатов).,,8.0,LIBERIA (Либерия).,vessel,,183.0,32.0,At Anchor (На якоре),,,
9987093,636021287.0,ELKA NOBLE.,Crude Oil Tanker (Танкер для перевозки сырой нефти).,,9.2,LIBERIA (Либерия).,vessel,,250.0,44.0,At Anchor (На якоре),,,
9409479,636014460.0,ELKA ARISTOTLE.,Oil/Chemical Tanker (Танкер для перевозки нефти и химикатов).,,8.0,LIBERIA (Либерия).,vessel,,228.0,32.0,At Anchor (На якоре),,,
9529475,636015561.0,ELKA GLORY.,Oil/Chemical Tanker (Танкер для перевозки нефти и химикатов).,,8.0,LIBERIA (Либерия).,vessel,,183.0,32.0,At Anchor (На якоре),,,
9947495,636021290.0,ELKA VASSILIKI.,Oil/Chemical Tanker (Танкер для перевозки нефти и химикатов).,,8.0,LIBERIA (Либерия).,vessel,,183.0,32.0,At Anchor (На якоре),,,
9857858,636019552.0,ELKA ATLANTIS.,Oil/Chemical Tanker (Танкер для перевозки нефти и химикатов).,,8.0,LIBERIA (Либерия).,vessel,,183.0,32.0,At Anchor (На якоре),,,
9377224,636014459.0,ELKA LEFKADA.,Oil/Chemical Tanker (Танкер для перевозки нефти и химикатов).,,8.0,LIBERIA (Либерия).,vessel,,228.0,32.0,At Anchor (На якоре),,,
9592290,636015093.0,ELKA ANGELINA.,Oil/Chemical Tanker (Танкер для перевозки нефти и химикатов).,,8.0,LIBERIA (Либерия).,vessel,,183.0,32.0,At Anchor (На якоре),,,
1042354,636021288.0,ELKA GLORY.,Oil/Chemical Tanker (Танкер для перевозки нефти и химикатов).,,8.0,LIBERIA (Либерия).,vessel,,183.0,32.0,At Anchor (На якоре),,,
9711511,636017086.0,ELKA APOLLON.,Oil/Chemical Tanker (Танкер для перевозки нефти и химикатов).,,8.0,LIBERIA (Либерия).,vessel,,183.0,32.0,At Anchor (На якоре),,,
9747584,636017410.0,ELKA DELPHI.,Oil/Chemical Tanker (Танкер для перевозки нефти и химикатов).,,8.0,LIBERIA (Либерия).,vessel,,183.0,32.0,At Anchor (На якоре),,,
9706401,636017085.0,ELKA ATHOS.,Oil/Chemical Tanker (Танкер для перевозки нефти и химикатов).,,8.0,LIBERIA (Либерия).,vessel,,183.0,32.0,At Anchor (На якоре),,,
9337157,636014458.0,ELKA GLORY.,Oil/Chemical Tanker (Танкер для перевозки нефти и химикатов).,,8.0,LIBERIA (Либерия).,vessel,,228.0,32.0,At Anchor (На якоре),,,
9656747,636015949.0,ELKA COMPASS.,Oil/Chemical Tanker (Танкер для перевозки нефти и химикатов).,,8.0,LIBERIA (Либерия).,vessel,,183.0,32.0,At Anchor (На якоре),,,
9441154,636014457.0,ELKA GLORY.,Oil/Chemical Tanker (Танкер для перевозки нефти и химикатов).,,8.0,LIBERIA (Либерия).,vessel,,228.0,32.0,At Anchor (На якоре),,,
9534810,636015562.0,ELKA GLORY.,Oil/Chemical Tanker (Танкер для перевозки нефти и химикатов).,,8.0,LIBERIA (Либерия).,vessel,,183.0,32.0,At Anchor (На якоре),,,
9782522,636017834.0,ELKA PERPETUA.,Oil/Chemical Tanker (Танкер для перевозки нефти и химикатов).,,8.0,LIBERIA (Либерия).,vessel,,183.0,32.0,At Anchor (На якоре),,,
9299147,636014456.0,ELKA GLORY.,Oil/Chemical Tanker (Танкер для перевозки нефти и химикатов).,,8.0,LIBERIA (Либерия).,vessel,,228.0,32.0,At Anchor (На якоре),,,
9270490,636014455.0,ELKA GLORY.,Oil/Chemical Tanker (Танкер для перевозки нефти и химикатов).,,8.0,LIBERIA (Либерия).,vessel,,228.0,32.0,At Anchor (На якоре),,,
9952969,636021291.0,ELKA VASSILIKI.,Oil/Chemical Tanker (Танкер для перевозки нефти и химикатов).,,8.0,LIBERIA (Либерия).,vessel,,183.0,32.0,At Anchor (На якоре),,,
9717280,636017087.0,ELKA ROSE.,Oil/Chemical Tanker (Танкер для перевозки нефти и химикатов).,,8.0,LIBERIA (Либерия).,vessel,,183.0,32.0,At Anchor (На якоре),,,
9792199,636017833.0,ELKA ALPHA.,Oil/Chemical Tanker (Танкер для перевозки нефти и химикатов).,,8.0,LIBERIA (Либерия).,vessel,,183.0,32.0,At Anchor (На якоре),,,
9994515,636023303.0,ELKA PERPETUA.,Oil/Chemical Tanker (Танкер для перевозки нефти и химикатов).,,8.0,LIBERIA (Либерия).,vessel,,183.0,32.0,At Anchor (На якоре),,,
9675066,636016143.0,ELKA VASSILIKI.,Oil/Chemical Tanker (Танкер для перевозки нефти и химикатов).,,8.0,LIBERIA (Либерия).,vessel,,183.0,32.0,At Anchor (На якоре),,,
9387267,636014460.0,ELKA ARISTOTLE.,Oil/Chemical Tanker (Танкер для перевозки нефти и химикатов).,,8.0,LIBERIA (Либерия).,vessel,,228.0,32.0,At Anchor (На якоре),,,
9650054,636015797.0,ELKA ATHINA.,Oil/Chemical Tanker (Танкер для перевозки нефти и химикатов).,,8.0,LIBERIA (Либерия).,vessel,,183.0,32.0,At Anchor (На якоре),,,
9892717,636020786.0,ELKA DELPHI.,Oil/Chemical Tanker (Танкер для перевозки нефти и химикатов).,,8.0,LIBERIA (Либерия).,vessel,,183.0,32.0,At Anchor (На якоре),,,
9929194,636021290.0,ELKA DELPHI.,Oil/Chemical Tanker (Танкер для перевозки нефти и химикатов).,,8.0,LIBERIA (Либерия).,vessel,,183.0,32.0,At Anchor (На якоре),,,
1074735,636024102.0,ELKA DELPHI.,Oil/Chemical Tanker (Танкер для перевозки нефти и химикатов).,,8.0,LIBERIA (Либерия).,vessel,,183.0,32.0,At Anchor (На якоре),,,
9590307,636015561.0,ELKA ATHINA.,Oil/Chemical Tanker (Танкер для перевозки нефти и химикатов).,,8.0,LIBERIA (Либерия).,vessel,,183.0,32.0,At Anchor (На якоре),,,
9521435,636015560.0,ELKA ATHINA.,Oil/Chemical Tanker (Танкер для перевозки нефти и химикатов).,,8.0,LIBERIA (Либерия).,vessel,,183.0,32.0,At Anchor (На якоре),,,
9402237,636015559.0,ELKA ATHINA.,Oil/Chemical Tanker (Танкер для перевозки нефти и химикатов).,,8.0,LIBERIA (Либерия).,vessel,,183.0,32.0,At Anchor (На якоре),,,
9732682,636015558.0,ELKA ATHINA.,Oil/Chemical Tanker (Танкер для перевозки нефти и химикатов).,,8.0,LIBERIA (Либерия).,vessel,,183.0,32.0,At Anchor (На якоре),,,
9607423,636015557.0,ELKA ATHINA.,Oil/Chemical Tanker (Танкер для перевозки нефти и химикатов).,,8.0,LIBERIA (Либерия).,vessel,,183.0,32.0,At Anchor (На якоре),,,
1039589,636024103.0,ELKA ATHINA.,Oil/Chemical Tanker (Танкер для перевозки нефти и химикатов).,,8.0,LIBERIA (Либерия).,vessel,,183.0,32.0,At Anchor (На якоре),,,
9903499,636021292.0,ELKA ATHINA.,Oil/Chemical Tanker (Танкер для перевозки нефти и химикатов).,,8.0,LIBERIA (Либерия).,vessel,,183.0,32.0,At Anchor (На якоре),,,
9814167,636021291.0,ELKA ATHINA.,Oil/Chemical Tanker (Танкер для перевозки нефти и химикатов).,,8.0,LIBERIA (Либерия).,vessel,,183.0,32.0,At Anchor (На якоре),,,
9739989,636021289.0,ELKA ATHINA.,Oil/Chemical Tanker (Танкер для перевозки нефти и химикатов).,,8.0,LIBERIA (Либерия).,vessel,,183.0,32.0,At Anchor (На якоре),,,
9793246,636021288.0,ELKA ATHINA.,Oil/Chemical Tanker (Танкер для перевозки нефти и химикатов).,,8.0,LIBERIA (Либерия).,vessel,,183.0,32.0,At Anchor (На якоре),,,
9573672,636021287.0,ELKA ATHINA.,Oil/Chemical Tanker (Танкер для перевозки нефти и химикатов).,,8.0,LIBERIA (Либерия).,vessel,,183.0,32.0,At Anchor (На якоре),,,
9577070,636021286.0,ELKA ATHINA.,Oil/Chemical Tanker (Танкер для перевозки нефти и химикатов).,,8.0,LIBERIA (Либерия).,vessel,,183.0,32.0,At Anchor (На якоре),,,
9735050,636021285.0,ELKA ATHINA.,Oil/Chemical Tanker (Танкер для перевозки нефти и химикатов).,,8.0,LIBERIA (Либерия).,vessel,,183.0,32.0,At Anchor (На якоре),,,
9734692,636021284.0,ELKA ATHINA.,Oil/Chemical Tanker (Танкер для перевозки нефти и химикатов).,,8.0,LIBERIA (Либерия).,vessel,,183.0,32.0,At Anchor (На якоре),,,
9941453,636021283.0,ELKA ATHINA.,Oil/Chemical Tanker (Танкер для перевозки нефти и химикатов).,,8.0,LIBERIA (Либерия).,vessel,,183.0,32.0,At Anchor (На якоре),,,
9105114,636021282.0,ELKA ATHINA.,Oil/Chemical Tanker (Танкер для перевозки нефти и химикатов).,,8.0,LIBERIA (Либерия).,vessel,,183.0,32.0,At Anchor (На якоре),,,
9746231,636021281.0,ELKA ATHINA.,Oil/Chemical Tanker (Танкер для перевозки нефти и химикатов).,,8.0,LIBERIA (Либерия).,vessel,,183.0,32.0,At Anchor (На якоре),,,
9990521,636021280.0,ELKA ATHINA.,Oil/Chemical Tanker (Танкер для перевозки нефти и химикатов).,,8.0,LIBERIA (Либерия).,vessel,,183.0,32.0,At Anchor (На якоре),,,
9897547,636021279.0,ELKA ATHINA.,Oil/Chemical Tanker (Танкер для перевозки нефти и химикатов).,,8.0,LIBERIA (Либерия).,vessel,,183.0,32.0,At Anchor (На якоре),,,
9524774,636021278.0,ELKA ATHINA.,Oil/Chemical Tanker (Танкер для перевозки нефти и химикатов).,,8.0,LIBERIA (Либерия).,vessel,,183.0,32.0,At Anchor (На якоре),,,
9804849,636021277.0,ELKA ATHINA.,Oil/Chemical Tanker (Танкер для перевозки нефти и химикатов).,,8.0,LIBERIA (Либерия).,vessel,,183.0,32.0,At Anchor (На якоре),,,
1073705,636021276.0,ELKA ATHINA.,Oil/Chemical Tanker (Танкер для перевозки нефти и химикатов).,,8.0,LIBERIA (Либерия).,vessel,,183.0,32.0,At Anchor (На якоре),,,
9485629,636021275.0,ELKA ATHINA.,Oil/Chemical Tanker (Танкер для перевозки нефти и химикатов).,,8.0,LIBERIA (Либерия).,vessel,,183.0,32.0,At Anchor (На якоре),,,
9883041,636021274.0,ELKA ATHINA.,Oil/Chemical Tanker (Танкер для перевозки нефти и химикатов).,,8.0,LIBERIA (Либерия).,vessel,,183.0,32.0,At Anchor (На якоре),,,
9692349,636021273.0,ELKA ATHINA.,Oil/Chemical Tanker (Танкер для перевозки нефти и химикатов).,,8.0,LIBERIA (Либерия).,vessel,,183.0,32.0,At Anchor (На якоре),,,
9292759,636021272.0,ELKA ATHINA.,Oil/Chemical Tanker (Танкер для перевозки нефти и химикатов).,,8.0,LIBERIA (Либерия).,vessel,,183.0,32.0,At Anchor (На якоре),,,
9794006,636021271.0,ELKA ATHINA.,Oil/Chemical Tanker (Танкер для перевозки нефти и химикатов).,,8.0,LIBERIA (Либерия).,vessel,,183.0,32.0,At Anchor (На якоре),,,
9397755,636021270.0,ELKA ATHINA.,Oil/Chemical Tanker (Танкер для перевозки нефти и химикатов).,,8.0,LIBERIA (Либерия).,vessel,,183.0,32.0,At Anchor (На якоре),,,
9847425,636021269.0,ELKA ATHINA.,Oil/Chemical Tanker (Танкер для перевозки нефти и химикатов).,,8.0,LIBERIA (Либерия).,vessel,,183.0,32.0,At Anchor (На якоре),,,
9336658,636021268.0,ELKA ATHINA.,Oil/Chemical Tanker (Танкер для перевозки нефти и химикатов).,,8.0,LIBERIA (Либерия).,vessel,,183.0,32.0,At Anchor (На якоре),,,
9734678,636021267.0,ELKA ATHINA.,Oil/Chemical Tanker (Танкер для перевозки нефти и химикатов).,,8.0,LIBERIA (Либерия).,vessel,,183.0,32.0,At Anchor (На якоре),,,
9839727,636021266.0,ELKA ATHINA.,Oil/Chemical Tanker (Танкер для перевозки нефти и химикатов).,,8.0,LIBERIA (Либерия).,vessel,,183.0,32.0,At Anchor (На якоре),,,
9280158,636021265.0,ELKA ATHINA.,Oil/Chemical Tanker (Танкер для перевозки нефти и химикатов).,,8.0,LIBERIA (Либерия).,vessel,,183.0,32.0,At Anchor (На якоре),,,
9630755,636021264.0,ELKA ATHINA.,Oil/Chemical Tanker (Танкер для перевозки нефти и химикатов).,,8.0,LIBERIA (Либерия).,vessel,,183.0,32.0,At Anchor (На якоре),,,
9941001,636021263.0,ELKA ATHINA.,Oil/Chemical Tanker (Танкер для перевозки нефти и химикатов).,,8.0,LIBERIA (Либерия).,vessel,,183.0,32.0,At Anchor (На якоре),,,
9760782,636021262.0,ELKA ATHINA.,Oil/Chemical Tanker (Танкер для перевозки нефти и химикатов).,,8.0,LIBERIA (Либерия).,vessel,,183.0,32.0,At Anchor (На якоре),,,
9706487,636021261.0,ELKA ATHINA.,Oil/Chemical Tanker (Танкер для перевозки нефти и химикатов).,,8.0,LIBERIA (Либерия).,vessel,,183.0,32.0,At Anchor (На якоре),,,
1026817,636021260.0,ELKA ATHINA.,Oil/Chemical Tanker (Танкер для перевозки нефти и химикатов).,,8.0,LIBERIA (Либерия).,vessel,,183.0,32.0,At Anchor (На якоре),,,
9729221,636021259.0,ELKA ATHINA.,Oil/Chemical Tanker (Танкер для перевозки нефти и химикатов).,,8.0,LIBERIA (Либерия).,vessel,,183.0,32.0,At Anchor (На якоре),,,
9568031,636021258.0,ELKA ATHINA.,Oil/Chemical Tanker (Танкер для перевозки нефти и химикатов).,,8.0,LIBERIA (Либерия).,vessel,,183.0,32.0,At Anchor (На якоре),,,
9901403,636021257.0,ELKA ATHINA.,Oil/Chemical Tanker (Танкер для перевозки нефти и химикатов).,,8.0,LIBERIA (Либерия).,vessel,,183.0,32.0,At Anchor (На якоре),,,
9799381,636021256.0,ELKA ATHINA.,Oil/Chemical Tanker (Танкер для перевозки нефти и химикатов).,,8.0,LIBERIA (Либерия).,vessel,,183.0,32.0,At Anchor (На якоре),,,
9876385,636021255.0,ELKA ATHINA.,Oil/Chemical Tanker (Танкер для перевозки нефти и химикатов).,,8.0,LIBERIA (Либерия).,vessel,,183.0,32.0,At Anchor (На якоре),,,
9699505,636021254.0,ELKA ATHINA.,Oil/Chemical Tanker (Танкер для перевозки нефти и химикатов).,,8.0,LIBERIA (Либерия).,vessel,,183.0,32.0,At Anchor (На якоре),,,
9661431,636021253.0,ELKA ATHINA.,Oil/Chemical Tanker (Танкер для перевозки нефти и химикатов).,,8.0,LIBERIA (Либерия).,vessel,,183.0,32.0,At Anchor (На якоре),,,
9366299,636021252.0,ELKA ATHINA.,Oil/Chemical Tanker (Танкер для перевозки нефти и химикатов).,,8.0,LIBERIA (Либерия).,vessel,,183.0,32.0,At Anchor (На якоре),,,
9569499,636021251.0,ELKA ATHINA.,Oil/Chemical Tanker (Танкер для перевозки нефти и химикатов).,,8.0,LIBERIA (Либерия).,vessel,,183.0,32.0,At Anchor (На якоре),,,
9689926,636021250.0,ELKA ATHINA.,Oil/Chemical Tanker (Танкер для перевозки нефти и химикатов).,,8.0,LIBERIA (Либерия).,vessel,,183.0,32.0,At Anchor (На якоре),,,
9790220,636021249.0,ELKA ATHINA.,Oil/Chemical Tanker (Танкер для перевозки нефти и химикатов).,,8.0,LIBERIA (Либерия).,vessel,,183.0,32.0,At Anchor (На якоре),,,
7367275,636021248.0,ELKA ATHINA.,Oil/Chemical Tanker (Танкер для перевозки нефти и химикатов).,,8.0,LIBERIA (Либерия).,vessel,,183.0,32.0,At Anchor (На якоре),,,
9952971,636021247.0,ELKA ATHINA.,Oil/Chemical Tanker (Танкер для перевозки нефти и химикатов).,,8.0,LIBERIA (Либерия).,vessel,,183.0,32.0,At Anchor (На якоре),,,
9847956,636021246.0,ELKA ATHINA.,Oil/Chemical Tanker (Танкер для перевозки нефти и химикатов).,,8.0,LIBERIA (Либерия).,vessel,,183.0,32.0,At Anchor (На якоре),,,
9891684,636021245.0,ELKA ATHINA.,Oil/Chemical Tanker (Танкер для перевозки нефти и химикатов).,,8.0,LIBERIA (Либерия).,vessel,,183.0,32.0,At Anchor (На якоре),,,
9323390,636021244.0,ELKA ATHINA.,Oil/Chemical Tanker (Танкер для перевозки нефти и химикатов).,,8.0,LIBERIA (Либерия).,vessel,,183.0,32.0,At Anchor (На якоре),,,
9256535,636021243.0,ELKA ATHINA.,Oil/Chemical Tanker (Танкер для перевозки нефти и химикатов).,,8.0,LIBERIA (Либерия).,vessel,,183.0,32.0,At Anchor (На якоре),,,
9323390,636021242.0,ELKA ATHINA.,Oil/Chemical Tanker (Танкер для перевозки нефти и химикатов).,,8.0,LIBERIA (Либерия).,vessel,,183.0,32.0,At Anchor (На якоре),,,
9693161,636021241.0,ELKA ATHINA.,Oil/Chemical Tanker (Танкер для перевозки нефти и химикатов).,,8.0,LIBERIA (Либерия).,vessel,,183.0,32.0,At Anchor (На якоре),,,
9980851,636021240.0,ELKA ATHINA.,Oil/Chemical Tanker (Танкер для перевозки нефти и химикатов).,,8.0,LIBERIA (Либерия).,vessel,,183.0,32.0,At Anchor (На якоре),,,
9932608,636021239.0,ELKA ATHINA.,Oil/Chemical Tanker (Танкер для перевозки нефти и химикатов).,,8.0,LIBERIA (Либерия).,vessel,,183.0,32.0,At Anchor (На якоре),,,
9937945,636021238.0,ELKA ATHINA.,Oil/Chemical Tanker (Танкер для перевозки нефти и химикатов).,,8.0,LIBERIA (Либерия).,vessel,,183.0,32.0,At Anchor (На якоре),,,
9776444,636021237.0,ELKA ATHINA.,Oil/Chemical Tanker (Танкер для перевозки нефти и химикатов).,,8.0,LIBERIA (Либерия).,vessel,,183.0,32.0,At Anchor (На якоре),,,
9947378,636021236.0,ELKA ATHINA.,Oil/Chemical Tanker (Танкер для перевозки нефти и химикатов).,,8.0,LIBERIA (Либерия).,vessel,,183.0,32.0,At Anchor (На якоре),,,
9391490,636021235.0,ELKA ATHINA.,Oil/Chemical Tanker (Танкер для перевозки нефти и химикатов).,,8.0,LIBERIA (Либерия).,vessel,,183.0,32.0,At Anchor (На якоре),,,
9664809,636021234.0,ELKA ATHINA.,Oil/Chemical Tanker (Танкер для перевозки нефти и химикатов).,,8.0,LIBERIA (Либерия).,vessel,,183.0,32.0,At Anchor (На якоре),,,
9581667,636021233.0,ELKA ATHINA.,Oil/Chemical Tanker (Танкер для перевозки нефти и химикатов).,,8.0,LIBERIA (Либерия).,vessel,,183.0,32.0,At Anchor (На якоре),,,
9845013,636021232.0,ELKA ATHINA.,Oil/Chemical Tanker (Танкер для перевозки нефти и химикатов).,,8.0,LIBERIA (Либерия).,vessel,,183.0,32.0,At Anchor (На якоре),,,
9675406,636021231.0,ELKA ATHINA.,Oil/Chemical Tanker (Танкер для перевозки нефти и химикатов).,,8.0,LIBERIA (Либерия).,vessel,,183.0,32.0,At Anchor (На якоре),,,
9749491,636021230.0,ELKA ATHINA.,Oil/Chemical Tanker (Танкер для перевозки нефти и химикатов).,,8.0,LIBERIA (Либерия).,vessel,,183.0,32.0,At Anchor (На якоре),,,
9835173,636021229.0,ELKA ATHINA.,Oil/Chemical Tanker (Танкер для перевозки нефти и химикатов).,,8.0,LIBERIA (Либерия).,vessel,,183.0,32.0,At Anchor (На якоре),,,
9635822,636021228.0,ELKA ATHINA.,Oil/Chemical Tanker (Танкер для перевозки нефти и химикатов).,,8.0,LIBERIA (Либерия).,vessel,,183.0,32.0,At Anchor (На якоре),,,
9917555,636021227.0,ELKA ATHINA.,Oil/Chemical Tanker (Танкер для перевозки нефти и химикатов).,,8.0,LIBERIA (Либерия).,vessel,,183.0,32.0,At Anchor (На якоре),,,
9968944,636021226.0,ELKA ATHINA.,Oil/Chemical Tanker (Танкер для перевозки нефти и химикатов).,,8.0,LIBERIA (Либерия).,vessel,,183.0,32.0,At Anchor (На якоре),,,
9798179,636021225.0,ELKA ATHINA.,Oil/Chemical Tanker (Танкер для перевозки нефти и химикатов).,,8.0,LIBERIA (Либерия).,vessel,,183.0,32.0,At Anchor (На якоре),,,
9594743,636021224.0,ELKA ATHINA.,Oil/Chemical Tanker (Танкер для перевозки нефти и химикатов).,,8.0,LIBERIA (Либерия).,vessel,,183.0,32.0,At Anchor (На якоре),,,
9722170,636021223.0,ELKA ATHINA.,Oil/Chemical Tanker (Танкер для перевозки нефти и химикатов).,,8.0,LIBERIA (Либерия).,vessel,,183.0,32.0,At Anchor (На якоре),,,
9907433,636021222.0,ELKA ATHINA.,Oil/Chemical Tanker (Танкер для перевозки нефти и химикатов).,,8.0,LIBERIA (Либерия).,vessel,,183.0,32.0,At Anchor (На якоре),,,
9392377,636021221.0,ELKA ATHINA.,Oil/Chemical Tanker (Танкер для перевозки нефти и химикатов).,,8.0,LIBERIA (Либерия).,vessel,,183.0,32.0,At Anchor (На якоре),,,
9946386,636021220.0,ELKA ATHINA.,Oil/Chemical Tanker (Танкер для перевозки нефти и химикатов).,,8.0,LIBERIA (Либерия).,vessel,,183.0,32.0,At Anchor (На якоре),,,
9960588,636021219.0,ELKA ATHINA.,Oil/Chemical Tanker (Танкер для перевозки нефти и химикатов).,,8.0,LIBERIA (Либерия).,vessel,,183.0,32.0,At Anchor (На якоре),,,
9681699,636021218.0,ELKA ATHINA.,Oil/Chemical Tanker (Танкер для перевозки нефти и химикатов).,,8.0,LIBERIA (Либерия).,vessel,,183.0,32.0,At Anchor (На якоре),,,
9551777,636021217.0,ELKA ATHINA.,Oil/Chemical Tanker (Танкер для перевозки нефти и химикатов).,,8.0,LIBERIA (Либерия).,vessel,,183.0,32.0,At Anchor (На якоре),,,
9661558,636021216.0,ELKA ATHINA.,Oil/Chemical Tanker (Танкер для перевозки нефти и химикатов).,,8.0,LIBERIA (Либерия).,vessel,,183.0,32.0,At Anchor (На якоре),,,
9577044,636021215.0,ELKA ATHINA.,Oil/Chemical Tanker (Танкер для перевозки нефти и химикатов).,,8.0,LIBERIA (Либерия).,vessel,,183.0,32.0,At Anchor (На якоре),,,
9516105,636021214.0,ELKA ATHINA.,Oil/Chemical Tanker (Танкер для перевозки нефти и химикатов).,,8.0,LIBERIA (Либерия).,vessel,,183.0,32.0,At Anchor (На якоре),,,
1055179,636021213.0,ELKA ATHINA.,Oil/Chemical Tanker (Танкер для перевозки нефти и химикатов).,,8.0,LIBERIA (Либерия).,vessel,,183.0,32.0,At Anchor (На якоре),,,
9387712,636021212.0,ELKA ATHINA.,Oil/Chemical Tanker (Танкер для перевозки нефти и химикатов).,,8.0,LIBERIA (Либерия).,vessel,,183.0,32.0,At Anchor (На якоре),,,
1026661,636021211.0,ELKA ATHINA.,Oil/Chemical Tanker (Танкер для перевозки нефти и химикатов).,,8.0,LIBERIA (Либерия).,vessel,,183.0,32.0,At Anchor (На якоре),,,
9893084,636021210.0,ELKA ATHINA.,Oil/Chemical Tanker (Танкер для перевозки нефти и химикатов).,,8.0,LIBERIA (Либерия).,vessel,,183.0,32.0,At Anchor (На якоре),,,
9854612,636021209.0,ELKA ATHINA.,Oil/Chemical Tanker (Танкер для перевозки нефти и химикатов).,,8.0,LIBERIA (Либерия).,vessel,,183.0,32.0,At Anchor (На якоре),,,
9417335,9417335.0,ELKA ATHINA.,Oil/Chemical Tanker (Танкер для перевозки нефти и химикатов).,,8.0,LIBERIA (Либерия).,vessel,,183.0,32.0,At Anchor (На якоре),,,
9922988,636021207.0,ELKA ATHINA.,Oil/Chemical Tanker (Танкер для перевозки нефти и химикатов).,,8.0,LIBERIA (Либерия).,vessel,,183.0,32.0,At Anchor (На якоре),,,
9446374,636021206.0,ELKA ATHINA.,Oil/Chemical Tanker (Танкер для перевозки нефти и химикатов).,,8.0,LIBERIA (Либерия).,vessel,,183.0,32.0,At Anchor (На якоре),,,
9412880,636021205.0,ELKA ATHINA.,Oil/Chemical Tanker (Танкер для перевозки нефти и химикатов).,,8.0,LIBERIA (Либерия).,vessel,,183.0,32.0,At Anchor (На якоре),,,
9838589,636021204.0,ELKA ATHINA.,Oil/Chemical Tanker (Танкер для перевозки нефти и химикатов).,,8.0,LIBERIA (Либерия).,vessel,,183.0,32.0,At Anchor (На якоре),,,
9685437,636021203.0,ELKA ATHINA.,Oil/Chemical Tanker (Танкер для перевозки нефти и химикатов).,,8.0,LIBERIA (Либерия).,vessel,,183.0,32.0,At Anchor (На якоре),,,
9592692,636021202.0,ELKA ATHINA.,Oil/Chemical Tanker (Танкер для перевозки нефти и химикатов).,,8.0,LIBERIA (Либерия).,vessel,,183.0,32.0,At Anchor (На якоре),,,
9956599,636021201.0,ELKA ATHINA.,Oil/Chemical Tanker (Танкер для перевозки нефти и химикатов).,,8.0,LIBERIA (Либерия).,vessel,,183.0,32.0,At Anchor (На якоре),,,
9457892,636021200.0,ELKA ATHINA.,Oil/Chemical Tanker (Танкер для перевозки нефти и химикатов).,,8.0,LIBERIA (Либерия).,vessel,,183.0,32.0,At Anchor (На якоре),,,
9680102,636021199.0,ELKA ATHINA.,Oil/Chemical Tanker (Танкер для перевозки нефти и химикатов).,,8.0,LIBERIA (Либерия).,vessel,,183.0,32.0,At Anchor (На якоре),,,
9977256,636021198.0,ELKA ATHINA.,Oil/Chemical Tanker (Танкер для перевозки нефти и химикатов).,,8.0,LIBERIA (Либерия).,vessel,,183.0,32.0,At Anchor (На якоре),,,
9929106,636021197.0,ELKA ATHINA.,Oil/Chemical Tanker (Танкер для перевозки нефти и химикатов).,,8.0,LIBERIA (Либерия).,vessel,,183.0,32.0,At Anchor (На якоре),,,
9682241,636021196.0,ELKA ATHINA.,Oil/Chemical Tanker (Танкер для перевозки нефти и химикатов).,,8.0,LIBERIA (Либерия).,vessel,,183.0,32.0,At Anchor (На якоре),,,
9929106,9929106.0,ELKA ATHINA.,Oil/Chemical Tanker (Танкер для перевозки нефти и химикатов).,,8.0,LIBERIA (Либерия).,vessel,,183.0,32.0,At Anchor (На якоре),,,
9358400,636021194.0,ELKA ATHINA.,Oil/Chemical Tanker (Танкер для перевозки нефти и химикатов).,,8.0,LIBERIA (Либерия).,vessel,,183.0,32.0,At Anchor (На якоре),,,
9803285,636021193.0,ELKA ATHINA.,Oil/Chemical Tanker (Танкер для перевозки нефти и химикатов).,,8.0,LIBERIA (Либерия).,vessel,,183.0,32.0,At Anchor (На якоре),,,
9989194,636021192.0,ELKA ATHINA.,Oil/Chemical Tanker (Танкер для перевозки нефти и химикатов).,,8.0,LIBERIA (Либерия).,vessel,,183.0,32.0,At Anchor (На якоре),,,
9430313,636021191.0,ELKA ATHINA.,Oil/Chemical Tanker (Танкер для перевозки нефти и химикатов).,,8.0,LIBERIA (Либерия).,vessel,,183.0,32.0,At Anchor (На якоре),,,
9800300,636021190.0,ELKA ATHINA.,Oil/Chemical Tanker (Танкер для перевозки нефти и химикатов).,,8.0,LIBERIA (Либерия).,vessel,,183.0,32.0,At Anchor (На якоре),,,
9759745,636021189.0,ELKA ATHINA.,Oil/Chemical Tanker (Танкер для перевозки нефти и химикатов).,,8.0,LIBERIA (Либерия).,vessel,,183.0,32.0,At Anchor (На якоре),,,
9342580,636021188.0,ELKA ATHINA.,Oil/Chemical Tanker (Танкер для перевозки нефти и химикатов).,,8.0,LIBERIA (Либерия).,vessel,,183.0,32.0,At Anchor (На якоре),,,
9356622,636021187.0,ELKA ATHINA.,Oil/Chemical Tanker (Танкер для перевозки нефти и химикатов).,,8.0,LIBERIA (Либерия).,vessel,,183.0,32.0,At Anchor (На якоре),,,
9266877,636021186.0,ELKA ATHINA.,Oil/Chemical Tanker (Танкер для перевозки нефти и химикатов).,,8.0,LIBERIA (Либерия).,vessel,,183.0,32.0,At Anchor (На якоре),,,
1042378,1042378.0,ELKA ATHINA.,Oil/Chemical Tanker (Танкер для перевозки нефти и химикатов).,,8.0,LIBERIA (Либерия).,vessel,,183.0,32.0,At Anchor (На якоре),,,
9692301,636021184.0,ELKA ATHINA.,Oil/Chemical Tanker (Танкер для перевозки нефти и химикатов).,,8.0,LIBERIA (Либерия).,vessel,,183.0,32.0,At Anchor (На якоре),,,
9464352,636021183.0,ELKA ATHINA.,Oil/Chemical Tanker (Танкер для перевозки нефти и химикатов).,,8.0,LIBERIA (Либерия).,vessel,,183.0,32.0,At Anchor (На якоре),,,
9363522,636021182.0,ELKA ATHINA.,Oil/Chemical Tanker (Танкер для перевозки нефти и химикатов).,,8.0,LIBERIA (Либерия).,vessel,,183.0,32.0,At Anchor (На якоре),,,
9792046,636021181.0,ELKA ATHINA.,Oil/Chemical Tanker (Танкер для перевозки нефти и химикатов).,,8.0,LIBERIA (Либерия).,vessel,,183.0,32.0,At Anchor (На якоре),,,
9402495,636021180.0,ELKA ATHINA.,Oil/Chemical Tanker (Танкер для перевозки нефти и химикатов).,,8.0,LIBERIA (Либерия).,vessel,,183.0,32.0,At Anchor (На якоре),,,
9746279,636021179.0,ELKA ATHINA.,Oil/Chemical Tanker (Танкер для перевозки нефти и химикатов).,,8.0,LIBERIA (Либерия).,vessel,,183.0,32.0,At Anchor (На якоре),,,
9444479,636021178.0,ELKA ATHINA.,Oil/Chemical Tanker (Танкер для перевозки нефти и химикатов).,,8.0,LIBERIA (Либерия).,vessel,,183.0,32.0,At Anchor (На якоре),,,
9792046,636021177.0,ELKA ATHINA.,Oil/Chemical Tanker (Танкер для перевозки нефти и химикатов).,,8.0,LIBERIA (Либерия).,vessel,,183.0,32.0,At Anchor (На якоре),,,
9876335,636021176.0,ELKA ATHINA.,Oil/Chemical Tanker (Танкер для перевозки нефти и химикатов).,,8.0,LIBERIA (Либерия).,vessel,,183.0,32.0,At Anchor (На якоре),,,
1055894,636021175.0,ELKA ATHINA.,Oil/Chemical Tanker (Танкер для перевозки нефти и химикатов).,,8.0,LIBERIA (Либерия).,vessel,,183.0,32.0,At Anchor (На якоре),,,
9389095,636021174.0,ELKA ATHINA.,Oil/Chemical Tanker (Танкер для перевозки нефти и химикатов).,,8.0,LIBERIA (Либерия).,vessel,,183.0,32.0,At Anchor (На якоре),,,
1022457,636021173.0,ELKA ATHINA.,Oil/Chemical Tanker (Танкер для перевозки нефти и химикатов).,,8.0,LIBERIA (Либерия).,vessel,,183.0,32.0,At Anchor (На якоре),,,
9318072,636021172.0,ELKA ATHINA.,Oil/Chemical Tanker (Танкер для перевозки нефти и химикатов).,,8.0,LIBERIA (Либерия).,vessel,,183.0,32.0,At Anchor (На якоре),,,
1021685,636021171.0,ELKA ATHINA.,Oil/Chemical Tanker (Танкер для перевозки нефти и химикатов).,,8.0,LIBERIA (Либерия).,vessel,,183.0,32.0,At Anchor (На якоре),,,
9396323,636021170.0,ELKA ATHINA.,Oil/Chemical Tanker (Танкер для перевозки нефти и химикатов).,,8.0,LIBERIA (Либерия).,vessel,,183.0,32.0,At Anchor (На якоре),,,
9851622,636021169.0,ELKA ATHINA.,Oil/Chemical Tanker (Танкер для перевозки нефти и химикатов).,,8.0,LIBERIA (Либерия).,vessel,,183.0,32.0,At Anchor (На якоре),,,
9568196,636021168.0,ELKA ATHINA.,Oil/Chemical Tanker (Танкер для перевозки нефти и химикатов).,,8.0,LIBERIA (Либерия).,vessel,,183.0,32.0,At Anchor (На якоре),,,
9746774,636021167.0,ELKA ATHINA.,Oil/Chemical Tanker (Танкер для перевозки нефти и химикатов).,,8.0,LIBERIA (Либерия).,vessel,,183.0,32.0,At Anchor (На якоре),,,
1068360,636021166.0,ELKA ATHINA.,Oil/Chemical Tanker (Танкер для перевозки нефти и химикатов).,,8.0,LIBERIA (Либерия).,vessel,,183.0,32.0,At Anchor (На якоре),,,
9986283,636021165.0,ELKA ATHINA.,Oil/Chemical Tanker (Танкер для перевозки нефти и химикатов).,,8.0,LIBERIA (Либерия).,vessel,,183.0,32.0,At Anchor (На якоре),,,
9326718,636021164.0,ELKA ATHINA.,Oil/Chemical Tanker (Танкер для перевозки нефти и химикатов).,,8.0,LIBERIA (Либерия).,vessel,,183.0,32.0,At Anchor (На якоре),,,
9425241,636021163.0,ELKA ATHINA.,Oil/Chemical Tanker (Танкер для перевозки нефти и химикатов).,,8.0,LIBERIA (Либерия).,vessel,,183.0,32.0,At Anchor (На якоре),,,
9798002,636021162.0,ELKA ATHINA.,Oil/Chemical Tanker (Танкер для перевозки нефти и химикатов).,,8.0,LIBERIA (Либерия).,vessel,,183.0,32.0,At Anchor (На якоре),,,
9295426,636021161.0,ELKA ATHINA.,Oil/Chemical Tanker (Танкер для перевозки нефти и химикатов).,,8.0,LIBERIA (Либерия).,vessel,,183.0,32.0,At Anchor (На якоре),,,
9948724,636021160.0,ELKA ATHINA.,Oil/Chemical Tanker (Танкер для перевозки нефти и химикатов).,,8.0,LIBERIA (Либерия).,vessel,,183.0,32.0,At Anchor (На якоре),,,
9379818,636021159.0,ELKA ATHINA.,Oil/Chemical Tanker (Танкер для перевозки нефти и химикатов).,,8.0,LIBERIA (Либерия).,vessel,,183.0,32.0,At Anchor (На якоре),,,
9314832,636021158.0,ELKA ATHINA.,Oil/Chemical Tanker (Танкер для перевозки нефти и химикатов).,,8.0,LIBERIA (Либерия).,vessel,,183.0,32.0,At Anchor (На якоре),,,
9851701,636021157.0,ELKA ATHINA.,Oil/Chemical Tanker (Танкер для перевозки нефти и химикатов).,,8.0,LIBERIA (Либерия).,vessel,,183.0,32.0,At Anchor (На якоре),,,
9458054,636021156.0,ELKA ATHINA.,Oil/Chemical Tanker (Танкер для перевозки нефти и химикатов).,,8.0,LIBERIA (Либерия).,vessel,,183.0,32.0,At Anchor (На якоре),,,
9645798,636021155.0,ELKA ATHINA.,Oil/Chemical Tanker (Танкер для перевозки нефти и химикатов).,,8.0,LIBERIA (Либерия).,vessel,,183.0,32.0,At Anchor (На якоре),,,
9739812,636021154.0,ELKA ATHINA.,Oil/Chemical Tanker (Танкер для перевозки нефти и химикатов).,,8.0,LIBERIA (Либерия).,vessel,,183.0,32.0,At Anchor (На якоре),,,
9701554,636021153.0,ELKA ATHINA.,Oil/Chemical Tanker (Танкер для перевозки нефти и химикатов).,,8.0,LIBERIA (Либерия).,vessel,,183.0,32.0,At Anchor (На якоре),,,
9830965,636021152.0,ELKA ATHINA.,Oil/Chemical Tanker (Танкер для перевозки нефти и химикатов).,,8.0,LIBERIA (Либерия).,vessel,,183.0,32.0,At Anchor (На якоре),,,
9553622,636021151.0,ELKA ATHINA.,Oil/Chemical Tanker (Танкер для перевозки нефти и химикатов).,,8.0,LIBERIA (Либерия).,vessel,,183.0,32.0,At Anchor (На якоре),,,
9374569,636021150.0,ELKA ATHINA.,Oil/Chemical Tanker (Танкер для перевозки нефти и химикатов).,,8.0,LIBERIA (Либерия).,vessel,,183.0,32.0,At Anchor (На якоре),,,
9565649,636021149.0,ELKA ATHINA.,Oil/Chemical Tanker (Танкер для перевозки нефти и химикатов).,,8.0,LIBERIA (Либерия).,vessel,,183.0,32.0,At Anchor (На якоре),,,
9675080,636021148.0,ELKA ATHINA.,Oil/Chemical Tanker (Танкер для перевозки нефти и химикатов).,,8.0,LIBERIA (Либерия).,vessel,,183.0,32.0,At Anchor (На якоре),,,
9733545,636021147.0,ELKA ATHINA.,Oil/Chemical Tanker (Танкер для перевозки нефти и химикатов).,,8.0,LIBERIA (Либерия).,vessel,,183.0,32.0,At Anchor (На якоре),,,
9713545,636021146.0,ELKA ATHINA.,Oil/Chemical Tanker (Танкер для перевозки нефти и химикатов).,,8.0,LIBERIA (Либерия).,vessel,,183.0,32.0,At Anchor (На якоре),,,
9314715,636021145.0,ELKA ATHINA.,Oil/Chemical Tanker (Танкер для перевозки нефти и химикатов).,,8.0,LIBERIA (Либерия).,vessel,,183.0,32.0,At Anchor (На якоре),,,
9899727,636021144.0,ELKA ATHINA.,Oil/Chemical Tanker (Танкер для перевозки нефти и химикатов).,,8.0,LIBERIA (Либерия).,vessel,,183.0,32.0,At Anchor (На якоре),,,
9786231,636021144.0,ELKA ATHINA.,Oil/Chemical Tanker (Танкер для перевозки нефти и химикатов).,,8.0,LIBERIA (Либерия).,vessel,,183.0,32.0,At Anchor (На якоре),,,
9412775,636021143.0,ELKA ATHINA.,Oil/Chemical Tanker (Танкер для перевозки нефти и химикатов).,,8.0,LIBERIA (Либерия).,vessel,,183.0,32.0,At Anchor (На якоре),,,
9507582,636021142.0,ELKA ATHINA.,Oil/Chemical Tanker (Танкер для перевозки нефти и химикатов).,,8.0,LIBERIA (Либерия).,vessel,,183.0,32.0,At Anchor (На якоре),,,
9851610,636021141.0,ELKA ATHINA.,Oil/Chemical Tanker (Танкер для перевозки нефти и химикатов).,,8.0,LIBERIA (Либерия).,vessel,,183.0,32.0,At Anchor (На якоре),,,
9428085,636021140.0,ELKA ATHINA.,Oil/Chemical Tanker (Танкер для перевозки нефти и химикатов).,,8.0,LIBERIA (Либерия).,vessel,,183.0,32.0,At Anchor (На якоре),,,
1055868,636021139.0,ELKA ATHINA.,Oil/Chemical Tanker (Танкер для перевозки нефти и химикатов).,,8.0,LIBERIA (Либерия).,vessel,,183.0,32.0,At Anchor (На якоре),,,
9569061,636021138.0,ELKA ATHINA.,Oil/Chemical Tanker (Танкер для перевозки нефти и химикатов).,,8.0,LIBERIA (Либерия).,vessel,,183.0,32.0,At Anchor (На якоре),,,
9508823,636021137.0,ELKA ATHINA.,Oil/Chemical Tanker (Танкер для перевозки нефти и химикатов).,,8.0,LIBERIA (Либерия).,vessel,,183.0,32.0,At Anchor (На якоре),,,
9793870,636021136.0,ELKA ATHINA.,Oil/Chemical Tanker (Танкер для перевозки нефти и химикатов).,,8.0,LIBERIA (Либерия).,vessel,,183.0,32.0,At Anchor (На якоре),,,
9878008,636021135.0,ELKA ATHINA.,Oil/Chemical Tanker (Танкер для перевозки нефти и химикатов).,,8.0,LIBERIA (Либерия).,vessel,,183.0,32.0,At Anchor (На якоре),,,
9694189,636021134.0,ELKA ATHINA.,Oil/Chemical Tanker (Танкер для перевозки нефти и химикатов).,,8.0,LIBERIA (Либерия).,vessel,,183.0,32.0,At Anchor (На якоре),,,
9820427,636021133.0,ELKA ATHINA.,Oil/Chemical Tanker (Танкер для перевозки нефти и химикатов).,,8.0,LIBERIA (Либерия).,vessel,,183.0,32.0,At Anchor (На якоре),,,
9428346,636021132.0,ELKA ATHINA.,Oil/Chemical Tanker (Танкер для перевозки нефти и химикатов).,,8.0,LIBERIA (Либерия).,vessel,,183.0,32.0,At Anchor (На якоре),,,
9374521,636021131.0,ELKA ATHINA.,Oil/Chemical Tanker (Танкер для перевозки нефти и химикатов).,,8.0,LIBERIA (Либерия).,vessel,,183.0,32.0,At Anchor (На якоре),,,
9827205,636021130.0,ELKA ATHINA.,Oil/Chemical Tanker (Танкер для перевозки нефти и химикатов).,,8.0,LIBERIA (Либерия).,vessel,,183.0,32.0,At Anchor (На якоре),,,
9368780,636021129.0,ELKA ATHINA.,Oil/Chemical Tanker (Танкер для перевозки нефти и химикатов).,,8.0,LIBERIA (Либерия).,vessel,,183.0,32.0,At Anchor (На якоре),,,
9704453,636021128.0,ELKA ATHINA.,Oil/Chemical Tanker (Танкер для перевозки нефти и химикатов).,,8.0,LIBERIA (Либерия).,vessel,,183.0,32.0,At Anchor (На якоре),,,
1021697,636021127.0,ELKA ATHINA.,Oil/Chemical Tanker (Танкер для перевозки нефти и химикатов).,,8.0,LIBERIA (Либерия).,vessel,,183.0,32.0,At Anchor (На якоре),,,
9428449,636021126.0,ELKA ATHINA.,Oil/Chemical Tanker (Танкер для перевозки нефти и химикатов).,,8.0,LIBERIA (Либерия).,vessel,,183.0,32.0,At Anchor (На якоре),,,
9439876,636021125.0,ELKA ATHINA.,Oil/Chemical Tanker (Танкер для перевозки нефти и химикатов).,,8.0,LIBERIA (Либерия).,vessel,,183.0,32.0,At Anchor (На якоре),,,
9749453,636021124.0,ELKA ATHINA.,Oil/Chemical Tanker (Танкер для перевозки нефти и химикатов).,,8.0,LIBERIA (Либерия).,vessel,,183.0,32.0,At Anchor (На якоре),,,
9942330,636021123.0,ELKA ATHINA.,Oil/Chemical Tanker (Танкер для перевозки нефти и химикатов).,,8.0,LIBERIA (Либерия).,vessel,,183.0,32.0,At Anchor (На якоре),,,
9696761,636021122.0,ELKA ATHINA.,Oil/Chemical Tanker (Танкер для перевозки нефти и химикатов).,,8.0,LIBERIA (Либерия).,vessel,,183.0,32.0,At Anchor (На якоре),,,
9378723,636021121.0,ELKA ATHINA.,Oil/Chemical Tanker (Танкер для перевозки нефти и химикатов).,,8.0,LIBERIA (Либерия).,vessel,,183.0,32.0,At Anchor (На якоре),,,
9297890,636021120.0,ELKA ATHINA.,Oil/Chemical Tanker (Танкер для перевозки нефти и химикатов).,,8.0,LIBERIA (Либерия).,vessel,,183.0,32.0,At Anchor (На якоре),,,
9806627,636021119.0,ELKA ATHINA.,Oil/Chemical Tanker (Танкер для перевозки нефти и химикатов).,,8.0,LIBERIA (Либерия).,vessel,,183.0,32.0,At Anchor (На якоре),,,
9507726,636021118.0,ELKA ATHINA.,Oil/Chemical Tanker (Танкер для перевозки нефти и химикатов).,,8.0,LIBERIA (Либерия).,vessel,,183.0,32.0,At Anchor (На якоре),,,
9317951,636021117.0,ELKA ATHINA.,Oil/Chemical Tanker (Танкер для перевозки нефти и химикатов).,,8.0,LIBERIA (Либерия).,vessel,,183.0,32.0,At Anchor (На якоре),,,
9732242,636021116.0,ELKA ATHINA.,Oil/Chemical Tanker (Танкер для перевозки нефти и химикатов).,,8.0,LIBERIA (Либерия).,vessel,,183.0,32.0,At Anchor (На якоре),,,
9350886,636021115.0,ELKA ATHINA.,Oil/Chemical Tanker (Танкер для перевозки нефти и химикатов).,,8.0,LIBERIA (Либерия).,vessel,,183.0,32.0,At Anchor (На якоре),,,
9297333,636021114.0,ELKA ATHINA.,Oil/Chemical Tanker (Танкер для перевозки нефти и химикатов).,,8.0,LIBERIA (Либерия).,vessel,,183.0,32.0,At Anchor (На якоре),,,
8712166,636021113.0,ELKA ATHINA.,Oil/Chemical Tanker (Танкер для перевозки нефти и химикатов).,,8.0,LIBERIA (Либерия).,vessel,,183.0,32.0,At Anchor (На якоре),,,
9438860,636021112.0,ELKA ATHINA.,Oil/Chemical Tanker (Танкер для перевозки нефти и химикатов).,,8.0,LIBERIA (Либерия).,vessel,,183.0,32.0,At Anchor (На якоре),,,
9242338,636021111.0,ELKA ATHINA.,Oil/Chemical Tanker (Танкер для перевозки нефти и химикатов).,,8.0,LIBERIA (Либерия).,vessel,,183.0,32.0,At Anchor (На якоре),,,
9644225,636021110.0,ELKA ATHINA.,Oil/Chemical Tanker (Танкер для перевозки нефти и химикатов).,,8.0,LIBERIA (Либерия).,vessel,,183.0,32.0,At Anchor (На якоре),,,
9725495,636021109.0,ELKA ATHINA.,Oil/Chemical Tanker (Танкер для перевозки нефти и химикатов).,,8.0,LIBERIA (Либерия).,vessel,,183.0,32.0,At Anchor (На якоре),,,
9722405,636021108.0,ELKA ATHINA.,Oil/Chemical Tanker (Танкер для перевозки нефти и химикатов).,,8.0,LIBERIA (Либерия).,vessel,,183.0,32.0,At Anchor (На якоре),,,
9744958,636021107.0,ELKA ATHINA.,Oil/Chemical Tanker (Танкер для перевозки нефти и химикатов).,,8.0,LIBERIA (Либерия).,vessel,,183.0,32.0,At Anchor (На якоре),,,
9288837,636021106.0,ELKA ATHINA.,Oil/Chemical Tanker (Танкер для перевозки нефти и химикатов).,,8.0,LIBERIA (Либерия).,vessel,,183.0,32.0,At Anchor (На якоре),,,
9676125,636021105.0,ELKA ATHINA.,Oil/Chemical Tanker (Танкер для перевозки нефти и химикатов).,,8.0,LIBERIA (Либерия).,vessel,,183.0,32.0,At Anchor (На якоре),,,
9843924,636021104.0,ELKA ATHINA.,Oil/Chemical Tanker (Танкер для перевозки нефти и химикатов).,,8.0,LIBERIA (Либерия).,vessel,,183.0,32.0,At Anchor (На якоре),,,
9263203,636021103.0,ELKA ATHINA.,Oil/Chemical Tanker (Танкер для перевозки нефти и химикатов).,,8.0,LIBERIA (Либерия).,vessel,,183.0,32.0,At Anchor (На якоре),,,
9186352,636021102.0,ELKA ATHINA.,Oil/Chemical Tanker (Танкер для перевозки нефти и химикатов).,,8.0,LIBERIA (Либерия).,vessel,,183.0,32.0,At Anchor (На якоре),,,
9310355,636021101.0,ELKA ATHINA.,Oil/Chemical Tanker (Танкер для перевозки нефти и химикатов).,,8.0,LIBERIA (Либерия).,vessel,,183.0,32.0,At Anchor (На якоре),,,
9393333,636021100.0,ELKA ATHINA.,Oil/Chemical Tanker (Танкер для перевозки нефти и химикатов).,,8.0,LIBERIA (Либерия).,vessel,,183.0,32.0,At Anchor (На якоре),,,
9253894,636021099.0,ELKA ATHINA.,Oil/Chemical Tanker (Танкер для перевозки нефти и химикатов).,,8.0,LIBERIA (Либерия).,vessel,,183.0,32.0,At Anchor (На якоре),,,
9333412,636021098.0,ELKA ATHINA.,Oil/Chemical Tanker (Танкер для перевозки нефти и химикатов).,,8.0,LIBERIA (Либерия).,vessel,,183.0,32.0,At Anchor (На якоре),,,
9410507,636021097.0,ELKA ATHINA.,Oil/Chemical Tanker (Танкер для перевозки нефти и химикатов).,,8.0,LIBERIA (Либерия).,vessel,,183.0,32.0,At Anchor (На якоре),,,
9228801,636021096.0,ELKA ATHINA.,Oil/Chemical Tanker (Танкер для перевозки нефти и химикатов).,,8.0,LIBERIA (Либерия).,vessel,,183.0,32.0,At Anchor (На якоре),,,
9359571,636021095.0,ELKA ATHINA.,Oil/Chemical Tanker (Танкер для перевозки нефти и химикатов).,,8.0,LIBERIA (Либерия).,vessel,,183.0,32.0,At Anchor (На якоре),,,
9341897,636021094.0,ELKA ATHINA.,Oil/Chemical Tanker (Танкер для перевозки нефти и химикатов).,,8.0,LIBERIA (Либерия).,vessel,,183.0,32.0,At Anchor (На якоре),,,
9394076,636021093.0,ELKA ATHINA.,Oil/Chemical Tanker (Танкер для перевозки нефти и химикатов).,,8.0,LIBERIA (Либерия).,vessel,,183.0,32.0,At Anchor (На якоре),,,
9729582,636021092.0,ELKA ATHINA.,Oil/Chemical Tanker (Танкер для перевозки нефти и химикатов).,,8.0,LIBERIA (Либерия).,vessel,,183.0,32.0,At Anchor (На якоре),,,
9394076,636021091.0,ELKA ATHINA.,Oil/Chemical Tanker (Танкер для перевозки нефти и химикатов).,,8.0,LIBERIA (Либерия).,vessel,,183.0,32.0,At Anchor (На якоре),,,
9575292,636021090.0,ELKA ATHINA.,Oil/Chemical Tanker (Танкер для перевозки нефти и химикатов).,,8.0,LIBERIA (Либерия).,vessel,,183.0,32.0,At Anchor (На якоре),,,
9587829,636021089.0,ELKA ATHINA.,Oil/Chemical Tanker (Танкер для перевозки нефти и химикатов).,,8.0,LIBERIA (Либерия).,vessel,,183.0,32.0,At Anchor (На якоре),,,
9429027,636021088.0,ELKA ATHINA.,Oil/Chemical Tanker (Танкер для перевозки нефти и химикатов).,,8.0,LIBERIA (Либерия).,vessel,,183.0,32.0,At Anchor (На якоре),,,
9585895,636021087.0,ELKA ATHINA.,Oil/Chemical Tanker (Танкер для перевозки нефти и химикатов).,,8.0,LIBERIA (Либерия).,vessel,,183.0,32.0,At Anchor (На якоре),,,
9765378,636021086.0,ELKA ATHINA.,Oil/Chemical Tanker (Танкер для перевозки нефти и химикатов).,,8.0,LIBERIA (Либерия).,vessel,,183.0,32.0,At Anchor (На якоре),,,
9746619,636021085.0,ELKA ATHINA.,Oil/Chemical Tanker (Танкер для перевозки нефти и химикатов).,,8.0,LIBERIA (Либерия).,vessel,,183.0,32.0,At Anchor (На якоре),,,
9406685,9406685.0,ELKA ATHINA.,Oil/Chemical Tanker (Танкер для перевозки нефти и химикатов).,,8.0,LIBERIA (Либерия).,vessel,,183.0,32.0,At Anchor (На якоре),,,
9187227,636021083.0,ELKA ATHINA.,Oil/Chemical Tanker (Танкер для перевозки нефти и химикатов).,,8.0,LIBERIA (Либерия).,vessel,,183.0,32.0,At Anchor (На якоре),,,
9346859,636021082.0,ELKA ATHINA.,Oil/Chemical Tanker (Танкер для перевозки нефти и химикатов).,,8.0,LIBERIA (Либерия).,vessel,,183.0,32.0,At Anchor (На якоре),,,
9270749,636021081.0,ELKA ATHINA.,Oil/Chemical Tanker (Танкер для перевозки нефти и химикатов).,,8.0,LIBERIA (Либерия).,vessel,,183.0,32.0,At Anchor (На якоре),,,
9792187,636021080.0,ELKA ATHINA.,Oil/Chemical Tanker (Танкер для перевозки нефти и химикатов).,,8.0,LIBERIA (Либерия).,vessel,,183.0,32.0,At Anchor (На якоре),,,
9268289,636021079.0,ELKA ATHINA.,Oil/Chemical Tanker (Танкер для перевозки нефти и химикатов).,,8.0,LIBERIA (Либерия).,vessel,,183.0,32.0,At Anchor (На якоре),,,
8862935,636021078.0,ELKA ATHINA.,Oil/Chemical Tanker (Танкер для перевозки нефти и химикатов).,,8.0,LIBERIA (Либерия).,vessel,,183.0,32.0,At Anchor (На якоре),,,
9640578,636021077.0,ELKA ATHINA.,Oil/Chemical Tanker (Танкер для перевозки нефти и химикатов).,,8.0,LIBERIA (Либерия).,vessel,,183.0,32.0,At Anchor (На якоре),,,
9517070,636021076.0,ELKA ATHINA.,Oil/Chemical Tanker (Танкер для перевозки нефти и химикатов).,,8.0,LIBERIA (Либерия).,vessel,,183.0,32.0,At Anchor (На якоре),,,
9558945,636021075.0,ELKA ATHINA.,Oil/Chemical Tanker (Танкер для перевозки нефти и химикатов).,,8.0,LIBERIA (Либерия).,vessel,,183.0,32.0,At Anchor (На якоре),,,
9135781,636021074.0,ELKA ATHINA.,Oil/Chemical Tanker (Танкер для перевозки нефти и химикатов).,,8.0,LIBERIA (Либерия).,vessel,,183.0,32.0,At Anchor (На якоре),,,
9999620,636021073.0,ELKA ATHINA.,Oil/Chemical Tanker (Танкер для перевозки нефти и химикатов).,,8.0,LIBERIA (Либерия).,vessel,,183.0,32.0,At Anchor (На якоре),,,
9327396,636021072.0,ELKA ATHINA.,Oil/Chemical Tanker (Танкер для перевозки нефти и химикатов).,,8.0,LIBERIA (Либерия).,vessel,,183.0,32.0,At Anchor (На якоре),,,
9999620,636021073.0,ELKA ATHINA.,Oil/Chemical Tanker (Танкер для перевозки нефти и химикатов).,,8.0,LIBERIA (Либерия).,vessel,,183.0,32.0,At Anchor (На якоре),,,
9607435,636021071.0,ELKA ATHINA.,Oil/Chemical Tanker (Танкер для перевозки нефти и химикатов).,,8.0,LIBERIA (Либерия).,vessel,,183.0,32.0,At Anchor (На якоре),,,
9593000,636021070.0,ELKA ATHINA.,Oil/Chemical Tanker (Танкер для перевозки нефти и химикатов).,,8.0,LIBERIA (Либерия).,vessel,,183.0,32.0,At Anchor (На якоре),,,
9940746,636021069.0,ELKA ATHINA.,Oil/Chemical Tanker (Танкер для перевозки нефти и химикатов).,,8.0,LIBERIA (Либерия).,vessel,,183.0,32.0,At Anchor (На якоре),,,
9302683,636021068.0,ELKA ATHINA.,Oil/Chemical Tanker (Танкер для перевозки нефти и химикатов).,,8.0,LIBERIA (Либерия).,vessel,,183.0,32.0,At Anchor (На якоре),,,
8727941,636021067.0,ELKA ATHINA.,Oil/Chemical Tanker (Танкер для перевозки нефти и химикатов).,,8.0,LIBERIA (Либерия).,vessel,,183.0,32.0,At Anchor (На якоре),,,
9251456,636021066.0,ELKA ATHINA.,Oil/Chemical Tanker (Танкер для перевозки нефти и химикатов).,,8.0,LIBERIA (Либерия).,vessel,,183.0,32.0,At Anchor (На якоре),,,
9228813,636021065.0,ELKA ATHINA.,Oil/Chemical Tanker (Танкер для перевозки нефти и химикатов).,,8.0,LIBERIA (Либерия).,vessel,,183.0,32.0,At Anchor (На якоре),,,
9292199,636021064.0,ELKA ATHINA.,Oil/Chemical Tanker (Танкер для перевозки нефти и химикатов).,,8.0,LIBERIA (Либерия).,vessel,,183.0,32.0,At Anchor (На якоре),,,
9273844,636021063.0,ELKA ATHINA.,Oil/Chemical Tanker (Танкер для перевозки нефти и химикатов).,,8.0,LIBERIA (Либерия).,vessel,,183.0,32.0,At Anchor (На якоре),,,
9302126,636021062.0,ELKA ATHINA.,Oil/Chemical Tanker (Танкер для перевозки нефти и химикатов).,,8.0,LIBERIA (Либерия).,vessel,,183.0,32.0,At Anchor (На якоре),,,
9315745,636021061.0,ELKA ATHINA.,Oil/Chemical Tanker (Танкер для перевозки нефти и химикатов).,,8.0,LIBERIA (Либерия).,vessel,,183.0,32.0,At Anchor (На якоре),,,
9290373,636021060.0,ELKA ATHINA.,Oil/Chemical Tanker (Танкер для перевозки нефти и химикатов).,,8.0,LIBERIA (Либерия).,vessel,,183.0,32.0,At Anchor (На якоре),,,
9255842,636021059.0,ELKA ATHINA.,Oil/Chemical Tanker (Танкер для перевозки нефти и химикатов).,,8.0,LIBERIA (Либерия).,vessel,,183.0,32.0,At Anchor (На якоре),,,
9334569,636021058.0,ELKA ATHINA.,Oil/Chemical Tanker (Танкер для перевозки нефти и химикатов).,,8.0,LIBERIA (Либерия).,vessel,,183.0,32.0,At Anchor (На якоре),,,
9388742,636021057.0,ELKA ATHINA.,Oil/Chemical Tanker (Танкер для перевозки нефти и химикатов).,,8.0,LIBERIA (Либерия).,vessel,,183.0,32.0,At Anchor (На якоре),,,
9416551,636021056.0,ELKA ATHINA.,Oil/Chemical Tanker (Танкер для перевозки нефти и химикатов).,,8.0,LIBERIA (Либерия).,vessel,,183.0,32.0,At Anchor (На якоре),,,
9776767,636021055.0,ELKA ATHINA.,Oil/Chemical Tanker (Танкер для перевозки нефти и химикатов).,,8.0,LIBERIA (Либерия).,vessel,,183.0,32.0,At Anchor (На якоре),,,
9356426,636021054.0,ELKA ATHINA.,Oil/Chemical Tanker (Танкер для перевозки нефти и химикатов).,,8.0,LIBERIA (Либерия).,vessel,,183.0,32.0,At Anchor (На якоре),,,
9236004,636021053.0,ELKA ATHINA.,Oil/Chemical Tanker (Танкер для перевозки нефти и химикатов).,,8.0,LIBERIA (Либерия).,vessel,,183.0,32.0,At Anchor (На якоре),,,
1052878,636021052.0,ELKA ATHINA.,Oil/Chemical Tanker (Танкер для перевозки нефти и химикатов).,,8.0,LIBERIA (Либерия).,vessel,,183.0,32.0,At Anchor (На якоре),,,
9633549,636021051.0,ELKA ATHINA.,Oil/Chemical Tanker (Танкер для перевозки нефти и химикатов).,,8.0,LIBERIA (Либерия).,vessel,,183.0,32.0,At Anchor (На якоре),,,
9488011,636021050.0,ELKA ATHINA.,Oil/Chemical Tanker (Танкер для перевозки нефти и химикатов).,,8.0,LIBERIA (Либерия).,vessel,,183.0,32.0,At Anchor (На якоре),,,
9788978,636021049.0,ELKA ATHINA.,Oil/Chemical Tanker (Танкер для перевозки нефти и химикатов).,,8.0,LIBERIA (Либерия).,vessel,,183.0,32.0,At Anchor (На якоре),,,
9435313,636021048.0,ELKA ATHINA.,Oil/Chemical Tanker (Танкер для перевозки нефти и химикатов).,,8.0,LIBERIA (Либерия).,vessel,,183.0,32.0,At Anchor (На якоре),,,
9788978,636021049.0,ELKA ATHINA.,Oil/Chemical Tanker (Танкер для перевозки нефти и химикатов).,,8.0,LIBERIA (Либерия).,vessel,,183.0,32.0,At Anchor (На якоре),,,
9240122,636021047.0,ELKA ATHINA.,Oil/Chemical Tanker (Танкер для перевозки нефти и химикатов).,,8.0,LIBERIA (Либерия).,vessel,,183.0,32.0,At Anchor (На якоре),,,
9229142,636021046.0,ELKA ATHINA.,Oil/Chemical Tanker (Танкер для перевозки нефти и химикатов).,,8.0,LIBERIA (Либерия).,vessel,,183.0,32.0,At Anchor (На якоре),,,
9905344,636021045.0,ELKA ATHINA.,Oil/Chemical Tanker (Танкер для перевозки нефти и химикатов).,,8.0,LIBERIA (Либерия).,vessel,,183.0,32.0,At Anchor (На якоре),,,
9798375,636021044.0,ELKA ATHINA.,Oil/Chemical Tanker (Танкер для перевозки нефти и химикатов).,,8.0,LIBERIA (Либерия).,vessel,,183.0,32.0,At Anchor (На якоре),,,
9575345,636021043.0,ELKA ATHINA.,Oil/Chemical Tanker (Танкер для перевозки нефти и химикатов).,,8.0,LIBERIA (Либерия).,vessel,,183.0,32.0,At Anchor (На якоре),,,
9295347,636021042.0,ELKA ATHINA.,Oil/Chemical Tanker (Танкер для перевозки нефти и химикатов).,,8.0,LIBERIA (Либерия).,vessel,,183.0,32.0,At Anchor (На якоре),,,
9689134,636021041.0,ELKA ATHINA.,Oil/Chemical Tanker (Танкер для перевозки нефти и химикатов).,,8.0,LIBERIA (Либерия).,vessel,,183.0,32.0,At Anchor (На якоре),,,
9295581,636021040.0,ELKA ATHINA.,Oil/Chemical Tanker (Танкер для перевозки нефти и химикатов).,,8.0,LIBERIA (Либерия).,vessel,,183.0,32.0,At Anchor (На якоре),,,
9679878,636021039.0,ELKA ATHINA.,Oil/Chemical Tanker (Танкер для перевозки нефти и химикатов).,,8.0,LIBERIA (Либерия).,vessel,,183.0,32.0,At Anchor (На якоре),,,
9284025,636021038.0,ELKA ATHINA.,Oil/Chemical Tanker (Танкер для перевозки нефти и химикатов).,,8.0,LIBERIA (Либерия).,vessel,,183.0,32.0,At Anchor (На якоре),,,
9458119,636021037.0,ELKA ATHINA.,Oil/Chemical Tanker (Танкер для перевозки нефти и химикатов).,,8.0,LIBERIA (Либерия).,vessel,,183.0,32.0,At Anchor (На якоре),,,
8317992,636021036.0,ELKA ATHINA.,Oil/Chemical Tanker (Танкер для перевозки нефти и химикатов).,,8.0,LIBERIA (Либерия).,vessel,,183.0,32.0,At Anchor (На якоре),,,
9576789,636021035.0,ELKA ATHINA.,Oil/Chemical Tanker (Танкер для перевозки нефти и химикатов).,,8.0,LIBERIA (Либерия).,vessel,,183.0,32.0,At Anchor (На якоре),,,
9933743,636021034.0,ELKA ATHINA.,Oil/Chemical Tanker (Танкер для перевозки нефти и химикатов).,,8.0,LIBERIA (Либерия).,vessel,,183.0,32.0,At Anchor (На якоре),,,
9402471,636021033.0,ELKA ATHINA.,Oil/Chemical Tanker (Танкер для перевозки нефти и химикатов).,,8.0,LIBERIA (Либерия).,vessel,,183.0,32.0,At Anchor (На якоре),,,
9251559,636021032.0,ELKA ATHINA.,Oil/Chemical Tanker (Танкер для перевозки нефти и химикатов).,,8.0,LIBERIA (Либерия).,vessel,,183.0,32.0,At Anchor (На якоре),,,
9722584,636021031.0,ELKA ATHINA.,Oil/Chemical Tanker (Танкер для перевозки нефти и химикатов).,,8.0,LIBERIA (Либерия).,vessel,,183.0,32.0,At Anchor (На якоре),,,
9380893,636021030.0,ELKA ATHINA.,Oil/Chemical Tanker (Танкер для перевозки нефти и химикатов).,,8.0,LIBERIA (Либерия).,vessel,,183.0,32.0,At Anchor (На якоре),,,
9064073,636021029.0,ELKA ATHINA.,Oil/Chemical Tanker (Танкер для перевозки нефти и химикатов).,,8.0,LIBERIA (Либерия).,vessel,,183.0,32.0,At Anchor (На якоре),,,
1056989,636021028.0,ELKA ATHINA.,Oil/Chemical Tanker (Танкер для перевозки нефти и химикатов).,,8.0,LIBERIA (Либерия).,vessel,,183.0,32.0,At Anchor (На якоре),,,
9321940,636021027.0,ELKA ATHINA.,Oil/Chemical Tanker (Танкер для перевозки нефти и химикатов).,,8.0,LIBERIA (Либерия).,vessel,,183.0,32.0,At Anchor (На якоре),,,
9297321,636021026.0,ELKA ATHINA.,Oil/Chemical Tanker (Танкер для перевозки нефти и химикатов).,,8.0,LIBERIA (Либерия).,vessel,,183.0,32.0,At Anchor (На якоре),,,
9870159,636021025.0,ELKA ATHINA.,Oil/Chemical Tanker (Танкер для перевозки нефти и химикатов).,,8.0,LIBERIA (Либерия).,vessel,,183.0,32.0,At Anchor (На якоре),,,
9312901,636021024.0,ELKA ATHINA.,Oil/Chemical Tanker (Танкер для перевозки нефти и химикатов).,,8.0,LIBERIA (Либерия).,vessel,,183.0,32.0,At Anchor (На якоре),,,
9321677,636021023.0,ELKA ATHINA.,Oil/Chemical Tanker (Танкер для перевозки нефти и химикатов).,,8.0,LIBERIA (Либерия).,vessel,,183.0,32.0,At Anchor (На якоре),,,
8883290,636021022.0,ELKA ATHINA.,Oil/Chemical Tanker (Танкер для перевозки нефти и химикатов).,,8.0,LIBERIA (Либерия).,vessel,,183.0,32.0,At Anchor (На якоре),,,
9263966,636021021.0,ELKA ATHINA.,Oil/Chemical Tanker (Танкер для перевозки нефти и химикатов).,,8.0,LIBERIA (Либерия).,vessel,,183.0,32.0,At Anchor (На якоре),,,
9249697,636021020.0,ELKA ATHINA.,Oil/Chemical Tanker (Танкер для перевозки нефти и химикатов).,,8.0,LIBERIA (Либерия).,vessel,,183.0,32.0,At Anchor (На якоре),,,
9293337,636021019.0,ELKA ATHINA.,Oil/Chemical Tanker (Танкер для перевозки нефти и химикатов).,,8.0,LIBERIA (Либерия).,vessel,,183.0,32.0,At Anchor (На якоре),,,
9821471,636021018.0,ELKA ATHINA.,Oil/Chemical Tanker (Танкер для перевозки нефти и химикатов).,,8.0,LIBERIA (Либерия).,vessel,,183.0,32.0,At Anchor (На якоре),,,
9153422,636021017.0,ELKA ATHINA.,Oil/Chemical Tanker (Танкер для перевозки нефти и химикатов).,,8.0,LIBERIA (Либерия).,vessel,,183.0,32.0,At Anchor (На якоре),,,
9724544,636021016.0,ELKA ATHINA.,Oil/Chemical Tanker (Танкер для перевозки нефти и химикатов).,,8.0,LIBERIA (Либерия).,vessel,,183.0,32.0,At Anchor (На якоре),,,
9190195,636021015.0,ELKA ATHINA.,Oil/Chemical Tanker (Танкер для перевозки нефти и химикатов).,,8.0,LIBERIA (Либерия).,vessel,,183.0,32.0,At Anchor (На якоре),,,
9290361,636021014.0,ELKA ATHINA.,Oil/Chemical Tanker (Танкер для перевозки нефти и химикатов).,,8.0,LIBERIA (Либерия).,vessel,,183.0,32.0,At Anchor (На якоре),,,
9402823,9402823.0,ELKA ATHINA.,Oil/Chemical Tanker (Танкер для перевозки нефти и химикатов).,,8.0,LIBERIA (Либерия).,vessel,,183.0,32.0,At Anchor (На якоре),,,
9288772,636021012.0,ELKA ATHINA.,Oil/Chemical Tanker (Танкер для перевозки нефти и химикатов).,,8.0,LIBERIA (Либерия).,vessel,,183.0,32.0,At Anchor (На якоре),,,
9260043,636021011.0,ELKA ATHINA.,Oil/Chemical Tanker (Танкер для перевозки нефти и химикатов).,,8.0,LIBERIA (Либерия).,vessel,,183.0,32.0,At Anchor (На якоре),,,
9724582,636021010.0,ELKA ATHINA.,Oil/Chemical Tanker (Танкер для перевозки нефти и химикатов).,,8.0,LIBERIA (Либерия).,vessel,,183.0,32.0,At Anchor (На якоре),,,
9601235,636021008.0,ELKA ATHINA.,Oil/Chemical Tanker (Танкер для перевозки нефти и химикатов).,,8.0,LIBERIA (Либерия).,vessel,,183.0,32.0,At Anchor (На якоре),,,
9724582,636021007.0,ELKA ATHINA.,Oil/Chemical Tanker (Танкер для перевозки нефти и химикатов).,,8.0,LIBERIA (Либерия).,vessel,,183.0,32.0,At Anchor (На якоре),,,
9312872,636021006.0,ELKA ATHINA.,Oil/Chemical Tanker (Танкер для перевозки нефти и химикатов).,,8.0,LIBERIA (Либерия).,vessel,,183.0,32.0,At Anchor (На якоре),,,
9290933,636021005.0,ELKA ATHINA.,Oil/Chemical Tanker (Танкер для перевозки нефти и химикатов).,,8.0,LIBERIA (Либерия).,vessel,,183.0,32.0,At Anchor (На якоре),,,
9652911,636021004.0,ELKA ATHINA.,Oil/Chemical Tanker (Танкер для перевозки нефти и химикатов).,,8.0,LIBERIA (Либерия).,vessel,,183.0,32.0,At Anchor (На якоре),,,
9587207,636021003.0,ELKA ATHINA.,Oil/Chemical Tanker (Танкер для перевозки нефти и химикатов).,,8.0,LIBERIA (Либерия).,vessel,,183.0,32.0,At Anchor (На якоре),,,
9271951,636021002.0,ELKA ATHINA.,Oil/Chemical Tanker (Танкер для перевозки нефти и химикатов).,,8.0,LIBERIA (Либерия).,vessel,,183.0,32.0,At Anchor (На якоре),,,
9417440,9417440.0,ELKA ATHINA.,Oil/Chemical Tanker (Танкер для перевозки нефти и химикатов).,,8.0,LIBERIA (Либерия).,vessel,,183.0,32.0,At Anchor (На якоре),,,
9725603,636021000.0,ELKA ATHINA.,Oil/Chemical Tanker (Танкер для перевозки нефти и химикатов).,,8.0,LIBERIA (Либерия).,vessel,,183.0,32.0,At Anchor (На якоре),,,
9283796,636020999.0,ELKA ATHINA.,Oil/Chemical Tanker (Танкер для перевозки нефти и химикатов).,,8.0,LIBERIA (Либерия).,vessel,,183.0,32.0,At Anchor (На якоре),,,
9256925,636020998.0,ELKA ATHINA.,Oil/Chemical Tanker (Танкер для перевозки нефти и химикатов).,,8.0,LIBERIA (Либерия).,vessel,,183.0,32.0,At Anchor (На якоре),,,
9396335,636020997.0,ELKA ATHINA.,Oil/Chemical Tanker (Танкер для перевозки нефти и химикатов).,,8.0,LIBERIA (Либерия).,vessel,,183.0,32.0,At Anchor (На якоре),,,
9395989,636020996.0,ELKA ATHINA.,Oil/Chemical Tanker (Танкер для перевозки нефти и химикатов).,,8.0,LIBERIA (Либерия).,vessel,,183.0,32.0,At Anchor (На якоре),,,
9327463,636020995.0,ELKA ATHINA.,Oil/Chemical Tanker (Танкер для перевозки нефти и химикатов).,,8.0,LIBERIA (Либерия).,vessel,,183.0,32.0,At Anchor (На якоре),,,
9565950,636020994.0,ELKA ATHINA.,Oil/Chemical Tanker (Танкер для перевозки нефти и химикатов).,,8.0,LIBERIA (Либерия).,vessel,,183.0,32.0,At Anchor (На якоре),,,
9399349,636020993.0,ELKA ATHINA.,Oil/Chemical Tanker (Танкер для перевозки нефти и химикатов).,,8.0,LIBERIA (Либерия).,vessel,,183.0,32.0,At Anchor (На якоре),,,
9874040,636020992.0,ELKA ATHINA.,Oil/Chemical Tanker (Танкер для перевозки нефти и химикатов).,,8.0,LIBERIA (Либерия).,vessel,,183.0,32.0,At Anchor (На якоре),,,
9696565,636020991.0,ELKA ATHINA.,Oil/Chemical Tanker (Танкер для перевозки нефти и химикатов).,,8.0,LIBERIA (Либерия).,vessel,,183.0,32.0,At Anchor (На якоре),,,
9403891,636020990.0,ELKA ATHINA.,Oil/Chemical Tanker (Танкер для перевозки нефти и химикатов).,,8.0,LIBERIA (Либерия).,vessel,,183.0,32.0,At Anchor (На якоре),,,
9819650,636020989.0,ELKA ATHINA.,Oil/Chemical Tanker (Танкер для перевозки нефти и химикатов).,,8.0,LIBERIA (Либерия).,vessel,,183.0,32.0,At Anchor (На якоре),,,
9399480,636020988.0,ELKA ATHINA.,Oil/Chemical Tanker (Танкер для перевозки нефти и химикатов).,,8.0,LIBERIA (Либерия).,vessel,,183.0,32.0,At Anchor (На якоре),,,
9444508,636020987.0,ELKA ATHINA.,Oil/Chemical Tanker (Танкер для перевозки нефти и химикатов).,,8.0,LIBERIA (Либерия).,vessel,,183.0,32.0,At Anchor (На якоре),,,
9862944,9862944.0,ELKA ATHINA.,Oil/Chemical Tanker (Танкер для перевозки нефти и химикатов).,,8.0,LIBERIA (Либерия).,vessel,,183.0,32.0,At Anchor (На якоре),,,
1020942,636020985.0,ELKA ATHINA.,Oil/Chemical Tanker (Танкер для перевозки нефти и химикатов).,,8.0,LIBERIA (Либерия).,vessel,,183.0,32.0,At Anchor (На якоре),,,
9435600,636020984.0,ELKA ATHINA.,Oil/Chemical Tanker (Танкер для перевозки нефти и химикатов).,,8.0,LIBERIA (Либерия).,vessel,,183.0,32.0,At Anchor (На якоре),,,
9738662,636020983.0,ELKA ATHINA.,Oil/Chemical Tanker (Танкер для перевозки нефти и химикатов).,,8.0,LIBERIA (Либерия).,vessel,,183.0,32.0,At Anchor (На якоре),,,
9332169,636020982.0,ELKA ATHINA.,Oil/Chemical Tanker (Танкер для перевозки нефти и химикатов).,,8.0,LIBERIA (Либерия).,vessel,,183.0,32.0,At Anchor (На якоре),,,
9405916,636020981.0,ELKA ATHINA.,Oil/Chemical Tanker (Танкер для перевозки нефти и химикатов).,,8.0,LIBERIA (Либерия).,vessel,,183.0,32.0,At Anchor (На якоре),,,
9833565,636020980.0,ELKA ATHINA.,Oil/Chemical Tanker (Танкер для перевозки нефти и химикатов).,,8.0,LIBERIA (Либерия).,vessel,,183.0,32.0,At Anchor (На якоре),,,
9943334,636020979.0,ELKA ATHINA.,Oil/Chemical Tanker (Танкер для перевозки нефти и химикатов).,,8.0,LIBERIA (Либерия).,vessel,,183.0,32.0,At Anchor (На якоре),,,
9686974,636020978.0,ELKA ATHINA.,Oil/Chemical Tanker (Танкер для перевозки нефти и химикатов).,,8.0,LIBERIA (Либерия).,vessel,,183.0,32.0,At Anchor (На якоре),,,
9745524,636020977.0,ELKA ATHINA.,Oil/Chemical Tanker (Танкер для перевозки нефти и химикатов).,,8.0,LIBERIA (Либерия).,vessel,,183.0,32.0,At Anchor (На якоре),,,
1051020,636020976.0,ELKA ATHINA.,Oil/Chemical Tanker (Танкер для перевозки нефти и химикатов).,,8.0,LIBERIA (Либерия).,vessel,,183.0,32.0,At Anchor (На якоре),,,
1041477,636020975.0,ELKA ATHINA.,Oil/Chemical Tanker (Танкер для перевозки нефти и химикатов).,,8.0,LIBERIA (Либерия).,vessel,,183.0,32.0,At Anchor (На якоре),,,
9543081,636020974.0,ELKA ATHINA.,Oil/Chemical Tanker (Танкер для перевозки нефти и химикатов).,,8.0,LIBERIA (Либерия).,vessel,,183.0,32.0,At Anchor (На якоре),,,
9845958,636020973.0,ELKA ATHINA.,Oil/Chemical Tanker (Танкер для перевозки нефти и химикатов).,,8.0,LIBERIA (Либерия).,vessel,,183.0,32.0,At Anchor (На якоре),,,
9274226,636020972.0,ELKA ATHINA.,Oil/Chemical Tanker (Танкер для перевозки нефти и химикатов).,,8.0,LIBERIA (Либерия).,vessel,,183.0,32.0,At Anchor (На якоре),,,
9975040,636020971.0,ELKA ATHINA.,Oil/Chemical Tanker (Танкер для перевозки нефти и химикатов).,,8.0,LIBERIA (Либерия).,vessel,,183.0,32.0,At Anchor (На якоре),,,
9870525,636020970.0,ELKA ATHINA.,Oil/Chemical Tanker (Танкер для перевозки нефти и химикатов).,,8.0,LIBERIA (Либерия).,vessel,,183.0,32.0,At Anchor (На якоре),,,
9405588,636020969.0,ELKA ATHINA.,Oil/Chemical Tanker (Танкер для перевозки нефти и химикатов).,,8.0,LIBERIA (Либерия).,vessel,,183.0,32.0,At Anchor (На якоре),,,
9770921,636020968.0,ELKA ATHINA.,Oil/Chemical Tanker (Танкер для перевозки нефти и химикатов).,,8.0,LIBERIA (Либерия).,vessel,,183.0,32.0,At Anchor (На якоре),,,
9341299,636020967.0,ELKA ATHINA.,Oil/Chemical Tanker (Танкер для перевозки нефти и химикатов).,,8.0,LIBERIA (Либерия).,vessel,,183.0,32.0,At Anchor (На якоре),,,
9645736,636020966.0,ELKA ATHINA.,Oil/Chemical Tanker (Танкер для перевозки нефти и химикатов).,,8.0,LIBERIA (Либерия).,vessel,,183.0,32.0,At Anchor (На якоре),,,
9326213,636020965.0,ELKA ATHINA.,Oil/Chemical Tanker (Танкер для перевозки нефти и химикатов).,,8.0,LIBERIA (Либерия).,vessel,,183.0,32.0,At Anchor (На якоре),,,
9796901,636020963.0,ELKA ATHINA.,Oil/Chemical Tanker (Танкер для перевозки нефти и химикатов).,,8.0,LIBERIA (Либерия).,vessel,,183.0,32.0,At Anchor (На якоре),,,
9708227,636020962.0,ELKA ATHINA.,Oil/Chemical Tanker (Танкер для перевозки нефти и химикатов).,,8.0,LIBERIA (Либерия).,vessel,,183.0,32.0,At Anchor (На якоре),,,
9633422,636020961.0,ELKA ATHINA.,Oil/Chemical Tanker (Танкер для перевозки нефти и химикатов).,,8.0,LIBERIA (Либерия).,vessel,,183.0,32.0,At Anchor (На якоре),,,
9810551,636020960.0,ELKA ATHINA.,Oil/Chemical Tanker (Танкер для перевозки нефти и химикатов).,,8.0,LIBERIA (Либерия).,vessel,,183.0,32.0,At Anchor (На якоре),,,
9417177,636020959.0,ELKA ATHINA.,Oil/Chemical Tanker (Танкер для перевозки нефти и химикатов).,,8.0,LIBERIA (Либерия).,vessel,,183.0,32.0,At Anchor (На якоре),,,
9708588,636020958.0,ELKA ATHINA.,Oil/Chemical Tanker (Танкер для перевозки нефти и химикатов).,,8.0,LIBERIA (Либерия).,vessel,,183.0,32.0,At Anchor (На якоре),,,
9654579,636020957.0,ELKA ATHINA.,Oil/Chemical Tanker (Танкер для перевозки нефти и химикатов).,,8.0,LIBERIA (Либерия).,vessel,,183.0,32.0,At Anchor (На якоре),,,
9645762,636020956.0,ELKA ATHINA.,Oil/Chemical Tanker (Танкер для перевозки нефти и химикатов).,,8.0,LIBERIA (Либерия).,vessel,,183.0,32.0,At Anchor (На якоре),,,
9901427,636020955.0,ELKA ATHINA.,Oil/Chemical Tanker (Танкер для перевозки нефти и химикатов).,,8.0,LIBERIA (Либерия).,vessel,,183.0,32.0,At Anchor (На якоре),,,
9794410,636020954.0,ELKA ATHINA.,Oil/Chemical Tanker (Танкер для перевозки нефти и химикатов).,,8.0,LIBERIA (Либерия).,vessel,,183.0,32.0,At Anchor (На якоре),,,
9904170,636020953.0,ELKA ATHINA.,Oil/Chemical Tanker (Танкер для перевозки нефти и химикатов).,,8.0,LIBERIA (Либерия).,vessel,,183.0,32.0,At Anchor (На якоре),,,
9807229,636020952.0,ELKA ATHINA.,Oil/Chemical Tanker (Танкер для перевозки нефти и химикатов).,,8.0,LIBERIA (Либерия).,vessel,,183.0,32.0,At Anchor (На якоре),,,
9976824,636020951.0,ELKA ATHINA.,Oil/Chemical Tanker (Танкер для перевозки нефти и химикатов).,,8.0,LIBERIA (Либерия).,vessel,,183.0,32.0,At Anchor (На якоре),,,
1022706,636020950.0,ELKA ATHINA.,Oil/Chemical Tanker (Танкер для перевозки нефти и химикатов).,,8.0,LIBERIA (Либерия).,vessel,,183.0,32.0,At Anchor (На якоре),,,
9433808,636020949.0,ELKA ATHINA.,Oil/Chemical Tanker (Танкер для перевозки нефти и химикатов).,,8.0,LIBERIA (Либерия).,vessel,,183.0,32.0,At Anchor (На якоре),,,
9903425,636020948.0,ELKA ATHINA.,Oil/Chemical Tanker (Танкер для перевозки нефти и химикатов).,,8.0,LIBERIA (Либерия).,vessel,,183.0,32.0,At Anchor (На якоре),,,
7804936,636020947.0,ELKA ATHINA.,Oil/Chemical Tanker (Танкер для перевозки нефти и химикатов).,,8.0,LIBERIA (Либерия).,vessel,,183.0,32.0,At Anchor (На якоре),,,
9131187,636020946.0,ELKA ATHINA.,Oil/Chemical Tanker (Танкер для перевозки нефти и химикатов).,,8.0,LIBERIA (Либерия).,vessel,,183.0,32.0,At Anchor (На якоре),,,
1095337,636020945.0,ELKA ATHINA.,Oil/Chemical Tanker (Танкер для перевозки нефти и химикатов).,,8.0,LIBERIA (Либерия).,vessel,,183.0,32.0,At Anchor (На якоре),,,
9904546,636020944.0,ELKA ATHINA.,Oil/Chemical Tanker (Танкер для перевозки нефти и химикатов).,,8.0,LIBERIA (Либерия).,vessel,,183.0,32.0,At Anchor (На якоре),,,
9421960,636020943.0,ELKA ATHINA.,Oil/Chemical Tanker (Танкер для перевозки нефти и химикатов).,,8.0,LIBERIA (Либерия).,vessel,,183.0,32.0,At Anchor (На якоре),,,
9167930,636020942.0,ELKA ATHINA.,Oil/Chemical Tanker (Танкер для перевозки нефти и химикатов).,,8.0,LIBERIA (Либерия).,vessel,,183.0,32.0,At Anchor (На якоре),,,
9297412,636020941.0,ELKA ATHINA.,Oil/Chemical Tanker (Танкер для перевозки нефти и химикатов).,,8.0,LIBERIA (Либерия).,vessel,,183.0,32.0,At Anchor (На якоре),,,
9737187,636020940.0,ELKA ATHINA.,Oil/Chemical Tanker (Танкер для перевозки нефти и химикатов).,,8.0,LIBERIA (Либерия).,vessel,,183.0,32.0,At Anchor (На якоре),,,
9419137,636020939.0,ELKA ATHINA.,Oil/Chemical Tanker (Танкер для перевозки нефти и химикатов).,,8.0,LIBERIA (Либерия).,vessel,,183.0,32.0,At Anchor (На якоре),,,
9294264,636020938.0,ELKA ATHINA.,Oil/Chemical Tanker (Танкер для перевозки нефти и химикатов).,,8.0,LIBERIA (Либерия).,vessel,,183.0,32.0,At Anchor (На якоре),,,
9256054,636020937.0,ELKA ATHINA.,Oil/Chemical Tanker (Танкер для перевозки нефти и химикатов).,,8.0,LIBERIA (Либерия).,vessel,,183.0,32.0,At Anchor (На якоре),,,
9544281,636020936.0,ELKA ATHINA.,Oil/Chemical Tanker (Танкер для перевозки нефти и химикатов).,,8.0,LIBERIA (Либерия).,vessel,,183.0,32.0,At Anchor (На якоре),,,
9282481,636020935.0,ELKA ATHINA.,Oil/Chemical Tanker (Танкер для перевозки нефти и химикатов).,,8.0,LIBERIA (Либерия).,vessel,,183.0,32.0,At Anchor (На якоре),,,
9834301,636020934.0,ELKA ATHINA.,Oil/Chemical Tanker (Танкер для перевозки нефти и химикатов).,,8.0,LIBERIA (Либерия).,vessel,,183.0,32.0,At Anchor (На якоре),,,
9290385,636020933.0,ELKA ATHINA.,Oil/Chemical Tanker (Танкер для перевозки нефти и химикатов).,,8.0,LIBERIA (Либерия).,vessel,,183.0,32.0,At Anchor (На якоре),,,
9637492,636020932.0,ELKA ATHINA.,Oil/Chemical Tanker (Танкер для перевозки нефти и химикатов).,,8.0,LIBERIA (Либерия).,vessel,,183.0,32.0,At Anchor (На якоре),,,
9905928,636020931.0,ELKA ATHINA.,Oil/Chemical Tanker (Танкер для перевозки нефти и химикатов).,,8.0,LIBERIA (Либерия).,vessel,,183.0,32.0,At Anchor (На якоре),,,
9916575,636020930.0,ELKA ATHINA.,Oil/Chemical Tanker (Танкер для перевозки нефти и химикатов).,,8.0,LIBERIA (Либерия).,vessel,,183.0,32.0,At Anchor (На якоре),,,
9368314,636020929.0,ELKA ATHINA.,Oil/Chemical Tanker (Танкер для перевозки нефти и химикатов).,,8.0,LIBERIA (Либерия).,vessel,,183.0,32.0,At Anchor (На якоре),,,
9369904,636020928.0,ELKA ATHINA.,Oil/Chemical Tanker (Танкер для перевозки нефти и химикатов).,,8.0,LIBERIA (Либерия).,vessel,,183.0,32.0,At Anchor (На якоре),,,
9368314,636020929.0,ELKA ATHINA.,Oil/Chemical Tanker (Танкер для перевозки нефти и химикатов).,,8.0,LIBERIA (Либерия).,vessel,,183.0,32.0,At Anchor (На якоре),,,
9326689,636020927.0,ELKA ATHINA.,Oil/Chemical Tanker (Танкер для перевозки нефти и химикатов).,,8.0,LIBERIA (Либерия).,vessel,,183.0,32.0,At Anchor (На якоре),,,
9837171,636020926.0,ELKA ATHINA.,Oil/Chemical Tanker (Танкер для перевозки нефти и химикатов).,,8.0,LIBERIA (Либерия).,vessel,,183.0,32.0,At Anchor (На якоре),,,
9630030,636020925.0,ELKA ATHINA.,Oil/Chemical Tanker (Танкер для перевозки нефти и химикатов).,,8.0,LIBERIA (Либерия).,vessel,,183.0,32.0,At Anchor (На якоре),,,
9411020,9411020.0,ELKA ATHINA.,Oil/Chemical Tanker (Танкер для перевозки нефти и химикатов).,,8.0,LIBERIA (Либерия).,vessel,,183.0,32.0,At Anchor (На якоре),,,
9768394,636020923.0,ELKA ATHINA.,Oil/Chemical Tanker (Танкер для перевозки нефти и химикатов).,,8.0,LIBERIA (Либерия).,vessel,,183.0,32.0,At Anchor (На якоре),,,
9750660,636020922.0,ELKA ATHINA.,Oil/Chemical Tanker (Танкер для перевозки нефти и химикатов).,,8.0,LIBERIA (Либерия).,vessel,,183.0,32.0,At Anchor (На якоре),,,
9466130,636020921.0,ELKA ATHINA.,Oil/Chemical Tanker (Танкер для перевозки нефти и химикатов).,,8.0,LIBERIA (Либерия).,vessel,,183.0,32.0,At Anchor (На якоре),,,
9628300,636020920.0,ELKA ATHINA.,Oil/Chemical Tanker (Танкер для перевозки нефти и химикатов).,,8.0,LIBERIA (Либерия).,vessel,,183.0,32.0,At Anchor (На якоре),,,
9892432,636020919.0,ELKA ATHINA.,Oil/Chemical Tanker (Танкер для перевозки нефти и химикатов).,,8.0,LIBERIA (Либерия).,vessel,,183.0,32.0,At Anchor (На якоре),,,
9724075,636020918.0,ELKA ATHINA.,Oil/Chemical Tanker (Танкер для перевозки нефти и химикатов).,,8.0,LIBERIA (Либерия).,vessel,,183.0,32.0,At Anchor (На якоре),,,
9843340,636020917.0,ELKA ATHINA.,Oil/Chemical Tanker (Танкер для перевозки нефти и химикатов).,,8.0,LIBERIA (Либерия).,vessel,,183.0,32.0,At Anchor (На якоре),,,
9367217,636020916.0,ELKA ATHINA.,Oil/Chemical Tanker (Танкер для перевозки нефти и химикатов).,,8.0,LIBERIA (Либерия).,vessel,,183.0,32.0,At Anchor (На якоре),,,
9730945,255917260.0,KLEON.,Crude Oil Tanker (Танкер для перевозки сырой нефти).,,8.7,PORTUGAL (Португалия).,vessel,,249.0,44.04,Underway using Engine (На ходу под двигателем),,,
9299862,667002199.0,TENDUA.,Oil/Chemical Tanker (Танкер для перевозки нефти и химикатов).,,10.2,SIERRA LEONE (Сьерра-Леоне).,vessel,,182.55,27.37,Underway using Engine (На ходу под двигателем),,,
9939618,636023388.0,MURMURE.,Oil/Chemical Tanker (Танкер для перевозки нефти и химикатов).,,11.1,LIBERIA (Либерия).,vessel,,183.0,32.0,Underway using Engine (На ходу под двигателем),,,
9791298,563260000.0,NAVIG8 PROMISE.,Oil Products Tanker (Танкер для перевозки нефтепродуктов).,,13.8,SINGAPORE (Сингапур).,vessel,,249.9,44.0,Underway using Engine (На ходу под двигателем),,,
9744843,9744843.0,QUEBEC.,LPG Tanker (Танкер для перевозки сжиженного газа).,,10.2,LIBERIA (Либерия).,vessel,,180.0,28.0,Underway using Engine (На ходу под двигателем),,,
9345623,461000370.0,ELYTE.,Oil Products Tanker (Танкер для перевозки нефтепродуктов).,,15.0,OMAN (Оман).,vessel,,241.03,42.0,Underway using Engine (На ходу под двигателем),,,
9408762,477144300.0,SEAVOYAGER.,Crude Oil Tanker (Танкер для перевозки сырой нефти).,,8.0,HONG KONG (Гонконг).,vessel,,243.0,42.03,Underway using Engine (На ходу под двигателем),,,
9798002,219023327.0,TORM HELLERUP.,Crude Oil Tanker (Танкер для перевозки сырой нефти).,,9.0,DENMARK (Дания).,vessel,,249.98,44.03,Underway using Engine (На ходу под двигателем),,,
9501174,538004833.0,TAQAH.,Crude Oil Tanker (Танкер для перевозки сырой нефти).,,11.0,MARSHALL ISLANDS (Маршалловы Острова).,vessel,,332.98,60.0,Underway using Engine (На ходу под двигателем),,,
9256597,311743000.0,BERGE ARZEW,LNG Tanker (Танкер для перевозки сжиженного природного газа),,11.3,BAHAMAS (Багамы),vessel,,270.0,43.4,Underway using Engine (На ходу под двигателем),,,
9288710,613710000.0,MELITE.,Crude Oil Tanker (Танкер для перевозки сырой нефти).,,8.6,CAMEROON (Камерун).,vessel,,250.0,44.04,Underway using Engine (На ходу под двигателем),,,
9834296,477327900.0,LNG DUBHE,LNG Tanker (Танкер для перевозки сжиженного природного газа),,11.5,HONG KONG (Гонконг),vessel,,298.58,48.03,Underway using Engine (На ходу под двигателем),,,
9258868,9258868.0,NOCTIS.,Crude Oil Tanker (Танкер для перевозки сырой нефти).,,9.0,CAMEROON (Камерун).,vessel,,251.56,43.8,Underway using Engine (На ходу под двигателем),,,
9389095,273277840.0,TRIUMF,Crude Oil Tanker (Танкер для перевозки сырой нефти),,15.0,RUSSIA (Россия),vessel,,243.8,,Underway using Engine (На ходу под двигателем),,,
9388807,352005036.0,GATTACA.,Crude Oil Tanker (Танкер для перевозки сырой нефти).,,9.2,PANAMA (Панама).,vessel,,245.07,42.0,Underway using Engine (На ходу под двигателем),,,
1055856,636024467.0,GOLDEN CEDAR,Oil/Chemical Tanker (Танкер для перевозки нефти и химикатов),,7.2,LIBERIA (Либерия),vessel,,149.8,23.0,Underway using Engine (На ходу под двигателем),,,
9768514,538006821.0,IVER AMBASSADOR,Asphalt/Bitumen Tanker (Танкер для перевозки асфальта и битума),,5.3,MARSHALL ISLANDS (Маршалловы Острова),vessel,,109.9,20.0,Underway using Engine (На ходу под двигателем),,,
9357559,256359000.0,HISTRIA AGATA,Chemical Tanker (Химовоз),,9.1,MALTA (Мальта),vessel,,179.93,32.2,Underway using Engine (На ходу под двигателем),,,
9783124,244090097.0,CORAL ENERGICE,LNG Tanker (Танкер для перевозки сжиженного природного газа),,7.0,NETHERLANDS (Нидерланды),vessel,,163.86,24.5,Moored (Пришвартовано),,,
9569994,538003898.0,TALARA,Crude Oil Tanker (Танкер для перевозки сырой нефти),,8.2,MARSHALL ISLANDS (Маршалловы Острова),vessel,,228.6,32.26,Underway using Engine (На ходу под двигателем),,,
9308443,613404821.0,INA,Crude Oil Tanker (Танкер для перевозки сырой нефти),,15.0,CAMEROON (Камерун),vessel,,244.5,42.04,Underway using Engine (На ходу под двигателем),,,
9829904,538007787.0,MARLIN LE HAVRE,Oil Products Tanker (Танкер для перевозки нефтепродуктов),,12.7,MARSHALL ISLANDS (Маршалловы Острова),vessel,,249.9,44.0,Underway using Engine (На ходу под двигателем),,,
9808156,636018579.0,MINERVA PELAGIA,Crude Oil Tanker (Танкер для перевозки сырой нефти),,14.1,LIBERIA (Либерия),vessel,,249.99,44.03,Underway using Engine (На ходу под двигателем),,,
9247431,613447808.0,REGAL I,Crude Oil Tanker (Танкер для перевозки сырой нефти),,9.0,CAMEROON (Камерун),vessel,,269.0,45.7,Underway using Engine (На ходу под двигателем),,,
9286281,667002428.0,SAMADHA,Crude Oil Tanker (Танкер для перевозки сырой нефти),,14.6,SIERRA LEONE (Сьерра-Леоне),vessel,,274.0,48.0,Underway using Engine (На ходу под двигателем),,,
9321689,667002284.0,GLACIA,Crude Oil Tanker (Танкер для перевозки сырой нефти),,8.0,SIERRA LEONE (Сьерра-Леоне),vessel,,248.99,43.89,Underway using Engine (На ходу под двигателем),,,
9230517,636017773.0,NEW PRIDE,Crude Oil Tanker (Танкер для перевозки сырой нефти),,,LIBERIA (Либерия),vessel,,274.2,48.0,Constrained by her Draught (Стеснен осадкой),,,
9397339,9397339.0,AL REKAYYAT,LNG Tanker (Танкер для перевозки сжиженного природного газа),,9.6,MARSHALL ISLANDS (Маршалловы Острова),vessel,,315.16,50.0,At Anchor (На якоре),,,
9443401,538003354.0,AAMIRA,LNG Tanker (Танкер для перевозки сжиженного природного газа),,9.4,Marshall Islands (Маршалловы Острова),vessel,,345.0,53.83,At Anchor (На якоре),,,
9415686,9415686.0,GREEN SANVI,LPG Tanker (Танкер для перевозки сжиженного углеводородного газа),,7.5,INDIA (Индия),vessel,,225.0,36.0,At Anchor (На якоре),,,
9388833,538003301.0,BU SAMRA,LNG Tanker (Танкер для перевозки сжиженного природного газа),,9.4,Marshall Islands (Маршалловы Острова),vessel,,345.28,53.83,At Anchor (На якоре),,,
9789324,205751000.0,WEPION,LPG Tanker (Танкер для перевозки сжиженного углеводородного газа),,7.1,BELGIUM (Бельгия),vessel,,179.92,28.43,At Anchor (На якоре),,,
9421427,241325000.0,MARAN THETIS,Crude Oil Tanker (Танкер для перевозки сырой нефти),,11.3,GREECE (Греция),vessel,,333.0,60.0,At Anchor (На якоре),,,
9689031,419002117.0,ANANTHA,Oil/Chemical Tanker (Танкер для перевозки нефти и химикатов),,6.2,INDIA (Индия),vessel,,160.5,23.0,At Anchor (На якоре),,,
9388819,538003294.0,LIJMILIYA,LNG Tanker (Танкер для перевозки сжиженного природного газа),,9.2,Marshall Islands (Маршалловы Острова),vessel,,345.0,55.03,At Anchor (На якоре),,,
9443683,538003355.0,AL DAFNA,LNG Tanker (Танкер для перевозки СПГ),,9.4,MARSHALL ISLANDS (Маршалловы Острова),vessel,,345.0,53.83,At Anchor (На якоре),,,
9431111,538003350.0,AL KHATTIYA,LNG Tanker (Танкер для перевозки СПГ),,9.4,Marshall Islands (Маршалловы Острова),vessel,,315.0,50.03,At Anchor (На якоре),,,
9399818,419762000.0,SWARNA SINDHU,Oil Products Tanker (Танкер для перевозки нефтепродуктов),,8.4,INDIA (Индия),vessel,,,,At Anchor (На якоре),,,
9404144,419001952.0,ORCHIDS,Oil/Chemical Tanker (Танкер для перевозки нефти и химикатов),,5.6,INDIA (Индия),vessel,,128.6,20.42,At Anchor (На якоре),,,
9467756,419794000.0,DESH GARIMA,Crude Oil Tanker (Танкер для перевозки сырой нефти),,9.0,INDIA (Индия),vessel,,249.9,44.03,At Anchor (На якоре),,,
9329863,419001728.0,KASHIMASAN,Crude Oil Tanker (Танкер для перевозки сырой нефти),,10.6,INDIA (Индия),vessel,,333.0,60.0,"Underway using Engine (На ходу, использует двигатель)",,,
9560766,636021297.0,KALAMOS,Crude Oil Tanker (Танкер для перевозки сырой нефти),,13.2,LIBERIA (Либерия),vessel,,333.0,60.05,At Anchor (На якоре),,,
9753698,9753698.0,HAFNIA TOURMALINE,Oil/Chemical Tanker (Танкер для перевозки нефти и химикатов),,8.0,MARSHALL ISLANDS (Маршалловы Острова),vessel,,182.9,32.0,"Underway using Engine (На ходу, использует двигатель)",,,
9409510,538005355.0,NO.5 OCEAN PIONEER,Oil/Chemical Tanker (Танкер для перевозки нефти и химикатов),,10.2,MARSHALL ISLANDS (Маршалловы Острова),vessel,,145.5,24.0,At Anchor (На якоре),,,
9391426,538011332.0,MAYFAIR,Oil/Chemical Tanker,,10.2,Marshall Islands (Маршалловы Острова),vessel,,183.21,32.24,At Anchor (На якоре),,,
9565601,353840000.0,WAWASAN TOPAZ,Oil/Chemical Tanker (Танкер для перевозки нефти и химикатов),,7.5,PANAMA (Панама),vessel,,141.0,24.2,At Anchor (На якоре),,,
9575943,636021123.0,SRI LANKA PROSPERITY,Crude Oil Tanker (Танкер для перевозки сырой нефти),,11.0,LIBERIA (Либерия),vessel,,330.0,60.04,At Anchor (На якоре),,,
9910492,636021347.0,ANTARCTICA,Crude Oil Tanker (Танкер для перевозки сырой нефти),,11.8,LIBERIA (Либерия),vessel,,274.02,50.0,Moored (Ошвартовано),,,
9414838,419760000.0,SWARNA KRISHNA,Oil Products Tanker (Танкер для перевозки нефтепродуктов),,8.5,INDIA (Индия),vessel,,228.02,32.27,Moored (Ошвартовано),,,
9380520,9380520.0,GRAN COUVA,Oil/Chemical Tanker,,7.8,HONG KONG (Гонконг),vessel,,183.21,32.23,Moored (Ошвартовано),,,
9455703,636015336.0,IKARIOTIKOS,Oil/Chemical Tanker (Танкер для перевозки нефти и химикатов),,8.0,LIBERIA (Либерия),vessel,,183.31,32.2,Moored (Ошвартовано),,,
9380520,636015336.0,IKARIOTIKOS,Oil/Chemical Tanker (Танкер для перевозки нефти и химикатов),,8.0,LIBERIA (Либерия),vessel,,183.31,32.2,Moored (Ошвартовано),,,
9380520,477141600.0,GRAN COUVA.,,,7.8,HONG KONG (Гонконг).,vessel,,183.21,32.23,Moored (Пришвартовано),,,
9360855,538003019.0,AL SAHLA,LNG Tanker (Танкер для перевозки СПГ / класс Q-Flex),,9.3,MARSHALL ISLANDS (Маршалловы Острова),vessel,,315.0,50.0,At Anchor (На якоре),,,
9626285,352002342.0,SHINE,Bulk Carrier (Балкер / Класс Capesize),,16.5,PANAMA (Панама),vessel,,299.9,48.0,"Underway using Engine (На ходу, использует двигатель)",,,
9461661,538011980.0,MONARCH,Oil/Chemical Tanker (Танкер для перевозки нефти и химикатов),,5.9,MARSHALL ISLANDS (Маршалловы Острова),vessel,,183.16,32.23,Moored (Ошвартовано),,,
9732034,566737000.0,MARITIME EQUATOR,Oil/Chemical Tanker (Танкер для перевозки нефти и химикатов),,5.8,SINGAPORE (Сингапур),vessel,,183.0,35.0,Moored (Ошвартовано),,,
9359882,370828000.0,GULF DEFFI,Oil/Chemical Tanker (Танкер для перевозки нефти и химикатов),,7.8,PANAMA (Панама),vessel,,183.22,32.23,At Anchor (На якоре),,,
9890927,538009117.0,NORD MIYAKO,Oil/Chemical Tanker (Танкер для перевозки нефти и химикатов),,8.0,MARSHALL ISLANDS (Маршалловы Острова),vessel,,184.94,32.2,Moored (Ошвартовано),,,
9381732,636022832.0,KAIEN,Bulk Carrier (Балкер / Класс Handysize),,6.1,LIBERIA (Либерия),vessel,,179.99,28.4,Moored (Ошвартовано),,,
9508861,477550600.0,ISLAND SPLENDOR,Crude Oil Tanker (Нефтяной танкер / Супертанкер класса VLCC),,11.0,HONG KONG (Гонконг),vessel,,330.0,60.04,At Anchor (На якоре),,,
9329667,613914700.0,PACIFIC,Oil/Chemical Tanker (Танкер для перевозки нефти и химикатов),,9.6,CAMEROON (Камерун),vessel,,176.0,31.03,Moored (Ошвартовано),,,
9342085,413293240.0,NIAN CHI,Oil Products Tanker (Танкер для перевозки нефтепродуктов),,7.2,CHINA (Китайская Народная Республика),vessel,,187.8,31.5,Moored (Ошвартовано),,,
9315070,538011660.0,DHT BAUHINIA,Crude Oil Tanker (Нефтяной танкер / Супертанкер класса VLCC),,16.5,MARSHALL ISLANDS (Маршалловы Острова),vessel,,332.0,58.04,Moored (Ошвартовано),,,
9536014,311039800.0,ARCTIC,Crude Oil Tanker (Танкер для перевозки сырой нефти / Класс Aframax),,12.0,BAHAMAS (Багамские Острова),vessel,,249.88,43.8,"Underway using Engine (На ходу, использует двигатель)",,,
9967940,413392340.0,HUANG SHAN 16,Oil/Chemical Tanker (Танкер для перевозки нефти и химикатов),,7.0,CHINA (Китайская Народная Республика),vessel,,152.78,23.0,At Anchor (На якоре),,,
8530398,412766810.0,XING LONG ZHOU 998,Oil Products Tanker (Танкер для перевозки нефтепродуктов),,4.0,CHINA (Китайская Народная Республика),vessel,,96.16,15.0,At Anchor (На якоре),,,
9824473,412767870.0,HAI ZHI RUN 17,Oil Products Tanker (Танкер для перевозки нефтепродуктов),,5.8,CHINA (Китайская Народная Республика),vessel,,181.08,30.0,Moored (Ошвартовано),,,
9232709,412623000.0,DA QING 451,Oil Products Tanker (Танкер для перевозки нефтепродуктов),,6.5,CHINA (Китайская Народная Республика),vessel,,192.9,32.2,Moored (Ошвартовано),,,
9761475,413241010.0,SC CHENGDU,Chemical Tanker (Химовоз / Танкер для перевозки химикатов),,6.3,CHINA (Китайская Народная Республика),vessel,,159.6,24.0,Moored (Ошвартовано),,,
9990040,636024627.0,IINO INEOS VESTA,LPG Tanker (Танкер для перевозки сжиженного нефтяного газа / газовоз),,11.9,LIBERIA (Либерия),vessel,,229.97,37.0,Moored (Ошвартовано),,,
9498121,441634000.0,POLARIS,Oil/Chemical Tanker (Нефтеналивной/Химовозный танкер),,7.8,REPUBLIC OF KOREA (Республика Корея),vessel,,144.0,22.0,Moored (Ошвартовано),,,
9790270,241519000.0,MARAN AJAX,Crude Oil Tanker (Нефтеналивной танкер для перевозки сырой нефти / супертанкер),,14.5,GREECE (Греция),vessel,,336.0,60.0,Moored (Ошвартовано),,,
9893096,538009204.0,PACIFIC OPAL,Crude Oil Tanker (Нефтеналивной танкер для перевозки сырой нефти),,12.5,MARSHALL ISLANDS (Маршалловы Острова),vessel,,249.89,44.0,Moored (Ошвартовано),,,
1014072,563212800.0,MARITIME AMANDINE,Chemical/Oil Products Tanker (Танкер для перевозки химикатов и нефтепродуктов),,11.2,SINGAPORE (Сингапур),vessel,,182.5,32.2,Moored (Ошвартовано),,,
9859258,431932000.0,GOLDEN DENEB,Oil/Chemical Tanker (Нефтеналивной/Химовозный танкер),,7.8,JAPAN (Япония),vessel,,126.76,20.0,Moored (Ошвартовано),,,
9853216,563250300.0,NAVIG8 GOAL,Oil/Chemical Tanker (Нефтеналивной/Химовозный танкер),,8.8,SINGAPORE (Сингапур),vessel,,183.23,32.2,Moored (Ошвартовано),,,
9938573,636021821.0,HLS BLUE SAPPHIRE,LPG Tanker (Танкер для перевозки сжиженного нефтяного газа),,8.1,LIBERIA (Либерия),vessel,,229.98,32.29,Underway using Engine (На ходу под мотором),,,
9384203,311002049.0,SHAYBAH,Crude Oil Tanker (Нефтеналивной танкер для сырой нефти / супертанкер класса VLCC),,11.5,BAHAMAS (Багамские Острова),vessel,,332.0,58.0,At Anchor (На якоре),,,
1016276,538010534.0,PROCTOR,Chemical/Oil Products Tanker (Танкер для перевозки химикатов и нефтепродуктов),,11.2,MARSHALL ISLANDS (Маршалловы Острова),vessel,,182.9,32.2,Moored (Ошвартовано),,,
9322279,577697000.0,FEADSHIP,Crude Oil Tanker (Нефтеналивной танкер для сырой нефти / супертанкер класса VLCC),,11.5,VANUATU (Вануату),vessel,,332.0,58.04,Underway using Engine (На ходу под мотором),,,
9308974,413107000.0,LIAN AN HU,Crude Oil Tanker (Нефтеналивной танкер для сырой нефти),,13.3,CHINA (Китай),vessel,,229.0,32.0,At Anchor (На якоре),,,
9303704,413137000.0,SHI ZI ZUO,Oil Products Tanker (Танкер-продуктовоз),,13.1,CHINA (Китай),vessel,,228.6,32.26,At Anchor (На якоре),,,
9252333,613007203.0,VASLATI,Crude Oil Tanker (Нефтеналивной танкер для сырой нефти / супертанкер класса VLCC),,11.0,CAMEROON (Камерун),vessel,,332.0,58.05,Moored (Швартовка / ошвартовано),,,
9191723,413346760.0,BAO FLOURISH,Crude Oil Tanker (Нефтеналивной танкер для сырой нефти),,14.3,CHINA (Китай),vessel,,240.5,42.0,At Anchor (На якоре),,,
9216705,577728000.0,INDIGO RAY,Crude Oil Tanker (Нефтеналивной танкер для сырой нефти / супертанкер класса VLCC),,7.2,VANUATU (Вануату),vessel,,332.0,58.0,Moored (Ошвартовано),,,
9868120,413372000.0,CHANG HANG HONG TU,Oil Products Tanker (Танкер-продуктовоз),,7.5,CHINA (Китай),vessel,,184.95,32.26,Moored (Ошвартовано),,,
9379777,413372000.0,CHANG HANG HONG TU,Oil Products Tanker (Танкер-продуктовоз),,7.5,CHINA (Китай),vessel,,184.95,32.26,Moored (Ошвартовано),,,
9576777,413346590.0,NING HUA 451,Oil/Chemical Tanker (Танкер-химовоз),,6.5,CHINA (Китай),vessel,,176.4,27.43,At Anchor (На якоре),,,
8589038,413384010.0,BAO LE,Газовоз (LPG Tanker / Hazard A (Major)),,4.6,Китай (CHINA),vessel,,,,Underway using Engine (На ходу),,,
9799305,414400010.0,NAN YU 6,LPG/Chemical Tanker (Газовоз/Химовоз),,5.0,CHINA (Китай),vessel,,99.97,16.5,Underway using Engine (На ходу),,,
9370575,441705000.0,GLORY HANA,Oil/Chemical Tanker (Танкер-химовоз),,4.5,Республика Корея (REPUBLIC OF KOREA),vessel,,79.84,13.0,Stopped (Остановлено),,,
9499096,413445910.0,HAI XIN YOU 612,Oil Products Tanker (Танкер-продуктовоз),,5.5,CHINA (Китай),vessel,,134.2,20.0,Moored (Ошвартовано),,,
9686376,538006045.0,BW SIROCCO,LPG Tanker (Газовоз),,9.0,MARSHALL ISLANDS (Маршалловы Острова),vessel,,226.0,37.0,Stopped (Остановлено),,,
9660803,413472660.0,CHANG LONG 65,"Oil/Chemical Tanker (Танкер-химовоз, Hazard C)",,5.7,CHINA (Китай),vessel,,113.5,18.2,Stopped (Остановлено),,,
9468437,210478000.0,TITAN UNIKUM,LNG Tanker (Газовоз),,7.2,Кипр (CYPRUS),vessel,,,,Moored (Ошвартовано),,,
9274446,273271860.0,ADMIRAL,Crude Oil Tanker (Танкер для перевозки сырой нефти),,7.2,RUSSIA (Россия),vessel,,274.3,48.0,Underway using Engine (На ходу),,,
9185499,352004215.0,RATTA,Oil/Chemical Tanker (Танкер-химовоз),,5.8,PANAMA (Панама),vessel,,182.0,32.23,At Anchor (На якоре),,,
9337183,,COSJADE LAKE,Crude Oil Tanker (Танкер для сырой нефти),,20.4,Гонконг (HONG KONG),vessel,,329.99,60.0,At Anchor (На якоре),,,
9276561,,SHENZHEN,Crude Oil Tanker (Танкер для сырой нефти),,9.0,CAMEROON (Камерун),vessel,,243.57,42.0,At Anchor (На якоре),,,
9888742,,ANWAAR BENGHAZI,Crude Oil Tanker (Танкер для сырой нефти),,9.0,MALTA (Мальта),vessel,,249.9,44.09,At Anchor (На якоре),,,
9315367,,CHLOE,Crude Oil Tanker (Танкер для сырой нефти),,11.0,Гонконг (HONG KONG),vessel,,332.99,60.04,At Anchor (На якоре),,,
9623269,414468000.0,THOUSAND SUNNY,Crude Oil Tanker (Танкер для перевозки сырой нефти),,11.0,CHINA (Китай),vessel,,332.0,60.04,At Anchor (На якоре),,,
9623257,,YONG LE,Crude Oil Tanker (Танкер для перевозки сырой нефти),,11.0,КИТАЙ (CHINA),vessel,,332.0,60.04,At Anchor (На якоре),,,
9590058,,XING YE,Crude Oil Tanker (Танкер для перевозки сырой нефти),,11.0,Китай (CHINA),vessel,,332.0,60.04,At Anchor (На якоре),,,
9318618,,GAZ CRYSTAL,LPG/Chemical Tanker (Танкер для перевозки сжиженного газа и химических продуктов),,6.7,МОЗАМБИК (MOZAMBIQUE),vessel,,153.5,23.1,At Anchor (На якоре),,,
9868118,412473000.0,BEI HAI KUN YU,Crude Oil Tanker (Танкер для сырой нефти),,8.8,CHINA (Китай),vessel,,224.9,38.0,Underway using Engine (На ходу),,,
9615444,,BEI HAI HOU WANG,Oil Products Tanker (Танкер-продуктовоз),,11.0,Китай (CHINA),vessel,,199.9,32.26,At Anchor (На якоре),,,
9893060,,PACIFIC JADE,Crude Oil Tanker (Танкер для перевозки сырой нефти),,12.8,МАРШАЛЛОВЫ ОСТРОВА (MARSHALL ISLANDS),vessel,,249.89,44.0,Underway using Engine (На ходу),,,
9299733,,NAGARJUNA,Crude Oil Tanker (Танкер для перевозки сырой нефти),,8.0,СЬЕРРА-ЛЕОНЕ (SIERRA LEONE),vessel,,243.96,42.03,Underway using Engine (На ходу),,,
9739977,,PACIFIC WEIHAI,LPG Tanker (Танкер для перевозки сжиженного газа),,11.5,ГОНКОНГ (HONG KONG),vessel,,226.05,36.6,Underway using Engine (На ходу),,,
9707390,413484880.0,HE JIN,Oil Products Tanker (Танкер-продуктовоз),,8.2,CHINA (Китай),vessel,,183.0,32.0,Underway using Engine (На ходу),,,
9905978,,LAGENDA SURIA,LNG Tanker (Танкер для перевозки сжиженного природного газа),,8.0,СИНГАПУР (SINGAPORE),vessel,,239.4,36.6,Underway using Engine (На ходу),,,
9990557,,PACIFIC INEOS HAFRA,LPG Tanker (Танкер для перевозки сжиженного газа),,8.8,ЛИБЕРИЯ (LIBERIA),vessel,,230.0,36.0,Underway using Engine (На ходу),,,
9416109,,TG VIRGO,Oil/Chemical Tanker (Танкер для перевозки нефти/химических продуктов),,5.8,ЛИБЕРИЯ (LIBERIA),vessel,,144.09,24.2,Underway (На ходу),,,
1029895,,MARAN MYRTO,Crude Oil Tanker (Танкер для перевозки сырой нефти),,7.5,КИТАЙ (CHINA),vessel,,274.3,48.0,Underway using Engine (На ходу),,,
9193721,,XIANG YUN HU,Oil/Chemical Tanker (Танкер-химовоз),,11.2,ПАНАМА (PANAMA),vessel,,182.5,32.23,Underway using Engine (На ходу),,,
8691702,,YU SON,Oil Products Tanker (Танкер-продуктовоз),,5.6,КНДР (DEMOCRATIC PEOPLE'S REPUBLIC OF KOREA),vessel,,89.0,13.0,At Anchor (На якоре),,,
9970698,,LIBERTY PATHFINDER,LPG Tanker (Танкер для перевозки сжиженного газа),,7.9,ЯПОНИЯ (JAPAN),vessel,,229.9,37.0,Underway using Engine (На ходу),,,
9074626,,MUBARAZ,LNG Tanker (Танкер для перевозки сжиженного природного газа),,9.8,ЛИБЕРИЯ (LIBERIA),vessel,,290.14,49.19,Not Under Command (Ограничен в возможности маневрировать),,,
9389265,,IVORY COAST PROSPERITY,Crude Oil Tanker (Танкер для перевозки сырой нефти),,20.5,ЛИБЕРИЯ (LIBERIA),vessel,,333.0,60.0,Underway using Engine (На ходу),,,
9893228,,PACIFIC BEGONIA,Crude Oil Tanker (Танкер для перевозки сырой нефти),,12.8,МАРШАЛЛОВЫ ОСТРОВА (MARSHALL ISLANDS),vessel,,249.89,44.0,Underway using Engine (На ходу),,,
9413573,,ARCADIA,Crude Oil Tanker (Танкер для перевозки сырой нефти),,8.4,ОМАН (OMAN),vessel,,250.0,44.03,Underway using Engine (На ходу),,,
9848352,,MARITIME VALOR,Oil/Chemical Tanker (Танкер для перевозки нефти/химических продуктов),,7.0,СИНГАПУР (SINGAPORE),vessel,,182.8,35.0,Underway using Engine (На ходу),,,
1039632,,PACIFIC DUBHE (Примечание: идентификация проведена на основе метаданных файла image_af2a25.png).,LPG Tanker (Танкер для перевозки сжиженного газа),,7.9,ЛИБЕРИЯ (LIBERIA),vessel,,230.0,36.0,Underway using Engine (На ходу),,,
9638563,,NAVE ATROPOS,Crude Oil Tanker / Panamax (LR1),74695.0,,МАРШАЛЛОВЫ ОСТРОВА (MARSHALL ISLANDS),vessel,,228.0,32.0,Underway using engine (На ходу),2013.0,,
9381756,,VELOS AQUARIUS,Oil/Chemical Tanker (Танкер для перевозки нефти/химических продуктов),,11.1,МАРШАЛЛОВЫ ОСТРОВА (MARSHALL ISLANDS),vessel,,183.21,32.2,Underway using Engine (На ходу),,,
9439319,,WOO CHAN,"Oil/Chemical Tanker (Танкер для перевозки нефти/химических продуктов, Hazard A)",,6.1,РЕСПУБЛИКА КОРЕЯ (REPUBLIC OF KOREA),vessel,,128.6,20.4,Underway using Engine (На ходу),,,
9326067,,TEJAS,Crude Oil Tanker (Танкер для перевозки сырой нефти),,11.0,ПАНАМА (PANAMA),vessel,,330.0,60.04,Underway using Engine (На ходу),,,
9793272,,CHALLENGE PRIME,Oil/Chemical Tanker (Танкер для перевозки нефти/химических продуктов),,7.8,СИНГАПУР (SINGAPORE),vessel,,183.06,32.0,Not Under Command (Потеря управления),,,
9245720,,STI EXCEL,Oil/Chemical Tanker (Танкер-химовоз),,8.2,МАРШАЛЛОВЫ ОСТРОВА (MARSHALL ISLANDS),vessel,,183.0,27.0,Underway using Engine (На ходу),,,
9333618,,COOL ROVER,LNG Tanker (Танкер для перевозки сжиженного природного газа),,11.3,МАЛЬТА (MALTA),vessel,,288.0,44.0,Underway using Engine (На ходу),,,
9434266,,VALENCIA KNUTSEN,LNG Tanker (Танкер для перевозки сжиженного природного газа),,9.3,ИСПАНИЯ (SPAIN),vessel,,290.0,45.8,Underway using Engine (На ходу),,,
9642150,,BAO QING,LPG/Chemical Tanker (Танкер для перевозки сжиженного газа и химических продуктов),,4.4,КИТАЙ (CHINA),vessel,,119.0,18.8,Underway using Engine (На ходу),,,
9842176,,VLADIMIR MONOMAKH,Crude Oil Tanker (Танкер для перевозки сырой нефти),,9.0,РОССИЯ (RUSSIA),vessel,,249.99,44.0,At Anchor (На якоре),,,
9596961,,PACIFIC VINCERE,Crude Oil Tanker (Танкер для перевозки сырой нефти),,8.5,ПАНАМА (PANAMA),vessel,,243.9,42.0,Underway using Engine (На ходу),,,
9232711,,DA QING 452,Oil Products Tanker (Танкер для перевозки нефтепродуктов),,10.8,КИТАЙ (CHINA),vessel,,192.9,32.2,Underway using Engine (На ходу),,,
1086257,,XIN SU RUI 139,LPG/Chemical Tanker (Танкер для перевозки сжиженного газа и химических продуктов),,5.1,КИТАЙ (CHINA),vessel,,99.9,20.0,Underway using Engine (На ходу),,,
9245706,,DA QING 454,Oil Products Tanker (Танкер для перевозки нефтепродуктов),,7.0,КИТАЙ (CHINA),vessel,,192.9,32.2,Underway using Engine (На ходу),,,
9344930,,ZUN YI TAN,Crude Oil Tanker (Танкер для перевозки сырой нефти),,7.5,КИТАЙ (CHINA),vessel,,184.0,32.26,Underway using Engine (На ходу),,,
9221918,,DA QING 451,Oil Products Tanker (Танкер для перевозки нефтепродуктов),,10.9,КИТАЙ (CHINA),vessel,,192.9,32.2,Underway using Engine (На ходу),,,
9238052,,FREYA,Crude Oil Tanker (Танкер для перевозки сырой нефти),,8.5,ЗИМБАБВЕ (ZIMBABWE),vessel,,248.0,43.04,At Anchor (На якоре),,,
9413688,,SINBAD,Crude Oil Tanker (Танкер для перевозки сырой нефти),,13.9,ЛИБЕРИЯ (LIBERIA),vessel,,248.97,43.84,At Anchor (На якоре),,,
9263215,,BIG MAG,Crude Oil Tanker (Танкер для перевозки сырой нефти),,11.0,ПАНАМА (PANAMA),vessel,,333.0,60.03,At Anchor (На якоре),,,
9286073,,RCELEBRA,Crude Oil Tanker (Танкер для перевозки сырой нефти),,20.6,КАМЕРУН (CAMEROON),vessel,,333.0,58.0,At Anchor (На якоре),,,
9172868,,SEA LION,Oil Products Tanker (Танкер для перевозки нефтепродуктов),,7.9,ПАНАМА (PANAMA),vessel,,182.5,27.4,At Anchor (На якоре),,,
9265744,,RESTON,Crude Oil Tanker (Танкер для перевозки сырой нефти),,13.4,КАМЕРУН (CAMEROON),vessel,,249.0,44.03,At Anchor (На якоре),,,
9288930,,PACIFICOS,Oil/Chemical Tanker (Танкер для перевозки нефти и химических продуктов),,10.0,РОССИЯ (RUSSIA),vessel,,182.55,27.62,Underway using Engine (На ходу),,,
9347308,,AURA MARIS,Oil/Chemical Tanker (Танкер для перевозки нефти и химических продуктов),,11.5,КАМЕРУН (CAMEROON),vessel,,,,На ходу (на основе AIS),,,
9344930,,ZUN YI TAN,Нефтяной танкер (Crude Oil Tanker),,7.5,Китай (CHINA),vessel,,184.0,32.26,,,,
9622045,,XIN YUAN 8,Oil Products Tanker (Танкер для перевозки нефтепродуктов),,5.1,КИТАЙ (CHINA),vessel,,114.9,18.6,Underway using Engine (На ходу),,,
1019539,,HIMALAYASAN,Crude Oil Tanker (Танкер для перевозки сырой нефти),,8.4,ПАНАМА (PANAMA),vessel,,,,Underway using Engine (На ходу),,,
1013494,,SEA ENERGY,LNG Tanker (Танкер для перевозки сжиженного природного газа),,10.5,ГОНКОНГ (HONG KONG),vessel,,,,Restricted Manoeuvrability (Ограниченная маневренность),,,
9830094,,FRONT DEFENDER,Crude Oil Tanker (Танкер для перевозки сырой нефти),,21.0,МАРШАЛЛОВЫ ОСТРОВА (MARSHALL ISLANDS),vessel,,329.98,60.04,At Anchor (На якоре),,,
9353149,,ARTEMIDA,Oil/Chemical Tanker (Танкер для перевозки нефти и химических продуктов),,9.0,ПАНАМА (PANAMA),vessel,,184.0,27.65,At Anchor (На якоре),,,
1084338,,XIN TAI HU 9,Oil/Chemical Tanker (Танкер для перевозки нефти и химических продуктов),,5.3,КИТАЙ (CHINA),vessel,,,,Underway using Engine (На ходу),,,
9563574,,LI HUA 26,Oil Products Tanker (Танкер для перевозки нефтепродуктов),,5.2,КИТАЙ (CHINA),vessel,,137.76,20.82,Underway using Engine (На ходу),,,
9307932,,THIRTY ONE,Crude Oil Tanker (Танкер для перевозки сырой нефти),,8.0,КЮРАСАО (CURACAO),vessel,,228.6,32.57,At Anchor (На якоре),,,
9400980,,EVALI,Crude Oil Tanker (Танкер для перевозки сырой нефти),,8.0,КОМОРСКИЕ ОСТРОВА (COMOROS),vessel,,229.0,42.04,At Anchor (На якоре),,,
9308986,,LIAN SHUN HU,Crude Oil Tanker (Танкер для перевозки сырой нефти),,7.5,КИТАЙ (CHINA),vessel,,229.0,32.2,Moored (Ошвартовано/Стоит у причала),,,
9422615,,DONG A TRITON,Oil Products Tanker (Танкер для перевозки нефтепродуктов),,8.2,ПАНАМА (PANAMA),vessel,,183.0,32.23,Underway using Engine (На ходу),,,
1069405,,DALIAN NO 2 P110K73,Crude Oil Tanker (Танкер для перевозки сырой нефти),,5.8,Маршалловы Острова,vessel,,249.8,44.0,Moored (Ошвартовано/Стоит у причала),,,
9917567,,SM GOLDEN EAGLE,LNG Tanker (Танкер для перевозки сжиженного природного газа),,11.6,ПАНАМА (PANAMA),vessel,,298.97,46.43,Underway using Engine (На ходу),,,
9914682,,PROTEUS REBECCA,Crude Oil Tanker (Танкер для перевозки сырой нефти),,11.9,СИНГАПУР (SINGAPORE),vessel,,249.95,44.03,At Anchor (На якоре),,,
9917567,,SM GOLDEN EAGLE,Танкер-газовоз (LNG Tanker),,11.6,Панама,vessel,,298.97,46.43,,,,
9779989,,LIAO SHUN 1,Oil/Chemical Tanker (Танкер для перевозки нефти и химических продуктов),,4.8,КИТАЙ (CHINA),vessel,,120.0,19.6,Underway using Engine (На ходу),,,
1088449,,ORIENTAL SUNSTONE,Oil/Chemical Tanker (Танкер для перевозки нефти и химических продуктов),,10.6,ПАНАМА (PANAMA),vessel,,183.0,32.0,At Anchor (На якоре),,,
9402988,,HAPPY GAS,LPG Tanker (Танкер для перевозки сжиженного нефтяного газа),,6.2,РЕСПУБЛИКА КОРЕЯ (SOUTH KOREA),vessel,,95.04,16.0,At Anchor (На якоре),,,
1024613,,INSPIRATION,Crude Oil Tanker (Танкер для перевозки сырой нефти),,8.8,МАРШАЛЛОВЫ ОСТРОВА (MARSHALL ISLANDS),vessel,,249.9,44.0,Underway using Engine (На ходу),,,
9975533,,PUTERI SARAWAK,LNG Tanker (Танкер для перевозки сжиженного природного газа),,11.3,ЛИБЕРИЯ (LIBERIA),vessel,,,,Moored (Ошвартовано/Стоит у причала),,,
9831696,,XIN TAI HU 8,Oil/Chemical Tanker (Танкер для перевозки нефти и химических продуктов),,6.1,КИТАЙ (CHINA),vessel,,144.0,24.0,Underway using Engine (На ходу),,,
9919577,,PS NEW ORLEANS,Oil/Chemical Tanker (Танкер для перевозки нефти и химических продуктов),,8.6,МАРШАЛЛОВЫ ОСТРОВА (MARSHALL ISLANDS),vessel,,184.94,32.0,Underway using Engine (На ходу),,,
9935507,,ENEOS WISDOM,LPG Tanker (Танкер для перевозки сжиженного нефтяного газа),,9.0,ПАНАМА (PANAMA),vessel,,229.98,36.63,Underway using Engine (На ходу),,,
9371684,,GASCHEM CARIBIC,LPG/Chemical Tanker (Танкер для перевозки сжиженного нефтяного газа и химических продуктов),,7.3,ПОРТУГАЛИЯ (PORTUGAL),vessel,,128.83,18.88,Underway using Engine (На ходу),,,
9815604,,IBERIAN SEA,Crude Oil Tanker (Танкер для перевозки сырой нефти),,8.8,ЛИБЕРИЯ (LIBERIA),vessel,,250.0,44.0,At Anchor (На якоре),,,
9389849,,CHEMROAD DIGNITY,Oil/Chemical Tanker (Танкер для перевозки нефти и химических продуктов),,8.7,ПАНАМА (PANAMA),vessel,,146.0,23.0,At Anchor (На якоре),,,
9887619,,ORIENTAL AQUAMARINE,Oil/Chemical Tanker (Танкер для перевозки нефти и химических продуктов),,8.0,ЛИБЕРИЯ (LIBERIA),vessel,,182.9,32.23,Moored (Ошвартовано/Стоит у причала),,,
9800257,,KASOS,Crude Oil Tanker (Танкер для перевозки сырой нефти),,16.6,ЛИБЕРИЯ (LIBERIA),vessel,,274.3,48.0,Moored (Ошвартовано/Стоит у причала),,,
9896256,,YUAN YU HE,Crude Oil Tanker (Танкер для перевозки сырой нефти),,8.0,КИТАЙ (CHINA),vessel,,182.9,32.26,At Anchor (На якоре),,,
1043152,,YASA AEGEAN SEA,Oil/Chemical Tanker (Танкер для перевозки нефти и химических продуктов),,8.0,МАРШАЛЛОВЫ ОСТРОВА (MARSHALL ISLANDS),vessel,,183.0,32.0,At Anchor (На якоре),,,
9272723,,GOLDEN GULLIVER,Oil/Chemical Tanker (Танкер для перевозки нефти и химических продуктов),,8.2,ПАНАМА (PANAMA),vessel,,183.0,32.0,At Anchor (На якоре),,,
9923449,,PROTEUS TRACY,Crude Oil Tanker (Танкер для перевозки сырой нефти),,8.9,СИНГАПУР (SINGAPORE),vessel,,249.95,44.03,At Anchor (На якоре),,,
9945435,,CELSIUS GENEVA,LNG Tanker (Танкер для перевозки сжиженного природного газа),,11.2,МАРШАЛЛОВЫ ОСТРОВА (MARSHALL ISLANDS),vessel,,293.0,45.83,Underway using Engine (На ходу),,,
1044869,,NISSOS TIGANI,Crude Oil Tanker (Танкер для перевозки сырой нефти),,16.0,МАРШАЛЛОВЫ ОСТРОВА (MARSHALL ISLANDS),vessel,,274.0,48.0,Stopped (Остановлено),,,
1067768,,AEGEAN MIRACLE,Crude Oil Tanker (Танкер для перевозки сырой нефти),,,ГРЕЦИЯ (GREECE),vessel,,270.0,46.0,Stopped (Остановлено),,,
9284415,,SEA LION,Oil/Chemical Tanker (Танкер для перевозки нефти и химических продуктов),,8.4,ПАНАМА (PANAMA),vessel,,183.0,32.0,Underway using Engine (На ходу),,,
9197296,,BOW STAR,Oil/Chemical Tanker (Танкер для перевозки нефти и химических продуктов),,9.9,НОРВЕГИЯ (NORWAY),vessel,,182.88,32.23,Underway using Engine (На ходу),,,
9426441,,SENDA,Crude Oil Tanker (Танкер для перевозки сырой нефти),,8.5,ГОНКОНГ (HONG KONG),vessel,,243.8,42.0,Underway using Engine (На ходу),,,
9597329,,RYUSHO MARU NO.5,Oil Products Tanker (Танкер для перевозки нефтепродуктов),,4.0,ЯПОНИЯ (JAPAN),vessel,,54.72,9.0,Stopped (Остановлено),,,
9638343,,SHINKOU MARU NO.28,Oil Products Tanker (Танкер для перевозки нефтепродуктов),,3.5,ЯПОНИЯ (JAPAN),vessel,,65.98,11.0,Stopped (Остановлено),,,
9711303,,SEAGULL,Oil/Chemical Tanker (Танкер для перевозки нефти и химических продуктов),,8.3,МАРШАЛЛОВЫ ОСТРОВА (MARSHALL ISLANDS),vessel,,183.0,32.0,Underway using Engine (На ходу),,,
9527013,,MS PEACE,LPG Tanker (Танкер для перевозки сжиженного нефтяного газа),,5.2,РЕСПУБЛИКА КОРЕЯ (REPUBLIC OF KOREA),vessel,,97.69,16.0,Moored (Пришвартовано),,,
9644768,,IZUMI MARU NO.22,LPG Tanker (Танкер для перевозки сжиженного нефтяного газа),,4.5,ЯПОНИЯ (JAPAN),vessel,,72.0,12.5,Underway using Engine (На ходу),,,
9560467,,IZUMI MARU,LPG Tanker (Танкер для перевозки сжиженного нефтяного газа),,4.5,ЯПОНИЯ (JAPAN),vessel,,69.96,11.6,Stopped (Остановлено),,,
9927964,,TENSHO,Crude Oil Tanker (Танкер для перевозки сырой нефти),,15.3,ЛИБЕРИЯ (LIBERIA),vessel,,,,Moored (Пришвартовано),,,
9882712,,SUNRISE SW (или аналогичное в рамках регистра),Oil/Chemical Tanker,,8.7,ПАНАМА (PANAMA),vessel,,,,Moored (Пришвартовано),,,
9257541,,KYOKURYU MARU,Oil Products Tanker (Танкер для перевозки нефтепродуктов),,5.0,ЯПОНИЯ (JAPAN),vessel,,104.47,15.6,Underway using Engine (На ходу),,,
9901415,,ASPEN EXPRESS,Oil/Chemical Tanker (Танкер для перевозки нефти и химических продуктов),,11.7,ГОНКОНГ (HONG KONG),vessel,,182.9,32.23,Underway using Engine (На ходу),,,
9974591,,KAYOH,LPG Tanker (Танкер для перевозки сжиженного нефтяного газа),,4.2,ЯПОНИЯ (JAPAN),vessel,,73.9,14.0,Underway using Engine (На ходу),,,
9801421,,OOTAKA MARU,Oil Products Tanker (Танкер для перевозки нефтепродуктов),,5.2,ЯПОНИЯ (JAPAN),vessel,,79.92,12.2,Underway using Engine (На ходу),,,
9634737,,SUNRISE ACE,Vehicles Carrier (Автомобилевоз),,8.9,ПАНАМА (PANAMA),vessel,,199.98,32.26,Underway using Engine (На ходу),,,
9759850,,SHINSEI MARU,Crude Oil Tanker (Танкер для перевозки сырой нефти),,14.0,ЯПОНИЯ (JAPAN),vessel,,246.8,44.4,At Anchor (На якоре),,,
9675444,,KINYO MARU NO.5,Oil Products Tanker (Танкер для перевозки нефтепродуктов),,4.6,ЯПОНИЯ (JAPAN),vessel,,104.12,16.0,Underway using Engine (На ходу),,,
9552599,,KAIRYU,Oil Products Tanker (Танкер для перевозки нефтепродуктов),,6.5,ЯПОНИЯ (JAPAN),vessel,,104.45,16.0,At Anchor (На якоре),,,
9634012,,KIRISHIMA MARU NO.17,Oil Products Tanker (Танкер для перевозки нефтепродуктов),,4.0,ЯПОНИЯ (JAPAN),vessel,,91.77,14.0,At Anchor (На якоре),,,
9606687,,SEASPAN EMINENCE,Container Ship (Контейнеровоз),,14.5,ГОНКОНГ (HONG KONG),vessel,,336.0,48.2,Underway using Engine (На ходу),,,
9699402,,KAMITAKA MARU,LPG Tanker (Танкер для перевозки сжиженного нефтяного газа),,4.5,ЯПОНИЯ (JAPAN),vessel,,67.9,11.5,Underway (На ходу),,,
1059577,,PUSAKA JAYA,Crude Oil Tanker (Танкер для перевозки сырой нефти),,8.4,СИНГАПУР (SINGAPORE),vessel,,249.9,44.0,Moored (Ошвартовано/У причала),,,
9805221,,CRANE MAIA,Oil/Chemical Tanker (Танкер для перевозки нефти и химических продуктов),,4.5,ПАНАМА (PANAMA),vessel,,107.11,17.2,Moored (Ошвартовано/У причала),,,
1059577,,PUSAKA JAYA,Crude Oil Tanker (Танкер для перевозки сырой нефти),,8.4,СИНГАПУР (SINGAPORE),vessel,,249.9,44.0,Moored (Ошвартовано/У причала),,,
9805221,371937000.0,CRANE MAIA,Chemical/Oil Products Tanker (Танкер для перевозки нефти и химических продуктов),6485.0,,ПАНАМА (PANAMA),vessel,,107.11,,На ходу (Underway),2016.0,,
9066461,,KOYO MARU NO.8,Oil Products Tanker (Танкер для перевозки нефтепродуктов),,3.8,ЯПОНИЯ (JAPAN),vessel,,75.02,12.0,Underway using Engine (На ходу),,,
9191242,,HAKUSEI MARU NO.55,LPG Tanker (Танкер для перевозки сжиженного нефтяного газа),,4.0,ЯПОНИЯ (JAPAN),vessel,,66.4,11.3,Underway using Engine (На ходу),,,
9413884,,KIYO MARU NO.8,Oil Products Tanker (Танкер для перевозки нефтепродуктов),,4.8,ЯПОНИЯ (JAPAN),vessel,,103.9,15.5,Underway using Engine (На ходу),,,
9413884,,KIYO MARU NO.8,Oil Products Tanker (Танкер для перевозки нефтепродуктов),,4.8,ЯПОНИЯ (JAPAN),vessel,,103.9,15.5,На ходу (Underway using Engine),,,
9989376,,KOUAN MARU,LPG/Chemical Tanker (Танкер для перевозки сжиженного газа и химических продуктов),,4.2,ЯПОНИЯ (JAPAN),vessel,,67.9,12.0,Moored (Ошвартовано/У причала),,,
9617820,,KOYO MARU,Oil/Chemical Tanker (Танкер для перевозки нефтепродуктов и химикатов),,3.2,ЯПОНИЯ (JAPAN),vessel,,64.8,10.2,Ошвартовано (Moored),,,
1069998,,KASUGA MARU,Oil Products Tanker (Танкер для перевозки нефтепродуктов),,4.0,ЯПОНИЯ (JAPAN),vessel,,65.0,10.0,Stopped (Остановлено),,,
1013975,,SUIHA,Oil Products Tanker (Танкер для перевозки нефтепродуктов),,3.6,ЯПОНИЯ (JAPAN),vessel,,64.2,10.0,Moored (Ошвартовано/У причала),,,
9494979,,TOEI MARU,Oil Products Tanker (Танкер для перевозки нефтепродуктов),,3.2,ЯПОНИЯ (JAPAN),vessel,,72.24,12.0,At Anchor (На якоре),,,
9296688,,HAKUSEI MARU NO.15,LPG Tanker (Танкер для перевозки сжиженного нефтяного газа),,3.5,ЯПОНИЯ (JAPAN),vessel,,67.8,11.5,At Anchor (На якоре),,,
1107934,,EISHIN MARU NO.2,Oil Products Tanker (Танкер для перевозки нефтепродуктов),,5.2,ЯПОНИЯ (JAPAN),vessel,,104.9,16.0,Moored (Ошвартовано/У причала),,,
9774410,,SUN VENUS,Oil/Chemical Tanker (Танкер для перевозки нефтепродуктов и химикатов),,6.0,ПАНАМА (PANAMA),vessel,,107.35,16.8,Moored (Ошвартовано/У причала),,,
9711602,,TENRYU MARU NO.88,Oil Products Tanker (Танкер для перевозки нефтепродуктов),,5.1,ЯПОНИЯ (JAPAN),vessel,,90.0,14.0,Underway using Engine (На ходу),,,
9874882,,ZUIYO MARU,LPG Tanker (Танкер для перевозки сжиженного нефтяного газа),,4.6,ЯПОНИЯ (JAPAN),vessel,,71.92,12.0,Underway (На ходу),,,
9381287,,NISSHUN MARU,Oil Products Tanker (Танкер для перевозки нефтепродуктов),,6.4,ЯПОНИЯ (JAPAN),vessel,,104.04,16.0,Stopped (Остановлено),,,
9853175,,KIRISHIMA MARU NO.7,Oil/Chemical Tanker (Танкер для перевозки нефтепродуктов и химикатов),,5.4,ЯПОНИЯ (JAPAN),vessel,,104.95,16.0,At Anchor (На якоре),,,
9810159,,RYOSUI,LPG Tanker (Танкер для перевозки сжиженного нефтяного газа),,4.5,ЯПОНИЯ (JAPAN),vessel,,67.42,11.8,Moored (Ошвартовано/У причала),,,
9391438,,SEAWAYS MOMENT,Oil/Chemical Tanker (Танкер для перевозки нефтепродуктов и химикатов),,8.0,МАРШАЛЛОВЫ ОСТРОВА (MARSHALL ISLANDS),vessel,,183.21,32.24,Moored (Ошвартовано/У причала),,,
9525223,,KOWA MARU,Oil Products Tanker (Танкер для перевозки нефтепродуктов),,4.0,ЯПОНИЯ (JAPAN),vessel,,69.9,11.5,Underway using Engine (На ходу),,,
9240902,,KYOKUSHO MARU,Oil Products Tanker (Танкер для перевозки нефтепродуктов),,4.3,ЯПОНИЯ (JAPAN),vessel,,76.9,12.0,Moored (Ошвартовано/У причала),,,
9658537,,RIEI MARU,Oil Products Tanker (Танкер для перевозки нефтепродуктов),,3.8,ЯПОНИЯ (JAPAN),vessel,,78.6,11.5,Moored (Ошвартовано/У причала),,,
9721504,,POLAR ACE,Crude Oil Tanker (Танкер для перевозки сырой нефти),,8.5,МАРШАЛЛОВЫ ОСТРОВА (MARSHALL ISLANDS),vessel,,249.9,44.0,Underway using Engine (На ходу),,,
9460100,,NANIWA MARU NO.65,Oil Products Tanker (Танкер для перевозки нефтепродуктов),,5.4,ЯПОНИЯ (JAPAN),vessel,,104.93,16.0,Underway using Engine (На ходу),,,
9451836,,KOWA MARU NO.3,Oil Products Tanker (Танкер для перевозки нефтепродуктов),,4.5,ЯПОНИЯ (JAPAN),vessel,,74.9,12.5,Underway using Engine (На ходу),,,
9943126,,HOSEI MARU NO.7,Oil Products Tanker (Танкер для перевозки нефтепродуктов),,3.8,ЯПОНИЯ (JAPAN),vessel,,61.0,10.0,Underway using Engine (На ходу),,,
9517941,,KOKUHO MARU,Oil/Chemical Tanker (Танкер для перевозки нефтепродуктов и химикатов),,5.2,ЯПОНИЯ (JAPAN),vessel,,80.6,12.2,Underway using Engine (На ходу),,,
9330173,,KOKUHO MARU,Oil/Chemical Tanker (Танкер для перевозки нефтепродуктов и химикатов),,5.2,ЯПОНИЯ (JAPAN),vessel,,80.6,12.2,Underway using Engine (На ходу),,,
9595539,,PHENIX LEGEND,LPG/Chemical Tanker (Танкер для перевозки сжиженного газа и химикатов),,5.5,ЯПОНИЯ (JAPAN),vessel,,96.0,15.0,At Anchor (На якоре),,,
9365051,,KOWA MARU NO.18,Oil Products Tanker (Танкер для перевозки нефтепродуктов),,4.4,ЯПОНИЯ (JAPAN),vessel,,76.9,12.5,Underway using Engine (На ходу),,,
9122253,,STAR PHENIX,LPG/Chemical Tanker (Танкер для перевозки сжиженного нефтяного газа и химикатов),,4.5,ЯПОНИЯ (JAPAN),vessel,,96.0,15.0,At Anchor (На якоре),,,
9889590,,KIPPO MARU,LPG Tanker (Танкер для перевозки сжиженного нефтяного газа),,5.3,ЯПОНИЯ (JAPAN),vessel,,75.92,12.0,At Anchor (На якоре),,,
9829681,,CHEM SILICON,Oil/Chemical Tanker (Танкер для перевозки нефтепродуктов и химикатов),,7.6,ЛИБЕРИЯ (LIBERIA),vessel,,146.5,24.0,At Anchor (На якоре),,,
9964584,,MEIKOU MARU,Tanker (Танкер),,4.0,ЯПОНИЯ (JAPAN),vessel,,65.0,10.0,Stopped (Остановлено),,,
9828376,,DAITOKU MARU NO.18,Oil Products Tanker (Танкер для перевозки нефтепродуктов),,3.5,ЯПОНИЯ (JAPAN),vessel,,60.01,9.8,Underway using Engine (На ходу),,,
9168283,,KYOKAI MARU NO.75,LPG Tanker (Танкер для перевозки сжиженного нефтяного газа),,3.8,ЯПОНИЯ (JAPAN),vessel,,68.53,11.5,At Anchor (На якоре),,,
9523330,,SENRIN MARU,LPG/Chemical Tanker (Танкер для перевозки сжиженного нефтяного газа и химикатов),,4.0,ЯПОНИЯ (JAPAN),vessel,,68.96,11.5,At Anchor (На якоре),,,
9540560,,KINYO MARU NO.2,Oil Products Tanker (Танкер для перевозки нефтепродуктов),,4.8,ЯПОНИЯ (JAPAN),vessel,,104.12,16.0,Moored (Ошвартовано),,,
9957892,,ENEOS MIRAI,LPG Tanker (Танкер для перевозки сжиженного нефтяного газа),,11.2,ПАНАМА (PANAMA),vessel,,229.9,37.0,Moored (Ошвартовано),,,
1014113,,ENEOS OCEAN,LPG Tanker (Танкер для перевозки сжиженного нефтяного газа),,11.2,ПАНАМА (PANAMA),vessel,,229.9,37.0,Moored (Ошвартовано),,,
9814131,,ENEOS EARTH,Crude Oil Tanker (Танкер для перевозки сырой нефти),,12.4,ПАНАМА (PANAMA),vessel,,339.5,60.0,Moored (Ошвартовано),,,
9634593,,MATSU MARU NO.5,"Oil Products Tanker (Танкер для перевозки нефтепродуктов, категория Hazard A)",,6.5,ЯПОНИЯ (JAPAN),vessel,,103.9,15.5,Underway using Engine (На ходу),,,
1027873,,KYOKUHOUMARU,Oil Products Tanker (Танкер для перевозки нефтепродуктов),,5.9,ЯПОНИЯ (JAPAN),vessel,,104.53,16.0,Underway using Engine (На ходу),,,
9828223,,BOW EXCELLENCE,Oil/Chemical Tanker (Танкер для перевозки нефтепродуктов и химикатов),,10.4,НОРВЕГИЯ (NORWAY),vessel,,182.82,32.23,Underway using Engine (На ходу),,,
9796781,,SHIN-EI MARU NO.5,Oil Products Tanker (Танкер для перевозки нефтепродуктов),,3.5,ЯПОНИЯ (JAPAN),vessel,,64.0,10.0,Underway using Engine (На ходу),,,
9894600,,MATSU MARU NO.12,Oil Products Tanker (Танкер для перевозки нефтепродуктов),,6.3,ЯПОНИЯ (JAPAN),vessel,,104.93,16.0,Underway using Engine (На ходу),,,
9217967,,RYOKA MARU NO.103,LPG Tanker (Танкер для перевозки сжиженного нефтяного газа),,4.7,ЯПОНИЯ (JAPAN),vessel,,69.95,12.5,Underway using Engine (На ходу),,,
9473729,,AKATSUKI MARU,Oil Products Tanker (Танкер для перевозки нефтепродуктов),,7.7,ЯПОНИЯ (JAPAN),vessel,,181.54,32.2,At Anchor (На якоре),,,
9512836,,SHORYU MARU,LPG Tanker (Танкер для перевозки сжиженного нефтяного газа),,4.2,ЯПОНИЯ (JAPAN),vessel,,67.8,11.5,Underway using Engine (На ходу),,,
9805398,,SHIN-EI MARU NO.18,Oil Products Tanker (Танкер для перевозки нефтепродуктов),,3.7,ЯПОНИЯ (JAPAN),vessel,,64.01,10.0,Underway using Engine (На ходу),,,
9469998,,IZUMI MARU NO.7,LPG Tanker (Танкер для перевозки сжиженного нефтяного газа),,5.0,ЯПОНИЯ (JAPAN),vessel,,72.0,12.5,Underway using Engine (На ходу),,,
9313838,,HOSEI MARU NO.7,LPG Tanker (Танкер для перевозки сжиженного нефтяного газа),,3.6,ЯПОНИЯ (JAPAN),vessel,,60.0,10.8,Underway using Engine (На ходу),,,
9792175,,CRANE LUNA,Oil/Chemical Tanker (Танкер для перевозки нефтепродуктов и химикатов),,5.0,ПАНАМА (PANAMA),vessel,,102.99,16.0,Underway using Engine (На ходу),,,
9980540,,ELISA ARDEA,LNG Tanker (Танкер для перевозки сжиженного природного газа),,9.7,ФРАНЦИЯ (FRANCE),vessel,,,,Underway using Engine (На ходу),,,
9969376,,ENEOS GLORY,LPG Tanker (Танкер для перевозки сжиженного нефтяного газа),,11.2,ПАНАМА (PANAMA),vessel,,229.9,37.0,Underway using Engine (На ходу),,,
9814129,,ENEOS ARROW,Crude Oil Tanker (Танкер для перевозки сырой нефти),,15.6,ЯПОНИЯ (JAPAN),vessel,,339.5,60.0,Underway using Engine (На ходу),,,
1013999,,JAL KAILASH,Oil/Chemical Tanker (Танкер для перевозки нефтепродуктов и химикатов),,11.4,СИНГАПУР (SINGAPORE),vessel,,183.0,,Underway using Engine (На ходу),,,
9547506,,ELEGANT VOYAGER,Oil Products Tanker (Танкер для перевозки нефтепродуктов),,8.2,МАРШАЛЛОВЫ ОСТРОВА (MARSHALL ISLANDS),vessel,,179.9,32.23,Underway using Engine (На ходу),,,
9662887,,ENEOS SPIRIT,Crude Oil Tanker (Танкер для перевозки сырой нефти),,19.2,ЯПОНИЯ (JAPAN),vessel,,339.5,60.0,Not Under Command (Потеря хода/Ограниченная возможность маневрирования),,,
9885996,,ENEOS OCEAN,Crude Oil Tanker (Танкер для перевозки сырой нефти),,15.1,ПАНАМА (PANAMA),vessel,,339.5,60.0,Underway using Engine (На ходу),,,
9269180,,ENERGY ADVANCE,LNG Tanker (Танкер для перевозки сжиженного природного газа),,11.5,ЯПОНИЯ (JAPAN),vessel,,289.53,49.0,Underway using Engine (На ходу),,,
9962421,,WOODSIDE JIRRUBAKURA,LNG Tanker (Танкер для перевозки сжиженного природного газа),,9.3,БЕРМУДСКИЕ ОСТРОВА (BERMUDA),vessel,,,,Underway using Engine (На ходу),,,
9074638,,MRAWEH,LNG Tanker (Танкер для перевозки сжиженного природного газа),,9.8,ЛИБЕРИЯ (LIBERIA),vessel,,290.14,48.19,Underway using Engine (На ходу),,,
9626273,,GASLOG SYDNEY,LNG Tanker (Танкер для перевозки сжиженного природного газа),,9.5,БЕРМУДСКИЕ ОСТРОВА (BERMUDA),vessel,,285.12,43.4,Underway using Engine (На ходу),,,
9862487,,RYOKA MARU NO.108,LPG Tanker (Танкер для перевозки сжиженного нефтяного газа),,4.9,ЯПОНИЯ (JAPAN),vessel,,74.96,13.5,Underway using Engine (На ходу),,,
9367700,,HANSA SEALIFTER,Oil Products Tanker (Танкер для перевозки нефтепродуктов),,7.5,МАРШАЛЛОВЫ ОСТРОВА (MARSHALL ISLANDS),vessel,,182.5,32.2,Underway using Engine (На ходу),,,
9718416,,SILVER EBURNA,Oil/Chemical Tanker (Танкер для перевозки нефтепродуктов и химикатов),,11.3,МАРШАЛЛОВЫ ОСТРОВА (MARSHALL ISLANDS),vessel,,183.06,32.2,Underway using Engine (На ходу),,,
9849277,,VEGA SAGE,LPG Tanker (Танкер для перевозки сжиженного нефтяного газа),,8.2,ЛИБЕРИЯ (LIBERIA),vessel,,230.0,36.64,Underway using Engine (На ходу),,,
9398060,,NEW PARADISE,Crude Oil Tanker (Танкер для перевозки сырой нефти),,19.1,ЛИБЕРИЯ (LIBERIA),vessel,,333.0,60.04,Underway using Engine (На ходу),,,
9902847,,ENEOS EARTH,Crude Oil Tanker (Танкер для перевозки сырой нефти),,15.6,ПАНАМА (PANAMA),vessel,,339.5,60.0,Underway using Engine (На ходу),,,
9895197,,TP ENDURANCE,Oil/Chemical Tanker (Танкер для перевозки нефтепродуктов и химикатов),,11.9,НОРВЕГИЯ (NORWAY),vessel,,183.07,32.23,Underway using Engine (На ходу),,,
9617038,,TOKYO MARU,Crude Oil Tanker (Танкер для перевозки сырой нефти),,8.8,ЯПОНИЯ (JAPAN),vessel,,246.8,44.4,Underway using Engine (На ходу),,,
9314416,,SHUNHO MARU,LPG Tanker (Танкер для перевозки сжиженного нефтяного газа),,4.0,ЯПОНИЯ (JAPAN),vessel,,69.9,12.5,Underway using Engine (На ходу),,,
9523586,,MEISYO MARU,LPG Tanker (Танкер для перевозки сжиженного нефтяного газа),,4.0,ЯПОНИЯ (JAPAN),vessel,,67.9,11.5,Underway using Engine (На ходу),,,
9853383,,NIKKO MARU NO.28,LPG Tanker (Танкер для перевозки сжиженного нефтяного газа),,3.5,ЯПОНИЯ (JAPAN),vessel,,59.52,11.0,Underway using Engine (На ходу),,,
9888780,,KOTOKU MARU,LPG Tanker (Танкер для перевозки сжиженного нефтяного газа),,4.4,ЯПОНИЯ (JAPAN),vessel,,67.9,12.0,Underway using Engine (На ходу),,,
9197624,,HOUYOSHI MARU,LPG Tanker (Танкер для перевозки сжиженного нефтяного газа),,4.5,ЯПОНИЯ (JAPAN),vessel,,68.5,11.5,Underway using Engine (На ходу),,,
9866017,,HOURIN MARU NO.1,LPG/Chemical Tanker (Танкер для перевозки сжиженного нефтяного газа и химикатов),,4.5,ЯПОНИЯ (JAPAN),vessel,,72.0,12.0,At Anchor (На якоре),,,
9706504,,CHEYENNE,LPG Tanker (Танкер для перевозки сжиженного нефтяного газа),,9.4,БАГАМСКИЕ ОСТРОВА (BAHAMAS),vessel,,225.0,36.62,Underway using Engine (На ходу),,,
9478664,,TAKAOKA,Crude Oil Tanker (Танкер для перевозки сырой нефти),,13.6,ЯПОНИЯ (JAPAN),vessel,,333.0,60.0,Underway using Engine (На ходу),,,
9621077,,PACIFIC ARCADIA,LNG Tanker (Танкер для перевозки сжиженного природного газа),,9.6,БАГАМСКИЕ ОСТРОВА (BAHAMAS),vessel,,288.0,49.0,Underway using Engine (На ходу),,,
9391751,,SAKURAGAWA,Crude Oil Tanker (Танкер для перевозки сырой нефти),,10.1,ЯПОНИЯ (JAPAN),vessel,,332.93,60.0,Underway using Engine (На ходу),,,
9789154,,CLIPPER FREEPORT,LPG Tanker (Танкер для перевозки сжиженного нефтяного газа),,8.0,НОРВЕГИЯ (NORWAY),vessel,,230.11,32.28,Underway using Engine (На ходу),,,
9400409,,JBU OPAL,Oil/Chemical Tanker (Танкер для перевозки нефтепродуктов и химикатов),,10.3,РЕСПУБЛИКА КОРЕЯ (REPUBLIC OF KOREA),vessel,,141.0,24.2,Underway using Engine (На ходу),,,
9946465,,HAFNIA LARVIK,Crude Oil Tanker (Танкер для перевозки сырой нефти),,8.5,СИНГАПУР (SINGAPORE),vessel,,250.0,44.0,Underway using Engine (На ходу),,,
9810501,,CSK ENDEAVOUR,Crude Oil Tanker (Танкер для перевозки сырой нефти),,8.2,СИНГАПУР (SINGAPORE),vessel,,250.0,44.0,Underway using Engine (На ходу),,,
9313137,,YAMATOGAWA,Crude Oil Tanker (Танкер для перевозки сырой нефти),,10.3,ЯПОНИЯ (JAPAN),vessel,,333.0,60.0,Stopped (Остановлен),,,
9609639,,GARNET EXPRESS,Oil/Chemical Tanker (Танкер для перевозки нефтепродуктов и химикатов),,8.5,МАРШАЛЛОВЫ ОСТРОВА (MARSHALL ISLANDS),vessel,,183.17,32.2,Underway using Engine (На ходу),,,
9827449,,APOLLO ENERGY,Crude Oil Tanker (Танкер для перевозки сырой нефти),,18.1,ПАНАМА (PANAMA),vessel,,,,At Anchor (На якоре),,,
9547520,,AKANE,Crude Oil Tanker (Танкер для перевозки сырой нефти),,8.2,ПАНАМА (PANAMA),vessel,,179.9,32.0,At Anchor (На якоре),,,
9266803,,YUYO MARU,Oil Products Tanker (Танкер для перевозки нефтепродуктов),,5.2,ЯПОНИЯ (JAPAN),vessel,,104.45,16.0,Moored (Ошвартован),,,
9347217,,SHINSEI MARU,Oil Products Tanker (Танкер для перевозки нефтепродуктов),,5.4,ЯПОНИЯ (JAPAN),vessel,,104.85,16.0,Moored (Ошвартован),,,
9317200,,NORTH PIONEER,LNG Tanker (Танкер для перевозки сжиженного природного газа),,4.5,ЯПОНИЯ (JAPAN),vessel,,89.23,15.3,At Anchor (На якоре),,,
9675200,,KAKUYU MARU,LNG Tanker (Танкер для перевозки сжиженного природного газа),,4.6,ЯПОНИЯ (JAPAN),vessel,,88.0,15.3,At Anchor (На якоре),,,
9893541,,SEISEN MARU,LPG Tanker (Танкер для перевозки сжиженного нефтяного газа),,4.5,ЯПОНИЯ (JAPAN),vessel,,72.0,13.0,At Anchor (На якоре),,,
9469235,,KAKUREI MARU,LNG Tanker (Танкер для перевозки сжиженного природного газа),,4.7,ЯПОНИЯ (JAPAN),vessel,,86.29,15.1,At Anchor (На якоре),,,
9554729,,AKEBONO MARU,LNG Tanker (Танкер для перевозки сжиженного природного газа),,4.7,ЯПОНИЯ (JAPAN),vessel,,99.37,17.2,Moored (Ошвартован),,,
9901037,,NIKOLAY ZADORNOV,Crude Oil Tanker (Танкер для перевозки сырой нефти),,14.2,РОССИЯ (RUSSIA),vessel,,259.2,42.0,"Underway using Engine (На ходу, используется главный двигатель)",,,
9554729,,AKEBONO MARU,LNG Tanker (Танкер для перевозки сжиженного природного газа),,4.7,ЯПОНИЯ (JAPAN),vessel,,99.37,17.2,Moored (Ошвартован),,,
9904704,,KONSTANTIN POSIET,LNG Tanker (Танкер для перевозки сжиженного природного газа),,,РОССИЯ (RUSSIA),vessel,,,,Underway (На ходу),,,
9842190,,AKADEMIK GUBKIN,Crude Oil Tanker (Танкер для перевозки сырой нефти),,13.6,РОССИЯ (RUSSIA),vessel,,250.0,46.0,At Anchor (На якоре),,,
9337341,,OCEANID,Crude Oil Tanker (Танкер для перевозки сырой нефти),,8.0,ПАНАМА (PANAMA),vessel,,245.5,42.0,At Anchor (На якоре),,,
9333785,,SEADAR,Crude Oil Tanker (Танкер для перевозки сырой нефти),,7.8,БАРБАДОС (BARBADOS),vessel,,244.0,42.0,Stopped (Остановлено),,,
9346744,,MA JIN,Crude Oil Tanker (Танкер для перевозки сырой нефти),,7.8,СЬЕРРА-ЛЕОНЕ (SIERRA LEONE),vessel,,248.96,42.0,Moored (Ошвартован),,,
9292204,,AMAZON,Crude Oil Tanker (Танкер для перевозки сырой нефти),,8.5,ОМАН (OMAN),vessel,,243.96,42.03,At Anchor (На якоре),,,
9650004,,RN PRIMORYE,Oil Products Tanker (Танкер для перевозки нефтепродуктов),,4.5,РОССИЯ (RUSSIA),vessel,,88.9,13.6,At Anchor (На якоре),,,
9230969,,LA BALENA,Crude Oil Tanker (Танкер для перевозки сырой нефти),,11.0,ДЖИБУТИ (DJIBOUTI),vessel,,333.0,60.0,At Anchor (На якоре),,,
9247792,,CECILA,Crude Oil Tanker (Танкер для перевозки сырой нефти),,8.0,КАМЕРУН (CAMEROON),vessel,,240.5,42.0,"Underway using Engine (На ходу, используется главный двигатель)",,,
9313498,,JACKLYN,Crude Oil Tanker (Танкер для перевозки сырой нефти),,8.5,КАМЕРУН (CAMEROON),vessel,,240.5,42.0,Stopped (Остановлено),,,
9297357,,NOVATOR,Crude Oil Tanker (Танкер для перевозки сырой нефти),,13.6,РОССИЯ (RUSSIA),vessel,,252.0,44.0,Stopped (Остановлено),,,
9274616,,DEIMOS,Crude Oil Tanker (Танкер для перевозки сырой нефти),,8.0,РОССИЯ (RUSSIA),vessel,,249.87,43.84,Stopped (Остановлено),,,
9388754,,JAL ANJALI,Crude Oil Tanker (Танкер для перевозки сырой нефти),,8.1,ИНДИЯ (INDIA),vessel,,243.97,42.03,Stopped (Остановлено),,,
9258002,,KAZAN,Crude Oil Tanker (Танкер для перевозки сырой нефти),,13.3,РОССИЯ (RUSSIA),vessel,,250.0,44.04,Stopped (Остановлено),,,
9412995,,KRUGER,Crude Oil Tanker (Танкер для перевозки сырой нефти),,8.6,ГВИНЕЯ (GUINEA),vessel,,229.0,42.04,Stopped (Остановлено),,,
9261401,,QUARTZ,Oil/Chemical Tanker (Танкер для перевозки нефтепродуктов и химикатов),,6.6,КАМЕРУН (CAMEROON),vessel,,182.0,27.74,At Anchor (На якоре),,,
9038969,,NADEZHDA,Oil Products Tanker (Танкер для перевозки нефтепродуктов),,4.4,РОССИЯ (RUSSIA),vessel,,87.2,14.28,Moored (Ошвартован),,,
9174713,,ZALIV STRELOK,Oil/Chemical Tanker (Танкер для перевозки нефтепродуктов и химикатов),,4.2,РОССИЯ (RUSSIA),vessel,,99.9,15.4,Moored (Ошвартован),,,
9054030,,KORF,Oil Products Tanker (Танкер для перевозки нефтепродуктов),,4.4,РОССИЯ (RUSSIA),vessel,,66.01,10.0,Stopped (Остановлено),,,
8331508,,NORD,Oil Products Tanker (Танкер для перевозки нефтепродуктов),,5.4,РОССИЯ (RUSSIA),vessel,,77.53,14.34,Underway (В пути / на ходу),,,
8838556,,NIKOLAY KUDAKOVSKIY,Oil Products Tanker (Танкер для перевозки нефтепродуктов),,4.8,РОССИЯ (RUSSIA),vessel,,77.53,14.34,At Anchor (На якоре),,,
9886639,,ORENBURG,Crude Oil Tanker (Танкер для перевозки сырой нефти),,8.5,РОССИЯ (RUSSIA),vessel,,250.0,44.0,Stopped (Остановлено),,,
9383895,,CENTRAL STAR,Oil/Chemical Tanker (Танкер для перевозки нефтепродуктов и химикатов),,11.1,МАРШАЛЛОВЫ ОСТРОВА (MARSHALL ISLANDS),vessel,,183.0,32.2,Moored (Ошвартован),,,
9576909,,DL AMBER,Oil/Chemical Tanker (Танкер для перевозки нефтепродуктов и химикатов),,8.2,РЕСПУБЛИКА КОРЕЯ (REPUBLIC OF KOREA),vessel,,127.68,19.6,Stopped (Остановлено),,,
9480306,,"KTS WHITEIMO: 9480306Тип судна: Oil/Chemical Tanker (Танкер для перевозки нефтепродуктов и химикатов)Флаг: РЕСПУБЛИКА КОРЕЯ (REPUBLIC OF KOREA)Габаритные характеристики: Длина (LOA) — 87.91 метра, ширина — 14 метров2. Текущая оперативная обстановкаДанные зафиксированы по состоянию на 21 мая 2026 г., 02:48 (UTC+9).Навигационный статус: Stopped (Остановлено)Скорость: 3.7 узлаОсадка: 5 метров3. Логистический трекПункт отправления: Есу, Южная Корея (KR YOS)Дата отправления: 19 мая 2026 г., 05:57 (UTC+9)Заявленный пункт назначения: Ульсан, ЮЖНАЯ КОРЕЯ (KR USN UTT)Расчетное время прибытия (ETA): 21 мая 2026 г., 23:00 (UTC+9) (фактическое прибытие в операционную акваторию Ульсана зафиксировано со значительным опережением — 20 мая 2026 г. в 07:24 UTC+9)4. Промышленный OSINT-анализОперационный статус: Малотоннажный наливной танкер KTS WHITE выполнил внутренний каботажный переход из нефтехимического хаба Есу в порт Ульсан (географическая зона North China). Несмотря на навигационный статус «Stopped» (Остановлено), судно фиксирует остаточную скорость 3.7 узла и следует истинным курсом $143^\circ$ с угловой скоростью поворота $-10^\circ/\text{мин}$. Это указывает на активное маневрирование в границах портовых рейдовых путей, работу буксиров или заход в терминал UTT (Ulsan Tank Terminal). Вблизи судна также отмечается коммерческий интерес оператора Hanwha Commodity Trading.Контекст: Судно адаптировано для гибкой транспортировки малых партий продуктов нефтепереработки и жидкой химии. Текущая осадка 5 метров для танкера с шириной корпуса 14 метров указывает на средний уровень загрузки (частично заполненные танки). Судно прибыло в порт назначения на 1.5 суток раньше заявленного ETA, что позволяет оператору оптимизировать время ожидания на рейде и оперативно поставить танкер под грузовые операции слива/налива химических компонентов.",Oil/Chemical Tanker (Танкер для перевозки нефтепродуктов и химикатов),,5.0,"РЕСПУБЛИКА КОРЕЯ (REPUBLIC OF KOREA)Габаритные характеристики: Длина (LOA) — 87.91 метра, ширина — 14 метров2. Текущая оперативная обстановкаДанные зафиксированы по состоянию на 21 мая 2026 г., 02:48 (UTC+9).Навигационный статус: Stopped (Остановлено)Скорость: 3.7 узлаОсадка: 5 метров3. Логистический трекПункт отправления: Есу, Южная Корея (KR YOS)Дата отправления: 19 мая 2026 г., 05:57 (UTC+9)Заявленный пункт назначения: Ульсан, ЮЖНАЯ КОРЕЯ (KR USN UTT)Расчетное время прибытия (ETA): 21 мая 2026 г., 23:00 (UTC+9) (фактическое прибытие в операционную акваторию Ульсана зафиксировано со значительным опережением — 20 мая 2026 г. в 07:24 UTC+9)4. Промышленный OSINT-анализОперационный статус: Малотоннажный наливной танкер KTS WHITE выполнил внутренний каботажный переход из нефтехимического хаба Есу в порт Ульсан (географическая зона North China). Несмотря на навигационный статус «Stopped» (Остановлено), судно фиксирует остаточную скорость 3.7 узла и следует истинным курсом $143^\circ$ с угловой скоростью поворота $-10^\circ/\text{мин}$. Это указывает на активное маневрирование в границах портовых рейдовых путей, работу буксиров или заход в терминал UTT (Ulsan Tank Terminal). Вблизи судна также отмечается коммерческий интерес оператора Hanwha Commodity Trading.Контекст: Судно адаптировано для гибкой транспортировки малых партий продуктов нефтепереработки и жидкой химии. Текущая осадка 5 метров для танкера с шириной корпуса 14 метров указывает на средний уровень загрузки (частично заполненные танки). Судно прибыло в порт назначения на 1.5 суток раньше заявленного ETA, что позволяет оператору оптимизировать время ожидания на рейде и оперативно поставить танкер под грузовые операции слива/налива химических компонентов.",vessel,,87.91,14.0,Stopped (Остановлено),,,
9947861,,WOO HWANG,Oil/Chemical Tanker (Танкер для перевозки нефтепродуктов и химикатов),,5.7,РЕСПУБЛИКА КОРЕЯ (REPUBLIC OF KOREA),vessel,,109.6,18.0,Moored (Ошвартован),,,
9531478,,SUNNY BAY,Oil/Chemical Tanker (Танкер для перевозки нефтепродуктов и химикатов),,4.7,РЕСПУБЛИКА КОРЕЯ (REPUBLIC OF KOREA),vessel,,112.5,18.2,Moored (Ошвартован),,,
9715866,,PRINCESS GARNET,Oil/Chemical Tanker (Танкер для перевозки нефтепродуктов и химикатов),,7.6,ПАНАМА (PANAMA),vessel,,100.0,18.0,Moored (Ошвартован),,,
9266267,,STOLT BETULA,Oil/Chemical Tanker (Танкер для перевозки нефтепродуктов и химикатов),,10.2,ЛИБЕРИЯ (LIBERIA),vessel,,159.2,23.03,Moored (Ошвартован),,,
1049871,,ETHANE CORAL,LPG Tanker (Танкер для перевозки сжиженного нефтяного газа / газовоз),,,МАРШАЛЛОВЫ ОСТРОВА (MARSHALL ISLANDS),vessel,,230.0,37.0,Restricted Manoeuvrability (Ограниченная маневренность),,,
1032763,,CLIPPER GRACE,LPG Tanker (Танкер для перевозки сжиженного нефтяного газа / газовоз),,9.0,НОРВЕГИЯ (NORWAY),vessel,,229.99,32.0,Moored (Ошвартован),,,
1032751,,CLIPPER COPPELIA,LPG Tanker (Танкер для перевозки сжиженного нефтяного газа / газовоз),,9.0,НОРВЕГИЯ (NORWAY),vessel,,230.0,32.25,Moored (Ошвартован),,,
9981427,,AL NIGYAN,LNG Tanker (Танкер для перевозки сжиженного природного газа / газовоз),,5.5,ФРАНЦИЯ (FRANCE),vessel,,,,Restricted Manoeuvrability (Ограниченная маневренность),,,
9911551,,CYPRESS SUN,Oil/Chemical Tanker (Танкер для перевозки нефтепродуктов и химикатов),,8.6,ПАНАМА (PANAMA),vessel,,180.07,32.24,Moored (Ошвартован),,,
9468815,,ROMANCE,Crude Oil Tanker (Танкер для перевозки сырой нефти),,12.6,ПАНАМА (PANAMA),vessel,,249.02,43.83,Moored (Ошвартован),,,
9744893,,STOLT CALLUNA,Oil/Chemical Tanker (Танкер для перевозки нефтепродуктов и химикатов),,8.0,ЛИБЕРИЯ (LIBERIA),vessel,,185.0,28.0,Moored (Ошвартован),,,
9718870,,STOLT REGINA,Oil/Chemical Tanker (Танкер для перевозки нефтепродуктов и химикатов),,8.5,ВЕЛИКОБРИТАНИЯ (UNITED KINGDOM),vessel,,185.0,28.03,Moored (Ошвартован),,,
9877793,,MORNING GLORY,Oil/Chemical Tanker (Танкер для перевозки нефтепродуктов и химикатов),,8.6,МАРШАЛЛОВЫ ОСТРОВА (MARSHALL ISLANDS),vessel,,183.06,32.24,Moored (Ошвартован),,,
9405643,,JN EMERALD,Oil/Chemical Tanker (Танкер для перевозки нефтепродуктов и химикатов),,6.7,РЕСПУБЛИКА КОРЕЯ (REPUBLIC OF KOREA),vessel,,105.6,16.6,Moored (Ошвартован),,,
9572575,,GOLDEN UNITY,Oil/Chemical Tanker (Танкер для перевозки нефтепродуктов и химикатов),,6.6,ПАНАМА (PANAMA),vessel,,155.0,24.0,Moored (Ошвартован),,,
9804825,,INTERMEZZO,Oil/Chemical Tanker (Танкер для перевозки нефтепродуктов и химикатов),,11.2,СИНГАПУР (SINGAPORE),vessel,,180.15,32.0,Moored (Ошвартован),,,
9315721,,STOLT SUIRE,Oil/Chemical Tanker (Танкер для перевозки нефтепродуктов и химикатов),,6.9,КАЙМАНОВЫ ОСТРОВА (CAYMAN ISLANDS),vessel,,144.13,23.0,Moored (Ошвартован),,,
9893448,,GINGA LIGER,Oil/Chemical Tanker (Танкер для перевозки нефтепродуктов и химикатов),,6.9,СИНГАПУР (SINGAPORE),vessel,,159.93,26.63,At Anchor (На якоре),,,
9297711,,INCHEON CHEMI,Oil/Chemical Tanker (Танкер для перевозки нефтепродуктов и химикатов),,7.1,РЕСПУБЛИКА КОРЕЯ (REPUBLIC OF KOREA),vessel,,118.0,18.6,At Anchor (На якоре),,,
9905411,,BLUE GRASS MARINER,Oil/Chemical Tanker (Танкер для перевозки нефтепродуктов и химикатов),,11.8,МАРШАЛЛОВЫ ОСТРОВА (MARSHALL ISLANDS),vessel,,183.06,32.24,"Underway using Engine (В пути, под управлением главного двигателя)",,,
1077945,,HD HYUNDAI MIPO 2939,Oil/Chemical Tanker (Танкер для перевозки нефтепродуктов и химикатов),,7.0,ЛИБЕРИЯ (LIBERIA),vessel,,184.0,27.0,Restricted Manoeuvrability (Ограниченная маневренность),,,
9405057,,HIGH PEAK,Oil/Chemical Tanker (Танкер для перевозки нефтепродуктов и химикатов),,4.7,РЕСПУБЛИКА КОРЕЯ (REPUBLIC OF KOREA),vessel,,110.0,19.2,Moored (Ошвартован),,,
9904883,,TORM HOUSTON,Crude Oil Tanker (Танкер для перевозки сырой нефти),,12.4,ДАНИЯ (DENMARK),vessel,,249.99,44.0,"Underway using Engine (В пути, под управлением главного двигателя)",,,
9335109,,EASUNHO,Oil/Chemical Tanker (Танкер для перевозки нефтепродуктов и химикатов),,11.6,ПАНАМА (PANAMA),vessel,,183.0,32.23,"Underway using Engine (В пути, под управлением главного двигателя)",,,
1013377,,ANTWERPEN,LPG Tanker (Танкер для перевозки сжиженного нефтяного газа),,7.5,БЕЛЬГИЯ (BELGIUM),vessel,,190.0,30.0,Restricted Manoeuvrability (Ограниченная маневренность),,,
9249087,,DRACO,Crude Oil Tanker (Танкер для перевозки сырой нефти),,8.9,ГВИНЕЯ (GUINEA),vessel,,280.93,48.2,"Underway using Engine (В пути, под управлением главного двигателя)",,,
9315393,,BOW FLOWER,Oil/Chemical Tanker (Танкер для перевозки нефтепродуктов и химикатов),,6.7,СИНГАПУР (SINGAPORE),vessel,,144.17,23.0,Moored (Ошвартован),,,
9282053,,ASIA ASCEND,Crude Oil Tanker (Танкер для перевозки сырой нефти),,13.8,ЛИБЕРИЯ (LIBERIA),vessel,,249.9,43.8,"Underway using Engine (В пути, под управлением главного двигателя)",,,
9346457,,CHEM RON,Crude Oil Tanker (Танкер для перевозки сырой нефти),,12.2,ГОНКОНГ (HONG KONG),vessel,,228.0,32.23,"Underway using Engine (В пути, под управлением главного двигателя)",,,
9402328,,SARA SKY,Crude Oil Tanker (Танкер для перевозки сырой нефти),,14.4,СЬЕРРА-ЛЕОНЕ (SIERRA LEONE),vessel,,243.8,42.0,"Underway using Engine (В пути, под управлением главного двигателя)",,,
9262900,,M PEARL,Oil Products Tanker (Танкер для перевозки нефтепродуктов),,12.5,ГОНКОНГ (HONG KONG),vessel,,179.99,32.23,"Underway using Engine (В пути, под управлением главного двигателя)",,,
9461776,,SILVER MARGO,Oil/Chemical Tanker (Танкер для перевозки нефтепродуктов и химикатов),,6.9,МАРШАЛЛОВЫ ОСТРОВА (MARSHALL ISLANDS),vessel,,144.04,22.6,"Underway using Engine (В пути, под управлением главного двигателя)",,,
9891995,,ENEOS DREAM,Crude Oil Tanker (Танкер для перевозки сырой нефти),,11.2,ЯПОНИЯ (JAPAN),vessel,,,,"Underway using Engine (В пути, под управлением главного двигателя)",,,
9329655,,PROXIMA,Oil/Chemical Tanker (Танкер для перевозки нефтепродуктов и химикатов),,10.7,РОССИЯ (RUSSIA),vessel,,176.0,31.03,"Underway using Engine (В пути, под управлением главного двигателя)",,,
9783019,,NORDINDEPENDENCE,Crude Oil Tanker (Танкер для перевозки сырой нефти),,12.9,ПОРТУГАЛИЯ (PORTUGAL),vessel,,237.0,44.0,"Underway using Engine (В пути, под управлением главного двигателя)",,,
9952115,,STENA IMPRESSIVE,Oil/Chemical Tanker (Танкер для перевозки нефтепродуктов и химикатов),,8.5,КИПР (CYPRUS),vessel,,183.0,32.0,"Underway using Engine (В пути, под управлением главного двигателя)",,,
1078896,,K SHIPBUILDING 1956,Oil/Chemical Tanker (Танкер для перевозки нефтепродуктов и химикатов),,6.0,ПАНАМА (PANAMA),vessel,,182.9,32.0,"Underway using Engine (В пути, под управлением главного двигателя)",,,
9018555,,HYUNDAI UTOPIA,LNG Tanker (Танкер для перевозки сжиженного природного газа),,11.0,РЕСПУБЛИКА КОРЕЯ (REPUBLIC OF KOREA),vessel,,274.0,47.27,"Underway using Engine (В пути, под управлением главного двигателя)",,,
9958315,,NORTH OCEAN,LNG Tanker (Танкер для перевозки сжиженного природного газа),,9.0,СИНГАПУР (SINGAPORE),vessel,,295.0,46.4,Restricted Manoeuvrability (Ограниченная маневренность),,,
9373008,,K.JASMINE,LNG Tanker (Танкер для перевозки сжиженного природного газа),,8.8,ПАНАМА (PANAMA),vessel,,285.4,43.4,"Underway using Engine (В пути, под управлением главного двигателя)",,,
9994046,,NEW FRONTIER 2,LNG Tanker (Танкер для перевозки сжиженного природного газа / Бункеровщик ЛНГ),,5.7,СИНГАПУР (SINGAPORE),vessel,,166.0,24.4,Restricted Manoeuvrability (Ограниченная маневренность),,,
9974606,,LAKE MODRO,LNG Tanker (Танкер для перевозки сжиженного природного газа),,9.3,БАГАМСКИЕ ОСТРОВА (BAHAMAS),vessel,,,,Restricted Manoeuvrability (Ограниченная маневренность),,,
9925136,,AQUAHONOR,Crude Oil Tanker (Танкер для перевозки сырой нефти),,13.3,ЛИБЕРИЯ (LIBERIA),vessel,,273.97,,"Underway using Engine (В пути, под управлением главного двигателя)",,,
9408554,,HE BO,Crude Oil Tanker (Танкер для перевозки сырой нефти),,8.0,СЕНТ-ВИНСЕНТ И ГРЕНАДИНЫ (SAINT VINCENT AND THE GRENADINES),vessel,,249.99,44.03,"Underway using Engine (В пути, под управлением главного двигателя)",,,
9353113,,JUN MA,Oil/Chemical Tanker (Нефтеналивной/химический танкер),,9.3,КАМЕРУН (CAMEROON),vessel,,184.0,27.65,"Underway using Engine (В пути, под управлением главного двигателя)",,,
9991927,,SEASHINE,Crude Oil Tanker (Танкер для перевозки сырой нефти),,14.8,ЛИБЕРИЯ (LIBERIA),vessel,,243.0,42.0,"Underway using Engine (В пути, под управлением главного двигателя)",,,
9197894,,RAPHAELA,Crude Oil Tanker (Танкер для перевозки сырой нефти),,19.0,КАМЕРУН (CAMEROON),vessel,,335.0,58.05,At Anchor (На якоре),,,
9911109,,AOIMARU,Oil/Chemical Tanker (Танкер для перевозки нефти и химикатов),,7.8,ЯПОНИЯ (JAPAN),vessel,,182.5,32.2,Underway using Engine (На ходу),,,
9697480,,KORYU MARU,Oil Products Tanker (Танкер для перевозки нефтепродуктов),,5.4,ЯПОНИЯ (JAPAN),vessel,,90.83,14.0,Underway using Engine (На ходу),,,
9675444,,KINYO MARU NO.5,Oil Products Tanker (Танкер для перевозки нефтепродуктов),,4.8,ЯПОНИЯ (JAPAN),vessel,,104.12,16.0,Underway using Engine (На ходу),,,
9907275,,SOUTHERN ZEREN,Oil/Chemical Tanker (Танкер для перевозки нефти и химикатов),,9.6,ЛИБЕРИЯ (LIBERIA),vessel,,134.93,23.0,Underway using Engine (На ходу),,,
9822877,,EIYU MARU,Oil Products Tanker (Танкер для перевозки нефтепродуктов),,5.0,ЯПОНИЯ (JAPAN),vessel,,104.54,16.0,Underway using Engine (На ходу),,,
9889588,,EIHO MARU,LPG Tanker (Танкер для перевозки сжиженного нефтяного газа),,5.1,ЯПОНИЯ (JAPAN),vessel,,75.92,12.0,Underway using Engine (На ходу),,,
9460045,,WATATSUMI,Oil Products Tanker (Танкер для перевозки нефтепродуктов),,4.6,ЯПОНИЯ (JAPAN),vessel,,104.91,16.0,At Anchor (На якоре),,,
1073303,,HAKURYO MARU,Oil/Chemical Tanker (Танкер для перевозки нефтепродуктов и химикатов),,6.3,ЯПОНИЯ (JAPAN),vessel,,,,,,,
9787792,,BRIGHT CREST,Crude Oil Tanker (Танкер для перевозки сырой нефти),,14.8,ПАНАМА (PANAMA),vessel,,,,Moored (Ошвартован),,,
9820453,,NAIKAIMARU NO.25,Oil Products Tanker (Танкер для перевозки нефтепродуктов),,5.4,ЯПОНИЯ (JAPAN),vessel,,104.94,16.0,Underway using Engine (На ходу),,,
9909390,,HOSEI MARU NO.3,LPG Tanker (Танкер для перевозки сжиженного нефтяного газа),,4.2,ЯПОНИЯ (JAPAN),vessel,,66.99,12.0,Underway using Engine (На ходу),,,
9537305,,IZUMI MARU NO.20,LPG Tanker (Танкер для перевозки сжиженного нефтяного газа),,3.7,ЯПОНИЯ (JAPAN),vessel,,67.85,11.5,Underway using Engine (На ходу),,,
9260603,,SHINJU MARU NO.1,LNG Tanker (Танкер для перевозки сжиженного природного газа),,3.8,ЯПОНИЯ (JAPAN),vessel,,86.25,15.1,Underway using Engine (На ходу),,,
9894595,,KINYO MARU NO.1,Oil Products Tanker (Танкер для перевозки нефтепродуктов),,5.1,ЯПОНИЯ (JAPAN),vessel,,104.98,16.0,Underway using Engine (На ходу),,,
9372779,,KOSHIN MARU NO.21,LPG Tanker (Танкер для перевозки сжиженного нефтяного газа),,3.9,ЯПОНИЯ (JAPAN),vessel,,67.8,11.5,Underway using Engine (На ходу),,,
9890185,,KAKUSHU MARU,Oil Products Tanker (Танкер для перевозки нефтепродуктов),,5.2,ЯПОНИЯ (JAPAN),vessel,,104.51,16.0,Underway using Engine (На ходу),,,
9506693,,DARIKA,Oil/Chemical Tanker (Танкер для перевозки нефтепродуктов и химикатов),,8.0,ПАНАМА (PANAMA),vessel,,183.0,32.2,At Anchor (На якоре),,,
9467770,,DESH SAMMAN,Crude Oil Tanker (Танкер для перевозки сырой нефти),,8.5,ИНДИЯ (INDIA),vessel,,240.98,44.01,At Anchor (На якоре),,,
9323986,,GARASAN,Crude Oil Tanker (Танкер для перевозки сырой нефти),,14.8,СЬЕРРА-ЛЕОНЕ (SIERRA LEONE),vessel,,239.0,42.0,At Anchor (На якоре),,,
9358319,,AVYAAN,Oil/Chemical Tanker (Танкер для перевозки нефтепродуктов и химикатов),,8.0,ИНДИЯ (INDIA),vessel,,183.0,32.23,Moored (Пришвартовано),,,
9276597,,HAFNIA NILE,Oil/Chemical Tanker (Танкер для перевозки нефтепродуктов и химикатов),,8.2,МАЛЬТА (MALTA),vessel,,183.0,32.2,Moored (Пришвартовано),,,
9941673,,HELIOS,Crude Oil Tanker (Танкер для перевозки сырой нефти),,10.9,БАГАМСКИЕ ОСТРОВА (BAHAMAS),vessel,,,,Underway using Engine (На ходу),,,
9251028,,KESTREL,Crude Oil Tanker (Танкер для перевозки сырой нефти),,10.1,ИНДИЯ (INDIA),vessel,,182.5,32.2,Underway using Engine (На ходу),,,
9706061,,HAFNIA RAVEN,Oil/Chemical Tanker (Танкер для перевозки нефтепродуктов и химикатов),,7.5,СИНГАПУР (SINGAPORE),vessel,,183.07,32.27,Underway using Engine (На ходу),,,
9391426,,MAYFAIR,Oil/Chemical Tanker (Танкер для перевозки нефтепродуктов и химикатов),,10.0,МАРШАЛЛОВЫ ОСТРОВА (MARSHALL ISLANDS),vessel,,188.21,32.24,Underway using Engine (На ходу),,,
9845697,,HAFNIA SAHARA,Oil/Chemical Tanker (Танкер для перевозки нефтепродуктов и химикатов),,8.1,СИНГАПУР (SINGAPORE),vessel,,183.2,32.2,Underway using Engine (На ходу),,,
9543079,,MANTA BEYLERBEYI,LPG Tanker (Танкер для перевозки сжиженного нефтяного газа),,7.7,ПАНАМА (PANAMA),vessel,,180.0,28.83,Underway (На ходу / Позиционирование),,,
9647485,,HUA WEI 8,Oil/Chemical Tanker (Танкер для перевозки нефтепродуктов и химикатов),,6.5,КИТАЙ (CHINA),vessel,,180.12,28.0,Underway using Engine (На ходу),,,
9979448,,MARATHO,Oil/Chemical Tanker (Танкер для перевозки нефтепродуктов и химикатов),,12.2,ЛИБЕРИЯ (LIBERIA),vessel,,188.06,32.24,Underway using Engine (На ходу),,,
9737577,,MELDERSKIN,Oil/Chemical Tanker (Танкер для перевозки нефтепродуктов и химикатов),,8.2,НОРВЕГИЯ (NORWAY),vessel,,145.0,24.2,Underway using Engine (На ходу),,,
9274484,,TORM LOUISE,Oil/Chemical Tanker (Танкер для перевозки нефтепродуктов и химикатов),,8.4,ДАНИЯ (DENMARK),vessel,,183.0,32.2,Underway using Engine (На ходу),,,
9317078,,MARVELS,Oil Products Tanker (Танкер для нефтепродуктов),,10.7,ИНДИЯ (INDIA),vessel,,179.8,32.2,Moored (Пришвартовано),,,
9379973,,CYPRESS GALAXY,Chemical Tanker (Танкер-химовоз),,7.0,ПАНАМА (PANAMA),vessel,,147.83,24.2,Moored (Пришвартовано),,,
9669902,,BOW TRIUMPH,Oil/Chemical Tanker (Танкер для перевозки нефтепродуктов и химикатов),,8.5,НОРВЕГИЯ (NORWAY),vessel,,182.66,32.22,Moored (Пришвартовано),,,
1020875,,MENUIRES,LPG Tanker (Танкер для перевозки сжиженного нефтяного газа),,9.8,БЕЛЬГИЯ (BELGIUM),vessel,,180.0,30.0,Moored (Пришвартовано),,,
9739288,,HAFNIA TORRES,Oil/Chemical Tanker (Танкер для перевозки нефтепродуктов и химикатов),,8.4,СИНГАПУР (SINGAPORE),vessel,,183.06,32.23,Moored (Пришвартовано),,,
1021611,,OROSHI,Oil/Chemical Tanker (Танкер для перевозки нефтепродуктов и химикатов),,7.0,СИНГАПУР (SINGAPORE),vessel,,149.8,23.0,Underway using Engine (На ходу),,,
9310850,,REGIN,Oil Products Tanker (Танкер для перевозки нефтепродуктов),,12.9,ЛИБЕРИЯ (LIBERIA),vessel,,219.95,32.2,At Anchor (На якоре),,,
9207728,,HARI LEELA,Oil/Chemical Tanker (Танкер для перевозки нефтепродуктов и химикатов),,10.7,ИНДИЯ (INDIA),vessel,,182.91,32.26,At Anchor (На якоре),,,
9285706,,CORONET,Crude Oil Tanker (Танкер для перевозки сырой нефти),,10.0,ИНДИЯ (INDIA),vessel,,183.22,32.24,At Anchor (На якоре),,,
9768746,,TORM ATLANTIC,Oil/Chemical Tanker (Танкер для перевозки нефтепродуктов и химикатов),,8.5,ДАНИЯ (DENMARK),vessel,,183.05,32.23,Underway using Engine (На ходу),,,
9749714,,SOUTHERN ROBIN,Oil/Chemical Tanker (Танкер для перевозки нефтепродуктов и химикатов),,6.4,ЛИБЕРИЯ (LIBERIA),vessel,,146.5,24.0,At Anchor (На якоре),,,
9308534,,MARITIME NORDIC,Oil/Chemical Tanker (Танкер для перевозки нефтепродуктов и химикатов),,8.0,СИНГАПУР (SINGAPORE),vessel,,180.0,32.23,Moored (Пришвартовано),,,
9414814,,SWARNA BRAHMAPUTRA,Oil Products Tanker (Танкер для перевозки нефтепродуктов),,12.5,ИНДИЯ (INDIA),vessel,,228.01,32.27,Underway using Engine (На ходу),,,
9379208,,JIAOLONG,Crude Oil Tanker (Танкер для перевозки сырой нефти),,9.1,ЛИБЕРИЯ (LIBERIA),vessel,,274.7,47.0,Underway using Engine (На ходу),,,
9324100,,TORM STIGNE,Oil/Chemical Tanker (Танкер для перевозки нефтепродуктов и химикатов),,8.3,ДАНИЯ (DENMARK),vessel,,182.5,27.34,Underway using Engine (На ходу),,,
9410208,,KAROLOS,Crude Oil Tanker (Танкер для перевозки сырой нефти),,9.2,ЛИБЕРИЯ (LIBERIA),vessel,,276.2,50.0,Underway using Engine (На ходу),,,
9904065,,C.GRACE,Crude Oil Tanker (Танкер для перевозки сырой нефти),,10.8,ЛИБЕРИЯ (LIBERIA),vessel,,,,Underway using Engine (На ходу),,,
9709075,,MOZAMBIQUE B,Crude Oil Tanker (Танкер для перевозки сырой нефти),,20.0,ЛИБЕРИЯ (LIBERIA),vessel,,333.08,60.04,Underway using Engine (На ходу),,,
9858450,,SAMHA,Crude Oil Tanker (Танкер для перевозки сырой нефти),,10.7,САУДОВСКАЯ АРАВИЯ (SAUDI ARABIA),vessel,,329.99,60.04,Underway using Engine (На ходу),,,
9256975,,TORM LOUISE,Oil/Chemical Tanker (Танкер для перевозки нефтепродуктов и химикатов),,8.2,ДАНИЯ (DENMARK),vessel,,182.5,27.3,Underway using Engine (На ходу),,,
9415703,,GREEN SHAKTI,LPG Tanker (Танкер для перевозки сжиженного нефтяного газа),,7.7,ИНДИЯ (INDIA),vessel,,225.0,36.0,Underway using Engine (На ходу),,,
9562697,,GASSAN,Crude Oil Tanker (Танкер для перевозки сырой нефти),,10.6,ПАНАМА (PANAMA),vessel,,333.0,60.0,Underway using Engine (На ходу),,,
9354612,,PINAR GAS,LPG Tanker (Танкер для перевозки сжиженного нефтяного газа),,7.2,ПАНАМА (PANAMA),vessel,,225.0,36.6,At Anchor (На якоре),,,
9253703,,RAAHI,LNG Tanker (Танкер для перевозки сжиженного природного газа),,9.0,МАЛЬТА (MALTA),vessel,,276.99,,At Anchor (На якоре),,,
9415698,,GAS SHAKTI,LPG Tanker (Танкер для перевозки сжиженного нефтяного газа),,7.8,ИНДИЯ (INDIA),vessel,,225.0,36.0,Underway using Engine (На ходу),,,
9910246,,EAGLE VALLERY,Crude Oil Tanker (Танкер для перевозки сырой нефти),,18.5,МАЛАЙЗИЯ (MALAYSIA),vessel,,329.97,60.04,Moored (Пришвартовано),,,
9296884,,DS ROSA,Oil/Chemical Tanker (Танкер для перевозки нефтепродуктов и химикатов),,8.4,РЕСПУБЛИКА КОРЕЯ (REPUBLIC OF KOREA),vessel,,141.0,24.0,Underway using Engine (На ходу),,,
9290335,,JUMBO,Crude Oil Tanker (Танкер для перевозки сырой нефти),,16.4,СЬЕРРА-ЛЕОНЕ (SIERRA LEONE),vessel,,333.0,60.0,Underway using Engine (На ходу),,,
9358319,,AVYAAN,Oil/Chemical Tanker (Танкер для перевозки нефтепродуктов и химикатов),,8.0,ИНДИЯ (INDIA),vessel,,188.0,32.28,Moored (Пришвартовано),,,
9379131,,SEA VOYAGER,Crude Oil Tanker (Танкер для перевозки сырой нефти),,15.6,ЛИБЕРИЯ (LIBERIA),vessel,,274.5,48.0,Underway using Engine (На ходу),,,
9925875,,BUNGO CROWN,Oil/Chemical Tanker (Танкер для перевозки нефтепродуктов и химикатов),,12.5,ДАНИЯ (DENMARK),vessel,,,,Moored (Пришвартовано),,,
9181869,,SANMAR SRUTHI,Oil Products Tanker (Танкер для перевозки нефтепродуктов),,10.4,ИНДИЯ (INDIA),vessel,,,,Moored (Пришвартовано),,,
9351634,,ZONDAR,Oil/Chemical Tanker (Танкер для перевозки нефтепродуктов и химикатов),,11.0,МАРШАЛЛОВЫ ОСТРОВА (MARSHALL ISLANDS),vessel,,,,Moored (Пришвартовано),,,
9351919,,GREEN SARITA,LPG Tanker (Танкер для перевозки сжиженного нефтяного газа),,7.5,ИНДИЯ (INDIA),vessel,,225.0,36.6,At Anchor (На якоре),,,
9263746,,STI PUSAN,Oil/Chemical Tanker (Танкер для перевозки нефтепродуктов и химикатов),,10.9,МАРШАЛЛОВЫ ОСТРОВА (MARSHALL ISLANDS),vessel,,,,Moored (Пришвартовано),,,
9263734,,DESH SHAKTI,Crude Oil Tanker (Танкер для перевозки сырой нефти),,10.0,ИНДИЯ (INDIA),vessel,,274.0,48.04,At Anchor (На якоре),,,
9371593,,DESH VIRAAT,Crude Oil Tanker (Танкер для перевозки сырой нефти),,11.0,ИНДИЯ (INDIA),vessel,,338.0,60.04,At Anchor (На якоре),,,
9356892,,SHIVALIK,LPG Tanker (Танкер для перевозки сжиженного нефтяного газа),,7.5,ИНДИЯ (INDIA),vessel,,225.28,36.6,At Anchor (На якоре),,,
9405875,,HISUI,LPG Tanker (Танкер для перевозки сжиженного нефтяного газа),,7.7,ИНДИЯ (INDIA),vessel,,226.0,37.2,At Anchor (На якоре),,,
9337743,,GAS CHEM ATLANTIC,LPG Tanker (Танкер для перевозки сжиженного нефтяного газа),,7.9,ПАНАМА (PANAMA),vessel,,,,,,,
9987744,,BETELGEUSE,Oil/Chemical Tanker (Танкер для перевозки нефтепродуктов и химикатов),,11.5,КАЙМАНОВЫ ОСТРОВА (CAYMAN ISLANDS),vessel,,182.9,32.23,Underway using Engine (На ходу),,,
9337731,,TEMBEK,LNG Tanker (Танкер для перевозки сжиженного природного газа),,9.6,ОМАН (OMAN),vessel,,315.17,50.04,Underway using Engine (На ходу),,,
9262754,,ATILA,Crude Oil Tanker (Танкер для перевозки сырой нефти),,11.0,КАМЕРУН (CAMEROON),vessel,,,,Not Under Command (Неуправляемое судно),,,
9719288,,KRUIBEKE,LPG Tanker (Танкер для перевозки сжиженного нефтяного газа),,7.1,БЕЛЬГИЯ (BELGIUM),vessel,,180.0,29.43,Underway using Engine (На ходу),,,
1013391,,PACIFIC VALLERY,Yacht (Яхта),,2.8,ОСТРОВА КУКА (COOK ISLANDS),vessel,,53.6,9.5,Moored (Пришвартовано),,,
9388821,,AL SAMRIYA,LNG Tanker (Танкер для перевозки сжиженного природного газа),,9.4,МАРШАЛЛОВЫ ОСТРОВА (MARSHALL ISLANDS),vessel,,345.0,55.03,Underway using Engine (На ходу),,,
9304605,,MINERVA SYMPHONY,Crude Oil Tanker (Танкер для перевозки сырой нефти),,14.3,ЛИБЕРИЯ (LIBERIA),vessel,,276.88,50.04,Underway using Engine (На ходу),,,
9388821,,AL SAMRIYA,LNG Tanker (Танкер для перевозки сжиженного природного газа),,9.4,МАРШАЛЛОВЫ ОСТРОВА (MARSHALL ISLANDS),vessel,,345.0,55.03,Underway using Engine (На ходу),,,
9878838,,SILVERSTONE,Crude Oil Tanker (Танкер для перевозки сырой нефти),,11.0,ЛИБЕРИЯ (LIBERIA),vessel,,329.98,60.4,Underway using Engine (На ходу),,,
9441245,,GULF LOYALTY,Crude Oil Tanker (Танкер для перевозки сырой нефти),,11.0,МАРШАЛЛОВЫ ОСТРОВА (MARSHALL ISLANDS),vessel,,,,Stopped (Остановлено),,,
9475208,,TORM LOUISE,Oil/Chemical Tanker (Танкер для перевозки нефтепродуктов и химикатов),,11.2,ДАНИЯ (DENMARK),vessel,,183.0,32.0,Underway using Engine (На ходу),,,
9873852,,BW HELIOS,LNG Tanker (Танкер для перевозки сжиженного природного газа),,11.3,СИНГАПУР (SINGAPORE),vessel,,294.9,46.4,Underway using Engine (На ходу),,,
9930789,,MARIA A.ANGELICOUSSIS,Crude Oil Tanker (Танкер для перевозки сырой нефти),,11.5,ГРЕЦИЯ (GREECE),vessel,,,,Underway by Sail (На ходу под двигателем/парусами*),,,
9870824,,SUR,Crude Oil Tanker (Танкер для перевозки сырой нефти),,11.0,МАРШАЛЛОВЫ ОСТРОВА (MARSHALL ISLANDS),vessel,,336.0,60.06,Underway using Engine (На ходу),,,
9325348,,PURITY,Oil Products Tanker (Танкер для перевозки нефтепродуктов),,8.0,ПАНАМА (PANAMA),vessel,,179.99,32.2,Underway using Engine (На ходу),,,
9844277,,SEA SHARK,Crude Oil Tanker (Танкер для перевозки сырой нефти),,11.0,ЛИБЕРИЯ (LIBERIA),vessel,,333.0,60.0,Underway using Engine (На ходу),,,
9286554,,LUCKY CHEM,Oil/Chemical Tanker (Танкер для перевозки нефтепродуктов и химикатов),,6.7,ПАНАМА (PANAMA),vessel,,144.03,24.2,Underway using Engine (На ходу),,,
9399492,,MOTELE OLA,Crude Oil Tanker (Танкер для перевозки сырой нефти),,9.0,ЛИБЕРИЯ (LIBERIA),vessel,,274.5,48.0,Underway using Engine (На ходу),,,
9968413,,YUN DING 19,Oil/Chemical Tanker (Танкер для перевозки нефтепродуктов и химикатов),,7.3,КИТАЙ (CHINA),vessel,,159.8,27.0,Underway using Engine (На ходу),,,
9419618,636024350.0,NISSOS HERACLEA,Crude Oil Tanker (Танкер для перевозки сырой нефти),,20.4,ЛИБЕРИЯ (LIBERIA),vessel,,,,На ходу (в пути),2009.0,17.0,
9398084,636025397.0,SHIRAYUKI,Crude Oil Tanker (Танкер для перевозки сырой нефти),,11.0,ЛИБЕРИЯ (LIBERIA),vessel,,333.0,60.0,Underway using Engine (На ходу),2010.0,16.0,
9405227,563065600.0,TORM LOUISE,Oil/Chemical Tanker (Танкер для перевозки нефтепродуктов и химикатов),,11.1,СИНГАПУР (SINGAPORE),vessel,,183.0,32.0,Underway using Engine (На ходу),2009.0,17.0,
9879674,241743000.0,YIANNIS,LNG Tanker (Танкер для перевозки СПГ),92619.0,,ГРЕЦИЯ (GREECE),vessel,115489.0,,,,2021.0,,
9350599,538005632.0,SARV SHAKTI,LPG Tanker (Танкер для перевозки сжиженного нефтяного газа),,11.2,МАРШАЛЛОВЫ ОСТРОВА (MARSHALL ISLANDS),vessel,,226.0,37.0,Underway using Engine (На ходу),2008.0,,
9577068,538004245.0,SEA MAJESTY,Crude Oil Tanker (Танкер для перевозки сырой нефти),,15.6,МАРШАЛЛОВЫ ОСТРОВА (MARSHALL ISLANDS),vessel,,274.0,48.0,Underway using Engine (На ходу),2012.0,,
9473389,538004123.0,CRYSTAL RIVER,Crude Oil Tanker (Танкер для перевозки сырой нефти),,15.1,МАРШАЛЛОВЫ ОСТРОВА (MARSHALL ISLANDS),vessel,,274.0,48.0,Underway using Engine (На ходу),2011.0,15.0,
9257993,241384000.0,AGIA TRIAS,Oil/Chemical Tanker (Танкер для перевозки нефтепродуктов и химикатов),,8.5,ГРЕЦИЯ (GREECE),vessel,,183.0,32.0,Underway using Engine (На ходу),2003.0,23.0,
9377781,311001930.0,GAS ESPOIR,LPG Tanker (Танкер для перевозки сжиженного нефтяного газа),,11.8,БАГАМСКИЕ ОСТРОВА (BAHAMAS),vessel,,226.0,37.0,Underway using Engine (На ходу),,,
9162916,,SETTEBELLO,Oil Products Tanker (Танкер для нефтепродуктов),,6.0,ПАЛАУ (PALAU),vessel,,182.0,,Underway using Engine (На ходу),1997.0,,
1093418,636025883.0,LUCKY STAR,Crude Oil Tanker (Танкер для перевозки сырой нефти),,14.9,ЛИБЕРИЯ (LIBERIA),vessel,,250.0,,Не определен (информация отсутствует),,,
9390927,636013350.0,KERALA,Crude Oil Tanker (Танкер для перевозки сырой нефти),74999.0,8.2,ЛИБЕРИЯ (LIBERIA),vessel,,228.0,,Underway using engine (На ходу),2009.0,4.0,
9397303,538003365.0,MEKAINES,LNG Carrier (Танкер для перевозки сжиженного природного газа),130171.0,9.4,МАРШАЛЛОВЫ ОСТРОВА (MARSHALL ISLANDS),vessel,,345.0,,"Underway (на ходу, однако данные устарели на 17 дней)",2009.0,,
9480150,403529001.0,ALHIND,Oil/Chemical Tanker (Танкер для перевозки нефтепродуктов и химикатов),,11.8,САУДОВСКАЯ АРАВИЯ (SAUDI ARABIA),vessel,,183.0,,На ходу (Underway using engine),2011.0,,
9418913,215736000.0,CHEMTRANS SEA,Chemical/Oil Tanker (Танкер для перевозки химикатов и нефтепродуктов),,9.9,МАЛЬТА (MALTA),vessel,,150.0,,На ходу (Underway using engine),2008.0,,
9413004,352179000.0,HORAE,Crude Oil Tanker (Танкер для перевозки сырой нефти),,8.0,ПАНАМА (PANAMA),vessel,,228.0,,Underway using Engine (На ходу),,,
9858486,403736001.0,SANAM,Танкер для сырой нефти (Crude Oil Tanker),,10.8,Саудовская Аравия (Saudi Arabia),vessel,,330.0,,На ходу (Underway using Engine),,,
9337418,613009690.0,ATMOS,Crude Oil Tanker (Танкер для перевозки сырой нефти),105572.0,7.7,КАМЕРУН (CAMEROON),vessel,,239.0,,На ходу (на основе данных AIS),2007.0,,ВЫСОКИЙ РИСК
9833723,538011703.0,SEA MAJESTY,Crude Oil Tanker (Танкер для перевозки сырой нефти),,9.0,Маршалловы Острова (Marshall Islands),vessel,,250.0,,На ходу (Underway using engine),2019.0,,
9590553,636025317.0,XIN AO TAI 1,Oil/Chemical Tanker (Танкер для перевозки нефтепродуктов и химикатов),,5.5,ЛИБЕРИЯ (LIBERIA),vessel,,145.5,,На ходу (Underway using Engine),,,
9354260,563243300.0,PM DUKE,Oil/Chemical Tanker (Танкер для перевозки нефтепродуктов и химикатов),,10.8,СИНГАПУР (SINGAPORE),vessel,,183.0,,На ходу (Underway using Engine),,,
9722924,636026129.0,SPAIN B,Танкер для перевозки сырой нефти (Crude Oil Tanker),,21.0,Либерия (LIBERIA),vessel,,333.0,,На ходу (Underway by Sail),,,
9408798,314908000.0,MALED,Oil/Chemical Tanker (Танкер для перевозки нефтепродуктов и химикатов),,8.2,Барбадос (BARBADOS),vessel,,148.0,,Ошвартовано (Moored),,,
9232905,419474000.0,DESH BHAKT,Танкер для перевозки сырой нефти (Crude Oil Tanker),,12.3,ИНДИЯ (INDIA),vessel,,244.0,,Под управлением (Under way),,,
9298820,419001485.0,FEATHER,Танкер для перевозки нефтепродуктов (Oil Products Tanker),,8.6,ИНДИЯ (INDIA),vessel,,171.26,,Ошвартовано (Moored),,,
9414840,419759000.0,SWARNA KAVERI,"Oil Products Tanker (Классифицировано в AIS как Cargo Ship, Haz-C)",,8.5,ИНДИЯ (INDIA),vessel,,228.0,,На якоре (At Anchor),,,
9467720,419756000.0,SWARNA JAYANTI,Oil Products Tanker (Танкер для нефтепродуктов),,8.5,ИНДИЯ (INDIA),vessel,,244.0,,На якоре (At Anchor),,,
9358307,419002119.0,SHANAYA,Oil/Chemical Tanker (Танкер для перевозки нефтепродуктов и химикатов),,9.1,ИНДИЯ (INDIA),vessel,,183.0,,На якоре (At Anchor),,,
9467744,419797000.0,DESH MAHIMA,Crude Oil Tanker (Танкер для перевозки сырой нефти),,8.5,ИНДИЯ (INDIA),vessel,,250.0,,На якоре (At Anchor),,,
9377547,249700000.0,ASEEM,LNG Tanker (Танкер для перевозки сжиженного природного газа),,9.0,Мальта (MALTA),vessel,,285.0,,На якоре (At Anchor),,,
9333254,419002083.0,CULTURE,Oil Products Tanker (Танкер для перевозки нефтепродуктов),,7.0,ИНДИЯ (INDIA),vessel,,180.0,,На ходу (Underway using Engine),,,
9396725,255916103.0,SAN REMO,Oil/Chemical Tanker (Танкер для перевозки нефтепродуктов и химикатов),,8.0,Португалия (Мадейра),vessel,,183.0,,На ходу (Underway using Engine),,,
9414802,419754000.0,SWARNA GANGA,Oil Products Tanker (Танкер для перевозки нефтепродуктов),,,ИНДИЯ (INDIA),vessel,,227.0,,На ходу (Underway using Engine),,,
9411343,538008332.0,YANNIS P.,Crude Oil Tanker (Танкер для перевозки сырой нефти),,15.8,Маршалловы Острова (MARSHALL ISLANDS),vessel,,274.0,,На ходу (Underway using Engine),,,
9338905,667002026.0,PATE,Crude Oil Tanker (Танкер для перевозки сырой нефти),,8.0,Сьерра-Леоне (SIERRA LEONE),vessel,,248.95,,На ходу (Underway using Engine),,,
9226968,422160400.0,SARAK,Crude Oil Tanker (Танкер для перевозки сырой нефти),,9.0,Иран (IRAN),vessel,,273.0,,На ходу (Underway by Sail),,,
9336737,311000135.0,SEAPEAK METHANE,LNG Tanker (Танкер для перевозки сжиженного природного газа),,10.3,БАГАМСКИЕ ОСТРОВА (BAHAMAS),vessel,,285.0,,На ходу (Underway using Engine),,,
9292228,620356000.0,CRYSTAL ROSE,Crude Oil Tanker (Танкер для перевозки сырой нефти),,10.6,Коморские Острова (COMOROS),vessel,,330.0,,На ходу (Underway using Engine),,,
9447574,636014909.0,FPMC C LORD,Crude Oil Tanker (VLCC — крупнотоннажный танкер для перевозки сырой нефти),301861.0,10.5,ЛИБЕРИЯ (LIBERIA),vessel,,333.0,,На ходу (Underway using Engine),,,
9325697,311038000.0,AL AREESH,LNG Tanker (Танкер для перевозки сжиженного природного газа),,9.1,БАГАМСКИЕ ОСТРОВА (BAHAMAS),vessel,,288.2,,На ходу (Underway using Engine),,,
9240847,419001420.0,SANMAR SANTOOR,Oil Products Tanker (Танкер для перевозки нефтепродуктов),,8.0,ИНДИЯ (INDIA),vessel,,182.5,,На ходу (Underway using Engine),,,
9274563,650000181.0,AURA,LPG Tanker (Танкер для перевозки сжиженного нефтяного газа),,11.1,МОЗАМБИК (MOZAMBIQUE),vessel,,227.0,,На ходу (Underway using Engine),,,
9646986,412439000.0,TONG ZHOU GONG JI,Crude Oil Tanker (Танкер для перевозки сырой нефти),,20.7,КИТАЙ (CHINA),vessel,,330.0,,На ходу (Underway using Engine),,,
9722900,538011820.0,SEA MAJESTY,Crude Oil Tanker (Танкер класса VLCC для сырой нефти),,11.0,Маршалловы Острова (MARSHALL ISLANDS),vessel,,333.0,,На ходу (Underway using Engine),,,
9240512,987109000.0,CARINA,Crude Oil Tanker (Крупнотоннажный танкер для перевозки сырой нефти),306314.0,11.2,Неизвестен (Unknown),vessel,153911.0,332.0,,На ходу (Underway using Engine),,,
9372731,538003300.0,UMM SLAL,LNG Tanker (Танкер для перевозки сжиженного природного газа),,9.4,МАРШАЛЛОВЫ ОСТРОВА (MARSHALL ISLANDS),vessel,,345.0,,На ходу (Underway using Engine),,,
9397315,538003357.0,AL MAFYAR,LNG Tanker (Танкер для перевозки сжиженного природного газа),130441.0,9.4,МАРШАЛЛОВЫ ОСТРОВА (MARSHALL ISLANDS),vessel,,345.28,,На ходу (Underway using Engine),,,
9810513,423520100.0,KARABAKH,Crude Oil Tanker (Танкер для перевозки сырой нефти),,8.3,АЗЕРБАЙДЖАН (AZERBAIJAN),vessel,,250.0,,На якоре (At Anchor),,,
9187760,667002307.0,BURSA,Crude Oil Tanker (Танкер для перевозки сырой нефти),,7.5,СЬЕРРА-ЛЕОНЕ (SIERRA LEONE),vessel,,239.0,,На ходу (Underway),,,
9494929,419002116.0,ADHBHUT,Oil Products Tanker (Танкер для перевозки нефтепродуктов),,5.5,ИНДИЯ (INDIA),vessel,,105.83,,На ходу (Underway),,,
9376751,636026355.0,ASIAN LION,Crude Oil Tanker (Крупнотоннажный танкер для перевозки сырой нефти),,11.5,ЛИБЕРИЯ (LIBERIA),vessel,,330.0,,На ходу (Underway),,,
9379791,413689000.0,CHANG HANG XIAN FENG,Oil Products Tanker (Танкер для перевозки нефтепродуктов),,11.3,КИТАЙ (CHINA),vessel,,184.95,,На якоре (At Anchor),,,
9829629,538008147.0,DIJILAH,Crude Oil Tanker (Крупнотоннажный танкер для перевозки сырой нефти),,11.0,Маршалловы Острова (MARSHALL ISLANDS),vessel,,332.98,,На ходу (Underway),,,
9397298,538003356.0,AL MAYEDA,LNG Tanker (Танкер для перевозки сжиженного природного газа),,9.3,МАРШАЛЛОВЫ ОСТРОВА (MARSHALL ISLANDS),vessel,,345.28,,На ходу (Underway using Engine),,,
9829629,538008147.0,DIJILAH,Crude Oil Tanker (Крупнотоннажный танкер для перевозки сырой нефти),,11.0,Маршалловы Острова (MARSHALL ISLANDS),vessel,,332.98,,На ходу (Underway),,,
9396672,,FAIR STAR,Нефтяной танкер (Crude Oil Tanker),,12.3,Либерия (Liberia),vessel,,228.0,32.29,На ходу с использованием двигателя (Underway using Engine),,,
9339313,,LADOGA,Нефтяной танкер (Crude Oil Tanker),,8.3,Россия (Russia),vessel,,248.96,,На ходу с использованием двигателя (Underway using Engine),,,
9845714,,FRONT NAUSTA,Нефтяной танкер (Crude Oil Tanker),,11.0,Кипр (Cyprus),vessel,,333.0,,На ходу с использованием двигателя (Underway using Engine),,,
9510462,,PS ROMA,Нефтяной/химический танкер (Oil/Chemical Tanker),,8.0,Италия,vessel,,183.0,,На ходу с использованием двигателя (Underway using Engine),,,
9600528,,GASLOG SHANGHAI,Газовоз (LNG Tanker),,9.2,Бермуды,vessel,,285.12,,На ходу с использованием двигателя (Underway using Engine),,,
9172636,,GAS STRENGTH,Газовоз (LPG Tanker),,7.4,Габон,vessel,,230.0,,На якоре (At Anchor),,,
9360879,,AL HUWAILA,Газовоз (LNG Tanker),,9.3,Багамские Острова (Bahamas),vessel,,315.0,,На якоре (At Anchor),,,
9320714,,KINYRAS,Нефтяной танкер (Crude Oil Tanker),,10.0,Либерия,vessel,,285.0,,На якоре (At anchor),,,
9410399,,SERIFOS,Нефтяной танкер (Crude Oil Tanker),,11.0,Либерия,vessel,,332.99,,На якоре (At Anchor),,,
9431214,,ZARGA,Танкер для перевозки сжиженного природного газа (LNG Tanker),,9.5,Маршалловы Острова,vessel,,345.0,,На якоре (At anchor),,,
9592680,,TORM EMMA,Танкер для перевозки нефтепродуктов (Oil Products Tanker),,8.5,Дания,vessel,,228.0,,На якоре (At anchor),,,
9325685,,AL MARROUNA,Газовоз (LNG Tanker),,9.5,Багамские Острова (Bahamas),vessel,,288.0,,На якоре (At anchor),,,
9389758,,XIN TONG YANG,Нефтяной танкер (Crude Oil Tanker),,10.0,Гонконг,vessel,,330.0,,На якоре (At anchor),,,
9299563,,NORTH STAR,Нефтяной танкер (Crude Oil Tanker),,8.0,Мозамбик,vessel,,228.6,,На ходу с использованием двигателя (Underway using Engine),,,
9851854,,UNIVERSAL CHALLENGER,Нефтяной танкер (Crude Oil Tanker),,11.0,Либерия,vessel,,336.0,,На ходу с использованием двигателя (Underway using Engine),,,
1032816,,BEAUTIFUL FUTURE,Нефтяной/химический танкер (Oil/Chemical Tanker),,8.0,Португалия (Мадейра),vessel,,228.0,,На ходу с использованием двигателя (Underway using Engine),,,
9334076,,EJNAN,Газовоз (LNG Tanker),,9.6,Багамские Острова (Bahamas),vessel,,283.0,,На ходу с использованием двигателя (Underway using Engine),,,
9327011,,CAPOEIRA,Нефтяной танкер (Crude Oil Tanker),,8.0,Маршалловы Острова,vessel,,228.6,,На ходу с использованием двигателя (Underway using Engine),,,
9377420,,PHILIPPINES PROSPERITY,Нефтяной танкер (Crude Oil Tanker),,11.0,Либерия,vessel,,333.0,,На ходу с использованием двигателя (Underway using Engine),,,
9513115,,ARAGONA,Нефтяной танкер (Crude Oil Tanker),,9.4,Греция,vessel,,333.0,,На ходу с использованием двигателя (Underway using Engine),,,
9429003,,TORM GWYNETH,Нефтяной танкер (Crude Oil Tanker),,9.0,Сингапур,vessel,,249.99,,На ходу с использованием двигателя (Underway using Engine),,,
9365001,,PM MONARCH,Нефтяной танкер (Crude Oil Tanker),,8.5,Маршалловы Острова,vessel,,228.0,,Ошвартован (Moored),,,
9325037,,COSMERRY LAKE,Нефтяной танкер (Crude Oil Tanker),,11.2,Панама,vessel,,333.0,,"На ходу (в оригинале указан статус ""Underway"" при скорости 1.2 узла)",,,
9326811,,AEGEAN HORIZON,Нефтяной танкер (Crude Oil Tanker),,9.0,Либерия,vessel,,274.48,,На ходу с использованием двигателя (Underway using Engine),,,
9701786,,BW ARIES,Танкер для перевозки сжиженного газа (LPG Tanker),,11.9,Великобритания,vessel,,225.0,,На ходу с использованием двигателя (Underway using Engine),,,
9804916,,HAKUBA GALAXY,Нефтеналивной/Химический танкер (Oil/Chemical Tanker),,10.3,Маршалловы Острова,vessel,,160.0,,На ходу с использованием двигателя (Underway using Engine),,,
9360908,,AL KHUWAIR,Танкер для перевозки сжиженного природного газа (LNG Tanker),,9.4,Багамские острова,vessel,,315.06,,На ходу с использованием двигателя (Underway using Engine),,,
9383900,,BW ENN CRYSTAL SKY,Танкер для перевозки сжиженного природного газа (LNG Tanker),,8.9,Сингапур,vessel,,298.0,,На ходу с использованием двигателя (Underway using Engine),,,
9689043,,GOLDEN VIOLET,Нефтеналивной/Химический танкер (Oil/Chemical Tanker),,5.6,Либерия,vessel,,160.5,,На ходу с использованием двигателя (Underway using Engine),,,
9830109,,FRONT DISCOVERY,Нефтяной танкер (Crude Oil Tanker),,21.1,Маршалловы Острова,vessel,,329.8,,На ходу с использованием двигателя (Underway using Engine),,,
9636723,,KITA LNG,Танкер для перевозки сжиженного природного газа (LNG Tanker),,11.4,Мальта,vessel,,294.2,,На ходу с использованием двигателя (Underway using Engine),,,
9629952,,SEA SPIKE,Нефтеналивной/Химический танкер (Oil/Chemical Tanker),,8.4,Маршалловы Острова,vessel,,183.81,,На ходу с использованием двигателя (Underway using Engine),,,
9569700,,DERYA,Нефтяной танкер (Crude Oil Tanker),,11.5,Иран,vessel,,332.95,,На ходу с использованием двигателя (Underway using Engine),,,
9254915,,SCALER,Нефтеналивной танкер (Crude Oil Tanker),,8.0,Мозамбик,vessel,,240.5,,На ходу с использованием двигателя (Underway using Engine),,,
9419955,,FPMC C NOBLE,Нефтеналивной танкер (Crude Oil Tanker),,11.0,Либерия,vessel,,330.0,,На ходу с использованием двигателя (Underway using Engine),,,
9577185,,SAEHAN NURIA,Нефтеналивной/Химический танкер (Oil/Chemical Tanker),,6.0,Сингапур,vessel,,149.0,,На ходу с использованием двигателя (Underway using Engine),,,
9986611,,AL MASHABIYYAH,Танкер для перевозки сжиженного природного газа (LNG Tanker),,9.3,Сингапур,vessel,,299.0,,На ходу с использованием двигателя (Underway using Engine),,,
9878876,,MU LAN,Танкер для перевозки сжиженного природного газа (LNG Tanker),,9.5,Либерия,vessel,,295.0,,На ходу с использованием двигателя (Underway using Engine),,,
9284192,,ARCTIC LADY,Танкер для перевозки сжиженного природного газа (LNG Tanker),,9.2,Норвегия,vessel,,288.0,,На ходу с использованием двигателя (Underway using Engine),,,
9307786,,PM REGALIA,Танкер для перевозки нефтепродуктов (Oil Products Tanker),,8.2,Сингапур,vessel,,228.6,,На ходу с использованием двигателя (Underway using Engine),,,
9485631,,UOG HARRIET G,Нефтяной танкер (Crude Oil Tanker),,8.0,Маршалловы Острова,vessel,,229.0,,На ходу с использованием двигателя (Underway using Engine),,,
9848326,,MALBEC HERITAGE,Нефтеналивной/Химический танкер,,11.1,Маршалловы Острова,vessel,,183.0,,На ходу с использованием двигателя,,,
9923451,,PROTEUS ELSIE,Нефтяной танкер (Crude Oil Tanker),,8.8,Сингапур,vessel,,249.99,,На ходу с использованием двигателя (Underway using Engine),,,
9411226,,CE BERMUDA,Нефтяной танкер (Crude Oil Tanker),,15.9,Маршалловы Острова,vessel,,274.0,,На ходу с использованием двигателя,,,
9296389,,VALTHERA,Нефтяной танкер (Crude Oil Tanker),,8.2,Маршалловы Острова,vessel,,274.2,,На ходу под парусом (Underway by Sail),,,
9431147,,AL BAHIYA,"Танкер для перевозки сжиженного природного газа (LNG Tanker, Hazard D)",,9.5,Маршалловы Острова,vessel,,315.0,,На ходу с использованием двигателя,,,
9231511,,YONG TAI,Нефтеналивной танкер (Oil Products Tanker),,11.6,Панама,vessel,,228.0,,На ходу с использованием двигателя,,,
9594901,,LOULOULIGHT,Нефтеналивной танкер (Oil Products Tanker),,8.8,Маршалловы Острова,vessel,,228.0,,На ходу с использованием двигателя,,,
9176694,,TRANS CATALONIA,Нефтеналивной/Химический танкер (Oil/Chemical Tanker),,6.8,Сингапур,vessel,,150.0,,На ходу с использованием двигателя,,,
9803364,,ORANGE VICTORIA,Нефтеналивной/Химический танкер (Oil/Chemical Tanker),,8.2,Великобритания (United Kingdom),vessel,,228.99,,На ходу с использованием двигателя,,,
9799379,,INEOS MARLIN,Танкер для перевозки сжиженного газа (LPG Tanker),,12.6,Мальта,vessel,,231.57,,На ходу с использованием двигателя,,,
9735282,,GAS LEO,Танкер для перевозки сжиженного газа (LPG Tanker),,11.7,Гонконг,vessel,,226.0,,На ходу с использованием двигателя,,,
9261102,,STEN IDUN,"Нефтеналивной/Химический танкер (Oil/Chemical Tanker, Hazard B)",,7.6,Либерия,vessel,,144.05,,На ходу с использованием двигателя,,,
9658379,,JAG PRIYANKA,Нефтеналивной/Химический танкер (Oil/Chemical Tanker),,11.6,Индия,vessel,,183.31,,На ходу с использованием двигателя,,,
9904077,,C.BRAVE,Нефтяной танкер (Crude Oil Tanker),,19.9,Либерия,vessel,,333.0,,На ходу с использованием двигателя,,,
9718404,,SILVER ERVILIA,Нефтеналивной/Химический танкер (Oil/Chemical Tanker),,12.1,Маршалловы Острова,vessel,,183.06,,На ходу с использованием двигателя,,,
9783679,,KHURAIS,Нефтяной танкер (Crude Oil Tanker),,10.7,Саудовская Аравия,vessel,,333.0,,На ходу с использованием двигателя,,,
9321160,,KITION M,Нефтеналивной танкер (Oil Products Tanker),,7.5,Панама,vessel,,228.0,,На ходу с использованием двигателя,,,
9967897,,ARCTIC TERN,Нефтеналивной/Химический танкер (Oil/Chemical Tanker),,9.0,Сингапур,vessel,,183.0,,На ходу с использованием двигателя,,,
9538440,,SHAN YING ZUO,Танкер для перевозки нефтепродуктов (Oil Products Tanker),,11.0,Сингапур,vessel,,228.6,,На ходу с использованием двигателя,,,
9337171,,COSPEARL LAKE,Нефтяной танкер (Crude Oil Tanker),,11.0,Гонконг,vessel,,330.0,,На ходу с использованием двигателя,,,
9274434,,NS LEO,Нефтяной танкер (Crude Oil Tanker),,9.0,Россия,vessel,,274.0,,На ходу с использованием двигателя,,,
9732541,,C.PROMISE,Нефтяной танкер (Crude Oil Tanker),,11.0,Либерия,vessel,,333.0,,В дрейфе (Drifting),,,
9889942,,ELKA ATHINA,Нефтяной танкер (Crude Oil Tanker),,9.5,Мальта,vessel,,277.0,,На ходу с использованием двигателя,,,
9795127,,ELKA APOLLON,Нефтяной танкер (Crude Oil Tanker),,9.6,Мальта,vessel,,277.0,,На ходу с использованием двигателя,,,
9248409,,NS COLUMBUS,Нефтяной танкер (Crude Oil Tanker),,9.0,Маршалловы Острова,vessel,,274.0,,На ходу с использованием двигателя,,,
9360843,,AL SHEEHAN,Танкер для перевозки сжиженного природного газа (LNG Tanker),,9.3,Маршалловы Острова,vessel,,314.0,,На ходу с использованием двигателя,,,
9516923,,DELTA AIGAION,Нефтяной танкер (Crude Oil Tanker / HAZ-A),,11.5,Либерия,vessel,,333.0,,На ходу с использованием двигателя,,,
9845946,,YUAN LAN WAN,Нефтяной танкер (Crude Oil Tanker),,14.2,Китай,vessel,,250.0,,На ходу с использованием двигателя,,,
9603207,,HE AN HAI,Нефтяной танкер (VLCC / Crude Oil Tanker),,11.0,Китай,vessel,,333.0,,На ходу с использованием двигателя,,,
9845685,,NISSOS RHENIA,"Нефтяной танкер (Crude Oil Tanker, класс VLCC)",,20.3,Маршалловы Острова,vessel,,333.0,,На ходу с использованием двигателя,,,
9568809,,TUNISIA PROSPERITY,Нефтяной танкер (VLCC / Crude Oil Tanker),,10.5,Либерия,vessel,,333.0,,На ходу с использованием двигателя,,,
9886744,,CLEAN COPANO,Газовоз (LNG Carrier),,11.2,Мальта,vessel,,300.0,,На ходу с использованием двигателя,,,
9515436,,LILA KOCHI,Нефтяной танкер (VLCC / Crude Oil Tanker),,10.8,Либерия,vessel,,333.0,,На ходу с использованием двигателя,,,
9591284,,COSGLAD LAKE,Нефтяной танкер (VLCC / Crude Oil Tanker),,11.0,Гонконг,vessel,,330.0,,На ходу с использованием двигателя,,,
9842188,,VLADIMIR VINOGRADOV,Нефтяной танкер (Crude Oil Tanker),113000.0,8.8,Россия,vessel,,250.0,,На ходу с использованием двигателя,,,
1014876,,IMOLA,"Нефтяной танкер (Suezmax / Crude Oil Tanker), построен в 2025 году",,15.4,Либерия,vessel,,270.0,,На ходу с использованием двигателя,,,
9513402,,KAZUSA,Нефтяной танкер (VLCC / Crude Oil Tanker),,10.2,Маршалловы Острова,vessel,,333.0,,На ходу с использованием двигателя,,,
9779616,,VALIANT,Нефтяной танкер (VLCC / Crude Oil Tanker),,11.0,Маршалловы Острова,vessel,,333.0,,На ходу с использованием двигателя,,,
9259680,636011265.0,,Crude Oil Tanker (нефтеналивной танкер),84999.0,,Либерия,vessel,,239.0,,,2002.0,,
9344148,538012305.0,,Oil Products Tanker (танкер-продуктовоз),45886.0,,Маршалловы Острова,vessel,,185.0,,,2007.0,,
9799147,477191800.0,,Crude Oil Tanker (супертанкер класса VLCC),311054.0,,Гонконг,vessel,,332.91,,,2018.0,,
9380661,636015349.0,,Crude Oil Tanker (нефтеналивной танкер),105346.0,12.5,Либерия,vessel,,228.59,,,2008.0,,
9321299,372495000.0,,Crude Oil Tanker (супертанкер класса VLCC),313987.0,,Панама,vessel,,333.0,,,2007.0,,
1101930,567075300.0,,"Oil Products Tanker (танкер-продуктовоз), категория HAZ-A (опасные грузы)",5187.0,4.4,Таиланд,vessel,,110.02,,,2013.0,,
9750373,567551000.0,SRI DON SAK,Oil Products Tanker (танкер-продуктовоз),3021.0,3.5,Таиланд,vessel,,77.0,,,2017.0,,
8585381,567072500.0,,Oil Products Tanker (танкер-продуктовоз),3580.0,3.8,Таиланд,vessel,,89.08,,,2004.0,,
8684888,567522000.0,,Oil Products Tanker (танкер-продуктовоз),7450.0,4.4,Таиланд,vessel,,118.0,,,2014.0,,
9128879,567587000.0,SCHUMI 2,LPG Tanker (газовоз),6987.0,,Таиланд,vessel,,119.02,,,1996.0,,
9134359,567645000.0,SCHUMI,"LPG Tanker (газовоз), классификация Tanker (HAZ-A)",6996.0,,Таиланд,vessel,,119.02,,,1996.0,30.0,
9833943,567002260.0,RUJIPA,Oil Products Tanker (танкер-продуктовоз),2507.0,3.6,Таиланд,vessel,,78.0,,,2017.0,,
9152337,567003270.0,PILATUS 14,LPG Tanker (газовоз),922.0,,Таиланд,vessel,999.0,64.9,,,1996.0,,
9078660,567002810.0,PILATUS 40,LPG Tanker (газовоз),950.0,,Таиланд,vessel,1016.0,65.1,,,1993.0,,
8608987,567000273.0,PILATUS 18,LPG Tanker (газовоз),1104.0,,Таиланд,vessel,988.0,65.8,,,1986.0,,
9054717,567000521.0,PILATUS 45,LPG Tanker (газовоз),950.0,,Таиланд,vessel,1001.0,65.1,,,1992.0,,
9682227,567003460.0,PP 9,LPG Tanker (газовоз),1288.0,,Таиланд,vessel,749.0,68.0,,,2014.0,,
9902823,538009214.0,ECO MALIBU,Crude Oil Tanker (нефтеналивной танкер),157632.0,15.6,Маршалловы Острова,vessel,81206.0,274.0,,,2021.0,,
9413030,567578000.0,PHUBAI NADDA 1,LPG/Chemical Tanker,2677.0,,Таиланд,vessel,2867.0,96.0,,,2008.0,,
9063512,567002880.0,PP 8,LPG Tanker (газовоз),950.0,,Таиланд,vessel,1016.0,65.1,,,1993.0,,
9724051,370568000.0,SWAN INDIAN,Oil/Chemical Tanker (Hazardous Category C),19855.0,,Панама,vessel,11729.0,145.5,,,2015.0,,
9020455,567001650.0,NP BANGPAKONG,LPG Tanker (газовоз),3996.0,,Таиланд,vessel,3501.0,99.92,,,1991.0,,
9937969,538010568.0,PUTERI SEJINJANG,LNG Tanker (Hazardous Category D),93414.0,,Маршалловы Острова,vessel,110331.0,289.97,,,2024.0,,
9446116,567599000.0,TMN PLENITUDE,Crude Oil Tanker (Hazardous Category B),105860.0,,Таиланд,vessel,56355.0,241.03,,,2009.0,,
9417000,533133214.0,EAGLE KUCHING,Crude Oil Tanker,107481.0,,Малайзия,vessel,60379.0,244.0,,,2009.0,,
9422835,311000221.0,GARIBALDI SPIRIT,Crude Oil Tanker,109039.0,,Багамские Острова,vessel,60185.0,243.0,,,2009.0,,
9760768,563048500.0,MARVEL FALCON,LNG Tanker,89431.0,,Сингапур,vessel,114084.0,293.0,,,2018.0,,
9009994,567000734.0,PILATUS 42,LPG Tanker (газовоз),1076.0,,Таиланд,vessel,999.0,64.8,,,1990.0,,
1050313,563276900.0,EAGLE AQUAMARINE,Oil/Chemical Products Tanker,12113.0,,Сингапур,vessel,9280.0,124.87,,,2025.0,,
8534069,567070500.0,NAPAPA,"Oil Products Tanker (Inland, Motor Tanker)",3700.0,,Таиланд,vessel,1598.0,91.0,,,2017.0,,
9739317,636020425.0,STOLT MAGNESIUM,Chemical/Oil Products Tanker (Hazardous Category B),27605.0,,Либерия,vessel,17139.0,165.13,,,2017.0,,
9691345,538005440.0,HEMISPHERE,LPG Tanker (газовоз),3198.0,,Маршалловы Острова,vessel,2999.0,96.0,,,2014.0,,
9845087,636024968.0,MACALLAN,Chemical/Oil Products Tanker,13774.0,,Либерия,vessel,8916.0,139.98,,,2020.0,,
9909742,636022300.0,EASTERN ROSELLE,Oil Products Tanker (танкер-продуктовоз),11502.0,,Либерия,vessel,7783.0,133.9,,,2021.0,,
9989089,352004766.0,SOUTHERN RESPECT,Crude Oil Tanker,114957.0,,Панама,vessel,60177.0,243.8,,,2025.0,,
9783930,356178000.0,SOUTHERN LEADER,Crude Oil Tanker,108560.0,,Панама,vessel,61183.0,243.79,,,2019.0,,
9814909,354996000.0,DIONNE,Chemical/Oil Products Tanker (Hazardous Category B),12384.0,,Панама,vessel,7430.0,124.0,,,2018.0,,
9262481,477217800.0,WEI CHI,Crude Oil Tanker,45854.0,,Гонконг,vessel,31189.0,187.2,,,2009.0,,
9923425,563169300.0,PROTEUS PHILIPPA,Crude Oil Tanker,109999.0,,Сингапур,vessel,66982.0,249.95,,,2022.0,,
9439204,210241000.0,URAGA PRINCESS,Crude Oil Tanker,105344.0,,Кипр,vessel,55909.0,228.6,,,2010.0,,
9041758,533130258.0,DUTA PACIFIC,FSO (Floating Storage/Production) — плавучее нефтехранилище/производственный комплекс,105351.0,,Малайзия,vessel,57463.0,245.0,,,1995.0,,
9609641,538005223.0,ORCHID EXPRESS,Oil Products Tanker,46594.0,,Маршалловы Острова,vessel,29289.0,183.17,,,2013.0,,
9349942,309296000.0,SUN ARROWS,LNG Tanker,11142.0,,Багамские Острова,vessel,20620.0,151.0,,,2007.0,,
9988035,241980000.0,MINERVA ROXANNE,LNG Tanker (танкер для перевозки сжиженного природного газа),88790.0,,Греция,vessel,115677.0,293.0,,,2026.0,,
9396672,636022971.0,FAIR STAR,Crude Oil Tanker,73723.0,,Либерия,vessel,42010.0,228.6,,,2008.0,,
9343405,636021039.0,TAMBA,Crude Oil Tanker (VLCC),302107.0,,Либерия,vessel,159977.0,333.0,,,2009.0,,
9403671,372195000.0,TAITAR NO. 3,LNG Tanker,77089.0,,Панама,vessel,118634.0,289.5,,,2010.0,,
9430454,574005860.0,AULAC EAGLE,Oil/Chemical Tanker,13033.0,,Вьетнам,vessel,8539.0,128.6,,,2009.0,,
9388936,419765000.0,JAG APARNA,Oil Products Tanker,74859.0,,Индия,vessel,42403.0,228.0,,,2009.0,,
9422201,533133126.0,EAGLE KINARUT,Crude Oil Tanker,107481.0,,Малайзия,vessel,60379.0,244.0,,,2011.0,,
9261102,636093165.0,STEN IDUN,Chemical/Oil Products Tanker,16614.0,,Либерия,vessel,11935.0,144.05,,,2002.0,,
9564372,533056200.0,ORKIM CHALLENGER,Oil Products Tanker,9998.0,,Малайзия,vessel,7920.0,120.0,,,2010.0,,
9669940,538005269.0,STI OPERA,Chemical/Oil Products Tanker,49990.0,,Маршалловы Острова,vessel,29886.0,183.12,,,2014.0,,
9247194,538005269.0,STI OPERA,Chemical/Oil Products Tanker,49990.0,,Маршалловы Острова,vessel,29886.0,183.12,,,2014.0,,
9812420,563273100.0,CASTOR,Chemical/Oil Products Tanker,13523.0,,Сингапур,vessel,8620.0,139.98,,,2018.0,,
9771755,563061700.0,XIN MAO YANG,Crude Oil Tanker (VLCC),307573.0,,Сингапур,vessel,163092.0,332.67,,,2018.0,,
9682382,219647000.0,TORM DURGA,Chemical/Oil Products Tanker,49680.0,,Дания,vessel,29553.0,183.06,,,2014.0,,
9953523,273268340.0,IRIS,LNG Tanker (танкер-газовоз),88809.0,,Россия,vessel,115519.0,293.0,,,2024.0,,
9827695,538011041.0,EL SEGUNDO VOYAGER,Crude Oil Tanker (VLCC),318608.0,,Маршалловы Острова,vessel,163214.0,336.0,,,2018.0,,
9902809,563144300.0,GAS CAPRICORN,LPG Tanker (танкер-газовоз),55081.0,,Сингапур,vessel,49997.0,229.96,,,2022.0,,
9289489,525119136.0,ALPHA POINT,Crude Oil Tanker (нефтяной танкер),106029.0,,Индонезия,vessel,59814.0,248.0,,,2005.0,,
9735634,563153900.0,HAFNIA EXPRESS,Crude Oil Tanker (нефтяной танкер),74663.0,,Сингапур,vessel,42869.0,219.0,,,2016.0,,
9832250,477539900.0,FRONT SIENA,"Crude Oil Tanker (нефтяной танкер, класс Suezmax)",157271.0,,Гонконг,vessel,82305.0,275.0,,,2019.0,,
9331048,352006723.0,MARAN GAS CORONIS,LNG Tanker (газовоз),79576.0,,Панама,vessel,97491.0,285.4,,,2007.0,,
9749697,636019178.0,RADIANT RAY,Oil/Chemical Tanker (танкер-химовоз/продуктовоз),19974.0,,Либерия,vessel,11918.0,146.5,,,2018.0,,
9785225,241502000.0,MINERVA KALYPSO,"Crude Oil Tanker (нефтяной танкер, класс Suezmax)",159055.0,,Греция,vessel,81361.0,274.0,,,2017.0,,
9478676,432831000.0,TAKAMATSU MARU,"Crude Oil Tanker (нефтяной танкер, класс VLCC — Very Large Crude Carrier)",311087.0,10.7,Япония,vessel,158424.0,333.0,,,2012.0,,
9321196,636026392.0,GISELE,"Oil Products Tanker (танкер-продуктовоз, класс Aframax/LR2)",74998.0,13.0,Либерия,vessel,40953.0,228.0,,,2007.0,,
9418054,525119184.0,QUANTUM HARMONY,"Crude Oil Tanker (нефтяной танкер, класс VLCC — Very Large Crude Carrier)",317963.0,15.5,Индонезия,vessel,164680.0,333.0,,,2009.0,,
9585883,255804740.0,MONTESTENA,"Crude Oil Tanker (нефтяной танкер, класс Suezmax)",159372.0,9.3,Португалия (Мадейра),vessel,81187.0,274.23,,,2012.0,,
9298296,352005512.0,AL SALMI,"Crude Oil Tanker (нефтяной танкер, класс Panamax)",73911.0,13.4,Панама,vessel,41994.0,228.6,,,2005.0,,
9918145,228420700.0,FERROL KNUTSEN,LNG Tanker (газовоз),95548.0,9.5,Франция,vessel,114180.0,298.97,,,2023.0,,
9732553,636026084.0,COLOMBIA PROSPERITY,"Crude Oil Tanker (нефтяной танкер, класс VLCC — Very Large Crude Carrier)",299011.0,11.0,Либерия,vessel,154133.0,333.0,,,2016.0,,
9263643,518998343.0,FRUNZE,"Crude Oil Tanker (нефтяной танкер, класс Aframax)",105483.0,8.0,Острова Кука,vessel,56285.0,239.0,,,2003.0,,
9249324,626466000.0,IZUMO,"Crude Oil Tanker (нефтяной танкер, класс Suezmax)",149995.0,9.5,Габон,vessel,79525.0,272.0,,,2001.0,,
9969833,563248200.0,GAS ARCTURUS,LPG Tanker (газовоз),58088.0,,Сингапур,vessel,54492.0,230.0,,,2024.0,,
9933585,538010089.0,SEAWAYS ENTERPRISE,Crude Oil Tanker (класс VLCC — Very Large Crude Carrier),299365.0,11.1,Маршалловы Острова,vessel,156186.0,336.0,,,2023.0,,
9749518,241510000.0,RUNNER,Crude Oil Tanker (класс Suezmax),158594.0,9.1,Греция,vessel,81413.0,274.0,,,2017.0,,
9337183,477242800.0,COSJADE LAKE,Crude Oil Tanker (класс VLCC — Very Large Crude Carrier),298216.0,,Гонконг,vessel,156915.0,330.0,,,2009.0,,
9849887,273279530.0,LA PEROUSE,LNG Tanker,92923.0,,Россия,vessel,116779.0,299.06,,,2020.0,,
9205079,677019100.0,PEACE II (ранее: VALENTINE),Crude Oil Tanker (класс VLCC),308491.0,20.5,Танзания (ранее: Палау),vessel,159187.0,333.0,,,2000.0,,
9455739,538008843.0,CHAMPION POMER (ранее: POMER),Oil/Chemical Products Tanker (танкер-химовоз),52579.0,8.9,Маршалловы Острова,vessel,30638.0,195.09,,,2011.0,,
9943504,256223000.0,CLEAN FUTURE,LNG Tanker,107661.0,,Мальта,vessel,128653.0,299.78,,,2024.0,,
1044869,538012203.0,"NISSOS TIGANI (исторические названия: ARCTIC STAR, DAEHAN 5107)",Crude Oil Tanker (класс Suezmax),156790.0,9.1,Маршалловы Острова,vessel,84000.0,274.0,,,2026.0,,
9323687,538002742.0,CLEAN ENERGY,LNG Tanker,85513.0,,Маршалловы Острова,vessel,100244.0,288.22,,,2007.0,,
1044869,,NISSOS TIGANI,"Crude Oil Tanker (нефтяной танкер, класс Suezmax)",,9.1,Маршалловы Острова,vessel,,274.0,48.0,,2026.0,,
9723590,414214000.0,YUAN QIU HU,Crude Oil Tanker (класс VLCC — Very Large Crude Carrier),308371.0,11.0,Китай,vessel,160671.0,333.0,,,2015.0,,
9230907,750269000.0,"MOONBAY (исторические названия: ETERNAL FORTUNE, GOOD NEWS, TI TOPAZ, CRUDE TOPAZ, ORIENTAL TOPAZ)",Crude Oil Tanker (класс VLCC — Very Large Crude Carrier),319430.0,10.7,"Гайана (указано в текущих данных), ранее Панама",vessel,161135.0,332.99,,,2002.0,,
9636785,229553000.0,COOL VOYAGER,LNG Tanker,81890.0,,Мальта,vessel,102097.0,280.57,,,2013.0,,
9844863,241692000.0,MARAN GAS PSARA,LNG Tanker,94732.0,,Греция,vessel,113822.0,294.9,,,2020.0,,
8818207,629009816.0,"ROVER GAS (ранее: MYRA GAS, LENA GAS, L PRIMO GAS, VENTURE GAS, EVERRICH 8, JAG VIDHI)",LPG Tanker (танкер для перевозки сжиженного нефтяного газа),49701.0,,Гамбия,vessel,42465.0,224.05,,,1990.0,,
9779939,538007126.0,SEAWAYS REYES (историческое название: ARISTAIOS),"Crude Oil Tanker (нефтяной танкер, класс Aframax)",113689.0,13.7,Маршалловы Острова,vessel,60751.0,250.0,,,2017.0,,
9885855,256047000.0,MINERVA AMORGOS,LNG Tanker,88235.0,,Мальта,vessel,115635.0,293.0,,,2022.0,,
9321744,310528000.0,SHANDONG REDWOOD (историческое название: METHANE HEATHER SALLY),LNG Tanker,79084.0,,Бермудские острова,vessel,95753.0,283.06,,,2007.0,,
9945318,636021574.0,ON PRIDE (ранее: ELANDRA TERN),"Crude Oil Tanker (нефтяной танкер, класс Aframax)",109999.0,,Либерия,vessel,62373.0,249.97,,,2024.0,,
9014456,613391811.0,"EXONAVE (исторические названия: NEXO, SEA DRAGON)",LPG Tanker (танкер для перевозки сжиженного нефтяного газа),50357.0,,"Камерун (по данным image_023c3e.png), ранее в данных упоминались Гамбия и Мадагаскар.",vessel,44549.0,230.0,,,1993.0,,
9575101,477083500.0,SEA SPLENDOR,"Crude Oil Tanker (нефтяной танкер, класс VLCC — Very Large Crude Carrier)",297123.0,,Гонконг,vessel,157394.0,330.01,,,2012.0,,
9901348,241742000.0,MARAN ANTIOPE,"Crude Oil Tanker (нефтяной танкер, класс VLCC — Very Large Crude Carrier)",318482.0,,Греция,vessel,163099.0,336.0,,,2021.0,,
9805099,351915000.0,TEDORIGAWA,"Crude Oil Tanker (нефтяной танкер, класс VLCC)",311790.0,7.0,Панама,vessel,161952.0,339.5,,,2018.0,,
9513402,538003869.0,KAZUSA,"Crude Oil Tanker (нефтяной танкер, класс VLCC — Very Large Crude Carrier)",310406.0,19.2,Маршалловы Острова,vessel,160596.0,333.0,,,2010.0,,
9610779,311000185.0,ASIA ENDEAVOUR,LNG Tanker (газовоз СПГ),82434.0,9.4,Багамские острова,vessel,101427.0,285.0,,,2015.0,,
9113379,350179000.0,"DA LI (ранее эксплуатировалось под именами VICTORIA, FORTUNA, ATHENA, MING DE, GAS MIRACLE)",LPG Tanker (газовоз),54155.0,,Никарагуа,vessel,47027.0,230.0,,,1996.0,,
9610779,311000185.0,ASIA ENDEAVOUR,LNG Tanker (танкер для перевозки СПГ),82434.0,9.4,Багамские острова,vessel,101427.0,285.0,,,2015.0,,
9781281,636024871.0,CIELO DI CAGLIARI,Oil Products Tanker (танкер для перевозки нефтепродуктов),74999.0,11.5,Либерия,vessel,43984.0,228.0,,,2018.0,,
9411238,538008329.0,CE HAMILTON (ранее эксплуатировалось под именем HAMILTON SPIRIT),Crude Oil Tanker (танкер для перевозки сырой нефти),158099.0,9.3,Маршалловы Острова,vessel,81384.0,274.0,,,2009.0,,
9393084,636024336.0,BAM BAM (ранее эксплуатировалось под названиями HAFNIA THAMES и BW THAMES),Crude Oil Tanker (танкер для перевозки сырой нефти),76586.0,8.2,Либерия,vessel,43797.0,228.6,,,2008.0,,
9259343,613617404.0,LORIAN (ранее эксплуатировалось под именами NEW NAXOS и VEGA TRADER),"Crude Oil Tanker (супертанкер для сырой нефти, класс VLCC)",299985.0,,Камерун,vessel,159813.0,332.98,,,2003.0,,
9855941,257085990.0,CLIPPER WILMA,LPG Tanker (танкер для перевозки сжиженного газа),51098.0,12.1,Норвегия,vessel,46746.0,229.96,,,2019.0,,
9625968,636016138.0,TWIN POLLUX (ранее эксплуатировалось под именем SCF SHANGHAI),"Crude Oil Tanker (супертанкер для сырой нефти, класс VLCC)",320700.0,11.3,Либерия,vessel,167578.0,332.0,,,2014.0,,
9044504,445798000.0,MORNING GLORY (ранее эксплуатировалось под именами GULF GLORY и PERGIWATI),Crude Oil Tanker (танкер для перевозки сырой нефти),35583.0,,КНДР (Демократическая Народная Республика Корея),vessel,21804.0,179.93,,,1993.0,,
9534858,636026487.0,COSTA RICA PROSPERITY (ранее эксплуатировалось под именем TRIKWONG VENTURE),"Crude Oil Tanker (супертанкер для сырой нефти, класс VLCC)",297136.0,11.0,"Либерия (согласно текущим AIS-данным, несмотря на исторические записи о регистрации в Гонконге)",vessel,157225.0,330.0,,,2012.0,,
9905447,636021827.0,ADAMANTIOS,"Crude Oil Tanker (супертанкер для сырой нефти, класс VLCC)",299984.0,11.0,Либерия,vessel,163184.0,332.95,,,2022.0,,
9926740,441523000.0,VL BRIGHT,"Crude Oil Tanker (супертанкер для сырой нефти, класс VLCC)",319202.0,19.0,Республика Корея,vessel,160061.0,333.0,,,2022.0,,
9947615,538010571.0,PUTERI MAYANG,LNG Tanker (танкер для перевозки сжиженного природного газа),93414.0,11.3,Маршалловы Острова,vessel,110331.0,289.97,,,2025.0,,
9691137,374216000.0,BISHU MARU,LNG Tanker (танкер для перевозки сжиженного природного газа),83752.0,10.3,Панама,vessel,127088.0,293.0,,,2017.0,,
9947615,538010571.0,PUTERI MAYANG,LNG Tanker (танкер для перевозки сжиженного природного газа),93414.0,11.3,Маршалловы Острова,vessel,110331.0,289.97,,,2025.0,,
9484912,219028419.0,"TORM ALLEGRO (ранее TEAM ALLEGRO, ALLEGRO)",Chemical/Oil Products Tanker (танкер для перевозки нефтепродуктов и химических грузов),46184.0,11.0,Дания,vessel,27376.0,182.9,,,2012.0,,
9520376,352346000.0,METHANE MICKIE HARPER,LNG Tanker (танкер для перевозки сжиженного природного газа),86170.0,11.7,Панама,vessel,109004.0,291.07,,,2010.0,,
9752565,431776000.0,ENERGY GLORY,LNG Tanker (танкер для перевозки сжиженного природного газа),88677.0,9.3,Япония,vessel,121981.0,299.9,,,2019.0,,
9294123,631010105.0,"CHONGCHON (ранее LEONIDAS I, PRINCE I, MONTENERO)",Chemical/Oil Products Tanker (танкер для перевозки нефтепродуктов и химических грузов),40158.0,11.0,Экваториальная Гвинея,vessel,24996.0,178.86,,,2006.0,,
9930777,241809000.0,ANTONIS I. ANGELICOUSSIS,"Crude Oil Tanker (танкер для перевозки сырой нефти, класс VLCC)",299998.0,11.1,Греция,vessel,165054.0,329.9,,,2023.0,,
9640437,565513000.0,BW PAVILION VANDA,LNG Tanker (танкер для перевозки сжиженного природного газа),86401.0,9.2,Сингапур,vessel,106273.0,288.9,,,2015.0,,
9766578,232006296.0,BRITISH MENTOR,LNG Tanker (танкер для перевозки сжиженного природного газа),94528.0,11.2,Остров Мэн (Великобритания),vessel,115366.0,294.9,,,2019.0,,
9732694,249329000.0,HAFNIA LOTTE,Chemical/Oil Products Tanker (танкер для перевозки нефтепродуктов и химических грузов),49999.0,11.4,Мальта,vessel,29658.0,183.21,,,2017.0,,
9829370,636022827.0,UNIVERSAL INNOVATOR,Crude Oil Tanker (танкер для перевозки сырой нефти),299546.0,11.0,Либерия,vessel,154137.0,329.98,,,2019.0,,
1054319,563326700.0,BOW FRATERNITY,Chemical/Oil Products Tanker (танкер для перевозки нефтепродуктов и химических грузов),25400.0,9.8,Сингапур,vessel,16222.0,159.0,,,2026.0,,
9828338,241622000.0,ASCONA,Crude Oil Tanker (танкер для перевозки сырой нефти),299999.0,19.9,Греция,vessel,159176.0,332.98,,,2019.0,,
9900655,477708900.0,NEW ERA,Crude Oil Tanker (танкер для перевозки сырой нефти),307645.0,11.2,Гонконг,vessel,162902.0,332.67,,,2021.0,,
9862308,538008814.0,FLEX FREEDOM,LNG Tanker (танкер для перевозки СПГ),95488.0,11.6,Маршалловы Острова,vessel,114380.0,294.9,,,2021.0,,
9852975,228385600.0,ELISA LARUS,LNG Tanker (танкер для перевозки СПГ),95418.0,9.6,Франция,vessel,118286.0,297.0,,,2020.0,,
9389899,636014688.0,ATLANTAS,Crude Oil Tanker (танкер для перевозки сырой нефти),321300.0,11.0,Либерия,vessel,162198.0,333.0,,,2010.0,,
9955997,352002949.0,OCEAN BLUE,Crude Oil Tanker,113385.0,13.2,Панама,vessel,63684.0,239.5,,,2023.0,,
9981219,416084000.0,AN YUN,Oil/Chemical Tanker (танкер для перевозки нефти и химических грузов),50089.0,9.5,Тайвань,vessel,31024.0,183.5,,,2024.0,,
8204729,667001260.0,VICTOR,Oil Products Tanker (танкер для перевозки нефтепродуктов),3348.0,,Сьерра-Леоне,vessel,2146.0,,,,1982.0,,
9298674,419002058.0,DUBAI GREEN,Oil Products Tanker (танкер для перевозки нефтепродуктов),74999.0,8.2,Индия,vessel,42443.0,228.19,,,2005.0,,
9407316,636014592.0,FPMC C JADE,Crude Oil Tanker (танкер для сырой нефти класса VLCC),301785.0,19.3,Либерия,vessel,159869.0,333.0,,,2010.0,,
9319698,352003303.0,CONCORD BREEZE,Crude Oil Tanker (танкер для сырой нефти класса Aframax),109672.0,8.5,Панама,vessel,61822.0,244.6,,,2007.0,,
9778478,477035900.0,PACIFIC HONG KONG,LPG Tanker (танкер для перевозки сжиженного нефтяного газа),54747.0,11.9,Гонконг,vessel,48419.0,226.0,,,2017.0,,
9387944,538011713.0,SEAWAYS MELINA,Chemical/Oil Products Tanker (танкер-химовоз / танкер для нефтепродуктов),51483.0,9.7,Маршалловы Острова,vessel,29767.0,183.9,,,2010.0,,
9754824,374797000.0,"JAGANNATH (ранее — AEOLIAN PEARL, GAS TIGERS)",LPG Tanker (танкер для перевозки сжиженного нефтяного газа),54675.0,11.8,Панама,vessel,47454.0,225.0,,,2016.0,,
1013937,352005768.0,JEFFREYS BAY,Chemical/Oil Products Tanker (танкер-химовоз / танкер для нефтепродуктов),49999.0,11.2,Панама,vessel,29777.0,183.06,,,2025.0,,
9391517,538003578.0,OCEAN PRINCESS I (ранее — OCEAN PRINCESS),Chemical/Oil Products Tanker (танкер-химовоз / танкер для нефтепродуктов),50549.0,7.8,Маршалловы Острова,vessel,30087.0,183.0,,,2008.0,,
9724013,319100600.0,MANCHAC SUN,Chemical/Oil Products Tanker (танкер-химовоз / танкер для нефтепродуктов),49994.0,11.6,Каймановы Острова,vessel,30565.0,186.0,,,2016.0,,
9779991,636022458.0,GAS GEMINI,LPG Tanker (танкер для перевозки сжиженного нефтяного газа),54605.0,12.0,Либерия,vessel,49118.0,225.95,,,2017.0,,
9683336,355511000.0,SILVER ESTHER,Chemical/Oil Products Tanker (танкер-химовоз / танкер для нефтепродуктов),49765.0,11.1,Панама,vessel,29460.0,183.06,,,2014.0,,
9798868,241528000.0,NICOPOLIS,Crude Oil Tanker (танкер для сырой нефти),73879.0,11.8,Греция,vessel,42983.0,228.0,,,2017.0,,
9333656,636012630.0,ICE FIGHTER,Crude Oil Tanker (танкер для сырой нефти),70347.0,7.5,Либерия,vessel,38832.0,228.56,,,2006.0,,
9415662,565238000.0,AYAME,LPG Tanker (танкер для перевозки сжиженного нефтяного газа),55076.0,11.5,Сингапур,vessel,47985.0,230.0,,,2010.0,,
1018482,563264900.0,GREEN ETERNITY,LPG/Chemical Tanker (танкер для перевозки сжиженного газа и химических грузов),32729.0,10.4,Сингапур,vessel,29599.0,190.0,,,2025.0,,
9351440,538005358.0,BELLINI,Crude Oil Tanker (танкер для сырой нефти),73582.0,8.1,Маршалловы Острова,vessel,42337.0,228.6,,,2006.0,,
9729233,538009474.0,MARLIN HESTIA,Oil Products Tanker (танкер-продуктовоз),74260.0,11.9,Маршалловы Острова,vessel,42791.0,228.0,,,2017.0,,
9798947,563036300.0,LADYBOWER,LPG Tanker (танкер для перевозки сжиженного нефтяного газа),10813.0,7.6,Сингапур,vessel,9293.0,119.98,,,2017.0,,
9339351,563326400.0,GINGA MAYA,Chemical/Oil Products Tanker (танкер-химовоз/продуктовоз),19728.0,6.0,Сингапур,vessel,11690.0,144.09,,,2005.0,,
9934890,241797000.0,IRINI,Chemical/Oil Products Tanker (танкер-химовоз/продуктовоз),49990.0,8.3,Греция,vessel,29514.0,183.0,,,2022.0,,
9335044,256197000.0,MRC BELIZ,Chemical/Oil Products Tanker (танкер-химовоз/продуктовоз),46012.0,8.7,Мальта,vessel,29584.0,183.02,,,2007.0,,
9315898,538008905.0,BYZANTION,Chemical/Oil Products Tanker (танкер-химовоз/продуктовоз),39589.0,7.7,Маршалловы Острова,vessel,23340.0,182.55,,,2007.0,,
9683037,235108528.0,KMARIN RESOURCE,Crude Oil Tanker (нефтетанкер),109483.0,9.0,Остров Мэн (Великобритания),vessel,64309.0,250.0,,,2016.0,,
9536375,636023069.0,NAVIGATOR GLOBAL,LPG Tanker (танкер для перевозки сжиженного нефтяного газа),16670.0,8.3,Либерия,vessel,16823.0,154.0,,,2011.0,,
1026829,257492850.0,CLIPPER GALLEON,"LPG Tanker (танкер для перевозки сжиженного нефтяного газа, класс «Hazard D»)",56171.0,7.5,Норвегия,vessel,50498.0,230.0,,,2026.0,,
9387920,538011237.0,SEAWAYS CREST,Oil/Chemical Products Tanker (танкер для перевозки нефтепродуктов и химических грузов),51510.0,8.0,Маршалловы Острова,vessel,29767.0,183.0,,,2009.0,,
9987550,636022844.0,ITHACA GAS,LPG Tanker (танкер для перевозки сжиженного нефтяного газа),56457.0,7.5,Либерия,vessel,49267.0,230.0,,,2025.0,,
9399882,370573000.0,LEFKARA,Chemical/Oil Products Tanker (танкер для перевозки нефтепродуктов и химических грузов),49996.0,7.7,Панама,vessel,30040.0,183.0,,,2008.0,,
9694634,219654000.0,NAVIGARE GAIA,LPG Tanker (танкер для перевозки сжиженного нефтяного газа),54516.0,8.1,Дания,vessel,47347.0,225.0,,,2015.0,,
9732539,538006837.0,BW BRAGE,LPG Tanker (танкер для перевозки сжиженного нефтяного газа),54053.0,8.0,Маршалловы Острова,vessel,47965.0,225.22,,,2016.0,,
9560986,352006800.0,RONG JIN ZHI LU,Chemical/Oil Products Tanker (танкер для перевозки нефтепродуктов и химических грузов),6284.0,7.0,Вануату,vessel,5064.0,99.62,,,2012.0,,
9990519,636025257.0,PACIFIC INEOS SELA,LPG Tanker (танкер для перевозки сжиженного нефтяного газа),60463.0,10.5,Либерия,vessel,56103.0,230.0,,,2025.0,,
9864954,563119500.0,SERI EVEREST,LPG Tanker (танкер для перевозки сжиженного нефтяного газа),59642.0,8.9,Сингапур,vessel,60784.0,229.98,,,2020.0,,
9575577,311066300.0,SONANGOL PORTO AMBOIM,Crude Oil Tanker (танкер для перевозки сырой нефти),157639.0,9.5,Багамские Острова,vessel,83753.0,274.0,,,2012.0,,
9298313,232006316.0,VS PROSPERA,Crude Oil Tanker (танкер для перевозки сырой нефти),73869.0,11.7,Остров Мэн (Великобритания),vessel,41966.0,228.6,,,2005.0,,
9372858,636014739.0,LADY CHRISTINA,Crude Oil Tanker (танкер для перевозки сырой нефти),73626.0,8.2,Либерия,vessel,42010.0,228.6,,,2007.0,,
9943308,636022158.0,CL JANE AUSTEN,Chemical/Oil Products Tanker (танкер для перевозки нефтепродуктов и химических грузов),49328.0,11.9,Либерия,vessel,30259.0,183.24,,,2022.0,,
9247819,257509000.0,NICE,LPG Tanker (танкер для перевозки сжиженного нефтяного газа),44639.0,7.5,Норвегия,vessel,35346.0,205.0,,,2003.0,,
9732369,241467000.0,MARAN GAS VERGINA,LNG Tanker (танкер для перевозки сжиженного природного газа),95194.0,9.4,Греция,vessel,113037.0,294.9,,,2016.0,,
9667485,229748000.0,STENA IMPERIAL,"Chemical/Oil Products Tanker (танкер для перевозки нефтепродуктов и химических грузов, классификация «Hazardous B»)",49750.0,11.7,Мальта,vessel,29680.0,183.17,,,2015.0,,
9852951,636020882.0,DOM EXPLORER,LPG Tanker (танкер для перевозки сжиженного нефтяного газа),50513.0,12.0,Либерия,vessel,46668.0,229.99,,,2019.0,,
9760500,636017500.0,SOLOMON SEA,Crude Oil Tanker (танкер для перевозки сырой нефти),106359.0,10.6,Либерия,vessel,57164.0,229.0,,,2016.0,,
9785720,255915915.0,AQUASURAZO,Crude Oil Tanker (танкер для перевозки сырой нефти),113032.0,15.2,Португалия (Мадейра),vessel,61888.0,244.0,,,2017.0,,
9682320,538005476.0,SILVER VALERIE,Chemical/Oil Products Tanker (танкер для перевозки нефтепродуктов и химических грузов),49715.0,8.0,Маршалловы Острова,vessel,29460.0,183.0,,,2014.0,,
9864966,563123800.0,SERI ERLANG,LPG Tanker (танкер для перевозки сжиженного нефтяного газа),59654.0,12.3,Сингапур,vessel,60784.0,229.98,,,2021.0,,
9665748,311000112.0,POLARIS VOYAGER,Crude Oil Tanker (танкер для перевозки сырой нефти),155415.0,9.3,Багамские Острова,vessel,85147.0,275.6,,,2014.0,,
9789271,538009824.0,MELODY HOPE,"Crude Oil Tanker (супертанкер, VLCC)",300927.0,20.6,Маршалловы Острова,vessel,152811.0,328.0,,,2022.0,,
9797876,374993000.0,G. SPIRIT,LPG Tanker (танкер для перевозки сжиженного нефтяного газа),54502.0,8.3,Панама,vessel,47558.0,225.0,,,2018.0,,
9935480,636021212.0,STL HUANGPU,LPG Tanker (танкер для перевозки сжиженного нефтяного газа),63824.0,11.8,Либерия,vessel,61272.0,229.97,,,2023.0,,
9799214,477372400.0,NEW TREASURE,"Crude Oil Tanker (супертанкер, VLCC)",307105.0,11.0,Гонконг,vessel,163327.0,332.68,,,2019.0,,
9987615,255915646.0,BRILLIANT FUTURE,LPG/Chemical Tanker (танкер для перевозки сжиженного газа и химических грузов),25009.0,9.7,Португалия (Мадейра),vessel,28559.0,188.24,,,2025.0,,
9326873,538009651.0,"ALBARO (ранее: SUNNY LION, MARIBEL)",Oil Products Tanker (танкер для перевозки нефтепродуктов),74999.0,8.5,Маршалловы Острова,vessel,42835.0,228.5,,,2007.0,,
9800659,353754000.0,RICH RAINBOW,Chemical/Oil Products Tanker (танкер для перевозки химических грузов и нефтепродуктов),49999.0,7.6,Панама,vessel,29513.0,182.5,,,2021.0,,
9389784,477639800.0,XIN HAN YANG,"Crude Oil Tanker (супертанкер, VLCC)",297293.0,11.0,Гонконг,vessel,153206.0,330.0,,,2009.0,,
9933444,352001822.0,LANTANA PLANET,LPG Tanker (газовоз),55153.0,11.3,Панама,vessel,49943.0,229.9,,,2023.0,,
9922768,563181500.0,HARZAND,LPG Tanker (газовоз),57975.0,12.2,Сингапур,vessel,54634.0,230.0,,,2023.0,,
1030246,563294500.0,GAS LOTUS,LPG Tanker (танкер для перевозки сжиженного газа),64197.0,12.0,Сингапур,vessel,57585.0,230.0,,,2025.0,,
9827700,538011043.0,PASCAGOULA VOYAGER,"Crude Oil Tanker (супертанкер, VLCC)",318608.0,11.4,Маршалловы Острова,vessel,163214.0,336.0,,,2019.0,,
9671216,636016398.0,NAVIGATOR OBERON,LPG/Chemical Tanker (газовоз/химовоз),16994.0,6.5,Либерия,vessel,17208.0,159.91,,,2014.0,,
9718765,538006500.0,NAKHAL SILVER,Chemical/Oil Products Tanker (танкер для перевозки химических грузов и нефтепродуктов),45923.0,9.0,Маршалловы Острова,vessel,29354.0,183.06,,,2016.0,,
9818216,319130700.0,NORDIC AQUARIUS,Crude Oil Tanker (танкер для перевозки сырой нефти),157338.0,9.6,Каймановы Острова,vessel,80779.0,277.0,,,2018.0,,
9711547,538005774.0,HAFNIA AVENTURINE,Chemical/Oil Products Tanker (танкер для перевозки химических грузов и нефтепродуктов),38506.0,10.0,Маршалловы Острова,vessel,23676.0,184.0,,,2015.0,,
9422407,351075000.0,PICHINCHA,Crude Oil Tanker (танкер для перевозки сырой нефти),105093.0,15.3,Панама,vessel,57258.0,244.0,,,2010.0,,
1014058,352005692.0,GAS KING,LPG Tanker (газовоз),57447.0,12.1,Панама,vessel,51899.0,226.97,,,2026.0,,
9611955,355147000.0,G. SWAN,LPG Tanker (газовоз),54842.0,8.5,Панама,vessel,47459.0,225.0,,,2013.0,,
9410882,636019358.0,KALAHARI (ранее NORTHERN SPIRIT),Crude Oil Tanker (танкер для перевозки сырой нефти),112827.0,8.7,Либерия,vessel,62775.0,250.0,,,2009.0,,
9786217,219382000.0,MAERSK CYPRUS,Chemical/Oil Products Tanker (танкер-химовоз / продуктовоз),49919.0,11.8,Дания,vessel,29816.0,183.15,,,2020.0,,
9767235,374402000.0,ISLA DE BIOKO,Chemical/Oil Products Tanker (танкер-химовоз / продуктовоз),51609.0,8.7,Панама,vessel,30480.0,186.0,,,2016.0,,
9938042,256205000.0,PALAMAS,Crude Oil Tanker (танкер для перевозки сырой нефти),115286.0,11.2,Мальта,vessel,62917.0,249.96,,,2023.0,,
9387281,235060303.0,ENERGY CENTAUR,Crude Oil Tanker (танкер для перевозки сырой нефти),74995.0,8.2,Соединенное Королевство (о. Мэн),vessel,42416.0,228.29,,,2008.0,,
9785732,636017859.0,AQUATRAVESIA,Crude Oil Tanker (танкер для перевозки сырой нефти),113032.0,8.5,Либерия,vessel,61888.0,244.0,,,2017.0,,
9244659,366948190.0,ALASKAN FRONTIER,Crude Oil Tanker (танкер для перевозки сырой нефти),193049.0,10.3,Соединенные Штаты Америки,vessel,110693.0,287.25,,,2004.0,,
9850692,636019152.0,CLEAROCEAN AJAX,Crude Oil Tanker (танкер для перевозки сырой нефти),113252.0,10.6,Либерия,vessel,61060.0,249.9,,,2019.0,,
9665736,311000111.0,PEGASUS VOYAGER,Crude Oil Tanker (танкер для перевозки сырой нефти),155374.0,8.9,Багамские острова,vessel,85147.0,276.0,,,2014.0,,
9796937,477168500.0,FOREVER PROSPERITY,Oil/Chemical Tanker (танкер для перевозки нефти и химических продуктов),49940.0,11.6,Гонконг,vessel,29684.0,183.2,,,2018.0,,
9577032,636016698.0,LIGURIAN SEA,Crude Oil Tanker (танкер для перевозки сырой нефти),116715.0,12.2,Либерия,vessel,64089.0,249.9,,,2011.0,,
9900679,477735500.0,NEW COROLLA,Crude Oil Tanker (супертанкер класса VLCC для перевозки сырой нефти),307551.0,13.4,Гонконг,vessel,162893.0,332.67,,,2021.0,,
9761944,636017480.0,SUNRAY,Crude Oil Tanker (танкер для перевозки сырой нефти),74040.0,9.0,Либерия,vessel,42826.0,228.0,,,2016.0,,
9717101,538005822.0,STI GUARD,Crude Oil Tanker (танкер для перевозки сырой нефти),109999.0,11.0,Маршалловы Острова,vessel,64245.0,249.99,,,2016.0,,
9770505,241439000.0,MARAN ATHENA,Crude Oil Tanker (супертанкер класса VLCC для перевозки сырой нефти),319398.0,16.9,Греция,vessel,161287.0,336.0,,,2016.0,,
9473054,229957000.0,PS TRIESTE,Crude Oil Tanker (танкер для перевозки сырой нефти),107546.0,10.5,Мальта,vessel,60205.0,244.0,,,2011.0,,
9426207,235076274.0,EAGLE HAMILTON,Crude Oil Tanker (танкер для перевозки сырой нефти),114022.0,10.0,Остров Мэн (Великобритания),vessel,62851.0,249.9,,,2010.0,,
9665736,311000111.0,PEGASUS VOYAGER,Crude Oil Tanker (танкер для перевозки сырой нефти),155374.0,8.9,Багамские острова,vessel,85147.0,276.0,,,2014.0,,
9193551,338371000.0,POLAR ENDEAVOUR,Crude Oil Tanker (танкер для перевозки сырой нефти),141740.0,17.5,США (United States of America),vessel,85387.0,272.69,,,2001.0,,
9459280,538004167.0,ARGENT IRIS,Chemical/Oil Products Tanker (танкер для перевозки химических грузов и нефтепродуктов),34862.0,7.7,Маршалловы Острова,vessel,20334.0,174.43,,,2011.0,,
9859210,563113400.0,HARRISBURG,Chemical/Oil Products Tanker (танкер для перевозки химических грузов и нефтепродуктов),50192.0,8.5,Сингапур,vessel,30087.0,183.09,,,2020.0,,
9759898,369042000.0,AMERICAN FREEDOM,Chemical/Oil Products Tanker (танкер для перевозки химических грузов и нефтепродуктов),49828.0,9.6,США (United States of America),vessel,29801.0,183.0,,,2017.0,,
9752395,248672000.0,AMARTHEA,Crude Oil Tanker (танкер для перевозки сырой нефти),112794.0,9.0,Мальта,vessel,63593.0,249.95,,,2018.0,,
9408126,367353080.0,EMPIRE STATE,Chemical/Oil Products Tanker (танкер для перевозки химических грузов и нефтепродуктов),48635.0,8.6,США (United States of America),vessel,29527.0,183.0,,,2010.0,,
9363833,538011547.0,GOBY,Chemical/Oil Products Tanker (танкер для перевозки химических грузов и нефтепродуктов),19994.0,8.9,Маршалловы Острова,vessel,11623.0,145.5,,,2008.0,,
9321562,,,Crude Oil Tanker (танкер для перевозки сырой нефти),74999.0,8.3,Сьерра-Леоне,vessel,,228.49,,,2007.0,,
9945459,538010613.0,CELSIUS GLARUS,LNG Tanker (танкер для перевозки сжиженного природного газа),92385.0,10.9,Маршалловы Острова,vessel,119063.0,299.0,,,2024.0,,
9363833,,,,19994.0,8.9,Маршалловы Острова.,vessel,,145.5,23.7,,,2008.0,
9291248,,,,107160.0,8.5,Египет.,vessel,,248.0,43.0,,,2006.0,
9270488,,,,72365.0,13.1,Антигуа и Барбуда.,vessel,,228.6,32.26,,,2004.0,
9411197,,,,105372.0,14.1,Греция.,vessel,,228.6,42.0,,,2009.0,
9601194,,,,111827.0,14.1,Маршалловы Острова.,vessel,,249.98,44.03,,,2012.0,
9378369,,,,159021.0,13.7,Либерия.,vessel,,274.7,48.0,,,2009.0,
9319674,,,,109647.0,9.1,Экваториальная Гвинея.,vessel,,244.6,42.0,,,2007.0,
9386536,,,,113021.0,14.2,Россия.,vessel,,250.0,44.0,,,2009.0,
9543524,,,,104594.0,13.7,Маршалловы Острова.,vessel,,228.6,42.0,,,2012.0,
9407847,,,,73334.0,13.9,Либерия.,vessel,,228.0,32.26,,,2009.0,
9260809,,,,110673.0,11.5,Египет.,vessel,,246.0,42.0,,,2003.0,
9863223,,,,49999.0,9.2,Панама.,vessel,,230.0,36.6,,,2000.0,
9206384,,,,74999.0,12.1,Сингапур.,vessel,,228.4,38.0,,,2020.0,
9173721,,,,105570.0,8.5,Египет.,vessel,,248.0,43.0,,,1999.0,
9940459,,,,111006.0,9.0,Либерия.,vessel,,250.0,44.0,,,2022.0,
9301029,,,,105363.0,7.6,Багамские острова.,vessel,,239.0,42.0,,,2006.0,
9234587,,,,46764.0,11.5,Багамские острова.,vessel,,182.72,32.2,,,2002.0,
1133751,,,,46568.0,7.5,"Танзания (согласно данным AIS), исторически числился под флагом Китая.",vessel,,183.0,32.0,,,2012.0,
9231468,,,,109390.0,9.5,Барбадос.,vessel,,244.6,42.0,,,2002.0,
9801524,,,,114674.0,13.2,Багамские острова.,vessel,,250.0,44.0,,,2017.0,
9917854,,,,55202.0,12.0,Саудовская Аравия.,vessel,,183.0,35.0,,,2022.0,
9594896,,,,74986.0,8.0,Маршалловы острова.,vessel,,228.0,32.24,,,2013.0,
9281578,,,,45557.0,6.3,Маршалловы острова.,vessel,,183.0,32.2,,,2005.0,
1049388,,,,73684.0,8.2,Либерия.,vessel,,228.0,32.0,,,2026.0,
9306639,,,,109672.0,14.7,Индонезия.,vessel,,244.6,42.0,,,2007.0,
9384227,,,,319464.0,11.0,Саудовская Аравия.,vessel,,332.0,60.0,,,2008.0,
9388924,,,,74889.0,7.9,Индия.,vessel,,228.07,32.24,,,2009.0,
9484742,,,,319302.0,21.7,Саудовская Аравия.,vessel,,333.0,60.0,,,2010.0,
9602722,,,,73847.0,8.7,Дания.,vessel,,228.6,32.26,,,2013.0,
9336414,,,,105839.0,9.0,Маршалловы Острова.,vessel,,240.5,42.0,,,2007.0,
9719721,,,,109999.0,9.0,Маршалловы Острова.,vessel,,249.9,44.0,,,2016.0,
9448700,,,,314000.0,10.7,Саудовская Аравия.,vessel,,333.0,60.0,,,2010.0,
9804459,,,,157617.0,9.5,Маршалловы Острова.,vessel,,276.0,48.0,,,2018.0,
9722182,,STI GRATITUDEIMO номер: 9722182,Танкер для перевозки сырой нефти (Aframax / LR2),109999.0,8.8,"Маршалловы острова Основные габариты: Длина (LOA) — 249.99 м, ширина — 44.00 м",vessel,642452.0,249.99,44.0,На ходу (Under way),2017.0,9.0,взаимодействия с данным судном оценивается как низкий.Рекомендация: Судно является добросовестным контрагентом. Стандартная процедура проверки контрагента (Due Diligence) является полностью достаточной для верификации легитимности сделки.
9915105,273259900.0,KORYAK FSU,Floating Storage/Production (FSO — Плавучее нефтехранилище),192072.0,10.0,Россия (RUSSIA),vessel,251053.0,400.0,,На якоре (Moored),,,
9353113,613812500.0,JUN MA,Oil/Chemical Tanker (Танкер для перевозки нефти/химических грузов),,9.3,Камерун (CAMEROON),vessel,,184.0,,На якоре (At Anchor),,,
9289520,306667000.0,DHEZI,Chemical/Oil Products Tanker (Танкер для перевозки нефти и химических продуктов),53106.0,7.5,Кюрасао (CURACAO) / Барбадос (BARBADOS) — примечание: в данных системы наблюдается расхождение между реестром флага и данными AIS.,vessel,30053.0,186.42,,Стоит (Stopped),2005.0,,
9318553,273277750.0,SAGA (ранее — NS Spirit),Oil/Chemical Tanker (Танкер для перевозки нефти и химических продуктов),46941.0,8.0,Россия (RUSSIA),vessel,27357.0,182.5,,На ходу (Underway using Engine),2006.0,,
9253909,511100897.0,JAMES II,Crude Oil Tanker (Танкер для перевозки сырой нефти),149995.0,9.5,Палау (PLW),vessel,,272.0,,Not Under Command (Не управляется / Ограничен в возможности маневрировать),2002.0,,
9389564,636013375.0,ATHINA,Crude Oil Tanker (Танкер для перевозки сырой нефти),74999.0,13.5,Либерия (LR),vessel,,228.0,,Underway using Engine (В движении под двигателем),2008.0,,для логистической цепочки низкий. Основной фокус внимания при мониторинге данного актива должен быть сосредоточен на его прохождении через Суэцкий канал и последующем распределении груза в портах Средиземного моря.
9772357,248347000.0,MARATHI,Crude Oil Tanker (Танкер для перевозки сырой нефти),149992.0,14.8,Мальта (MT),vessel,,274.3,,Underway using Engine (В движении под двигателем),2018.0,,
9379210,636024998.0,"CORE AXIS (ранее SHENLONG, SHENLONG SPIRIT)",Crude Oil Tanker (Танкер для перевозки сырой нефти),159021.0,8.7,Либерия (LR),vessel,,274.64,,Underway using Engine (В движении под двигателем),2009.0,,
9391775,372324000.0,BASRAH ENERGY,"Crude Oil Tanker (Танкер для перевозки сырой нефти, класс VLCC)",301583.0,10.6,Панама (PA),vessel,,333.0,,По данным последнего получения сигнала AIS (34 дня назад),2010.0,,
9902615,636020761.0,"BARAKAH (ранее MURBAN, CS SHANDONG VENTURE)","Crude Oil Tanker (Танкер для перевозки сырой нефти, класс VLCC)",307925.0,11.0,Либерия (LR),vessel,,332.49,,По данным последнего получения сигнала AIS (38 дней назад),2021.0,,
9334210,353841000.0,IDEMITSU MARU,"Crude Oil Tanker (Танкер для перевозки сырой нефти, класс VLCC)",300433.0,11.0,Панама (PA),vessel,,333.0,,Underway using Engine (В движении под двигателем),2007.0,,
9603192,412311000.0,"HE RONG HAI (ранее NEW LAUREL, YANGTZE PROSPERITY)","Crude Oil Tanker (Танкер для перевозки сырой нефти, класс VLCC)",320805.0,20.2,Китай (CN),vessel,,333.0,,Underway using Engine (В движении под двигателем),2014.0,,
9569695,422215700.0,"DIONA (ранее STORMBERG, DEW DROP)","Crude Oil Tanker (Танкер для перевозки сырой нефти, класс VLCC)",319297.0,11.5,Иран (IR),vessel,,332.53,,По данным последнего получения сигнала AIS (66 дней назад),2013.0,,
9357183,422206900.0,"HUGE (ранее HANTAMS, MAJESTIC, GLORY, HATEF)","Crude Oil Tanker (Танкер для перевозки сырой нефти, класс VLCC)",317367.0,20.0,Иран (IR),vessel,,333.0,,По последним зафиксированным данным (29 дней назад),2008.0,,
9231901,669613000.0,"PING SHUN (ранее URGANE I, VENICE, INTISAR, AEGEAN SPIRIT)",Crude Oil Tanker (Танкер для перевозки сырой нефти),112668.0,8.0,Эсватини (SZ),vessel,,249.97,,At Anchor (На якоре),2002.0,,
9365776,610000027.0,"AZELIA (ранее LYDIA II, MAREN, MAZYONAH)","Crude Oil Tanker (Танкер для перевозки сырой нефти, класс VLCC)",319901.0,12.0,Бенин (BJ),vessel,,333.0,,"По последним зафиксированным данным, судно находится в статусе «Stopped» (Остановлено)",2009.0,,
9365764,611000138.0,"AMEN (ранее AYDEN, MARLEY, MANAH)","Crude Oil Tanker (Танкер для перевозки сырой нефти, класс VLCC)",319993.0,11.3,Ботсвана (BW) / Коморские острова (KM) (наблюдается расхождение в данных регистрации),vessel,,333.0,,"At Anchor (На якоре в архипелаге Риау, Индонезия)",2008.0,,
9365752,610000029.0,"FLORA (ранее FIONA, CORDELIA, MARBAT)","Crude Oil Tanker (Танкер для перевозки сырой нефти, класс VLCC)",319994.0,20.7,Бенин (BJ),vessel,,333.0,,По последним зафиксированным данным (15 дней назад),2008.0,,
9290359,650000301.0,ZHEN ZHU (ранее OTTOMAN NOBILITY),Crude Oil Tanker (Танкер для перевозки сырой нефти),152622.0,8.8,Мозамбик (MZ) / Барбадос (BB) — наблюдается противоречие в данных реестров.,vessel,,269.19,,At Anchor (На якоре в районе Сингапура),2005.0,,
9183362,620800080.0,"GOLDEN SUNRISE (ранее PAEONY, NEW PROSPERITY)",Crude Oil Tanker (Танкер для перевозки сырой нефти),281050.0,11.0,Коморские острова (KM),vessel,,330.0,,"At Anchor (На якоре в архипелаге Риау, Индонезия)",1999.0,,
9308998,468760000.0,"BANGUS (ранее POLA, CHEMTRANS POLARIS)",Crude Oil Tanker (Танкер для перевозки сырой нефти),72291.0,8.0,Сирия (SY) / Барбадос (BB) — наблюдается расхождение в данных реестров.,vessel,,228.6,,"Under way using Engine (На ходу, под управлением двигателей)",2005.0,,
9747120,249791000.0,EGRET (ранее NORD OCEANIA),Chemical/Oil Products Tanker (Танкер-химовоз/продуктовоз),49996.0,11.2,Мальта (MT),vessel,,182.57,,Under way using Engine (На ходу),2018.0,,
9012915,,RANI,"Crude Oil Tanker (Танкер для перевозки сырой нефти, класс VLCC)",301686.0,,Греция (GR),vessel,,332.05,,,1993.0,,
9264881,620800058.0,OMRA (ранее WEN HU [название на корпусе в image_4148a1.jpg]),"Crude Oil Tanker (Танкер для перевозки сырой нефти, класс VLCC)",300544.0,20.5,Коморские острова (KM),vessel,,333.0,,"По последним зафиксированным данным, судно находится в статусе «At Anchor» (На якоре)",2004.0,,
9282106,603913000.0,"SIONA (исторические названия: ORIENTAL QUEEN, ARTEMIS GAS, LUNA, KANTI)",LPG Tanker (Танкер для перевозки сжиженного газа),53194.0,11.2,"Ангола (AO) — в базе АИС также встречаются данные о флаге Коморских островов, что указывает на недавнюю смену или параллельную регистрацию.",vessel,,225.0,,"At Anchor (На якоре, район Хор-Факкан, ОАЭ)",2004.0,,
8617055,,"SIMBA (ранее ORE, LORENA, LORENA BR)",Oil Products Tanker (Танкер-продуктовоз),45229.0,,Самоа,vessel,,185.0,,,1996.0,,
9174397,649114000.0,"ARES (ранее LISA, MELISSA AMY, SINO MACRO, WINSON NO. 6, DS COMMANDER)","Crude Oil Tanker (Танкер для перевозки сырой нефти, класс VLCC)",311168.0,11.0,Мали (ML),vessel,,334.45,,Stopped (Остановлено / На стоянке),1999.0,,
9238868,477722100.0,"MACHO QUEEN (ранее GIANT, GRACE, RED STEM, OLYMPIC LEGEND)","Crude Oil Tanker (Танкер для перевозки сырой нефти, класс VLCC)",309270.0,20.2,Гонконг (HK),vessel,,332.97,,,2003.0,,
9257010,306410000.0,"SHAURYAII (ранее FORTUNE GALAXY, EUROBRAVE, RIDGEBURY SALLY B, ACS BRAVE, SANKO BRAVE)",Crude Oil Tanker (Танкер для перевозки сырой нефти),105672.0,,Кюрасао (CW) / Неизвестно (последние данные указывают на статус «Not in Service»),vessel,,239.0,,,2003.0,,
9162928,632001088.0,"NOBLE (исторические названия: ARCTURUS, LADY SOFIA, TAGUS, HURON, ASTRA)",Chemical/Oil Products Tanker (Танкер-химовоз/продуктовоз),47198.0,,Гвинея (GN),vessel,,182.5,,At Anchor (На якоре),1998.0,,
9285756,629009484.0,"BILI (ранее BRITISH LIBERTY, LIBERTY, BLACK PANTHER)",Chemical/Oil Products Tanker (Танкер-химовоз/продуктовоз),46803.0,8.0,Гамбия (GM),vessel,,183.22,,At anchor (На якоре),2004.0,,
9162163,750330000.0,"SKIPPER (исторические названия: TOYO, MAERA, ADISA)","Crude Oil Tanker (Танкер для перевозки сырой нефти, класс VLCC)",310309.0,21.4,Гайана (GY),vessel,,333.0,,At anchor (На якоре),2005.0,,
9264881,620800058.0,"OMRA (исторические названия: NISSHO MARU, NEREIDES, COSMOS, VANI)","Crude Oil Tanker (Танкер для перевозки сырой нефти, класс VLCC)",300544.0,,Коморские острова (KM),vessel,,333.0,,At Anchor (На якоре),2004.0,,
9379404,603922000.0,"CELESTE (исторические названия: CLIPPER SIRIUS, SOLINA GAS, GAS DIOR)",LPG Tanker (Танкер для перевозки сжиженного газа),54048.0,7.7,Ангола (AO),vessel,,227.21,,At anchor (На якоре),2008.0,,
9289776,610000040.0,"MAISAN (исторические названия: AFFINITY, EMERALD SHINER, GALATIA, GAGAN)",Oil Products Tanker (Танкер-продуктовоз),73741.0,,Бенин (ранее Панама),vessel,,228.0,,,2005.0,,
9332810,273270560.0,"PHOENIX (исторические названия: FENIKS, BORACAY, PUSHPA, KIWALA, VARUNA, ODYSSEUS, P. FOS, VIRGO SUN, PACIFIC APOLLO)","Crude Oil Tanker (Танкер для перевозки сырой нефти, класс Aframax)",115577.0,,Россия,vessel,,243.8,,,2007.0,,
9292163,518999103.0,"BERTHA (исторические названия: MONICA S, FRONT FORCE, ONOBA, SEA FORCE)","Crude Oil Tanker (Танкер для перевозки сырой нефти, класс VLCC)",305442.0,21.5,Острова Кука (CK),vessel,,330.0,,,2004.0,,
9577082,273278950.0,PREMIER (историческое название: SCF PRIME),Crude Oil Tanker (Танкер для перевозки сырой нефти),74581.0,,Россия,vessel,,228.48,,,2011.0,,
9281152,352001694.0,AQUILA II,"Crude Oil Tanker (Танкер для перевозки сырой нефти, класс Suezmax)",159073.0,,Панама,vessel,,274.0,,,2004.0,,
9102277,620999528.0,"ITAUGUA (исторические названия: CINNAMON, PERON, LILA ROME)","Crude Oil Tanker (Танкер для перевозки сырой нефти, класс VLCC)",300361.0,,Коморские острова (KM),vessel,,340.0,,,1997.0,,
9493779,636015015.0,SMYRNI,"Crude Oil Tanker (Танкер для перевозки сырой нефти, класс Suezmax)",149998.0,16.5,Либерия,vessel,,274.48,,,2011.0,,
9379210,636024998.0,"CORE AXIS (исторические названия: SHENLONG, SHENLONG SPIRIT)","Crude Oil Tanker (Танкер для перевозки сырой нефти, класс Suezmax)",159021.0,8.7,Либерия,vessel,,274.64,,,2009.0,,
9256066,273251810.0,LIGOVSKY PROSPECT,"Crude Oil Tanker (Танкер для перевозки сырой нефти, класс Aframax)",114639.0,8.5,Россия,vessel,,249.9,,,2003.0,,
9327413,632001110.0,"KAROL (исторические названия: ARISTO, ARISTIDIS)",Oil/Chemical Tanker (Танкер для перевозки нефти и химических грузов),37497.0,,Гвинея (флаг удобства),vessel,,184.02,,,2006.0,,
9299745,632001095.0,"ALGORITM (исторические названия: APUS, HS ARGE, ARGEUS, MESAIEED)",Oil Products Tanker (Танкер для перевозки нефтепродуктов),106007.0,,Гвинея (флаг удобства),vessel,,244.0,,,2006.0,,
9577094,461000264.0,"GARNET (исторические названия: SCF PROVIDER, PATHFINDER)","Crude Oil Tanker (Танкер для перевозки сырой нефти, класс LR2)",74548.0,7.8,Оман,vessel,,228.5,,,2011.0,,
9416422,352003620.0,"OCEAN THUNDER (исторические названия: RIDGEBURY JOHN ZIPSER, WILSKY, CRUDE GAMMA)","Crude Oil Tanker (Танкер для перевозки сырой нефти, класс Suezmax)",164772.0,,Панама,vessel,,274.2,,,2009.0,,
9408530,613322700.0,"EVITA IMO: 9408530MMSI: 613322700Тип судна: Crude Oil Tanker (Афрамакс / LR2)Флаг: Камерун (ранее использовались флаги Барбадоса и Палау)Технические характеристики:Длина (LOA): 250 мШирина (Beam): 44 мДедвейт (Deadweight): 115 462 тГод постройки: 20082. Оперативная обстановкаДанные актуальны на 1 июня 2026 г.Текущий статус: Судно находится в процессе следования в порт Дунцзякоу (Китай), ожидаемое время прибытия — 3 июня 2026 г.Последняя активность: Последним пунктом захода был район «Nakhodka STS Offshore» (рейдовая перевалка вблизи Находки, Россия), где судно находилось до 31 мая 2026 г.Операционная стратегия: Использование рейдовой перевалки (STS) вблизи российских портов является стандартной практикой для обхода санкционных ограничений при экспорте российской нефти в страны Азии. 3. Анализ рисков и комплаенс Статус актива: Судно официально классифицировано как часть «теневого флота» (Shadow Fleet). История санкций: Танкер находится под блокирующими санкциями ряда юрисдикций, включая Великобританию, ЕС, Швейцарию, Украину, Канаду и Австралию. Санкции были введены в 2025–2026 гг. из-за систематической транспортировки российской нефти с использованием рискованных практик, включая неоднократное отключение транспондеров АИС. Операторы: С весны 2025 года судно управляется компаниями, связанными с непрозрачными структурами (Aether Craft Co Ltd, Ironclad Group Co Ltd). Аналитическое резюме:Танкер EVITA является высокорисковым активом, находящимся под международными санкциями и активно используемым для экспорта подсанкционной российской нефти в КНР. Судно регулярно посещает российские порты и зоны перевалки (такие как Козьмино и Находка), применяя тактику «темного» судоходства (отключение АИС). Взаимодействие с данным судном или его операторами несет экстремальные регуляторные и репутационные риски для любых международных контрагентов.",Crude Oil Tanker (Афрамакс / LR2),115462.0,,Камерун (ранее использовались флаги Барбадоса и Палау),vessel,,250.0,,,2008.0,,
9334038,538002662.0,BEST SHANGHAI (историческое название: YASA GOLDEN BOSPHORUS),Crude Oil Tanker (Танкер класса Aframax),115867.0,8.1,Маршалловы Острова,vessel,,248.96,,,2007.0,,
9548990,422044800.0,"ATEELA 1 (исторические названия: CHINO 1, CYRUS 1)",Oil Products Tanker (Танкер-продуктовоз малого дедвейта),6500.0,,Иран,vessel,,99.5,,,2009.0,,
9221970,422160500.0,"SOBAR (исторические названия: RISE DIGNITY, HS ALCINA, SOMJIN)",Crude Oil Tanker (Танкер класса Suezmax),160183.0,,Иран,vessel,,274.01,,,2001.0,,
9569712,422209700.0,DUNE (историческое название: DUSK),Crude Oil Tanker (Супертанкер класса VLCC — Very Large Crude Carrier),319247.0,,Иран,vessel,,332.95,,,2013.0,,
9172038,422153000.0,"SINOPA (исторические названия: SUPERIOR, DAISY, SUSANGIRD)",Crude Oil Tanker (Танкер класса Suezmax),159681.0,15.5,Иран,vessel,,274.0,,,1999.0,,
9253117,356569000.0,"AN SHUN II (исторические названия: NAVE CELESTE, BW LUCK, WORLD LUCK)",Crude Oil Tanker (Супертанкер класса VLCC — Very Large Crude Carrier),298717.0,,Панама,vessel,,332.0,,,2003.0,,
9290086,371386000.0,"SMD WORLD (исторические названия: MACEO, CARMEN, TI HELLAS)",Crude Oil Tanker (Супертанкер класса VLCC — Very Large Crude Carrier),319254.0,12.0,Панама,vessel,,332.9,,,2005.0,,
9259317,538011855.0,"EDOR (исторические названия: FEDOR, NIDIA)",Oil Products Tanker (Танкер-продуктовоз),70156.0,7.8,Маршалловы Острова,vessel,,228.08,,,2003.0,,
9229439,350161000.0,,Crude Oil Tanker (Супертанкер класса VLCC),299999.0,20.3,,vessel,,329.95,,,2001.0,,
9114581,603916000.0,,LPG Tanker (Танкер для перевозки сжиженного нефтяного газа),49743.0,,Ангола,vessel,,230.0,,,1995.0,,
9271406,570313000.0,,Crude Oil Tanker (Танкер для перевозки сырой нефти),105817.0,,Тонга (исторически — Коморские острова),vessel,,241.03,,,2003.0,,
9236248,650000127.0,,Crude Oil Tanker (Танкер для перевозки сырой нефти),105851.0,,Мозамбик (исторически — Коморские острова),vessel,,248.0,,,2002.0,,
9264881,620800058.0,,Crude Oil Tanker (Супертанкер класса VLCC),300544.0,,Коморские острова,vessel,,333.0,,,2004.0,,
9379404,603922000.0,,LPG Tanker (Танкер для перевозки сжиженного нефтяного газа),54048.0,,Ангола,vessel,,227.21,,,2008.0,,
9293131,636025759.0,,Crude Oil Tanker (Танкер для перевозки сырой нефти),159152.0,,Либерия,vessel,,274.47,,,2005.0,,
9409986,350654000.0,,"Chemical/Oil Products Tanker (Танкер-химовоз, категория Hazard D)",6790.0,,Никарагуа,vessel,,109.99,,,2008.0,,
9430715,306077000.0,,Chemical/Oil Products Tanker,13937.0,,Кюрасао,vessel,,146.0,,,2012.0,,
9258595,306895000.0,,"Chemical/Oil Products Tanker (Танкер-химовоз, категория Hazard D)",47288.0,,Кюрасао,vessel,,182.5,,,2004.0,,
9246487,518998202.0,,Oil Products Tanker (Танкер для перевозки нефтепродуктов),6902.0,,Острова Кука,vessel,,109.9,,,2001.0,,
9262912,352001225.0,,Oil Products Tanker (Танкер для перевозки нефтепродуктов),47999.0,,Панама,vessel,,179.99,,,2004.0,,ВЫСОКИЙ РИСК
9358802,511101645.0,,Chemical/Oil Products Tanker,11410.0,,Палау,vessel,,136.83,,,2009.0,,
9233973,511101749.0,,Oil Products Tanker (Танкер для перевозки нефтепродуктов),45763.0,,Палау,vessel,,179.8,,,2002.0,,
9277371,257945367.0,,Chemical/Oil Products Tanker (Танкер для перевозки химических грузов и нефтепродуктов),14803.0,,Норвегия,vessel,,141.2,,Статус «Stopped» (остановлено),2003.0,,
9464156,511100268.0,,Oil/Chemical Tanker (Танкер для перевозки нефтепродуктов и химических грузов),12807.0,,Палау,vessel,,134.85,,,2009.0,,
9242443,350708000.0,,Chemical/Oil Products Tanker,44485.0,,Никарагуа,vessel,,176.0,,,2002.0,,
9255684,,,Crude Oil Tanker (Танкер для перевозки сырой нефти),105330.0,,,vessel,,244.0,,,2004.0,,
9546710,647553022.0,,Oil Products Tanker,9985.0,,Мадагаскар,vessel,,119.9,,,2010.0,,
9034705,611000269.0,,LPG/Chemical Tanker,23256.0,,Ботсвана,vessel,,159.98,,,1993.0,,
9353905,422000102.0,,Chemical/Oil Products Tanker,13148.0,,Иран,vessel,,127.57,,,2007.0,,
9053816,511100397.0,,LPG/Chemical Tanker,4332.0,,Палау,vessel,,108.0,,,1996.0,,
9176929,620800174.0,,Crude Oil Tanker,37916.0,,Коморские острова,vessel,,183.25,,,2002.0,,
9240885,511101781.0,,Chemical/Oil Products Tanker,46362.0,,Палау,vessel,,183.0,,,2002.0,,
9267962,611000278.0,,LPG/Chemical Tanker,8709.0,,"Ботсвана (согласно AIS), Панама (исторически)",vessel,,119.95,,,2003.0,,
9167162,620999032.0,,Crude Oil Tanker,34999.0,,Коморские острова (в текущих данных) / Никарагуа (на изображении image_a81c23.jpg),vessel,,171.2,,,2000.0,,
9155341,655317000.0,,LPG Tanker / Oil/Chemical Tanker,18111.0,,"Малави (по данным AIS), Палау (по данным регистрации)",vessel,,154.95,,,1998.0,,
9147394,632001167.0,,LPG/Chemical Tanker,17779.0,,"Гвинея (текущий) / Панама (исторический, см. image_a7b762.jpg)",vessel,,145.18,,,1999.0,,
9002908,373502000.0,,LPG Tanker (газовоз),64220.0,,Панама,vessel,,227.6,,,1992.0,34.0,
9258519,477401400.0,,Crude Oil Tanker,298563.0,,Гонконг,vessel,,332.4,,,2004.0,,
9294329,371595000.0,,Crude Oil Tanker,311389.0,,Панама,vessel,,333.0,,,2005.0,,
9534614,352255000.0,HH GLORY,LPG Tanker (газовоз),54867.0,,Панама,vessel,,230.0,,,2011.0,,
9240158,305697000.0,,LPG/Chemical Tanker,9265.0,,Антигуа и Барбуда,vessel,,124.9,,,2003.0,,
9178068,629009490.0,,Oil Products Tanker,47106.0,,Гамбия,vessel,,182.5,,,1999.0,,
9379698,570321000.0,,Crude Oil Tanker,296481.0,,Тонга,vessel,,330.0,,,2009.0,,
9196644,629009392.0,,Crude Oil Tanker,298465.0,,Гамбия,vessel,,332.95,,,2002.0,,
9326055,352002475.0,,Crude Oil Tanker (VLCC),298522.0,,Панама,vessel,,330.0,,,2006.0,,
9353125,667001251.0,,Chemical/Oil Products Tanker,37296.0,,Сьерра-Леоне,vessel,,184.33,,,2008.0,,
9323314,613448500.0,,Chemical/Oil Products Tanker,52622.0,,Камерун,vessel,,195.3,,,2006.0,,
9328170,613442803.0,,Crude Oil / Oil Products Tanker,113849.0,,Камерун,vessel,,249.9,,,2007.0,,
9257814,667002283.0,,Crude Oil Tanker,107081.0,,Сьерра-Леоне,vessel,,246.0,,,2003.0,,
9610808,273253130.0,ANATOLY KOLODKIN,Crude Oil Tanker (нефтеналивной танкер),118316.0,,Россия,vessel,,249.9,,,2013.0,,
9323338,273276070.0,,Chemical/Oil Products Tanker,52679.0,,Россия,vessel,,195.3,,,2006.0,,
9417464,620800047.0,,Crude Oil Tanker,105188.0,,"Коморские острова (согласно AIS), в исторической справке также упоминается Панама.",vessel,,244.0,,,2009.0,,
9288368,636023192.0,,Oil Products Tanker,47278.0,,Либерия,vessel,,182.5,,,2005.0,,
9413559,273251530.0,,Crude Oil Tanker (нефтеналивной танкер),111107.0,12.7,Россия,vessel,,249.99,,,2009.0,,
9280885,352001692.0,,Crude Oil Tanker (нефтеналивной танкер),159055.0,,Панама,vessel,,274.07,,,2004.0,,
9381744,273274460.0,,Crude Oil Tanker (нефтеналивной танкер),112511.0,,Россия,vessel,,249.97,,,2008.0,,
9377042,273311240.0,,Chemical/Oil Products Tanker (танкер-химовоз/продуктовоз),6526.0,,Россия,vessel,,138.7,,,2006.0,,
9292163,518999103.0,,Crude Oil Tanker (супертанкер класса VLCC),305442.0,21.5,Острова Кука,vessel,,330.0,,,2004.0,,
9728708,,BELGIUM B,Нефтяной танкер (VLCC — Very Large Crude Carrier),298991.0,11.0,Либерия,vessel,,333.0,60.0,Пришвартовано (Moored),2016.0,,
9235725,,BLACK MARLIN (текущее название),Нефтяной танкер (Aframax),105166.0,,Камерун,vessel,,248.0,43.0,,2003.0,,
9923487,,YIANNIS LATSIS,Нефтяной танкер (VLCC — Very Large Crude Carrier),299999.0,20.5,Греция,vessel,,330.0,60.0,На ходу (Under way),2022.0,,
9307176,,AL DEEBEL,Танкер для перевозки сжиженного природного газа (LNG Tanker),78594.0,9.2,Багамские острова,vessel,,283.06,43.4,На ходу (Under way),2005.0,,
9800271,,TILOS IТип судна: Нефтяной танкер (Suezmax),Нефтяной танкер (Suezmax),149999.0,16.5,"Либерия IMO номер: 980027 1Год постройки: 2018 (верфь New Times Shipbuilding, Китай)",vessel,,274.3,48.0,На ходу (Under way),2018.0,,
9360843,,AL THUMAMA,Танкер для перевозки сжиженного природного газа (LNG Tanker),113749.0,9.4,Маршалловы острова,vessel,,315.0,50.0,На ходу (Under way),2008.0,,
9659127,,SOPHIE SCHULTE,Газовоз (LPG Tanker / Fully Refrigerated),28576.0,,Сингапур,vessel,,174.0,30.0,На ходу (Under way),2014.0,,
9224295,,OCTANS,Нефтяной танкер (VLCC — Very Large Crude Carrier),309371.0,,Никарагуа,vessel,,333.28,58.0,"На ходу (в направлении порта Аланг, Индия)",2001.0,,
9326809,,DESH ABHIMAAN,Нефтяной танкер (Suezmax Crude Oil Tanker),159040.0,,Индия,vessel,,274.0,48.0,На якоре (At anchor),2007.0,,.
9427627,,ADEBOLA ADELINE,Нефтяной танкер (Suezmax Crude Oil Tanker),156813.0,8.6,Либерия,vessel,,274.5,48.0,На якоре (At anchor),2009.0,,
9397353,,ONAIZA,Газовоз (LNG Tanker / Q-Flex LNG),121939.0,9.4,Маршалловы острова,vessel,,315.0,50.0,На якоре (At anchor),2009.0,,
9930117,,ALTHEA,Нефтяной танкер (LR2 / Aframax),115194.0,13.5,Греция,vessel,,249.9,44.0,На якоре (At anchor),2022.0,,
9298399,,AL THAKHIRAТип судна: Танкер для перевозки сжиженного природного газа (LNG Tanker),Танкер для перевозки сжиженного природного газа (LNG Tanker),78542.0,,"Багамские острова IMO номер: 9298399 Год постройки: 2005 (верфь Samsung Heavy Industries, Южная Корея)",vessel,,283.0,43.4,По состоянию на июнь 2026 года судно является активным коммерческим судном. Последние данные AIS указывают на движение в сторону порта Рас-Лаффан (Ras Laffan),2005.0,,
9397341,,AL SADD,Газовоз (LNG Tanker / Q-Flex LNG),121913.0,9.4,Маршалловы острова,vessel,,315.0,50.0,Судно находится в районе якорной стоянки Мумбаи (MUMBAI OPL — Outer Port Limit),2009.0,,
9384198,,MANIFAТип судна: Нефтяной танкер (VLCC — Very Large Crude Carrier),Нефтяной танкер (VLCC — Very Large Crude Carrier),319427.0,,Саудовская Аравия IMO номер: 9384198 Год постройки: 2008,vessel,,333.0,60.0,На ходу (в районе побережья Индии),2008.0,,".Статус: По состоянию на июнь 2026 года судно не находится под санкциями.Аналитическая оценка: MANIFA является крупным и прозрачным коммерческим активом, эксплуатируемым национальной нефтяной компанией Саудовской Аравии. Судно задействовано в регулярных экспортных операциях и не имеет отношения к «теневому флоту» или деятельности по обходу санкционных режимов."
9687514,,KORTRIJK,Танкер для перевозки сжиженного нефтяного газа (LPG Tanker),29588.0,7.3,Бельгия,vessel,,181.7,29.4,На ходу (Under way),2016.0,,.
9456939,,FLAGSHIP ORCHID,Танкер-продуктовоз (LR1 / Panamax),74577.0,,Маршалловы Острова,vessel,422082.0,,32.2,,2012.0,,взаимодействия с данным судном оценивается как низкий.
1024572,,MERAK,Газовоз (LPG танкер / VLGC — Very Large Gas Carrier),55354.0,,Маршалловы Острова,vessel,495982.0,,32.0,На ходу (в пути),2025.0,,взаимодействия с данным судном оценивается как низкий. Стандартная процедура проверки (Due Diligence) является полностью достаточной для подтверждения возможности сотрудничества.
9737022,,BIBL (указано в данных AIS как название судна),Танкер для нефтепродуктов / Химовоз,49990.0,,Тайвань,vessel,293282.0,,32.0,Ошвартовано (Moored),2016.0,10.0,взаимодействия с данным судном оценивается как низкий.
9810654,,PRELUDE,Танкер-химовоз / Продуктовоз (Handy),34843.0,,"Панама Основные габариты: Длина общая (LOA) — 179.54 м, ширина — 27.40 м",vessel,213262.0,,27.4,Ошвартовано (Moored),2020.0,6.0,взаимодействия с данным судном оценивается как низкий.Рекомендация: Стандартная процедура проверки контрагента (Due Diligence) является достаточной. Судно может рассматриваться как надежный участник логистических операций.
9913767,,FPMC S RUBY,Танкер-химовоз / Продуктовоз,19999.0,,Тайвань,vessel,124712.0,,24.0,Ошвартовано (Moored),2021.0,5.0,взаимодействия с данным судном оценивается как низкий.
9173202,,EXPRESS SAIL,Танкер-химовоз / Продуктовоз,8012.0,,Панама,vessel,49152.0,,16.5,На якоре / У причала (активность в зоне порта Гаосюн),1998.0,28.0,взаимодействия с данным судном оценивается как низкий.
9740794,,LAVENDER RAY,Танкер-химовоз (Chemical/Oil Products Tanker),19994.0,6.5,Либерия,vessel,11918.0,,,,2017.0,9.0,НИЗКИЙ РИСК
9912000,,NEW ADEN,Танкер для перевозки сырой нефти (VLCC — Very Large Crude Carrier),306474.0,20.4,Гонконг (Китай),vessel,162925.0,332.95,60.0,,2022.0,4.0,НИЗКИЙ РИСК
9979448,,MARATHO,Танкер для перевозки нефтепродуктов/химикатов (MR2),49999.0,7.8,Либерия,vessel,293612.0,183.0,32.0,,2025.0,1.0,НИЗКИЙ РИСК
9461855,,TORM GENESIS (ранее SKS DONGGANG),Танкер для перевозки нефти и нефтепродуктов (Aframax / LR2),119456.0,9.0,Сингапур,vessel,662112.0,,,,2011.0,15.0,НИЗКИЙ РИСК
9371610,,STEN ARNOLD,Танкер-химовоз / нефтепродуктовоз (Intermediate),16578.0,8.1,Португалия (Мадейра),vessel,11943.0,144.1,23.0,,2008.0,18.0,НИЗКИЙ РИСК
9710311,,ECO CORSAIR (бывш. B GAS SUNRISE),Газовоз (LPG Tanker / Coaster),3703.0,6.6,Кипр,vessel,,95.0,15.96,,2014.0,12.0,НИЗКИЙ РИСК
9970519,,THUN RELIANCE,Танкер-химовоз / нефтепродуктовоз (Product Tanker),7999.0,5.7,Нидерланды,vessel,,114.95,15.87,,2024.0,2.0,НИЗКИЙ РИСК
9722182,,STI GRATITUDE (бывш. NAVIG8 GRATITUDE),Танкер для перевозки нефтепродуктов (LR2 / Aframax),109999.0,14.7,Маршалловы Острова,vessel,64245.0,249.99,44.0,,2017.0,9.0,НИЗКИЙ РИСК
9795062,,EAGLE BRASILIA,"Танкер для перевозки сырой нефти (Aframax / LR2, LNG Dual-Fuel)",113416.0,9.0,Сингапур,vessel,62150.0,249.84,43.8,,2019.0,7.0,НИЗКИЙ РИСК
9747974,,TERN SEA,Танкер-химовоз / нефтепродуктовоз (Intermediate),14878.0,8.1,Дания (DIS),vessel,,147.0,22.0,,2016.0,10.0,НИЗКИЙ РИСК
9576777,,"NING HUA 451 (бывш. SEAHAWK, INTREPID SEAHAWK)",Танкер-химовоз / нефтепродуктовоз (Chemical/Oil Products Tanker),25588.0,6.5,Китай (PRC),vessel,19793.0,177.6,27.4,,2011.0,15.0,НИЗКИЙ РИСК
1029869,,ATREBATES,Танкер для перевозки сырой нефти (VLCC — Very Large Crude Carrier),321761.0,11.2,Бельгия,vessel,164743.0,339.0,60.0,,2025.0,,НИЗКИЙ РИСК
1037139,,EBURONES,Танкер для перевозки сырой нефти (VLCC — Very Large Crude Carrier),321735.0,21.2,Бельгия,vessel,164743.0,339.0,60.0,,2026.0,,НИЗКИЙ РИСК
1044106,,MENAPII,Танкер для перевозки сырой нефти (VLCC — Very Large Crude Carrier),319000.0,11.2,Бельгия,vessel,164743.0,339.0,60.0,,2026.0,,НИЗКИЙ РИСК
1050624,,MORINI,Танкер для перевозки сырой нефти (VLCC — Very Large Crude Carrier),319000.0,11.1,Бельгия,vessel,,339.0,60.0,,2026.0,,НИЗКИЙ РИСК
9686388,,BW LEVANT,Газовоз для перевозки сжиженного газа (LPG Tanker / VLGC).,53658.0,8.2,Маршалловы Острова.,vessel,,226.0,36.6,,2015.0,11.0,НИЗКИЙ РИСК
9940382,,JIAN HANG AN DA,Танкер-химовоз / нефтепродуктовоз (Chemical/Oil Products Tanker),6165.0,5.0,Китай (PRC),vessel,4541.0,109.8,16.8,,2022.0,4.0,НИЗКИЙ РИСК
9843663,,HAI GANG ZHI YUAN,"Специализированное судно-бункеровщик (Chemical/Oil Products Tanker, модернизированное под бункеровку метанолом).",13798.0,5.2,Китай (PRC).,vessel,8916.0,140.0,20.2,,2021.0,5.0,НИЗКИЙ РИСК
9874234,,HENG XING YOU YI (бывш. ZHE NENG YOU 1),Танкер для перевозки нефтепродуктов (Oil Products Tanker),12097.0,5.5,Китай (PRC),vessel,9205.0,139.98,20.2,,2020.0,6.0,НИЗКИЙ РИСК
9677612,,YAN SHUN,Газовоз (LPG Tanker / Coaster),7736.0,6.8,Китай (PRC) Порт приписки: Шанхай,vessel,7472.0,112.0,19.0,,2013.0,13.0,НИЗКИЙ РИСК
9952622,,CHANG LONG 51,Газовоз (LPG Tanker / Coaster),5183.0,4.4,Китай (PRC),vessel,4963.0,100.0,18.5,,2022.0,4.0,НИЗКИЙ РИСК
9406350,,CHANG HANG SHUI JING,Танкер для перевозки нефтепродуктов (Product Tanker),49969.0,10.0,Китай (PRC),vessel,31534.0,185.0,32.24,,2008.0,18.0,НИЗКИЙ РИСК
1087328,,CHANG LONG 76,Танкер-химовоз / нефтепродуктовоз (Chemical/Oil Products Tanker),7473.0,6.2,Китай (PRC),vessel,5919.0,120.0,18.0,,2025.0,,НИЗКИЙ РИСК
9408542,,LING HONG (также фигурирует под названием TONG TU),Танкер для перевозки сырой нефти (Crude Oil Tanker / LR2),109250.0,6.6,Панама (ранее также упоминается флаг Сьерра-Леоне),vessel,62982.0,250.0,43.96,,2008.0,18.0,
9354313,,JASMINE (бывш. ZALIV AMURSKIY),Танкер для перевозки сырой нефти (Aframax / LR2),104542.0,,Оман,vessel,601782.0,243.88,42.0,,2008.0,18.0,ВЫСОКИЙ РИСК
9237785,,NIRETAIMO номер: 9237785,Танкер для перевозки сырой нефти (VLCC — Very Large Crude Carrier),316476.0,8.8,Вануату (Vanuatu),vessel,164292.0,333.04,60.0,,2003.0,23.0,ВЫСОКИЙ РИСК
9717125,,"TORM HELGA (бывш. STI GOAL, NAVIG8 GOAL)",Танкер для перевозки сырой нефти / нефтепродуктов (LR2 / Aframax),109999.0,9.0,Дания (DIS),vessel,64245.0,250.0,44.0,,2016.0,10.0,НИЗКИЙ РИСК
9617557,,SHENG HANG HUA 5 (бывш. FENG HAI 25),"Танкер-химовоз / нефтепродуктовоз (Chemical/Oil Products Tanker, HAZ-B)",8045.0,6.5,Китай (PRC),vessel,5614.0,120.11,18.0,,2011.0,15.0,НИЗКИЙ РИСК
9359399,,"XING TONG 789 (бывш. GULF MIRDIF, STOLT GULF MIRDIF)",Танкер-химовоз / нефтепродуктовоз (Chemical/Oil Products Tanker),44997.0,11.3,Китай (PRC),vessel,26329.0,182.88,32.2,,2010.0,16.0,НИЗКИЙ РИСК
9651735,,MAO XIN,Газовоз (LPG Carrier / Coaster),3013.0,,Китай (PRC),vessel,29812.0,100.0,15.2,,2012.0,14.0,НИЗКИЙ РИСК
9133068,,"CR TETHYS (бывш. YONGSHENG OCEAN, AGILITY, MAERSK CLARISSA, BRO CHARLOTTE)",Танкер-химовоз / нефтепродуктовоз (MR Tanker),44970.0,9.6,Камерун (Cameroon),vessel,,180.0,32.2,,1997.0,29.0,ВЫСОКИЙ РИСК
9689029,,CHANG LONG 21 (бывш. FENG HAI 36),Танкер-химовоз / нефтепродуктовоз (Chemical/Oil Products Tanker),19975.0,8.6,Китай (PRC),vessel,13222.0,160.5,17.0,,2014.0,12.0,НИЗКИЙ РИСК
9335408,,DONG HAI 210,Танкер для перевозки нефтепродуктов (Oil Products Tanker),7679.0,,Китай (PRC),vessel,45692.0,117.75,17.6,,2005.0,21.0,НИЗКИЙ РИСК
9344825,,LIAN XING HU,Танкер для перевозки сырой нефти (Crude Oil Tanker / LR1),75504.0,12.7,Китай (PRC),vessel,43153.0,228.6,32.26,,2006.0,20.0,НИЗКИЙ РИСК
8795871,,JIAN XING 15,Танкер-химовоз / нефтепродуктовоз (Chemical/Oil Products Tanker),4071.0,5.5,Китай (PRC),vessel,2992.0,96.6,15.2,,2016.0,10.0,НИЗКИЙ РИСК
9363807,,JN NEPTUNE (бывш. SUN NEPTUNE)IMO номер: 9363807,Танкер-химовоз / нефтепродуктовоз (Chemical/Oil Products Tanker),12909.0,7.6,Республика Корея (South Korea),vessel,7215.0,121.52,20.6,,2007.0,19.0,НИЗКИЙ РИСК
9996020,,ATLANTIC VOYAGER,Газовоз (LPG Tanker / VLGC — Very Large Gas Carrier),55711.0,12.1,Багамские Острова,vessel,49551.0,230.0,32.0,,2026.0,,НИЗКИЙ РИСК
9330393,,THAI CHEMI (бывш. ORIENTAL ROSE),"Танкер-химовоз / нефтепродуктовоз (Chemical/Oil Products Tanker, HAZ-B)",14351.0,6.7,Маршалловы Острова,vessel,8259.0,134.16,20.5,,2006.0,20.0,НИЗКИЙ РИСК
9934644,,GREEN AZURE,Танкер для перевозки сырой нефти (Aframax / LR2),114516.0,13.7,Португалия (Мадейра),vessel,64314.0,249.9,44.0,,2023.0,3.0,НИЗКИЙ РИСК
9245691,,DA QING 453,Танкер для перевозки сырой нефти (Crude Oil Tanker),45773.0,,Китай (PRC),vessel,292882.0,192.9,32.2,,2002.0,24.0,НИЗКИЙ РИСК
9828780,,AWABI (бывш. LANDBRIDGE WISDOM),Танкер для перевозки сырой нефти (VLCC — Very Large Crude Carrier),307894.0,,Маршалловы Острова,vessel,1630812.0,332.95,60.0,,2020.0,6.0,НИЗКИЙ РИСК
9433509,,"TORM ATLANTIC (бывш. MAERSK MALTA, GIACINTA)",Танкер-химовоз / нефтепродуктовоз (MR Tanker),49999.0,11.1,Дания,vessel,30289.0,183.2,32.2,,2010.0,16.0,НИЗКИЙ РИСК
9864277,,VINGAREN,Танкер-бункеровщик (Bunkering Tanker),5561.0,5.3,Швеция,vessel,,99.74,18.5,,2020.0,6.0,НИЗКИЙ РИСК
9367372,,ERICUSA M (бывш. PROCIDA),Танкер-химовоз / нефтепродуктовоз (Chemical/Oil Products Tanker),17999.0,6.4,Италия,vessel,11414.0,147.5,22.4,,2009.0,17.0,НИЗКИЙ РИСК
9272735,,"W NORTH (бывш. BOMAR QUEST, ESHIPS QUEST, NAVITAS QUEST)",Танкер-химовоз / нефтепродуктовоз (Small/Coastal Tanker),8501.0,5.5,Мальта,vessel,,118.0,18.8,,2003.0,23.0,НИЗКИЙ РИСК
9366263,,KARDIANI (бывш. HIGH SATURN),Танкер-химовоз / нефтепродуктовоз (MR/LR1),51527.0,11.4,Мальта,vessel,,183.0,32.2,,2008.0,18.0,НИЗКИЙ РИСК
9390458,,FOX LUNA,Танкер-бункеровщик / малый танкер для перевозки нефтепродуктов,3692.0,6.0,Швеция,vessel,,79.96,13.2,,2008.0,18.0,НИЗКИЙ РИСК
9724544,,"SEA NIMBUS (бывш. MAERSK NIMBUS, BRITISH NIMBUS)",Танкер-химовоз / нефтепродуктовоз (Handy / MR Tanker),39999.0,10.3,Мальта,vessel,,183.0,32.0,,2016.0,10.0,НИЗКИЙ РИСК
9578012,,"CGAS LEOPARD (бывш. ALULAR, JS ALULAR)",Газовоз (LPG Tanker / Coaster),4986.0,5.5,Мальта,vessel,,99.86,17.4,,2012.0,14.0,НИЗКИЙ РИСК
9898204,,FURE VITEN,Танкер-химовоз / нефтепродуктовоз (Chemical/Oil Products Tanker),17999.0,8.6,Швеция,vessel,127632.0,149.9,22.8,,2021.0,5.0,НИЗКИЙ РИСК
9766322,,SONANGOL MAIOMBE,Танкер для сырой нефти (Suezmax),156935.0,15.0,Багамские острова,vessel,842142.0,274.08,48.0,,2017.0,9.0,НИЗКИЙ РИСК
9544683,,"TORC (бывш. FMT KNIDOS, ATLANTIK GLORY)",Танкер-химовоз / нефтепродуктовоз (Chemical/Oil Products Tanker),13214.0,8.4,Мальта,vessel,83912.0,135.59,20.6,,2010.0,16.0,НИЗКИЙ РИСК
9350898,,CORAL LACERA (бывш. CORAL NETTUNO),Газовоз (LPG Tanker / Coaster),4999.0,6.3,Либерия,vessel,54412.0,109.0,18.0,,2006.0,20.0,НИЗКИЙ РИСК
9311622,,"DINASTY (бывш. VLADIMIR TIKHONOV, VANGUARD)",Танкер для сырой нефти (Suezmax),162397.0,9.3,Оман,vessel,871462.0,280.5,50.0,,2006.0,20.0,
9607722,,SEA JEWEL,Танкер для сырой нефти (Aframax / LR2),112081.0,14.5,Панама,vessel,623162.0,250.0,44.0,,2013.0,13.0,ВЫСОКИЙ РИСК
1043695,,ARION,Танкер для сырой нефти (Aframax / LR2),114824.0,13.7,Багамские острова,vessel,601772.0,244.0,44.0,,2026.0,,НИЗКИЙ РИСК
9384590,,PLATA GLORY (бывш. FRONT KATHRINE),Танкер для сырой нефти (VLCC — Very Large Crude Carrier),297974.0,11.5,Маршалловы острова,vessel,1566512.0,330.0,60.0,,2009.0,17.0,СРЕДНИЙ РИСК
9829679,,SUNRISE RAY (бывш. BW RADON),Танкер-химовоз / нефтепродуктовоз (Chemical/Oil Products Tanker),19976.0,,Либерия,vessel,119182.0,146.5,24.0,,2018.0,8.0,НИЗКИЙ РИСК
1043695,,ARION,Танкер для сырой нефти (Aframax / LR2),114824.0,13.7,Багамские острова,vessel,601772.0,244.0,44.0,,2026.0,,НИЗКИЙ РИСК
9788552,,PACIFIC JASPER,Танкер-химовоз / нефтепродуктовоз (Chemical/Oil Products Tanker),49998.0,12.2,Либерия,vessel,295132.0,182.5,32.2,,2019.0,7.0,НИЗКИЙ РИСК
9986116,,SHAFALLAH,Газовоз (LNG Tanker / Large LNG Carrier),94326.0,9.5,Либерия,vessel,1149832.0,295.0,47.0,,2025.0,1.0,НИЗКИЙ РИСК
9973676,,AQUA RAY,Танкер-химовоз / нефтепродуктовоз (Chemical/Oil Products Tanker),21950.0,7.1,Либерия,vessel,133032.0,149.93,25.0,,2023.0,3.0,НИЗКИЙ РИСК
9108099,,"PISSARO (исторически: GAS BOMBAY, GAS MARYAM, JAG VAYU)",Танкер для перевозки сжиженного газа (LPG/MGC),38518.0,,Малави (по данным на июнь 2026 г.),vessel,253002.0,180.51,29.0,,1996.0,30.0,
9362877,,YAKUMOSAN,Танкер для перевозки сырой нефти (VLCC),302165.0,,Маршалловы острова,vessel,1599432.0,333.0,60.0,,2008.0,18.0,НИЗКИЙ РИСК
9718777,,MAHADAH SILVER,Танкер-химовоз / нефтепродуктовоз (MR),45923.0,,Маршалловы острова,vessel,293542.0,183.0,32.2,,2016.0,10.0,НИЗКИЙ РИСК
9838577,,LION,Танкер (Aframax / LR2),114036.0,,Либерия,vessel,634162.0,250.0,44.0,,2021.0,5.0,НИЗКИЙ РИСК
9343390,,TENJUN,Танкер для перевозки сырой нефти (VLCC),302107.0,,Панама,vessel,1599272.0,333.0,60.0,,2008.0,18.0,НИЗКИЙ РИСК
9750050,,DILIGENT WARRIOR,Танкер для перевозки сырой нефти (Suezmax),149992.0,,Греция,vessel,812872.0,274.0,48.0,,2016.0,10.0,НИЗКИЙ РИСК
9915569,,GRAND BONANZA,Танкер для перевозки сырой нефти (VLCC),299988.0,21.0,Панама,vessel,1563922.0,336.0,60.0,,2021.0,5.0,НИЗКИЙ РИСК
9907445,,CYPRES (ранее CYPRESS),Танкер для перевозки сырой нефти (Suezmax),158388.0,17.0,Бельгия,vessel,849252.0,274.0,48.0,,2022.0,4.0,НИЗКИЙ РИСК
1097775,,ARISTOTELIS II,Танкер для перевозки сырой нефти (VLCC — Very Large Crude Carrier),306113.0,11.0,Либерия,vessel,160737.0,333.0,60.0,,2026.0,,НИЗКИЙ РИСК
9266994,,LNG ENUGU,Газовоз (LNG Carrier),83160.0,9.3,Бермудские острова,vessel,975612.0,285.47,43.4,,2005.0,21.0,НИЗКИЙ РИСК
9759771,,FRONT CLIPPER,Танкер для перевозки сырой нефти (Suezmax),157351.0,15.4,Маршалловы Острова,vessel,825152.0,,,,2017.0,9.0,НИЗКИЙ РИСК
9686364,,NEW VOYAGEIMO номер: 9686364,Танкер для перевозки сырой нефти (VLCC — Very Large Crude Carrier),313990.0,,Гонконг (Китай),vessel,166094.0,,,,2015.0,11.0,НИЗКИЙ РИСК
9224752,,FSO ASIA,Плавучее нефтехранилище (FSO — Floating Storage and Offloading unit),432023.0,,Маршалловы Острова,vessel,236638.0,,,,2002.0,24.0,НИЗКИЙ РИСК
1015258,,PARNASSOS,Танкер для перевозки сырой нефти (VLCC — Very Large Crude Carrier),302062.0,11.0,Багамские Острова,vessel,157208.0,,,,2025.0,1.0,НИЗКИЙ РИСК
9889564,,DURHAM,Газовоз (LPG Tanker / VLGC — Very Large Gas Carrier),55408.0,11.2,Великобритания (UK),vessel,49231.0,,,,2021.0,5.0,НИЗКИЙ РИСК
9310161,,RENADIMO номер: 9310161,Танкер-химовоз / продуктовоз (MR2),45744.0,11.6,Либерия,vessel,27969.0,,,,2004.0,22.0,ВЫСОКИЙ РИСК
9912854,,AXIOS IIMO номер: 9912854,Танкер для перевозки сырой нефти (Aframax / LR2),115528.0,8.4,Либерия,vessel,62568.0,,,,2022.0,4.0,НИЗКИЙ РИСК
9346926,,CORAL MEDUSA (бывш. CASTEL DELL'OVO),Газовоз (LPG Tanker),4027.0,5.6,"Панама (согласно текущим данным AIS в отчете, хотя в карточке судна указаны Нидерланды как страна флага — требуется уточнение статуса регистрации)",vessel,,95.2,15.5,,2007.0,19.0,НИЗКИЙ РИСК
9254977,,"TRESFJORD (бывш. VADERO HIGHLANDER, CLIPPER HIGHLANDER, CRESCENT HIGHLANDER, MONTIPORA)",Танкер-бункеровщик / малый танкер для перевозки нефтепродуктов,1862.0,3.6,Швеция,vessel,,78.56,10.45,,2003.0,23.0,НИЗКИЙ РИСК
9833113,,EAGLE BALDER,Челночный танкер (Shuttle Tanker / Suezmax),128427.0,9.4,Норвегия,vessel,85745.0,276.65,46.0,,2020.0,6.0,НИЗКИЙ РИСК
9305867,,MINERVA RITA,Танкер-химовоз / нефтепродуктовоз (MR/LR1),50922.0,6.9,Либерия,vessel,,183.0,32.2,,2005.0,21.0,
9466142,,SCOTT SPIRIT,Челночный танкер (Shuttle Tanker / Aframax),109335.0,,Багамские острова,vessel,665632.0,248.56,43.8,,2011.0,15.0,НИЗКИЙ РИСК
9923009,,ALFIOS I,Танкер для перевозки сырой нефти (Aframax / LR2),115351.0,,Либерия,vessel,628092.0,249.9,44.0,,2022.0,4.0,ВЫСОКИЙ РИСК
9387671,,NCC QAMAR (бывш. BERGANGER),Танкер-химовоз / нефтепродуктовоз (MR Tanker),46195.0,,Саудовская Аравия,vessel,297402.0,183.0,32.2,,2009.0,17.0,НИЗКИЙ РИСК
9301524,,DENEB (бывш. PALMER),Танкер для перевозки сырой нефти (Suezmax),158843.0,,Сьерра-Леоне,vessel,813802.0,274.27,48.01,,2006.0,20.0,ВЫСОКИЙ РИСК
9306627,,"PROGRESS (бывш. HUANG HE, WU TONG, KUDOS, TORM MARGIT)",Танкер для перевозки сырой нефти (Aframax / LR2),109672.0,,Россия,vessel,617242.0,244.6,42.0,,2007.0,19.0,ВЫСОКИЙ РИСК
9499876,,FORTALEZA KNUTSEN,Челночный танкер (Shuttle Tanker / Aframax),106316.0,,Багамские острова,vessel,635602.0,253.0,42.0,,2011.0,15.0,НИЗКИЙ РИСК
9513438,,DAN SABIA,Челночный танкер (Shuttle Tanker),59317.0,,Дания,vessel,363032.0,206.0,32.2,,2012.0,14.0,НИЗКИЙ РИСК
9466130,,PEARY SPIRIT,Танкер для перевозки сырой нефти (Aframax),109325.0,,Багамские острова,vessel,671882.0,248.56,43.8,,2011.0,15.0,НИЗКИЙ РИСК
9479802,,KEY SOUTH (бывш. EKIN-S),Танкер-химовоз / нефтепродуктовоз,6412.0,,Мальта,vessel,42872.0,103.1,16.8,,2010.0,16.0,НИЗКИЙ РИСК
9432866,,KATTEGAT (бывш. SAPPHIRE-T),Танкер-химовоз / нефтепродуктовоз,11299.0,,Дания,vessel,73112.0,129.5,19.8,,2008.0,18.0,НИЗКИЙ РИСК
9291640,,"LIMNOS (бывш. CLOVIS, MANDO ONE, ARTEMIS, WESTERN ARCTIC)",Танкер-химовоз / нефтепродуктовоз (Panamax / LR1),53039.0,,Барбадос,vessel,300532.0,186.41,32.2,,2005.0,21.0,ВЫСОКИЙ РИСК
9388209,,"JOHNNY RANGER (бывш. PS HOUSTON, IRON POINT)",Танкер-химовоз / нефтепродуктовоз (MR/LR1),50922.0,,Либерия,vessel,301192.0,183.0,32.2,,2008.0,18.0,НИЗКИЙ РИСК
9816531,,MERCURIUS,Танкер-химовоз / нефтепродуктовоз (малый танкер),7998.0,,Швеция,vessel,69572.0,119.9,19.4,,2019.0,7.0,НИЗКИЙ РИСК
9460241,,STEN FJELL,Танкер-химовоз / нефтепродуктовоз (Product/Chemical Tanker),18561.0,,Португалия (регистр Мадейра),vessel,132832.0,148.71,23.77,,2010.0,16.0,НИЗКИЙ РИСК
9378307,,CORAL FURCATA (бывш. NORGAS CONCEPTION),Газовоз (LNG/Ethylene/LPG Carrier),10441.0,,Либерия,vessel,101052.0,137.01,19.8,,2011.0,15.0,НИЗКИЙ РИСК
9293002,,"NASLEDIE (бывш. BLINT, ARGENT, JAGUAR, S PUMA, SIGNAL PUMA)",Танкер для перевозки сырой нефти (Aframax),105034.0,,Россия,vessel,584182.0,243.8,42.0,,2005.0,21.0,ВЫСОКИЙ РИСК
9827566,,CHIOS STAR,Танкер-химовоз / нефтепродуктовоз (MR / LR1),50506.0,,Маршалловы острова,vessel,295442.0,183.06,32.2,,2018.0,8.0,НИЗКИЙ РИСК
1070844,,NISSOS SANTORINI,Танкер для перевозки сырой нефти (Suezmax Crude Oil Tanker),158000.0,,Маршалловы острова,vessel,835002.0,274.0,48.0,,2026.0,,ВЫСОКИЙ РИСК
9994709,,UM YOSHINO,Танкер-химовоз / нефтепродуктовоз (MR-танкер),49948.0,,Панама,vessel,301312.0,183.06,32.2,,2025.0,1.0,НИЗКИЙ РИСК
9455349,,KITA,"Внутренний танкер (Inland, Motor Tanker), для перевозки жидких грузов (Type C)",,2.8,Нидерланды,vessel,,110.0,11.0,,,,НИЗКИЙ РИСК
9297137,,LOTUS (бывш. STOC PETREA),Танкер-химовоз / нефтепродуктовоз,4514.0,5.0,Швеция,vessel,29562.0,87.82,13.35,,2004.0,22.0,НИЗКИЙ РИСК
9831206,,"CAPTAIN LEON (бывш. ELANDRA PINE, PS ATENE)",Танкер-химовоз / нефтепродуктовоз (MR-танкер),49999.0,,Маршалловы острова,vessel,295282.0,183.06,32.2,,2018.0,8.0,НИЗКИЙ РИСК
9830290,,HAFNIA SHANGHAI,Танкер-химовоз / нефтепродуктовоз (LR1 / Panamax),74999.0,,Мальта,vessel,436932.0,228.43,38.0,,2019.0,7.0,НИЗКИЙ РИСК
9566758,,STOLT SANDPIPER,Танкер-химовоз (Chemical/Oil Products Tanker),4449.0,,Великобритания,vessel,33272.0,90.9,15.6,,2011.0,15.0,НИЗКИЙ РИСК
9340908,,"PLEVNE (бывш. CURACAO TRADER, CLIPPER KITTY)",Танкер-химовоз (Chemical/Oil Products Tanker),11321.0,,Мальта,vessel,77002.0,116.5,20.0,,2007.0,19.0,НИЗКИЙ РИСК
9401312,,RIO FREDRIKSTAD (бывш. SAMUS SWAN),Танкер-химовоз / нефтепродуктовоз (малый танкер),5717.0,5.5,Португалия (регистр Мадейра),vessel,40012.0,105.5,16.8,,2009.0,17.0,СРЕДНИЙ РИСК
9798363,,ELAIA,Танкер-химовоз / нефтепродуктовоз (MR-танкер),49996.0,,Мальта,vessel,295182.0,183.0,32.0,,2019.0,7.0,ВЫСОКИЙ РИСК
9845180,,FPMC 36,Танкер-химовоз / нефтепродуктовоз (MR2 Tanker),49721.0,7.9,Либерия,vessel,288912.0,183.04,32.0,,2020.0,6.0,НИЗКИЙ РИСК
9368778,,CHRISTOPH SCHULTE,Газовоз (LPG Tanker),10309.0,5.7,Сингапур,vessel,91102.0,120.4,19.8,,2007.0,19.0,НИЗКИЙ РИСК
9439876,,ELISALEX SCHULTE,Танкер-химовоз / нефтепродуктовоз,16427.0,7.8,Сингапур,vessel,113252.0,145.15,23.0,,2011.0,15.0,НИЗКИЙ РИСК
9268277,,PAUL E.,Танкер-химовоз (Chemical/Oil Products Tanker),6974.0,5.3,Гибралтар,vessel,46772.0,119.6,16.9,,2005.0,21.0,НИЗКИЙ РИСК
9956599,,VENTURE GATOR,Газовоз (LNG Tanker / Liquefied Natural Gas Carrier),87886.0,11.8,Либерия,vessel,115728.0,290.0,45.8,,2024.0,2.0,НИЗКИЙ РИСК
9704491,,NAVIGATOR UMBRIOIMO номер: 9704491,Газовоз (LPG Tanker / Handy),17040.0,8.3,Либерия,vessel,172082.0,159.86,24.8,,2015.0,11.0,НИЗКИЙ РИСК
9576832,,"XT HONESTY (бывш. TZ GLORY, CYBELE)",Танкер-химовоз / нефтепродуктовоз,18188.0,,Либерия,vessel,113862.0,142.5,23.0,,2022.0,4.0,НИЗКИЙ РИСК
9403310,,PIS PARAGON (бывш. CHALLENGE PARAGON)IMO номер: 9403310,Танкер-химовоз / нефтепродуктовоз (MR-танкер),45920.0,,Сингапур,vessel,281932.0,180.0,32.0,,2009.0,17.0,НИЗКИЙ РИСК
9664782,,"SFL PANTHER (бывш. FRONT PANTHER, FRONT PANTHE2)",Нефтяной танкер (Crude Oil Tanker / Aframax / LR2),99994.0,9.3,Маршалловы острова,vessel,657142.0,250.0,44.0,,2015.0,11.0,НИЗКИЙ РИСК
9706475,,STI ROTHERHITHE,Танкер-химовоз / нефтепродуктовоз (MR-танкер),38734.0,7.2,Маршалловы острова,vessel,242302.0,184.0,27.4,,2015.0,11.0,НИЗКИЙ РИСК
9938004,,CHEM BROADWAY,Танкер-химовоз / нефтепродуктовоз,33450.0,10.4,Либерия,vessel,234022.0,185.0,28.4,,2025.0,1.0,НИЗКИЙ РИСК
9439058,,"NORNS (бывш. ORIENT, LIMNIA, TSURUGA)",Танкер для сырой нефти (VLCC — крупнотоннажный танкер),309960.0,,Габон,vessel,1600682.0,332.99,60.0,,2009.0,17.0,
9439838,,EVERHARD SCHULTE,Танкер-химовоз / нефтепродуктовоз,16658.0,7.3,Сингапур,vessel,112672.0,145.15,23.0,,2010.0,16.0,НИЗКИЙ РИСК
9689146,,HIGH FIDELITY,Танкер-химовоз / нефтепродуктовоз (MR-танкер),49990.0,12.5,Либерия,vessel,299352.0,183.0,32.0,,2014.0,12.0,НИЗКИЙ РИСК
9866976,,SCARLATTI,Танкер-химовоз / нефтепродуктовоз (Chemical/Oil Products Tanker),3888.0,4.8,Кипр,vessel,33002.0,99.98,14.0,,2022.0,4.0,НИЗКИЙ РИСК
9952610,,MARINA M,Танкер-химовоз / нефтепродуктовоз (MR-танкер),49842.0,11.0,Мальта,vessel,294722.0,183.0,32.23,,2022.0,4.0,НИЗКИЙ РИСК
9417218,,"VIRGO (бывш. FPMC 22, NAN LIAN 11)",Танкер-химовоз / нефтепродуктовоз,50997.0,10.9,Либерия,vessel,297342.0,183.0,32.0,,2010.0,16.0,НИЗКИЙ РИСК
9404625,,CORAL LEAF,Газовоз (LPG Tanker / Coaster),4999.0,5.0,Нидерланды,vessel,54412.0,108.0,16.8,,2008.0,18.0,НИЗКИЙ РИСК
9386249,,"SCANDIC (бывш. NORSTAR BALTIC, SWAN BALTIC, OZAY-5)",Танкер-химовоз / нефтепродуктовоз,11505.0,7.7,Дания,vessel,81952.0,130.12,19.6,,2007.0,19.0,НИЗКИЙ РИСК
9902914,,SM BLUEBIRD,Газовоз (LNG Tanker),95641.0,,Панама,vessel,1142212.0,299.0,46.4,,2022.0,4.0,НИЗКИЙ РИСК
9771339,,FRONT DUKE,Танкер для сырой нефти (VLCC — крупнотоннажный танкер),299334.0,11.0,Маршалловы острова,vessel,1550252.0,333.08,60.0,,2016.0,10.0,НИЗКИЙ РИСК
9784001,,TAVISTOCK SQUARE,Танкер для перевозки сырой нефти и нефтепродуктов (Aframax / LR2),114364.0,13.4,Либерия,vessel,642002.0,249.9,44.0,,2019.0,7.0,НИЗКИЙ РИСК
9837573,,JULIA THERESA (бывш. SUN JUPITER),Танкер-химовоз / нефтепродуктовоз (Chemical/Oil Products Tanker),12606.0,8.4,Мальта,vessel,72942.0,127.02,20.4,,2019.0,7.0,НИЗКИЙ РИСК
9327281,,"MONJASA PROVIDER (бывш. SKAW PROVIDER, BROVIG WIND)",Танкер-бункеровщик / нефтепродуктовоз,4279.0,,Мальта,vessel,28892.0,95.82,14.2,,2005.0,21.0,СРЕДНИЙ РИСК
9654787,,ARDMORE ENGINEER (бывш. FRONT MERSEY),Танкер-химовоз / нефтепродуктовоз (MR-танкер),49420.0,7.9,Маршалловы острова,vessel,300692.0,183.0,32.2,,2014.0,12.0,НИЗКИЙ РИСК
9943360,,CL GEORGE ELIOT,Танкер-химовоз / нефтепродуктовоз (MR-танкер),49355.0,11.7,Либерия,vessel,302592.0,183.24,32.2,,2023.0,3.0,НИЗКИЙ РИСК
9743253,,EPIC BONAIRE,Газовоз (LPG Tanker),7198.0,7.0,Сингапур,vessel,62202.0,113.08,19.0,,2016.0,10.0,НИЗКИЙ РИСК
9404364,,JOHN AUGUSTUS ESSBERGER (бывш. BLUE GARNET),Танкер-химовоз / нефтепродуктовоз,6870.0,7.8,Португалия (Мадейра),vessel,48592.0,119.1,16.9,,2010.0,16.0,НИЗКИЙ РИСК
9356622,,EKFJORD (бывш. GAN-SKY),Танкер для перевозки нефтепродуктов (Oil Products Tanker),17006.0,8.5,Норвегия,vessel,121622.0,144.0,17.2,,2009.0,17.0,НИЗКИЙ РИСК
9820283,,"AGIOS NIKOLAOS (бывш. MARVIN INDEPENDENCE, NASIR)",Танкер-химовоз / нефтепродуктовоз (MR-танкер),49988.0,11.3,Маршалловы острова,vessel,300062.0,183.06,32.2,,2018.0,8.0,НИЗКИЙ РИСК
9960980,,NOUNOU,Танкер для сырой нефти (Aframax / LR2),115322.0,8.5,Мальта,vessel,630112.0,250.0,44.0,,2023.0,3.0,ВЫСОКИЙ РИСК
9767340,,FRONT SIRIUS,Танкер для сырой нефти (Aframax / LR2),109896.0,8.7,Маршалловы острова,vessel,628492.0,251.84,44.0,,2017.0,9.0,НИЗКИЙ РИСК
9759757,,FRONT CROWN,Танкер для сырой нефти (Suezmax),157460.0,9.3,Маршалловы острова,vessel,825152.0,276.01,48.0,,2016.0,10.0,НИЗКИЙ РИСК
9229532,,ORACLIFF (бывш. CLIFFWATER),Танкер-химовоз / нефтепродуктовоз (Chemical/Oil Products Tanker),3701.0,,Размерения: 91.29 м × 12.04 м,vessel,21442.0,91.29,12.04,,,,НИЗКИЙ РИСК
9466738,,SLOMAN HERMES,Танкер-химовоз / нефтепродуктовоз (Chemical/Oil Products Tanker),16418.0,5.8,Антигуа и Барбуда,vessel,113112.0,145.15,23.0,,2012.0,14.0,НИЗКИЙ РИСК
9380104,,MITERA (бывш. PIONEER EXPRESS),Танкер для перевозки нефтепродуктов (MR-танкер),47370.0,11.4,Мальта,vessel,269382.0,182.5,32.2,,2009.0,17.0,НИЗКИЙ РИСК
9380386,,MINERVA JOANNA,Танкер-химовоз / нефтепродуктовоз (MR-танкер),46924.0,9.9,Греция,vessel,292952.0,183.0,32.2,,2008.0,18.0,НИЗКИЙ РИСК
9914632,,,Газовоз (LPG Tanker / MGC — Medium Gas Carrier),29649.0,10.2,Либерия,vessel,266142.0,180.0,29.0,,2022.0,4.0,НИЗКИЙ РИСК
9334222,,WHITHAVEN (бывш. GALP MARINE),Нефтеналивной танкер (специализация: бункеровщик / Bunkering Tanker),2967.0,,Соединенное Королевство (UK),vessel,19222.0,83.0,13.0,,2005.0,21.0,НИЗКИЙ РИСК
9266425,,THUN GRANITE (бывш. BRO GRANITE),Танкер-химовоз / нефтепродуктовоз (Chemical/Oil Products Tanker),7559.0,5.0,Нидерланды,vessel,41072.0,114.66,15.0,,2004.0,22.0,НИЗКИЙ РИСК
9577991,,"CGAS TIGER (бывш. CAESAR, JS CAESAR)",Газовоз (LPG Tanker / Coaster),4986.0,5.6,Мальта,vessel,50362.0,100.0,18.0,,2012.0,14.0,НИЗКИЙ РИСК
9528380,,VALLEBLU,Танкер-химовоз / нефтепродуктовоз (MR-танкер),50895.0,6.9,Италия,vessel,298482.0,175.37,32.2,,2011.0,15.0,НИЗКИЙ РИСК
9380740,,CAP THEODORA,Танкер для сырой нефти (Suezmax),158819.0,14.6,Греция,vessel,813242.0,274.3,48.0,,2008.0,18.0,НИЗКИЙ РИСК
9828998,,THUN LIVERPOOL,Танкер-химовоз / нефтепродуктовоз (Chemical/Oil Products Tanker),18684.0,,Нидерланды,vessel,118262.0,149.8,22.8,,2019.0,7.0,НИЗКИЙ РИСК
9988621,,THUN RESOLVE,"Танкер-химовоз / нефтепродуктовоз (Product Tanker, класс ""R-Class"")",7999.0,,Нидерланды,vessel,49232.0,115.0,16.0,,2026.0,,НИЗКИЙ РИСК
9583665,,"RED DIAMOND (бывш. NAVIGARE PARS, MISENO)",Танкер-химовоз / нефтепродуктовоз (LR1 / Panamax),51034.0,8.4,Мальта,vessel,298402.0,183.0,32.2,,2012.0,14.0,НИЗКИЙ РИСК
9439814,,ERIN SCHULTE,Танкер-химовоз / нефтепродуктовоз (Chemical/Oil Products Tanker),16716.0,6.3,Соединенное Королевство (о. Мэн),vessel,112332.0,145.15,23.03,,2009.0,17.0,НИЗКИЙ РИСК
9528043,,DAYTONA,Танкер для сырой нефти (Crude Oil Tanker / Aframax),115896.0,13.0,Мальта,vessel,613322.0,248.97,43.8,,2011.0,15.0,ВЫСОКИЙ РИСК
9474541,,ANGELA,Газовоз (LPG Tanker / Coaster),3998.0,5.3,Бельгия,vessel,34932.0,97.24,16.5,,2010.0,16.0,НИЗКИЙ РИСК
9427990,,CYGNI,Танкер-химовоз / нефтепродуктовоз (Chemical/Oil Products Tanker),14374.0,7.3,Мальта,vessel,89952.0,143.0,22.0,,2010.0,16.0,НИЗКИЙ РИСК
9732826,,MALBEC LEGACY (бывш. TRF MOSS),Танкер-химовоз / нефтепродуктовоз (Chemical/Oil Products Tanker),37596.0,7.8,Маршалловы Острова,vessel,238612.0,184.0,27.4,,2016.0,10.0,НИЗКИЙ РИСК
9983956,,FURE VYL,Танкер-химовоз / нефтепродуктовоз (Handy-Tanker),17952.0,5.9,Швеция,vessel,127632.0,149.0,30.0,,2024.0,2.0,НИЗКИЙ РИСК
9907809,,SOLAR LAI FONG,"Танкер-химовоз / нефтепродуктовоз (Chemical/Oil Products Tanker, MR-танкер)",49358.0,11.3,Либерия,vessel,302592.0,183.19,32.19,,2021.0,5.0,НИЗКИЙ РИСК
9332834,,"MYSTERY (бывш. SOORAJ, WISDOMS DAUGHTER, JUPITER SUN)",Танкер для сырой нефти (Crude Oil Tanker / Aframax),115577.0,8.0,Экваториальная Гвинея,vessel,591642.0,243.8,42.0,,2007.0,19.0,
9422550,,DUBAI BRILLIANCE,Танкер для сырой нефти (Crude Oil Tanker / Aframax),115617.0,13.6,Маршалловы Острова,vessel,632982.0,250.0,44.0,,2011.0,15.0,НИЗКИЙ РИСК
9699995,,KEDARNATH (бывш. SPREAD EAGLE),Газовоз (LPG Tanker / VLGC - Very Large Gas Carrier),54557.0,8.4,Маршалловы Острова,vessel,473472.0,225.13,36.6,,2016.0,10.0,НИЗКИЙ РИСК
9828144,,CAPTAIN NIKOS,Танкер-химовоз / нефтепродуктовоз (Chemical/Oil Products Tanker),49999.0,10.7,Маршалловы Острова,vessel,295282.0,183.0,32.0,,2018.0,8.0,НИЗКИЙ РИСК
9830288,,HAFNIA HONG KONG,Танкер-химовоз / нефтепродуктовоз (LR1 / Panamax),74999.0,12.4,Мальта,vessel,436932.0,228.43,38.0,,2019.0,7.0,НИЗКИЙ РИСК
9978339,,SFL TAURUS,Танкер для перевозки сырой нефти / нефтепродуктов (Aframax / LR2),109895.0,9.2,Маршалловы Острова,vessel,643912.0,250.0,44.0,,2024.0,2.0,НИЗКИЙ РИСК
9771913,,LNG SCHNEEWEISSCHEN,СПГ-танкер (LNG Carrier),98747.0,9.5,Панама,vessel,1196602.0,297.9,47.9,,2018.0,8.0,НИЗКИЙ РИСК
9747106,,LIAN XI HU,"Танкер-химовоз / нефтепродуктовоз (Chemical/Oil Products Tanker, LR1)",50252.0,12.2,Гонконг (Китай),vessel,298482.0,183.0,32.0,,2017.0,9.0,
9707845,,ARDMORE CHEROKEE,Танкер-химовоз / нефтепродуктовоз (Chemical/Oil Products Tanker),25215.0,8.9,Маршалловы Острова,vessel,155912.0,158.9,26.6,,2015.0,11.0,НИЗКИЙ РИСК
9973640,,METRO AEGEAN,Танкер для сырой нефти / нефтепродуктовоз (Aframax / LR2),114934.0,13.1,Либерия,vessel,623962.0,250.0,42.0,,2024.0,2.0,НИЗКИЙ РИСК
9305623,,PROPONTIS,Танкер для перевозки сырой нефти / нефтепродуктов (Aframax / LR2),117055.0,13.0,Греция,vessel,669192.0,249.9,44.0,,2006.0,20.0,СРЕДНИЙ РИСК
9877561,,HTM KNIGHT,Танкер-химовоз / нефтепродуктовоз (Chemical/Oil Products Tanker),50185.0,12.2,Маршалловы Острова,vessel,297232.0,183.06,32.2,,2020.0,6.0,НИЗКИЙ РИСК
9183532,,TERRA NOVA FPSO,"Плавучая установка для добычи, хранения и отгрузки нефти (FPSO - Floating Production, Storage and Offloading).",120000.0,,Канада.,vessel,,292.25,45.5,,2000.0,26.0,НИЗКИЙ РИСК
9895264,,MARAN THULE,Челночный танкер (Shuttle Tanker / Crude Oil Tanker),147098.0,10.0,Багамские острова,vessel,860472.0,279.0,49.0,,2022.0,4.0,НИЗКИЙ РИСК
9780768,,BEOTHUK SPIRIT,"Челночный танкер (Shuttle Tanker / Crude Oil Tanker, «Heritage Class»)",148150.0,9.3,Канада,vessel,857622.0,278.97,49.0,,2017.0,9.0,НИЗКИЙ РИСК
9780782,,DORSET SPIRIT,"Челночный танкер (Shuttle Tanker / Crude Oil Tanker, «Heritage Class»)",148150.0,9.3,Канада,vessel,857622.0,279.04,49.0,,2018.0,8.0,НИЗКИЙ РИСК
1022079,,ALGOMA EAST COAST,"Танкер-химовоз / нефтепродуктовоз (Chemical/Oil Products Tanker, Ice Class 1B)",37242.0,9.7,Канада,vessel,234512.0,184.08,27.4,,2025.0,1.0,НИЗКИЙ РИСК
9748007,,PALANCA CADIZ,Танкер-битумовоз (Asphalt/Bitumen Tanker),14911.0,5.7,Маршалловы Острова,vessel,108302.0,133.26,24.0,,2017.0,9.0,НИЗКИЙ РИСК
9879997,,MARAN ASPASIA,Танкер для перевозки сырой нефти (Suezmax),157947.0,9.5,Греция,vessel,846552.0,274.0,48.0,,2020.0,6.0,НИЗКИЙ РИСК
9376828,,ATLAS STAR,Танкер-химовоз / нефтепродуктовоз (Oil/Chemical Tanker),38289.0,7.7,Либерия,vessel,240662.0,183.0,27.0,,2008.0,18.0,НИЗКИЙ РИСК
9660657,,OCEAN VENTURE,Танкер-химовоз / нефтепродуктовоз (Chemical/Oil Products Tanker),49995.0,13.4,Португалия (Мадейра),vessel,296232.0,183.0,32.0,,2014.0,12.0,НИЗКИЙ РИСК
9788576,,BLUE BUTTERFLY,Танкер-химовоз / нефтепродуктовоз (Chemical/Oil Products Tanker),49995.0,8.0,Панама,vessel,296942.0,182.5,32.2,,2019.0,7.0,НИЗКИЙ РИСК
9744128,,AFRICA GAS,Газовоз (LPG Tanker / MGC - Midsize Gas Carrier),28637.0,7.4,Маршалловы Острова,vessel,250512.0,180.0,28.0,,2017.0,9.0,НИЗКИЙ РИСК
9940435,,CERRO ALTO EXPLORER,Газовоз (LPG Tanker),29229.0,8.1,Либерия,vessel,265152.0,180.0,28.7,,2023.0,3.0,НИЗКИЙ РИСК
9594781,,SYDNEY SPIRIT,Танкер для перевозки сырой нефти (Suezmax),158542.0,11.8,Багамские острова,vessel,813262.0,274.39,48.0,,2012.0,14.0,НИЗКИЙ РИСК
9749685,,KATANA GALAXY (бывш. FAIRCHEM KATANA),Танкер-химовоз / нефтепродуктовоз (Chemical/Oil Products Tanker),19980.0,6.8,Маршалловы Острова,vessel,119172.0,146.5,24.0,,2016.0,10.0,НИЗКИЙ РИСК
9800049,,ORIENTAL COSMOS,Танкер-химовоз / нефтепродуктовоз (Oil/Chemical Tanker),16296.0,7.2,Панама,vessel,94402.0,142.02,22.0,,2019.0,7.0,НИЗКИЙ РИСК
9941013,,HLS BILBAO,Газовоз (LNG Tanker / Large LNG Carrier),94927.0,,Мальта,vessel,1156332.0,295.0,46.4,,2024.0,2.0,НИЗКИЙ РИСК
9441685,,PILARGAS,Газовоз (LPG Tanker / Coaster),9197.0,8.0,Панама,vessel,67432.0,120.0,18.0,,2007.0,19.0,НИЗКИЙ РИСК
9407562,,GOLDEN STATE,Танкер-химовоз / нефтепродуктовоз (Chemical/Oil Products Tanker),48632.0,8.9,США (Jones Act compliant),vessel,295272.0,183.0,32.0,,2009.0,17.0,НИЗКИЙ РИСК
9393101,,MONTE LEMA,Танкер для перевозки нефтепродуктов (LR1 / Panamax),76578.0,8.2,Либерия,vessel,438852.0,229.0,33.0,,2010.0,16.0,НИЗКИЙ РИСК
9739264,,CHEM SPICA,Танкер-химовоз / нефтепродуктовоз (Chemical/Oil Products Tanker),25268.0,5.6,Либерия,vessel,157172.0,158.93,26.6,,2017.0,9.0,НИЗКИЙ РИСК
9711846,,EAGLE FORD LADY,Газовоз (LPG Tanker / Fully refrigerated),28372.0,,Сингапур,vessel,251442.0,179.85,28.4,,2016.0,10.0,НИЗКИЙ РИСК
9986609,,AL TUWAR,Газовоз (LNG Tanker / Large LNG Carrier),92996.0,9.4,Сингапур,vessel,1155132.0,299.0,46.0,,2025.0,1.0,НИЗКИЙ РИСК
9945447,,CELSIUS GIZA,Газовоз (LNG Tanker / Large LNG Carrier),92385.0,9.7,Маршалловы Острова,vessel,1190632.0,299.0,46.0,,2023.0,3.0,НИЗКИЙ РИСК
9102112,,STOLT EFFICIENCY,Танкер-химовоз / нефтепродуктовоз (Oil/Chemical Tanker),36902.0,8.3,Каймановы острова,vessel,246252.0,176.75,31.0,,1998.0,28.0,НИЗКИЙ РИСК
9596997,,HOVDEN SPIRIT,Танкер для перевозки сырой нефти (Aframax / LR2),105276.0,8.7,Багамские острова,vessel,572442.0,243.0,42.0,,2012.0,14.0,НИЗКИЙ РИСК
9689990,,NEW TRIUMPH,Танкер для перевозки сырой нефти (VLCC — Very Large Crude Carrier),318239.0,11.0,Гонконг (Китай),vessel,1658642.0,333.0,60.0,,2015.0,11.0,НИЗКИЙ РИСК
9667930,,VIRGEN DE LA AURORA,Танкер-химовоз / нефтепродуктовоз (Chemical/Oil Products Tanker),49997.0,7.5,Кипр,vessel,299402.0,183.0,32.2,,2013.0,13.0,НИЗКИЙ РИСК
9978676,,NORTH STAR,Танкер для перевозки сырой нефти (Aframax / LR2),114753.0,,Греция,vessel,625832.0,250.0,42.0,,2025.0,1.0,НИЗКИЙ РИСК
9712565,,NAVIGATOR SOLAR,Газовоз (LPG Tanker / Handy-size),18552.0,7.0,Либерия,vessel,163062.0,156.22,23.19,,2018.0,8.0,НИЗКИЙ РИСК
9315939,,CHAMPION POLAR,Танкер-химовоз / нефтепродуктовоз (Chemical/Oil Products Tanker),47834.0,6.8,Норвегия (NIS),vessel,279162.0,184.0,32.2,,2007.0,19.0,НИЗКИЙ РИСК
9353606,,,Танкер-химовоз / нефтепродуктовоз (Chemical/Oil Products Tanker),46666.0,11.3,США (USA),vessel,292422.0,183.0,32.2,,2011.0,15.0,НИЗКИЙ РИСК
9825568,,RIAS BAIXAS KNUTSEN,Газовоз (LNG Tanker / Large LNG Carrier),96354.0,11.4,Испания,vessel,122261.0,298.97,48.0,,2019.0,7.0,НИЗКИЙ РИСК
9576753,,REBECCA SCHULTE,Танкер-химовоз / нефтепродуктовоз (Chemical/Oil Products Tanker),25620.0,8.3,Сингапур,vessel,198202.0,176.4,27.38,,2011.0,15.0,НИЗКИЙ РИСК
9798076,,HELLAS MARIANNAIMO номер: 9798076,Танкер-химовоз / нефтепродуктовоз (MR),49850.0,7.9,Мальта,vessel,294502.0,183.0,32.2,,2018.0,8.0,НИЗКИЙ РИСК
9742819,,,Газовоз (LNG Tanker / Large LNG Carrier),93241.0,9.8,Мальта,vessel,126004.0,296.98,48.7,,2018.0,8.0,НИЗКИЙ РИСК
9892406,,GAS GALA,Газовоз (LPG Tanker / VLGC),53910.0,7.6,Панама,vessel,488582.0,229.98,32.25,,2021.0,5.0,НИЗКИЙ РИСК
9522128,,CALIDA,Танкер для перевозки сырой нефти (Aframax / LR2),115812.0,11.7,Мальта,vessel,613322.0,249.97,43.8,,2012.0,14.0,НИЗКИЙ РИСК
9320374,,,Газовоз (LNG Tanker),84823.0,9.1,Маршалловы острова,vessel,974912.0,285.0,43.4,,2006.0,20.0,НИЗКИЙ РИСК
9980552,,ELISA HALCYON,Газовоз (LNG Tanker / Large LNG Carrier),95418.0,9.1,Франция,vessel,118753.0,298.0,46.0,,2025.0,1.0,НИЗКИЙ РИСК
9793258,,VEGA SUN,Газовоз (LPG Tanker / VLGC),50591.0,11.9,Либерия,vessel,462502.0,230.0,32.2,,2017.0,9.0,НИЗКИЙ РИСК
1022689,,GEM DIAMONDIMO номер: 1022689,Танкер-химовоз / нефтепродуктовоз (MR),49999.0,12.2,Маршалловы острова,vessel,295052.0,183.06,32.2,,2025.0,1.0,НИЗКИЙ РИСК
9935923,,LARGO EXCELLENCE,Танкер-химовоз / нефтепродуктовоз (MR),49999.0,9.0,Либерия,vessel,286302.0,183.01,32.0,,2023.0,3.0,НИЗКИЙ РИСК
9522128,,CALIDAIMO номер: 9522128,Танкер для перевозки сырой нефти (Aframax / LR2),115812.0,11.7,Мальта,vessel,613322.0,248.0,44.0,,2012.0,14.0,НИЗКИЙ РИСК
9960588,,VENTURE ACADIA,Газовоз (LNG Tanker),94175.0,9.6,Либерия,vessel,1152382.0,294.98,46.4,,2025.0,1.0,НИЗКИЙ РИСК
9786243,,SM FALCON,Танкер-химовоз / нефтепродуктовоз (LR1 / Panamax),50017.0,7.4,Панама,vessel,297622.0,183.05,32.2,,2017.0,9.0,НИЗКИЙ РИСК
9305611,,PROMITHEASIMO номер: 9305611,Танкер для перевозки сырой нефти (Aframax / LR2),117055.0,8.8,Греция,vessel,669192.0,249.9,44.0,,2006.0,20.0,НИЗКИЙ РИСК
9636735,,PALU LNGIMO номер: 9636735,Газовоз (LNG Tanker),89874.0,9.3,Мальта,vessel,1038852.0,294.2,44.0,,2014.0,12.0,НИЗКИЙ РИСК
9986116,,SHAFALLAH,Газовоз (LNG Tanker),94326.0,9.5,Либерия,vessel,1149832.0,295.0,47.0,,2025.0,1.0,НИЗКИЙ РИСК
9958274,,SOBAEK EXPLORERIMO номер: 9958274,Газовоз (LPG Tanker / VLGC),54994.0,12.0,Либерия,vessel,489932.0,229.96,32.25,,2024.0,2.0,НИЗКИЙ РИСК
9801976,,,Танкер для перевозки сырой нефти (Aframax / LR2),114601.0,13.4,Маршалловы острова,vessel,635362.0,250.0,44.0,,2019.0,7.0,НИЗКИЙ РИСК
9698018,,FLORIDA VOYAGER (ранее BAY STATE),Танкер-химовоз / нефтепродуктовоз,49130.0,8.2,США (Jones Act compliant),vessel,299232.0,185.93,32.2,,2016.0,10.0,НИЗКИЙ РИСК
9664809,,SFL TIGER (исторически: FRONT TIGER),Танкер для перевозки сырой нефти (Aframax / LR2),115024.0,11.1,Маршалловы острова,vessel,656962.0,250.0,44.0,,2015.0,11.0,НИЗКИЙ РИСК
9853137,,GASLOG WALESIMO номер: 9853137,Газовоз (LNG Tanker),93076.0,11.5,Бермудские острова,vessel,1208592.0,297.07,47.0,,2020.0,6.0,НИЗКИЙ РИСК
9891672,,PEGASUS STARIMO номер: 9891672,Танкер для перевозки сырой нефти (Aframax / LR2),116120.0,11.3,Маршалловы острова,vessel,643052.0,249.9,44.0,,2021.0,5.0,НИЗКИЙ РИСК
9918171,,STL YANGTZE,Газовоз (LPG Tanker),64012.0,11.9,Либерия,vessel,607762.0,229.0,36.6,,2022.0,4.0,НИЗКИЙ РИСК
9543548,,TORM ARAWA,Танкер-химовоз / нефтепродуктовоз (MR),49999.0,8.9,Дания,vessel,303022.0,183.3,32.2,,2012.0,14.0,НИЗКИЙ РИСК
9721724,,LA MANCHA KNUTSEN,Газовоз (LNG Tanker),92802.0,9.6,Испания,vessel,1162462.0,284.0,46.4,,2016.0,10.0,НИЗКИЙ РИСК
9825568,,RIAS BAIXAS KNUTSEN,Газовоз (LNG Tanker),96354.0,11.4,Испания,vessel,1222612.0,298.97,48.0,,2019.0,7.0,НИЗКИЙ РИСК
9251597,,NEW DYNASTY (исторически: PERSEUS TRADER),Танкер для перевозки сырой нефти (VLCC),299992.0,20.8,Панама,vessel,1600662.0,333.0,60.0,,2003.0,23.0,ВЫСОКИЙ РИСК
9284946,,"HELLSTUGUTINDEN (исторически: SAGA, AUSTRALIS, AUSTRALIA)",Танкер для перевозки сырой нефти (VLCC),299095.0,21.0,Либерия,vessel,1569142.0,329.99,60.0,,2003.0,23.0,ВЫСОКИЙ РИСК
9229025,,"TALIA (ранее SEA CROWN, NOTUS)",Танкер-химовоз / нефтепродуктовоз,12681.0,4.5,Острова Кука,vessel,70932.0,129.95,20.0,,2001.0,25.0,ВЫСОКИЙ РИСК
9893761,,,Танкер-химовоз / нефтепродуктовоз (MR),49999.0,,Либерия,vessel,295392.0,183.0,32.2,,2020.0,6.0,НИЗКИЙ РИСК
9979292,,METRO BOSPHORUS,Танкер для сырой нефти и нефтепродуктов (LR2 / Aframax),114934.0,,Мальта,vessel,623962.0,249.99,42.4,,2024.0,2.0,НИЗКИЙ РИСК
9487471,,NAVE CAPELLAIMO номер: 9487471,Танкер-химовоз / нефтепродуктовоз (MR2),49995.0,,Панама,vessel,300522.0,183.1,32.2,,2013.0,13.0,НИЗКИЙ РИСК
9466752,,SIDRA DOHA,Танкер-химовоз / нефтепродуктовоз,16412.0,,Катар,vessel,112462.0,145.15,23.0,,2011.0,15.0,НИЗКИЙ РИСК
9683685,,VL PRIMEIMO номер: 9683685,Танкер для перевозки сырой нефти (VLCC),319547.0,,Либерия,vessel,1617702.0,333.0,60.0,,2015.0,11.0,ВЫСОКИЙ РИСК
9239848,,NORDIC POLLUX,Танкер для перевозки сырой нефти (Aframax),150103.0,,Каймановы острова,vessel,789222.0,274.2,48.0,,2003.0,23.0,ВЫСОКИЙ РИСК
1028762,,STOIC WARRIOR,Танкер класса Suezmax (перевозчик сырой нефти),156885.0,,Либерия,vessel,826872.0,274.0,48.0,,2025.0,1.0,НИЗКИЙ РИСК
9334571,,"SANMAR SUPARNA (исторически: EAGLE HOPE, TWO MILLION WAYS)",Танкер для перевозки сырой нефти и нефтепродуктов (Panamax/LR1),73965.0,,Индия,vessel,408652.0,228.49,32.2,,2008.0,18.0,НИЗКИЙ РИСК
9402782,,OCEAN ELECTRAIMO номер: 9402782,Танкер-продуктовоз (MR),47377.0,,Либерия,vessel,269162.0,183.0,32.2,,2010.0,16.0,ВЫСОКИЙ РИСК
9273650,,"SEAWAY (ранее BRUNO, ENDEAVOUR)",Танкер-химовоз / нефтепродуктовоз (MR),46101.0,,Панама,vessel,300322.0,183.0,32.2,,2004.0,22.0,НИЗКИЙ РИСК
9735373,,GEM NO. 2,Танкер для перевозки сырой нефти (VLCC),302783.0,,Панама,vessel,1568532.0,330.0,60.0,,2017.0,9.0,НИЗКИЙ РИСК
9722223,,SILVIO,Газовоз (LPG / VLGC — Very Large Gas Carrier),54576.0,,Сингапур,vessel,473472.0,225.0,36.6,,2016.0,10.0,НИЗКИЙ РИСК
9623685,,ANGOLA B (ранее TEXAS),Танкер для перевозки сырой нефти (VLCC),299999.0,,Либерия,vessel,1605342.0,333.02,60.0,,2012.0,14.0,НИЗКИЙ РИСК
9823546,,JARNAIN,Танкер для перевозки сырой нефти (Aframax / LR2),114831.0,12.9,Либерия,vessel,655522.0,250.0,44.0,,2021.0,5.0,НИЗКИЙ РИСК
9924716,,ORIENTAL GERBERA,Танкер-химовоз / нефтепродуктовоз,16279.0,,Панама,vessel,94432.0,142.02,22.0,,2022.0,4.0,ВЫСОКИЙ РИСК
9839856,,MAYASAN,Танкер для перевозки сырой нефти (VLCC),312006.0,,Япония,vessel,1627122.0,339.5,60.0,,2018.0,8.0,НИЗКИЙ РИСК
9718820,,SADAH SILVER,Танкер-химовоз / продуктовоз (MR),49734.0,,Маршалловы острова,vessel,293542.0,183.0,32.2,,2016.0,10.0,НИЗКИЙ РИСК
9916135,,HERCULES STAR,Бункеровщик / Танкер-продуктовоз,7998.0,,Гибралтар,vessel,60812.0,114.99,19.0,,2022.0,4.0,ВЫСОКИЙ РИСК
9487263,,YAMILAH-III,Танкер для перевозки сырой нефти / нефтепродуктов (LR1/Panamax),74866.0,,Либерия,vessel,425382.0,228.0,32.24,,2011.0,15.0,НИЗКИЙ РИСК
9788710,,OTTOMAN SINCERITY,Танкер для перевозки сырой нефти (Suezmax),152516.0,,Турция,vessel,835372.0,269.05,46.0,,2017.0,9.0,НИЗКИЙ РИСК
9302994,,"ORINOCCO (ранее SELENA, GENER8 KARA G, GENMAR KARA G)",Танкер для перевозки сырой нефти (Suezmax),150296.0,9.0,Либерия,vessel,792352.0,274.2,48.0,,2007.0,19.0,НИЗКИЙ РИСК
9131539,,GAZ GMS (ранее GAZ LIBERTY),Газовоз (LPG Tanker / VLGC),49996.0,7.8,Панама,vessel,446732.0,230.0,36.0,,1997.0,29.0,
9242481,,"MIRAAN (ранее CHINTAMANI, JAYANTI, RISHABH, OCEAN VICTORY, BRITISH ENDURANCE)",Танкер-продуктовоз (Handy),37296.0,11.3,"Кюрасао (ранее Коморские острова, Габон)",vessel,232352.0,182.55,27.34,,2002.0,24.0,
9082398,,TRISTAN (ранее JABAL SHAMS),Танкер-продуктовоз (Coaster),10597.0,5.5,Бенин (ранее Гамбия),vessel,59142.0,119.82,19.0,,1994.0,32.0,
9312511,,"MONACO LOYALTY (ранее NEPTUN, MAERSK NEPTUNE)",Танкер для перевозки сырой нефти (VLCC),307284.0,21.8,Маршалловы острова,vessel,1599112.0,334.0,58.0,,2007.0,19.0,НИЗКИЙ РИСК
9108099,,"PISSARO (ранее GAS MARYAM, GAS DIMA, MARS LOTUS, GAS BOMBAY, JAG VAYU)",Газовоз (LPG Tanker),38518.0,7.8,"Палау (ранее Ботсвана, Малави, Бенин)",vessel,253002.0,180.51,29.0,,1996.0,30.0,ВЫСОКИЙ РИСК
9262912,,"AUROURA (ранее LADY SERENITY, SERENITY, UNDINE, HOUYOSHI EXPRESS)",Танкер-продуктовоз (MR2),47999.0,12.4,Панама,vessel,287992.0,179.99,32.2,,2004.0,22.0,ВЫСОКИЙ РИСК
9203784,,"ADITYA (ранее LOTUS, SANDRO, EUROSPIRIT, TENERIFE SPIRIT, BOSCO TAPIAS)",Танкер для перевозки сырой нефти (Suezmax),160373.0,9.5,Гайана (ранее Иран),vessel,837242.0,274.0,48.0,,2000.0,26.0,
9173745,,"CHLOE (ранее SAM 121, SAMAH, SAVIOR, EUROHOPE, GENMAR HOPE)",Танкер для перевозки сырой нефти (Suezmax),159539.0,8.7,Гайана,vessel,815262.0,274.0,48.0,,1999.0,27.0,
9281580,,"NEW VENTURE (ранее BLUE OCEAN, IOANNIS I)",Танкер для перевозки нефтепродуктов/химикатов (MR2),45557.0,,Барбадос,vessel,272072.0,182.83,32.2,,2006.0,20.0,ВЫСОКИЙ РИСК
9293143,,"KASPER (ранее TITAN, CLASSIC, RIDGEBURY PALLAS, CAPE BRINDISI)",Танкер для перевозки сырой нефти (Suezmax),159195.0,,"Кюрасао (ранее Панама, Индия, др.)",vessel,810762.0,274.0,48.0,,2005.0,21.0,
9295270,,PETREL 1,Танкер для перевозки химических/нефтепродуктов (MR),45948.0,7.5,Гонконг,vessel,296462.0,183.02,32.2,,2006.0,20.0,НИЗКИЙ РИСК
9183934,,"FELICITY (ранее LEYCOTHEA, URAL)",Танкер для перевозки сырой нефти (VLCC),299990.0,,Иран,vessel,1493832.0,330.0,60.0,,2000.0,26.0,
9571064,,"RUDRA (ранее JS LANSHAN, NING BO WAN)",Танкер-асфальтовоз / битумовоз (Asphalt/Bitumen Tanker),6000.0,6.0,Палау,vessel,41262.0,112.1,16.2,,2011.0,15.0,ВЫСОКИЙ РИСК
9050187,,"GAS AURORA (ранее POLAR, WITCH QUEEN, KEREM BEY, MIHRA, PRIMUS G, ORCA M)",Танкер-газовоз (LPG Tanker / Coaster),5771.0,3.0,"Коморские острова (ранее Танзания, Гвинея-Бисау)",vessel,43172.0,105.14,15.7,,1994.0,32.0,
9324289,,KRITI STATE,Танкер для перевозки нефтепродуктов (LR1 / Panamax),76565.0,10.4,Либерия,vessel,437972.0,228.6,32.26,,2006.0,20.0,НИЗКИЙ РИСК
9224271,,"NICHOLA (ранее SPIRIT OF CASPER, MARIA GRACE, GENER8 ORION)",Танкер для перевозки сырой нефти (Suezmax),160288.0,9.3,Гайана (ранее Панама),vessel,813102.0,274.2,48.0,,2002.0,24.0,
9890446,,CLEAROCEAN MARAUDER,Танкер для перевозки химических/нефтепродуктов (MR),49999.0,8.2,Сингапур,vessel,300872.0,183.09,32.2,,2021.0,5.0,
9526461,,SOUTH AFRICA PROSPERITY (ранее ITHAKI),Танкер для перевозки сырой нефти (VLCC),299992.0,11.0,Либерия,vessel,1604872.0,332.98,60.0,,2011.0,15.0,ВЫСОКИЙ РИСК
9851830,,HILI (ранее HUNTER ATLA),Танкер для перевозки сырой нефти (VLCC),300300.0,,Либерия,vessel,1562372.0,336.12,60.0,,2019.0,7.0,НИЗКИЙ РИСК
9410208,,KAROLOS,Танкер для перевозки сырой нефти (Suezmax),149991.0,9.2,Либерия,vessel,853622.0,274.0,50.0,,2009.0,17.0,НИЗКИЙ РИСК
9945291,,ELANDRA SWALLOW,Танкер для перевозки сырой нефти/нефтепродуктов (LR2 / Aframax),109999.0,8.5,Либерия,vessel,623732.0,249.97,42.4,,2023.0,3.0,НИЗКИЙ РИСК
9380099,,PLATYTERA (ранее SILVER EXPRESS),Танкер-продуктовоз (Oil/Chemical Tanker),47401.0,7.5,Мальта,vessel,269002.0,,,,2009.0,17.0,НИЗКИЙ РИСК
9397145,,ATLANTIC PIONEERIMO номер: 9397145,Танкер для перевозки сырой нефти (VLCC),302303.0,20.6,Панама,vessel,1604112.0,333.0,60.0,,2009.0,17.0,НИЗКИЙ РИСК
9283722,,"BOURBON (ранее VICTOR 1, SPIRIT)",Танкер для перевозки нефтепродуктов (MR2 / Product Tanker),46921.0,8.0,Индия,vessel,292422.0,183.2,32.2,,2004.0,22.0,НИЗКИЙ РИСК
9431458,,SWARNA KALASH,Танкер для перевозки нефтепродуктов (Oil Products Tanker),47878.0,9.8,Индия,vessel,298782.0,,,,2009.0,17.0,НИЗКИЙ РИСК
9411733,,ANIVUS 1 (ранее ANAFI),Газовоз (LPG Tanker / MGC — Medium Gas Carrier),26577.0,6.5,Либерия,vessel,229712.0,,,,2009.0,17.0,ВЫСОКИЙ РИСК
9324734,,JAG VIKRAM,Танкер для перевозки сжиженного нефтяного газа (LPG/MGC),26427.0,6.8,Индия,vessel,230032.0,,,,2006.0,20.0,НИЗКИЙ РИСК
9800013,,EVA BERGEN,Танкер-химовоз / продуктовоз (Chemical/Oil Products Tanker),19888.0,6.3,Филиппины,vessel,117732.0,145.53,23.7,,2018.0,8.0,НИЗКИЙ РИСК
9796494,,HAFNIA DESPINA,Танкер для нефтепродуктов / сырой нефти (LR2 / Aframax),109990.0,12.5,Сингапур,vessel,624332.0,,,,2019.0,7.0,НИЗКИЙ РИСК
9212905,,HAPPINESS I,Танкер для перевозки сырой нефти (VLCC — Very Large Crude Carrier),299214.0,20.9,Иран,vessel,1609302.0,333.13,58.0,,2003.0,23.0,
9353797,,PLATA SOUTH,Танкер для перевозки сырой нефти (VLCC — Very Large Crude Carrier),321300.0,21.0,Маршалловы Острова,vessel,1627062.0,,,,2009.0,17.0,НИЗКИЙ РИСК
9743203,,FRONT CORAL,Танкер для перевозки сырой нефти (Suezmax),157522.0,9.3,Маршалловы Острова,vessel,825152.0,,,,2017.0,9.0,НИЗКИЙ РИСК
9267003,,LNG OYO,Газовоз (LNG Tanker),83068.0,9.4,Бермудские острова,vessel,975612.0,,,,2005.0,21.0,НИЗКИЙ РИСК
9326809,,DESH ABHIMAAN,Танкер для перевозки сырой нефти (Aframax/Suezmax),159040.0,8.5,Индия,vessel,810842.0,,,,2007.0,19.0,НИЗКИЙ РИСК
9783734,,SEAPASSION,Танкер для перевозки сырой нефти (VLCC — Very Large Crude Carrier),299271.0,20.3,Багамские Острова,vessel,1541822.0,,,,2017.0,9.0,НИЗКИЙ РИСК
9686364,,NEW VOYAGE,Танкер для перевозки сырой нефти (VLCC — Very Large Crude Carrier),313990.0,,Гонконг (Китай),vessel,1660942.0,332.95,60.0,,2015.0,11.0,НИЗКИЙ РИСК
9569633,,STREAM,Танкер для перевозки сырой нефти (VLCC — Very Large Crude Carrier),317534.0,,Иран,vessel,164796.0,,,,2013.0,13.0,
9273246,,STARWAY,Танкер-химовоз / продуктовоз (MR2),46048.0,7.9,Панама,vessel,30032.0,,,,2004.0,22.0,ВЫСОКИЙ РИСК
9229025,,TALIA,Небольшой танкер-химовоз / продуктовоз,12681.0,4.5,Острова Кука,vessel,7093.0,,,,2001.0,25.0,ВЫСОКИЙ РИСК
9304588,,PEACE GULF,Танкер-продуктовоз (MR2),49999.0,,Панама,vessel,30091.0,,,,2005.0,21.0,ВЫСОКИЙ РИСК
9521485,,MADHURI,Небольшой танкер для перевозки нефтепродуктов,7058.0,5.0,Антигуа и Барбуда,vessel,5036.0,,,,2009.0,17.0,ВЫСОКИЙ РИСК
9252072,,TRIMA,Танкер-химовоз / продуктовоз (MR2),47355.0,,Острова Кука (исторически сменялся на Кюрасао),vessel,27335.0,,,,2002.0,24.0,ВЫСОКИЙ РИСК
9283772,,SIRIUS (историческое название: HMAS SIRIUS),Танкер-заправщик (бывший танкер Королевского флота Австралии),36553.0,,Кения (текущий статус регистрации требует уточнения),vessel,25382.0,,,,2004.0,22.0,ВЫСОКИЙ РИСК
9248473,,AQUA,Танкер для перевозки сырой нефти (VLCC — Very Large Crude Carrier),299152.0,,Малави,vessel,156916.0,,,,2002.0,24.0,
9820336,,"MATISA (текущее), бывшее PETUNIA",Танкер-химовоз (Chemical/Oil Products Tanker),50127.0,,Иран,vessel,29698.0,,,,2018.0,8.0,
9435428,,ALFORAT,Танкер для перевозки нефтепродуктов,13440.0,,Ирак,vessel,8706.0,,,,2007.0,19.0,ВЫСОКИЙ РИСК
9360829,,UMM AL AMADIMO номер: 9360829,Газовоз (LNG Tanker / СПГ-танкер),121730.0,9.2,Маршалловы Острова,vessel,136685.0,,,,2008.0,18.0,НИЗКИЙ РИСК
9256298,,ALFONSO,Танкер-химовоз (Chemical/Oil Products Tanker),38877.0,,Барбадос,vessel,25507.0,,,,2004.0,22.0,ВЫСОКИЙ РИСК
9683037,,KMARIN RESOURCE,Танкер для перевозки сырой нефти (Aframax / LR2),109483.0,13.5,Великобритания (UK),vessel,64309.0,,,,2016.0,10.0,НИЗКИЙ РИСК
9829411,,AQUILA L,Танкер-химовоз / продуктовоз (MR2),49999.0,8.5,Либерия,vessel,29608.0,,,,2018.0,8.0,НИЗКИЙ РИСК
9808326,,DIADEMA,Танкер-химовоз (Chemical/Oil Products Tanker),40072.0,7.6,Багамские Острова,vessel,26548.0,,,,2018.0,8.0,НИЗКИЙ РИСК
9709087,,VIETNAM PROSPERITY,Танкер для перевозки сырой нефти (VLCC — Very Large Crude Carrier),299320.0,11.2,Либерия,vessel,154875.0,,,,2016.0,10.0,НИЗКИЙ РИСК
9393096,,MONTE TAMARO,Танкер для перевозки нефтепродуктов (LR1),76579.0,7.6,Либерия,vessel,43797.0,,,,2009.0,17.0,НИЗКИЙ РИСК
9487471,,NAVE CAPELLAIMO номер: 9487471,Танкер-химовоз (Chemical/Oil Products Tanker),49995.0,8.8,Панама,vessel,30052.0,,,,2013.0,13.0,НИЗКИЙ РИСК
9376660,,STOLT QUETZAL,Танкер-химовоз (Chemical Tanker),12564.0,5.8,Каймановы Острова,vessel,7603.0,,,,2009.0,17.0,НИЗКИЙ РИСК
9884837,,LOUROSIMO номер: 9884837,Танкер-химовоз / продуктовоз (MR2 / LR1),50299.0,7.4,Либерия,vessel,29725.0,,,,2021.0,5.0,НИЗКИЙ РИСК
9478705,,ALPINE LEGENDIMO номер: 9478705,Танкер-химовоз / продуктовоз (LR1),50254.0,,Маршалловы Острова,vessel,29981.0,,,,2010.0,16.0,НИЗКИЙ РИСК
9747132,,ALLIED ATLANTICIMO номер: 9747132,Танкер-химовоз / продуктовоз (MR2),49995.0,,Маршалловы Острова,vessel,29513.0,,,,2018.0,8.0,НИЗКИЙ РИСК
9441207,,MINDORO STAR,Танкер-химовоз / продуктовоз (LR1 / Panamax),73677.0,8.0,Маршалловы Острова,vessel,42010.0,,,,2009.0,17.0,НИЗКИЙ РИСК
9733698,,STORE BAY,Танкер-химовоз / продуктовоз,30711.0,7.5,Панама,vessel,21115.0,,,,2015.0,11.0,НИЗКИЙ РИСК
9799862,,SFL TRINITYIMO номер: 9799862,Танкер для перевозки сырой нефти (Aframax / LR2),115711.0,9.9,Маршалловы Острова,vessel,62370.0,,,,2017.0,9.0,НИЗКИЙ РИСК
9391440,,ISLEMAN,Танкер-химовоз / продуктовоз (MR2),49999.0,7.7,Маршалловы Острова,vessel,29293.0,,,,2009.0,17.0,НИЗКИЙ РИСК
9746229,,CITRINE,Танкер-химовоз / продуктовоз (MR2),49990.0,8.5,Маршалловы Острова,vessel,29767.0,,,,2015.0,11.0,НИЗКИЙ РИСК
9791872,,BRIGHT FUTURE,Танкер для перевозки нефтепродуктов (LR1),74999.0,8.3,Люксембург,vessel,44622.0,,,,2019.0,7.0,НИЗКИЙ РИСК
9377652,,STARLIGHT II,Танкер-химовоз (Chemical/Oil Products Tanker),37847.0,10.7,Маршалловы Острова,vessel,23284.0,,,,2007.0,19.0,НИЗКИЙ РИСК
9478688,,PINE MEADOW,Танкер-химовоз / продуктовоз (MR2),50171.0,8.4,Португалия (Madeira),vessel,29981.0,,,,2010.0,16.0,НИЗКИЙ РИСК
9732539,,BW BRAGE,Газовоз (LPG Tanker / VLGC — Very Large Gas Carrier),54053.0,8.0,Маршалловы Острова,vessel,47965.0,,,,2016.0,10.0,НИЗКИЙ РИСК
9717773,,SEAWAYS LOMA,Танкер-химовоз / продуктовоз (MR2),49990.0,9.7,Маршалловы Острова,vessel,29806.0,,,,2015.0,11.0,НИЗКИЙ РИСК
9798959,,ATLANTIC MARBLE,Танкер-химовоз / продуктовоз (MR2),49999.0,8.5,Маршалловы Острова,vessel,29256.0,,,,2018.0,8.0,НИЗКИЙ РИСК
9937062,,PERTAMINA GAS CASPIA,Газовоз (VLGC — Very Large Gas Carrier),58257.0,8.3,Панама,vessel,53573.0,,,,2024.0,2.0,НИЗКИЙ РИСК
9318228,,ZEA LILIAN,Танкер-химовоз (Chemical/Oil Products Tanker),11249.0,6.1,Португалия (Madeira),vessel,7636.0,,,,2006.0,20.0,НИЗКИЙ РИСК
9391440,,ISLEMAN,Танкер-химовоз / продуктовоз (MR2),49999.0,7.7,Маршалловы Острова,vessel,29293.0,,,,2009.0,17.0,НИЗКИЙ РИСК
9199311,,STOLT SKUA,Танкер-химовоз (Chemical Tanker),8594.0,7.5,Каймановы Острова,vessel,5351.0,,,,1999.0,27.0,НИЗКИЙ РИСК
9806706,,SWAN DIGNITY,Танкер-химовоз (Chemical/Oil Products Tanker),12661.0,7.4,Панама,vessel,7973.0,,,,2017.0,9.0,НИЗКИЙ РИСК
9943384,,CL TONI MORRISON,Танкер-химовоз / продуктовоз (MR2),49352.0,8.2,Либерия,vessel,30259.0,,,,2024.0,2.0,НИЗКИЙ РИСК
9922835,,AQUABLISS,Нефтяной танкер (Suezmax),157747.0,13.3,Либерия,vessel,81072.0,,,,2022.0,4.0,НИЗКИЙ РИСК
9858852,,WISCO ADVENTURE,Танкер-химовоз (MR2),49949.0,8.2,Панама,vessel,29777.0,,,,2021.0,5.0,НИЗКИЙ РИСК
9970612,,BONITA ANGELAIMO номер: 9970612,Танкер-химовоз (Chemical/Oil Products Tanker),14948.0,6.4,Сингапур,vessel,9381.0,,,,2025.0,1.0,НИЗКИЙ РИСК
9895317,,PERTAMINA GAS AMARYLLIS,Газовоз (VLGC — Very Large Gas Carrier),57555.0,8.2,Панама,vessel,52868.0,,,,2021.0,5.0,НИЗКИЙ РИСК
9806706,,SWAN DIGNITY,Танкер-химовоз / продуктовоз,12661.0,7.4,Панама,vessel,7973.0,,,,2017.0,9.0,НИЗКИЙ РИСК
9889564,,DURHAM,Газовоз (LPG Tanker / VLGC — Very Large Gas Carrier),55408.0,11.2,Великобритания,vessel,49231.0,,,,2021.0,5.0,НИЗКИЙ РИСК
9594834,,EAGLE SAN DIEGO,Танкер для перевозки сырой нефти (Suezmax),157849.0,17.1,Сингапур,vessel,80783.0,,,,2012.0,14.0,НИЗКИЙ РИСК
9422392,,ZARUMA,Танкер для сырой нефти (Aframax / LR2),105073.0,,Панама,vessel,57258.0,,,,2009.0,17.0,НИЗКИЙ РИСК
9301744,,VICTORY (ранее ICE VICTORY),Танкер для сырой нефти (Crude Oil Tanker / LR1),70372.0,,Либерия,vessel,388322.0,,,,2006.0,20.0,
9550694,,"K LUCKY (ранее UOG HERMES, UACC EAGLE)",Танкер для сырой нефти (Crude Oil Tanker / LR1),73410.0,,Маршалловы острова,vessel,420102.0,,,,2009.0,17.0,НИЗКИЙ РИСК
9898553,,FRONT MAINE (ранее DICKENS),Танкер для сырой нефти (VLCC — Very Large Crude Carrier),299982.0,,Маршалловы острова,vessel,1562372.0,,,,2021.0,5.0,НИЗКИЙ РИСК
9592290,,NISSOS PAROS,Танкер для сырой нефти (Aframax / LR2),115723.0,8.0,Греция,vessel,613202.0,,,На якоре (At anchor),2012.0,14.0,
9786243,,SM FALCON (бывш. AGON),Танкер для химических грузов и нефтепродуктов (Chemical/Oil Products Tanker),50017.0,7.6,Панама,vessel,297622.0,,,На ходу (Under way),2017.0,9.0,НИЗКИЙ РИСК
9252448,,IVY PEARL (бывш. BOURDA),Танкер для перевозки нефти и химических грузов (Medium Range Tanker),47323.0,7.7,Гонконг,vessel,275122.0,,,На якоре (At anchor),2003.0,23.0,ВЫСОКИЙ РИСК
9422988,,VOLANS (также известное как NEW MILOS),Танкер для сырой нефти (Aframax / LR2),99876.0,9.4,Барбадос,vessel,549162.0,,,Пришвартовано (Moored),2009.0,17.0,КРИТИЧЕСКИ ВЫСОКИЙ РИСК
9543500,,YARE,Танкер для сырой нефти (Aframax / LR2),104579.0,7.0,Венесуэла,vessel,563262.0,,,На якоре (At anchor),2011.0,15.0,КРИТИЧЕСКИ ВЫСОКИЙ РИСК
9047386,,"BEAUTY ONE (бывш. AFRICAN BEAUTY, PACIFIC OPAL)",Танкер для сырой нефти (Medium Range Tanker),46851.0,6.8,Коморские острова,vessel,282772.0,,,На ходу (Under way — маневрирование/позиционирование),1993.0,33.0,КРИТИЧЕСКИ ВЫСОКИЙ РИСК
9117480,,NEGRA HIPOLITA,Танкер для перевозки нефтепродуктов (Product Tanker),47144.0,8.9,Венесуэла,vessel,283382.0,,,Пришвартовано (Moored),1996.0,30.0,КРИТИЧЕСКИ ВЫСОКИЙ РИСК
9794159,,ASPHALT SYNERGY,Танкер-битумовоз (Asphalt/Bitumen Tanker),36771.0,9.3,Маршалловы острова,vessel,261182.0,,,На ходу (Under way),2018.0,8.0,НИЗКИЙ РИСК
9945289,,SEA STAR,Танкер для сырой нефти (Aframax / LR2),109999.0,8.5,Греция,vessel,623732.0,,,На якоре / У причала,2023.0,3.0,НИЗКИЙ РИСК
9503586,,ANITA (бывш. YORACO),Супертанкер (Aframax / LR2),113000.0,12.0,Танзания,vessel,641212.0,,,На якоре (At anchor),2022.0,4.0,КРИТИЧЕСКИ ВЫСОКИЙ РИСК
9250622,,RENE (бывш. KAIMON II)IMO номер: 9250622,Супертанкер (VLCC — Very Large Crude Carrier),314014.0,3.0,Панама,vessel,1600792.0,,,На якоре (At anchor),2002.0,24.0,КРИТИЧЕСКИ ВЫСОКИЙ РИСК
9199713,,"ELIAK (бывш. BOVISTA, DYNASTY)",Танкер для перевозки сырой нефти (Aframax),106644.0,8.0,Палау,vessel,573312.0,,,На якоре (At anchor),1999.0,27.0,ВЫСОКИЙ РИСК
9984883,,OSLO STAR,Танкер для нефтепродуктов (LR2 / Aframax),115332.0,8.5,Маршалловы острова,vessel,629302.0,,,На ходу (Under way),2025.0,1.0,НИЗКИЙ РИСК
9224453,,TRACOS (бывш. BERLINA)IMO номер: 9224453,Танкер для перевозки сырой нефти (Suezmax),159196.0,9.2,Панама,vessel,810852.0,,,На якоре (At anchor),2002.0,24.0,КРИТИЧЕСКИ ВЫСОКИЙ РИСК
9590008,,,Супертанкер (VLCC — Very Large Crude Carrier),320840.0,18.0,Танзания (регистрация судна в реестре находится под мониторингом ввиду санкционных нарушений),vessel,1675722.0,,,На якоре (At anchor),2013.0,13.0,КРИТИЧЕСКИ ВЫСОКИЙ РИСК
9261396,,STEF,Танкер для перевозки нефти и химических грузов (Handy),37248.0,9.8,Панама,vessel,232352.0,,,На ходу (Under way),2003.0,23.0,ВЫСОКИЙ РИСК
9247821,,BALSA,Танкер для перевозки сырой нефти (Aframax / LR2),106638.0,9.3,Панама,vessel,575292.0,,,На ходу (Under way),2002.0,24.0,ВЫСОКИЙ РИСК
9997971,,SEADANCERIMO номер: 9997971,Танкер для сырой нефти (Aframax / LR2),113835.0,9.4,Мальта,vessel,627162.0,,,На ходу (Under way),2025.0,1.0,ВЫСОКИЙ РИСК
9928023,,ARZANAH,"Супертанкер (VLCC — Very Large Crude Carrier), оснащен двухтопливными двигателями (LNG-ready)",299425.0,11.0,Либерия,vessel,1566732.0,,,На ходу (Under way),2023.0,3.0,НИЗКИЙ РИСК
9858034,,VIRTUS ET LABOR,Супертанкер (VLCC — Very Large Crude Carrier),299995.0,,Маршалловы острова,vessel,1562372.0,336.0,60.0,На ходу (Under way),2020.0,6.0,взаимодействия с данным судном оценивается как средний.
9857858,,MEDITERRANEAN VOYAGER,Танкер для перевозки сырой нефти (Aframax / LR2),115166.0,,Багамские острова,vessel,626582.0,250.0,44.0,На ходу (Under way),2019.0,7.0,взаимодействия с данным судном оценивается как низкий.
9110183,,MORNING SUN,Танкер для нефтепродуктов (Aframax / LR2),98743.0,,Панама,vessel,571452.0,244.8,41.2,На якоре,1996.0,30.0,КРИТИЧЕСКИ ВЫСОКИЙ РИСК
9167174,,RIANA,Танкер для перевозки сырой нефти (Handysize),34860.0,,"Панама Основные габариты: Длина (LOA) — 171.00 м, ширина — 27.40 м",vessel,221812.0,171.0,27.4,На ходу (Under way),2000.0,26.0,ВЫСОКИЙ РИСК
9133836,,MORITZ,Газовоз (LPG Tanker),18713.0,,Панама,vessel,135002.0,153.92,24.6,Активен,1997.0,29.0,ВЫСОКИЙ РИСК
8917845,,VANESSA,Газовоз (LPG Tanker),17577.0,,"Коморские острова Основные габариты: Длина (LOA) — 160.00 м, ширина — 25.90 м",vessel,177782.0,160.0,25.9,"На ходу / Активен. Текущий статус: Судно осуществляет регулярные рейсы в территориальных водах Венесуэлы (порты Маракайбо, Хосе, Бахо-Гранде)",1991.0,35.0,ВЫСОКИЙ РИСК
9848223,,TOYA,Танкер для перевозки сырой нефти (VLCC — Very Large Crude Carrier),311393.0,,"Панама Основные габариты: Длина (LOA) — 340.00 м, ширина — 60.00 м",vessel,1605972.0,340.0,60.0,На ходу (Under way),2020.0,6.0,ВЫСОКИЙ РИСК
9191400,,KELLY,Супертанкер (VLCC — Very Large Crude Carrier),314026.0,,"Панама Основные габариты: Длина (LOA) — 333.00 м, ширина — 60.00 м",vessel,1600792.0,333.0,60.0,,2000.0,26.0,КРИТИЧЕСКИ ВЫСОКИЙ РИСК
9853840,,NISSOS DONOUSSAIMO номер: 9853840,Танкер для перевозки сырой нефти (VLCC — Very Large Crude Carrier),318744.0,11.0,"Маршалловы острова Основные габариты: Длина (LOA) — 333.00 м, ширина — 60.00 м",vessel,1604572.0,333.0,60.0,На ходу (Under way),2019.0,7.0,взаимодействия с данным судном оценивается как низкий.Рекомендация: Стандартная процедура проверки контрагента (Due Diligence) является полностью достаточной для верификации легитимности сделки.
9522269,,GAS JULIIMO номер: 9522269,Газовоз (LPG / Coaster),10315.0,,"Либерия Основные габариты: Длина (LOA) — 120.40 м, ширина — 19.80 м",vessel,91602.0,120.4,19.8,"На ходу / Активен.Текущий статус: По последним доступным данным, судно находилось в районе Колумбии и следовало по направлению к терминалу Хосе (Венесуэла)",2010.0,16.0,"взаимодействия с данным судном оценивается как низкий. Рекомендация: Стандартная процедура проверки контрагента (Due Diligence) является полностью достаточной. Рекомендуется отслеживать операционную активность судна при работе с портами, находящимися под международными санкциями (например, в Венесуэле), чтобы убедиться, что характер перевозимого груза соответствует актуальным требованиям комплаенса."
9281011,,EKSPANDER,Танкер для перевозки сырой нефти (Aframax / LR2),115048.0,,"Россия Основные габариты: Длина (LOA) — 249.90 м, ширина — 44.00 м",vessel,628452.0,249.9,44.0,На якоре.Текущий статус: Находится в районе терминала Хосе (Венесуэла),2004.0,22.0,ВЫСОКИЙ РИСК
9835848,,MARLIN SICILY,Танкер для перевозки сырой нефти (Suezmax),149999.0,,Маршалловы острова,vessel,828392.0,274.3,48.0,На ходу / Активен,2019.0,7.0,взаимодействия с данным судном оценивается как низкий.
9922108,,SEA ONYX,Танкер для перевозки сырой нефти (Suezmax),156646.0,9.5,Греция,vessel,829162.0,274.29,48.0,На ходу / В порту,2022.0,4.0,взаимодействия с данным судном оценивается как низкий.
9980007,,SEABORN,Танкер для перевозки сырой нефти (Aframax / LR2),114437.0,8.5,Мальта,vessel,624312.0,249.99,42.4,На ходу / В порту,2025.0,1.0,взаимодействия с данным судном оценивается как низкий.
9804423,,PAUL A. DESGAGNES,"Танкер-химовоз / Продуктовоз (двухтопливный, работает на СПГ и дизельном топливе)",14980.0,8.0,Канада,vessel,120612.0,135.0,23.5,На ходу (Under way),2018.0,8.0,взаимодействия с данным судном оценивается как низкий.
9457878,,HURON,Танкер-химовоз / Продуктовоз,21224.0,7.1,Маршалловы острова,vessel,129082.0,156.7,22.9,На ходу (Under way),2010.0,16.0,взаимодействия оценивается как средний из-за недавних выявленных серьезных проблем с техническим состоянием и безопасностью судна.
9340477,,OCTONAUTIMO номер: 9340477,Танкер-химовоз / Продуктовоз,19983.0,6.2,"Маршалловы острова Основные габариты: Длина (LOA) — 145.50 м, ширина — 23.70 м",vessel,115702.0,145.5,23.7,На ходу (Under way),2007.0,19.0,взаимодействия с данным судном оценивается как низкий.Рекомендация: Судно является добросовестным контрагентом. Стандартная процедура проверки контрагента (Due Diligence) является полностью достаточной для верификации легитимности сделки.
9422677,,MARI GALAXY,Танкер-химовоз / Продуктовоз,19355.0,6.9,"Сингапур Основные габариты: Длина (LOA) — 146.60 м, ширина — 23.70 м",vessel,117922.0,146.6,23.7,На ходу (Under way),2010.0,16.0,взаимодействия с данным судном оценивается как низкий.Рекомендация: Стандартная процедура проверки контрагента (Due Diligence) является полностью достаточной для верификации легитимности сделки.
9589944,,NAVE CETUS,Танкер-продуктовоз (LR1 / Panamax),65000.0,7.6,"Либерия Основные габариты: Длина (LOA) — 228.00 м, ширина — 32.24 м",vessel,423412.0,228.0,32.24,На ходу (Under way),2012.0,14.0,взаимодействия с данным судном оценивается как низкий.Рекомендация: Судно является добросовестным контрагентом. Стандартная процедура проверки контрагента (Due Diligence) является полностью достаточной для верификации легитимности сделки.
1071410,,ASP SUNSHINE,Танкер-химовоз / Продуктовоз (Medium Range),49704.0,9.8,"Панама Основные габариты: Длина (LOA) — 183.00 м, ширина — 32.00 м",vessel,298962.0,183.0,32.0,На ходу (Under way),2026.0,1.0,взаимодействия с данным судном оценивается как низкий.Рекомендация: Судно является добросовестным контрагентом. Стандартная процедура проверки контрагента (Due Diligence) является полностью достаточной для верификации легитимности сделки.
9696682,,STI ROSE,Танкер для перевозки сырой нефти (LR2 / Aframax),109999.0,8.6,"Маршалловы острова Основные габариты: Длина (LOA) — 256.00 м, ширина — 43.00 м",vessel,627692.0,256.0,43.0,На якоре (At anchor),2015.0,11.0,взаимодействия с данным судном оценивается как низкий.Рекомендация: Судно является добросовестным контрагентом. Стандартная процедура проверки контрагента (Due Diligence) является полностью достаточной для верификации легитимности сделки.
9895264,,MARAN THULEIMO номер: 9895264,Челночный танкер (Shuttle Tanker) для перевозки сырой нефти,147098.0,15.7,"Багамские острова Основные габариты: Длина (LOA) — 279.00 м, ширина — 49.00 м",vessel,860472.0,279.0,49.0,На ходу (Under way),2022.0,4.0,взаимодействия с данным судном оценивается как низкий.Рекомендация: Стандартная процедура проверки контрагента (Due Diligence) является полностью достаточной.
9780770,,NORSE SPIRIT,Челночный танкер (Shuttle Tanker) для перевозки сырой нефти,148167.0,9.3,Канада,vessel,857622.0,280.0,49.0,На ходу (Under way),2017.0,9.0,взаимодействия с данным судном оценивается как низкий.
9891696,,AIFANOURIOS,Танкер для перевозки сырой нефти (Aframax / LR2),116015.0,13.3,Маршалловы острова,vessel,643052.0,249.9,44.0,На ходу (Under way),2021.0,5.0,взаимодействия с данным судном оценивается как низкий.
9717137,,,,109999.0,9.0,,vessel,642452.0,249.99,44.0,На ходу (Under way),,,взаимодействия с данным судном оценивается как низкий.
9655987,,CLEAROCEAN MARIGOLD,Танкер-химовоз / Продуктовоз (MR Tanker),49999.0,12.2,Сингапур,vessel,297052.0,183.0,32.2,На ходу (Under way),2014.0,12.0,взаимодействия с данным судном оценивается как низкий.
9915911,,KUNLUN,Газовоз СПГ (LNG Tanker),91509.0,9.3,"Гонконг Основные габариты: Длина (LOA) — 295.00 м, ширина — 45.00 м",vessel,1142092.0,295.0,45.0,На ходу (Under way),2023.0,3.0,взаимодействия с данным судном оценивается как низкий.Рекомендация: Стандартная процедура проверки контрагента (Due Diligence) является полностью достаточной для верификации легитимности сделки.
9185528,,,Танкер для перевозки сырой нефти (Suezmax),159959.0,,"Камерун Основные габариты: Длина (LOA) — 274.26 м, ширина — 48.00 м",vessel,811512.0,274.26,48.0,На ходу (Under way),2000.0,26.0,"взаимодействия с данным судном оценивается как критически высокий.Рекомендация: Категорически не рекомендуется любое коммерческое, операционное или финансовое взаимодействие с данным судном. Любые операции с этим активом напрямую нарушают международное санкционное законодательство и несут риск применения вторичных санкций в отношении контрагентов."
9190638,,HANNE KNUTSEN,Плавучая установка для хранения и отгрузки нефти (FSO — Floating Storage and Offloading),123581.0,12.0,Норвегия,vessel,740042.0,264.68,42.5,Ошвартовано (Moored),2000.0,26.0,взаимодействия оценивается как низкий.
9466910,,SWAN BALTIC,Танкер-химовоз / Продуктовоз,6702.0,6.0,Португалия (Мадейра),vessel,52062.0,116.0,18.0,На ходу (Under way),2022.0,4.0,взаимодействия с данным судном оценивается как низкий.
9728423,,,Танкер для перевозки сырой нефти (Aframax / LR2),114667.0,8.2,"Сингапур Основные габариты: Длина (LOA) — 250.00 м, ширина — 44.00 м",vessel,634972.0,250.0,44.0,На ходу (Under way),2016.0,10.0,взаимодействия оценивается как низкий.Рекомендация: Судно является добросовестным контрагентом. Стандартная процедура проверки контрагента (Due Diligence) является достаточной для верификации легитимности сделки.
9843912,,MARAN TIDE,Челночный танкер (Shuttle Tanker) для перевозки сырой нефти,129632.0,9.6,"Багамские острова Основные габариты: Длина (LOA) — 276.66 м, ширина — 46.00 м",vessel,853292.0,276.66,46.0,На ходу (Under way),2020.0,6.0,взаимодействия с данным судном оценивается как низкий.Рекомендация: Судно является добросовестным контрагентом. Стандартная процедура проверки контрагента (Due Diligence) является полностью достаточной для верификации легитимности сделки.
9920497,,NEWBURY,Танкер для перевозки сырой нефти (Aframax / LR2),112095.0,8.3,Багамские острова,vessel,601352.0,237.0,44.0,На ходу (Under way),2022.0,4.0,взаимодействия с данным судном оценивается как низкий.
9411020,,BRATSK,Танкер для перевозки сырой нефти (Suezmax),156572.0,,Россия,vessel,837472.0,274.0,48.0,На ходу (Under way),2009.0,17.0,взаимодействия оценивается как критически высокий.
9630030,,TORILL KNUTSEN,Челночный танкер (Shuttle Tanker) для перевозки сырой нефти,123166.0,9.3,Норвегия,vessel,808502.0,275.7,46.0,На ходу (Under way),2013.0,13.0,взаимодействия с данным судном оценивается как низкий.
9683049,,KMARIN RIGOUR,Танкер для перевозки сырой нефти (Aframax / LR2),109475.0,9.0,"Остров Мэн (Великобритания) Основные габариты: Длина (LOA) — 249.85 м, ширина — 44.00 м",vessel,643092.0,249.85,44.0,На ходу (Under way),2016.0,10.0,взаимодействия с данным судном оценивается как низкий.Рекомендация: Стандартная процедура проверки контрагента (Due Diligence) является полностью достаточной для верификации легитимности сделки.
9318230,,AMAK SWAN,Бункеровщик / Танкер-химовоз (Bunker Tanker / Chemical/Oil Products Tanker),3476.0,5.8,"Дания Основные габариты: Длина (LOA) — 93 м, ширина — 14 м",vessel,26112.0,93.0,14.0,Ошвартовано (Moored),2005.0,21.0,взаимодействия оценивается как низкий.Рекомендация: Стандартная процедура проверки контрагента (Due Diligence) является достаточной для верификации легитимности сделки.
9256432,,BIT POWERIMO номер: 9256432,Танкер-асфальтовоз / битумовоз (Asphalt/Bitumen Tanker),6719.0,7.1,"Нидерланды Основные габариты: Длина (LOA) — 116.90 м, ширина — 18.00 м",vessel,65562.0,116.9,18.0,Ошвартовано (Moored),2003.0,23.0,взаимодействия с данным судном оценивается как низкий.Рекомендация: Стандартная процедура проверки контрагента (Due Diligence) является достаточной.
9457024,,SONGA COSMOS,Танкер-химовоз / Продуктовоз,25130.0,9.3,Мальта,vessel,178622.0,170.11,26.2,Ошвартовано (Moored),2010.0,16.0,взаимодействия с данным судном оценивается как низкий.
9488839,,ASTREA,Танкер-химовоз / Продуктовоз,11215.0,8.1,Швеция,vessel,73662.0,129.5,19.8,Ошвартовано (Moored),2010.0,16.0,взаимодействия с данным судном оценивается как низкий.
9862475,,FLEX VIGILANT,Газовоз (LNG Tanker),93764.0,7.8,Маршалловы острова,vessel,1164302.0,297.0,46.4,На якоре (At anchor),2021.0,5.0,взаимодействия с данным судном оценивается как низкий.
9739812,,RAMANDA,Танкер-химовоз / Продуктовоз,17994.0,8.8,Швеция,vessel,127702.0,149.9,22.8,На ходу (Under way),2018.0,8.0,взаимодействия с данным судном оценивается как низкий.
9943360,,CL GEORGE ELIOT,Танкер-химовоз / Продуктовоз,49355.0,8.2,Либерия,vessel,302592.0,183.24,32.2,На якоре (At anchor),2023.0,3.0,взаимодействия с данным судном оценивается как низкий.
9737383,,OSLO TS,Танкер для перевозки сырой нефти (Aframax),112949.0,9.0,Мальта,vessel,625572.0,249.97,44.0,На ходу (Under way),2017.0,9.0,взаимодействия с данным судном оценивается как низкий.
9274800,,ASTRAL,Танкер для перевозки сырой нефти (Aframax),114500.0,14.8,Сьерра-Леоне,vessel,628772.0,249.87,43.8,На ходу (Under way),2004.0,22.0,взаимодействия оценивается как критически высокий.
9368235,,NEVAH,Танкер для перевозки сырой нефти / нефтепродуктов,108936.0,,Камерун,vessel,628632.0,245.07,42.0,На ходу (Under way),2008.0,18.0,взаимодействия оценивается как критически высокий.
9271573,,VIXENA,Танкер для перевозки сырой нефти (Suezmax),150611.0,14.5,Сьерра-Леоне,vessel,788962.0,274.2,48.0,На ходу (Under way),2004.0,22.0,взаимодействия оценивается как критически высокий.
9273351,,ETERNAL,Танкер-продуктовоз (Oil Products Tanker),45915.0,8.2,Либерия,vessel,282032.0,179.9,32.2,На ходу (Under way),2004.0,22.0,взаимодействия оценивается как критически высокий.
9688831,,STI MADISON,Танкер для перевозки сырой нефти (Aframax / LR2),109999.0,12.4,Маршалловы острова,vessel,648272.0,256.39,43.0,На ходу (Under way),2014.0,12.0,взаимодействия с данным судном оценивается как низкий.
9378307,,CORAL FURCATA,Газовоз (LPG / LNG Carrier),10441.0,7.3,Либерия,vessel,101052.0,137.01,19.8,На ходу (Under way),2011.0,15.0,взаимодействия с данным судном оценивается как низкий.
9544607,,JANINE K,Танкер-продуктовоз (Oil Products Tanker),48045.0,11.4,Мальта,vessel,287972.0,180.0,32.0,На ходу (Under way),2009.0,17.0,взаимодействия с данным судном оценивается как повышенный.
9785689,,STI GALATA,Танкер-химовоз / Продуктовоз (MR2),49990.0,10.6,Маршалловы острова,vessel,297602.0,183.34,32.2,На ходу (Under way),2017.0,9.0,взаимодействия с данным судном оценивается как низкий.
9418822,,HARBOUR EXPRESSIMO номер: 9418822,Танкер-химовоз / Продуктовоз,20522.0,6.8,"Португалия (Мадейра) Основные габариты: Длина (LOA) — 161.65 м, ширина — 22.40 м",vessel,127452.0,161.65,22.4,На ходу (Under way),2011.0,15.0,взаимодействия с данным судном оценивается как низкий.Рекомендация: Судно является добросовестным контрагентом. Стандартная процедура проверки контрагента (Due Diligence) является полностью достаточной для верификации легитимности сделки.
9972684,,SPIRIT LNG,Газовоз (LNG Tanker),88808.0,9.6,Либерия,vessel,1157182.0,290.0,46.0,На ходу (Under way),2026.0,,взаимодействия с данным судном оценивается как низкий.
9451226,,BALTIC,Танкер-химовоз / Продуктовоз,11253.0,8.5,Дания,vessel,73242.0,129.5,19.8,На ходу (Under way),2020.0,6.0,взаимодействия с данным судном оценивается как низкий.
9804033,,YURIY KUCHIEV,Танкер-газоконденсатовоз (ледовый класс Arc7),52292.0,9.4,Кипр,vessel,395942.0,229.2,32.5,На ходу (Under way),2019.0,7.0,взаимодействия оценивается как средний.
9750749,,GEORGIY USHAKOV,"Газовоз (LNG Tanker, ледовый класс ARC7)",96796.0,12.2,Багамские острова,vessel,1289692.0,299.0,50.0,На ходу (Under way),2019.0,7.0,взаимодействия с данным судном оценивается как высокий.
9513438,,DAN SABIA,Танкер для перевозки сырой нефти (Aframax/LR2),59317.0,8.0,Дания,vessel,363032.0,207.0,32.2,На ходу (Under way),2012.0,14.0,взаимодействия с данным судном оценивается как низкий.
9997983,,SEABRAVERY,Танкер для перевозки сырой нефти (Aframax/LR2),113879.0,8.6,Мальта,vessel,627732.0,250.0,44.0,На ходу (Under way),2025.0,1.0,взаимодействия с данным судном оценивается как низкий.
9920693,,SEA AMETHYST,Танкер для перевозки сырой нефти (Suezmax),157146.0,15.8,Греция,vessel,809342.0,277.36,48.0,На ходу (Under way),2022.0,4.0,взаимодействия с данным судном оценивается как низкий.
9624067,,NORDLOTUS,Танкер для перевозки сырой нефти (Aframax),105543.0,8.2,Португалия (Мадейра),vessel,570812.0,228.6,42.0,На ходу (Under way),2013.0,13.0,взаимодействия с данным судном оценивается как низкий.
9795062,,EAGLE BRASILIA,Танкер для перевозки сырой нефти (Aframax),113416.0,15.0,Сингапур,vessel,621502.0,249.84,43.8,На ходу (Under way),2019.0,7.0,взаимодействия с данным судном оценивается как низкий.
9690614,,HAFNIA VIRIDIAN,Танкер-химовоз / Продуктовоз (MR2),49126.0,8.8,"Маршалловы острова Основные габариты: Длина (LOA) — 183.06 м, ширина — 32.20 м",vessel,295312.0,183.06,32.2,На ходу (Under way),2015.0,11.0,взаимодействия с данным судном оценивается как низкий.Рекомендация: Судно является добросовестным контрагентом. Стандартная процедура проверки контрагента (Due Diligence) является полностью достаточной для верификации легитимности сделки.
9306081,,JADE,Внутренний танкер (Inland Tanker),9000.0,,"Нидерланды Основные габариты: Длина (LOA) — 134.95 м, ширина — 20.24 м",vessel,,134.95,20.24,Актив классифицируется как танкер внутреннего плавания.Анализ: Судно предназначено для работы на внутренних водных путях (речной и канальный транспорт),2004.0,22.0,взаимодействия с данным судном оценивается как низкий.Рекомендация: Судно является добросовестным контрагентом. Стандартная процедура проверки контрагента (Due Diligence) является достаточной для верификации легитимности сделки.
9407067,,LILA VANCOUVER,Танкер-химовоз / Продуктовоз,19702.0,9.9,Либерия,vessel,116532.0,144.03,24.2,На ходу (Under way),2008.0,18.0,взаимодействия с данным судном оценивается как низкий.
9445655,,GOLDEN OAK,Танкер-химовоз / Продуктовоз,13168.0,8.3,Маршалловы острова,vessel,85052.0,127.9,20.4,На ходу (Under way),2008.0,18.0,взаимодействия с данным судном оценивается как низкий.
9164081,,ARAGONITH,Танкер-химовоз / Продуктовоз,4482.0,5.2,"Кипр Основные габариты: Длина (LOA) — 92.60 м, ширина — 15.30 м",vessel,32182.0,92.6,15.3,На причале (Moored),1999.0,27.0,взаимодействия с данным судном оценивается как низкий.Рекомендация: Судно является добросовестным контрагентом. Стандартная процедура проверки контрагента (Due Diligence) является достаточной для верификации легитимности сделки.
9716016,,INDIGO RAY,Танкер-химовоз / Продуктовоз,19989.0,8.9,Либерия,vessel,119182.0,146.5,24.0,На причале (Moored),2016.0,10.0,взаимодействия с данным судном оценивается как низкий.
9716016,,INDIGO RAY,Танкер-химовоз / Продуктовоз,19989.0,8.9,Либерия,vessel,119182.0,146.5,24.0,На причале (Moored),2016.0,10.0,взаимодействия с данным судном оценивается как низкий.
9578000,,CGAS PANTHER,Газовоз (LPG Tanker),4994.0,7.0,"Мальта Основные габариты: Длина (LOA) — 100.00 м, ширина — 17.40 м",vessel,50362.0,100.0,17.4,На причале (Moored),2012.0,14.0,взаимодействия с данным судном оценивается как низкий.Рекомендация: Судно является добросовестным контрагентом. Стандартная процедура проверки контрагента (Due Diligence) является достаточной для верификации легитимности сделки.
9818539,,BOW ODYSSEY,Танкер-химовоз / Продуктовоз (MR2),49100.0,11.4,"Норвегия (NIS) Основные габариты: Длина (LOA) — 182.88 м, ширина — 32.20 м",vessel,341282.0,182.88,32.2,На причале (Moored),2020.0,6.0,взаимодействия с данным судном оценивается как низкий.Рекомендация: Судно является надежным контрагентом. Стандартная процедура проверки контрагента (Due Diligence) является полностью достаточной для верификации легитимности сделки.
1056006,,PARIAN TRADER,Танкер-химовоз / Продуктовоз (MR2),49990.0,7.6,Либерия,vessel,299792.0,183.0,32.0,На причале (Moored),2026.0,,взаимодействия с данным судном оценивается как низкий.
9939577,,AUGENSTERN,Танкер-химовоз / Продуктовоз (MR2),49600.0,8.0,Либерия,vessel,288582.0,183.0,32.0,На ходу (Under way using engine),2024.0,2.0,взаимодействия с данным судном оценивается как низкий.
9359363,,BRAVE OCEAN,Танкер-химовоз / Продуктовоз (MR2),46105.0,9.2,Либерия,vessel,263282.0,183.01,32.2,На причале (Moored),2010.0,16.0,взаимодействия с данным судном оценивается как средний.
9344423,,RUBIKON 202,Танкер-химовоз / Продуктовоз,16979.0,8.9,Португалия (Мадейра),vessel,121642.0,144.05,23.0,На причале (Moored),2007.0,19.0,взаимодействия с данным судном оценивается как низкий.
9777400,,BOW TUNGSTEN,Танкер-химовоз / Продуктовоз,27601.0,8.6,Норвегия (NIS),vessel,171392.0,165.17,26.7,На причале (Moored),2018.0,8.0,взаимодействия с данным судном оценивается как низкий.
9371660,,GASCHEM ATLANTIC,Газовоз (LPG Tanker),9202.0,7.8,Португалия (Мадейра),vessel,73132.0,128.83,17.8,На причале (Moored),2009.0,17.0,взаимодействия с данным судном оценивается как низкий.
9420710,,BOCHEM OSLO,Танкер-химовоз / Продуктовоз (MR1),33655.0,10.5,Португалия (Мадейра),vessel,199102.0,170.17,26.6,На причале (Moored),2010.0,16.0,взаимодействия с данным судном оценивается как низкий.
9359363,,BRAVE OCEAN,Танкер-химовоз / Продуктовоз (MR2),46105.0,9.2,Либерия,vessel,263282.0,183.01,32.2,На причале (Moored),2010.0,16.0,взаимодействия с данным судном оценивается как средний.
9420710,,BOCHEM OSLO,Танкер-химовоз / Продуктовоз,33655.0,10.5,Португалия (Мадейра),vessel,199102.0,170.17,26.6,На причале (Moored),2010.0,16.0,взаимодействия с данным судном оценивается как низкий.
9430911,,VANQUISH,Внутренний танкер (Inland Tanker),2950.0,,Нидерланды,vessel,,110.0,11.44,,2010.0,16.0,НИЗКИЙ.
9890599,,RAMIRA,Танкер-химовоз / Продуктовоз,17999.0,6.6,Швеция,vessel,127632.0,149.9,22.8,На причале (Moored),2021.0,5.0,взаимодействия с данным судном оценивается как низкий.
9396787,,HARBIYE,Танкер-химовоз / Продуктовоз (LR1 / Panamax),50554.0,8.0,Панама,vessel,301232.0,183.0,32.2,На причале (Moored),2008.0,18.0,взаимодействия оценивается как средний.
9380063,,MINERVA EMILY,Танкер для нефтепродуктов (Product Tanker / MR2),47408.0,7.1,Мальта,vessel,269002.0,182.5,32.2,На причале (Moored),2009.0,17.0,взаимодействия с данным судном оценивается как высокий.
9684108,,FIDELIO,Танкер-химовоз / Продуктовоз,6346.0,6.0,Кипр,vessel,46962.0,104.92,17.0,На ходу (Under way using engine),2014.0,12.0,взаимодействия с данным судном оценивается как низкий.
9396775,,PACIFIC PRIDE,Танкер-химовоз / Продуктовоз (LR1 / Panamax),50698.0,7.5,Панама,vessel,300562.0,183.0,32.2,На причале (Moored),2009.0,17.0,взаимодействия с данным судном оценивается как средний.
9389851,,GULF CORAL,Танкер для сырой нефти (Panamax/LR1),74999.0,8.0,Багамские острова,vessel,424462.0,228.48,32.2,На причале (Moored),2009.0,17.0,взаимодействия с данным судном оценивается как средний.
9655200,,SCHOTSMAN,Внутренний танкер (Inland Tanker),4000.0,,Нидерланды,vessel,,135.0,12.0,,2012.0,14.0,НИЗКИЙ.
1025411,,CAPTAIN M. KYRIAKOU,Танкер-химовоз / Продуктовоз,18330.0,7.7,Португалия (Мадейра),vessel,118652.0,150.0,23.0,На причале (Moored),2025.0,1.0,взаимодействия с данным судном оценивается как низкий.
1132147,,OMEGA,"Внутренний моторный танкер (Inland, Motor Tanker)",,3.6,Бельгия,vessel,,115.0,15.0,На причале (Moored),,,взаимодействия с данным судном оценивается как низкий.
9624005,,DONATA SCHULTE,Газовоз (LPG Tanker),8573.0,6.4,Мальта,vessel,80092.0,113.0,19.2,На причале (Moored),2013.0,13.0,взаимодействия с данным судном оценивается как низкий.
9407988,,STEN BERGEN,Танкер-химовоз / Продуктовоз,16655.0,7.8,Португалия (регистр Мадейра),vessel,119432.0,144.1,23.0,На причале (Moored),2009.0,17.0,взаимодействия с данным судном оценивается как низкий.
9362152,,FURE SKAGEN,Танкер-химовоз / Продуктовоз,16979.0,9.4,Фарерские острова (Дания),vessel,121642.0,144.05,23.0,На причале (Moored),2008.0,18.0,взаимодействия с данным судном оценивается как низкий.
9907017,,MISTRAL FLAME,Танкер-химовоз / Продуктовоз,33343.0,8.3,Либерия,vessel,226352.0,179.99,28.0,На причале (Moored),2022.0,4.0,взаимодействия с данным судном оценивается как низкий.
9540833,,UNIQUE INFINITY,Танкер-химовоз / Продуктовоз (LR1 / Panamax),50378.0,11.6,Гонконг (КНР),vessel,294792.0,182.5,32.2,На причале (Moored),2013.0,13.0,взаимодействия с данным судном оценивается как низкий.
9859234,,ROYAL CHEMIST,Танкер-химовоз / Продуктовоз (LR1 / Panamax),50192.0,8.9,Либерия,vessel,300872.0,183.09,32.2,На причале (Moored),2021.0,5.0,взаимодействия с данным судном оценивается как низкий.
9686869,,STI BRIXTON,Танкер-химовоз / Продуктовоз,38734.0,11.4,"Маршалловы Острова Основные габариты: Длина (LOA) — 184.00 м, ширина — 27.40 м",vessel,242302.0,184.0,27.4,На причале (Moored),2014.0,12.0,взаимодействия с данным судном оценивается как низкий.Рекомендация: Судно является добросовестным контрагентом. Стандартная процедура проверки контрагента (Due Diligence) является достаточной для верификации правового статуса сделки.
9399351,,HENRY MAERSK,Танкер-химовоз (Chemical/Oil Products Tanker),37933.0,6.6,"Дания Основные габариты: Длина (LOA) — 180.00 м, ширина — 32.00 м",vessel,257232.0,180.0,32.0,На причале (Moored),2010.0,16.0,взаимодействия с данным судном оценивается как низкий.Рекомендация: Судно является надежным контрагентом. Стандартная процедура проверки контрагента (Due Diligence) является достаточной для верификации правового статуса сделки.
9752797,,ALFA ALANDIA,Танкер для сырой нефти (Aframax),106324.0,14.8,Багамские острова,vessel,571642.0,229.0,42.0,На причале (Moored),2016.0,10.0,взаимодействия с данным судном оценивается как низкий.
9981465,,KOMODO PARK,Танкер-химовоз / Продуктовоз (Chemical/Oil Products Tanker),19981.0,9.71,"Либерия Основные габариты: Длина (LOA) — 146.50 м, ширина — 24.00 м",vessel,12221.0,146.5,24.0,На ходу (Under way using engine),2024.0,2.0,взаимодействия с данным судном оценивается как низкий.Рекомендация: Судно является идеальным контрагентом. Стандартная процедура проверки (Due Diligence) подтверждает легитимность и надежность данного актива.
9761516,,LOIRE,Танкер для сырой нефти (Suezmax),157463.0,,Маршалловы Острова,vessel,827622.0,,48.0,На причале (Moored),2016.0,10.0,взаимодействия с данным судном оценивается как низкий.
9362138,,YM SATURN,Танкер-химовоз / Продуктовоз,15988.0,,"Мальта Основные габариты: Длина (LOA) — 148.00 м, ширина — 21.60 м",vessel,109172.0,148.0,21.6,На причале (Moored),2007.0,19.0,взаимодействия с данным судном оценивается как низкий.Рекомендация: Судно является добросовестным контрагентом. Стандартная процедура проверки контрагента (Due Diligence) является достаточной для подтверждения легитимности сделки.
9388302,,BOW ELM,Танкер-химовоз / Продуктовоз,46098.0,,"Норвегия Основные габариты: Длина общая (LOA) — 182.88 м, ширина — 32.20 м",vessel,263612.0,,32.2,На причале (Moored),2011.0,15.0,взаимодействия с данным судном оценивается как низкий.
9827059,,NORD VALOROUS,Танкер-химовоз / Продуктовоз (MR Tanker),50550.0,,Либерия,vessel,295572.0,,32.2,На причале (Moored),2018.0,8.0,взаимодействия с данным судном оценивается как низкий.
9402653,,STAR CURACAO,Танкер для растительных масел (Edible Oil Tanker),4400.0,,Нидерланды,vessel,35782.0,109.0,13.5,На причале (Moored),2008.0,18.0,взаимодействия с данным судном оценивается как низкий.
9850678,,BW PAVILION ARANTHERA,Газовоз (LNG Tanker / Large),90400.0,,Сингапур,vessel,1146222.0,294.97,46.4,Стоянка в порту (Moored),2020.0,6.0,взаимодействия с данным судном оценивается как низкий.
9352262,,HD PETROL,Танкер для нефтепродуктов (малотоннажный),4814.0,,Вьетнам,vessel,32312.0,,16.2,На ходу / Ожидание,2005.0,21.0,взаимодействия с данным судном оценивается как низкий.
9600190,,JADE STAR 15,Танкер для нефтепродуктов (малотоннажный),4998.0,,Вьетнам,vessel,29782.0,,15.3,На ходу (в пути),2015.0,11.0,взаимодействия с данным судном оценивается как низкий.
1074797,,HOANG HA OCEAN,Танкер для нефтепродуктов (малотоннажный),6800.0,,Вьетнам,vessel,40842.0,110.0,16.0,На ходу (в пути),2025.0,1.0,взаимодействия с данным судном оценивается как низкий.
9389722,,AULAC DIAMOND,Танкер-химовоз / Продуктовоз,12639.0,,Вьетнам,vessel,86142.0,,20.4,На ходу (в пути),2008.0,18.0,взаимодействия с данным судном оценивается как низкий.
9994931,,DING HENG 31,Танкер-химовоз (Chemical/Oil Products Tanker),6410.0,,"Китай Основные габариты: Длина общая (LOA) — 111.98 м, ширина — 17.60 м",vessel,46262.0,,17.6,На ходу (Sailing),2024.0,2.0,взаимодействия с данным судном оценивается как низкий.Рекомендация: Судно является добросовестным контрагентом. Стандартная процедура проверки контрагента (Due Diligence) является достаточной для подтверждения легитимности сделки.
9256602,,ARCTIC PIONEER,Танкер для перевозки сжиженного природного газа (LNG),77712.0,,Россия,vessel,937862.0,,43.4,На ходу (в пути),2005.0,21.0,взаимодействия с данным судном оценивается как критический.
9889722,,WU TONG,Танкер-химовоз (Chemical/Oil Products Tanker),7423.0,,Китай,vessel,54162.0,,17.6,На ходу (в пути),2021.0,5.0,взаимодействия с данным судном оценивается как низкий.
9514559,,NAVE QUASAR,Танкер для сырой нефти (VLCC),297376.0,,Либерия,vessel,1527272.0,,60.0,На ходу (в пути),2010.0,16.0,взаимодействия с данным судном оценивается как низкий.
9416628,,XIN PU YANG,Танкер для сырой нефти (VLCC),309362.0,,Китай,vessel,1614882.0,,60.0,На ходу (в пути),2010.0,16.0,взаимодействия с данным судном оценивается как низкий.
1027237,,GREAT FIVE OCEAN,Танкер для нефтепродуктов (малотоннажный),7944.0,,Панама,vessel,55102.0,119.0,17.4,На ходу (в пути),2024.0,,взаимодействия с данным судном оценивается как низкий.
9299159,,FRIEND,Танкер-химовоз / Продуктовоз,47000.0,,Антигуа и Барбуда,vessel,280002.0,,40.0,На ходу (в пути),2006.0,20.0,взаимодействия с данным судном оценивается как высокий.
9792151,,GOLDEN SKY,Танкер-химовоз / Продуктовоз,16297.0,,Либерия,vessel,94482.0,,22.0,На ходу (в пути),2017.0,9.0,взаимодействия с данным судном оценивается как низкий.
9115303,,NAVIXON,Газовоз (LPG Tanker),49849.0,,"Ангола (в AIS), в реестре указано ""Unknown"" — критический признак потери легального статуса.",vessel,446942.0,,36.6,Дрейф (позиция не обновлялась 8 дней),1996.0,30.0,взаимодействия с данным судном оценивается как критический.
9134294,,ELLY,Газовоз (LPG Tanker),49651.0,,Гамбия (ранее Мадагаскар),vessel,446522.0,,36.6,Дрейф/Ожидание,1997.0,29.0,взаимодействия с данным судном оценивается как критический.
9183374,,"FELI (ранее известное как FSO по классификации, хотя параметры соответствуют VLCC)",Танкер для сырой нефти (VLCC),298023.0,,Панама,vessel,1493762.0,,60.0,На ходу (в пути),1999.0,27.0,взаимодействия с данным судном оценивается как критический.
9298296,,AL SALMI,Танкер для сырой нефти (LR1),73911.0,,Панама,vessel,419942.0,,32.26,Дрейф (находится в районе индонезийских вод),2005.0,21.0,взаимодействия с данным судном оценивается как высокий.
9197856,,RUBYNI,Танкер для сырой нефти (VLCC),281050.0,,"Камерун Основные габариты: Длина общая (LOA) — 330.00 м, ширина — 60.00 м",vessel,1492822.0,,60.0,Судно не передает актуальных навигационных данных (последние данные получены 3 дня назад),2000.0,26.0,"взаимодействия с данным судном оценивается как критический.Рекомендация: Категорически запрещено любое деловое взаимодействие с данным судном. Оно не обладает легитимным статусом, страховой защитой и классификационным подтверждением. Взаимодействие с ним приведет к немедленному нарушению комплаенс-политики и может повлечь юридические последствия, включая внесение в санкционные списки."
9330343,,LONDON STAR,Танкер для сырой нефти / Продуктовоз (LR1),73869.0,,Либерия,vessel,419662.0,,32.3,На ходу (в пути),2006.0,20.0,взаимодействия с данным судном оценивается как низкий.
9259331,,SUGAR APPLUS (бывшее название EURODESTINY),Супертанкер для сырой нефти (VLCC),303896.0,,Камерун (удобный флаг),vessel,1599362.0,,60.0,На якоре / Дрейф,2003.0,23.0,взаимодействия с данным судном оценивается как высокий.
9418494,,ZALIV ANIVA,Танкер для сырой нефти (Aframax/LR2),102946.0,,Оман,vessel,603252.0,,42.0,На ходу (в пути),2009.0,17.0,взаимодействия с данным судном оценивается как критический.
9333400,,NOBLE,Танкер-химовоз / Продуктовоз,47125.0,,Камерун,vessel,299022.0,,32.2,На ходу (в пути),2006.0,20.0,взаимодействия с данным судном оценивается как критический.
9338929,,GRAND MEREYA,Газовоз (LNG Tanker),74497.0,,Кипр,vessel,1205252.0,,49.0,На ходу (в пути),2008.0,18.0,взаимодействия с данным судном оценивается как низкий.
9767962,,MARAN GAS HYDRA,Газовоз (LNG Tanker),94945.0,,Греция,vessel,1137632.0,,46.4,На ходу (в пути),2019.0,7.0,взаимодействия с данным судном оценивается как низкий.
9830252,,CHEMICAL CHALLENGER,Танкер-химовоз / Продуктовоз,50000.0,,Либерия,vessel,300002.0,,32.0,На ходу (в пути),2019.0,7.0,взаимодействия с данным судном оценивается как низкий.
9633422,,MARAN GAS APOLLONIA,Газовоз (LNG Tanker),90434.0,,Греция,vessel,1057732.0,,45.6,На ходу (в пути),2014.0,12.0,взаимодействия с данным судном оценивается как низкий.
9933640,,(Согласно IMO 9933640) — APOLLON,Супертанкер для сырой нефти (VLCC — Very Large Crude Carrier),300000.0,,Маршалловы Острова,vessel,1600002.0,,60.0,На ходу (в пути),2022.0,4.0,взаимодействия с данным судном оценивается как низкий.
9163271,,MONARCH NO. 1,Танкер-химовоз / Продуктовоз,36233.0,,Панама,vessel,192622.0,,30.0,Дрейф (Drifting),1998.0,28.0,взаимодействия с данным судном оценивается как высокий.
9411317,,NCC AMAL,Танкер-химовоз / Продуктовоз,45544.0,,Саудовская Аравия,vessel,292342.0,,32.2,На ходу (в пути),2011.0,15.0,взаимодействия с данным судном оценивается как низкий.
9687019,,GASLOG GREECE,Газовоз (LNG Tanker),87975.0,,"Бермудские острова Основные габариты: Длина общая (LOA) — 291.08 м, ширина — 45.80 м",vessel,1127642.0,,45.8,На ходу (в пути),2016.0,10.0,взаимодействия с данным судном оценивается как низкий.Рекомендация: Судно является первоклассным контрагентом. Стандартная процедура проверки (Due Diligence) является достаточной для подтверждения легитимности сделки.
9589932,,NAVE CASSIOPEIA,Танкер для перевозки сырой нефти (LR1),74711.0,,Либерия,vessel,423412.0,,50.0,На ходу (в пути),2012.0,14.0,взаимодействия с данным судном оценивается как низкий.
9796834,,TSUKUBA GALAXY,Танкер-химовоз / Продуктовоз,26175.0,,Панама,vessel,165892.0,,27.1,Ошвартовано (Moored),2020.0,6.0,взаимодействия с данным судном оценивается как низкий.
9425538,,PENTOZALI,Танкер-химовоз / Продуктовоз (MR2),49995.0,,Маршалловы Острова (престижная «открытая» юрисдикция),vessel,284652.0,,32.2,Ошвартовано (Moored),2010.0,16.0,взаимодействия с данным судном оценивается как низкий.
9443877,,GRAND ACE 10,Танкер-химовоз / Продуктовоз,46159.0,,Панама,vessel,300492.0,,32.2,Ошвартовано (Moored),2008.0,18.0,взаимодействия с данным судном оценивается как средний.
9447732,,MAERSK MAGELLAN,Танкер-химовоз / Продуктовоз,49992.0,,Сингапур,vessel,296832.0,,32.2,Ошвартовано (Moored),2010.0,16.0,взаимодействия с данным судном оценивается как низкий.
9387578,,NUSHEN,Супертанкер (VLCC — Very Large Crude Carrier),299999.0,,Барбадос,vessel,1608362.0,,60.0,,2008.0,18.0,взаимодействия с данным судном оценивается как высокий.
9254850,,CAMILLA,Танкер для нефтепродуктов (LR1),70142.0,,Гонконг,vessel,416792.0,,32.2,На якоре / Дрейф,2003.0,23.0,взаимодействия с данным судном оценивается как высокий.
1061348,,LONG MEI,Танкер для нефтепродуктов (Small),5000.0,,"ГондурасОсновные габариты: Длина общая (LOA) — 109.12 м, ширина — 15.00 м",vessel,37262.0,,15.0,"На ходу.Последний порт: Мале, Мальдивы (отход 5 апреля 2026 г.)",2004.0,22.0,"взаимодействия с данным судном оценивается как высокий.Рекомендация: Рекомендуется полный отказ от любого делового контакта, включая фрахтование, агентирование или предоставление услуг, из-за высокого риска вовлеченности в деятельность, не соответствующую международным комплаенс-стандартам.Риски: В случае любой аварийной ситуации или расследования происхождения груза, отсутствие прозрачного менеджмента и надежного P&I-покрытия делает контрагента уязвимым для серьезных финансовых и регуляторных последствий."
9074652,,UMM AL ASHTAN,Танкер для перевозки сжиженного природного газа (LNG Tanker),73100.0,,"Либерия Основные габариты: Длина общая (LOA) — 290.14 м, ширина — 48.10 м",vessel,1167032.0,,48.1,"На ходу.Текущий статус: Пункт назначения — Хор-Факкан, ОАЭ. Последний порт: Дабхол, Индия (отход 6 июня 2026 г.)",1997.0,29.0,взаимодействия с данным судном оценивается как низкий.Рекомендация: Стандартная процедура проверки контрагента (Due Diligence) является достаточной. Дополнительные меры проверки не требуются.
9321457,,SOLO 7,Танкер-химовоз / Продуктовоз (Small),10737.0,,Сент-Китс и Невис,vessel,70642.0,,19.2,На ходу (в пути),2006.0,20.0,взаимодействия с данным судном оценивается как высокий.
9183609,,DAN EAGLE,Нефтяной танкер (Crude Oil Tanker),44700.0,,Дания (регистрация не обновлялась),vessel,284482.0,,32.3,НЕ В ЭКСПЛУАТАЦИИ (OUT OF SERVICE),1999.0,27.0,"взаимодействия оценивается как нулевой, так как судно не является субъектом деловых отношений."
9254927,,ENDEAVOR,Нефтяной танкер / Продуктовоз,45994.0,,Панама,vessel,280592.0,,32.2,На ходу (в пути / дрейф),2003.0,23.0,взаимодействия с данным судном оценивается как высокий.
9197155,,SILVER DAWN,Танкер-химовоз / Продуктовоз,45303.0,,Панама,vessel,279502.0,,32.2,На якоре (At anchor),1999.0,27.0,взаимодействия с данным судном оценивается как высокий.
9260055,,DORIN,Танкер-химовоз / Продуктовоз,40225.0,,Гамбия (согласно данным AIS; предыдущие флаги и смена названий свидетельствуют о частой смене юрисдикций),vessel,251082.0,,31.04,На якоре (в ожидании),2003.0,23.0,взаимодействия с данным судном оценивается как высокий.
9573660,,AQUA 1,Нефтяной танкер (MR Tanker),47917.0,,Панама,vessel,287782.0,,32.2,На ходу (в пути / дрейф),2010.0,16.0,взаимодействия с данным судном оценивается как высокий.
9308089,,DE XI,"Нефтяной танкер (Crude Oil Tanker, LR1)",73917.0,,Багамские острова,vessel,419942.0,,32.26,На ходу (в пути),2006.0,20.0,взаимодействия с данным судном оценивается как низкий.
9250907,,RANI,Нефтяной танкер (Crude Oil Tanker),107123.0,,Гвинея (согласно AIS; ранее — Панама),vessel,581662.0,,42.0,На ходу (в пути / дрейф),2003.0,23.0,
9329758,,SEA 1,Нефтяной танкер (LR1),74065.0,,Барбадос,vessel,420102.0,,32.26,На якоре / Дрейф,2006.0,20.0,взаимодействия с данным судном оценивается как высокий.
9168740,,ELITE,Нефтяной танкер / Продуктовоз,47204.0,,Гамбия,vessel,285192.0,,32.2,На якоре (дрейф),1998.0,28.0,
9239460,,CALM LAKE,Танкер-химовоз / Продуктовоз,40165.0,,Гонконг,vessel,250852.0,,31.0,На ходу (в пути),2002.0,24.0,взаимодействия с данным судном оценивается как высокий.
9247986,,AVA 10,Нефтяной танкер (Aframax),105674.0,,Коморские острова,vessel,562252.0,,42.0,На якоре (At anchor),2003.0,23.0,взаимодействия с данным судном оценивается как высокий.
9550682,,XING CHEN,Нефтяной танкер,73427.0,,"Камерун (согласно актуальным данным AIS; ранее использовались другие флаги, включая Панаму)",vessel,420102.0,,32.2,На ходу (в пути / дрейф),2009.0,17.0,
9231690,,TIANZE,Нефтяной танкер / Продуктовоз (MR),29400.0,,"Коморские острова (согласно актуальным данным AIS; в исторических данных также встречается Панама, что является характерным для судов, часто меняющих флаги для обхода мониторинга)",vessel,194082.0,,28.0,На ходу (в пути / дрейф),2002.0,24.0,взаимодействия с данным судном оценивается как высокий.
9231690,,TIANZE,Нефтяной танкер / Продуктовоз (MR),29400.0,,"Коморские острова (согласно данным AIS; в деталях также указана Панама, что часто свидетельствует о недавней смене или использовании удобных флагов)",vessel,194082.0,,27.0,На ходу (в пути / дрейф),2002.0,24.0,взаимодействия с данным судном оценивается как высокий.
9424223,,NYALA,Танкер-продуктовоз (малотоннажный),11276.0,5.0,Сент-Китс и Невис,vessel,72442.0,,19.6,На ходу (в пути),2007.0,19.0,взаимодействия с данным судном оценивается как высокий.
9326902,,ASHA,Танкер-химовоз / Продуктовоз,45947.0,,Кюрасао (согласно актуальным данным AIS),vessel,267512.0,,32.0,На ходу (в пути / дрейф),2007.0,19.0,ВЫСОКИЙ РИСК
9208239,,GAFUS,Газовоз (LPG Tanker / VLGC),54800.0,,Коморские острова,vessel,471562.0,,36.0,На ходу (в пути),2001.0,,
9329796,,KIKU,Нефтяной танкер (VLCC — Very Large Crude Carrier),300866.0,11.0,Панама,vessel,1599192.0,,60.0,На ходу,2006.0,20.0,"взаимодействия с данным судном оценивается как низкий/умеренный. Учитывая возраст судна (20 лет) и недавнюю смену структуры управления, рекомендуется стандартная проверка (Due Diligence) в рамках ваших аналитических процедур, чтобы убедиться в актуальности страхового покрытия и прозрачности текущего фрахтователя."
9281425,,RANGVER,Нефтяной танкер / Продуктовоз (LR1),74999.0,13.0,"Барбадос Основные габариты: Длина общая (LOA) — 228.19 м, ширина — 32.23 м",vessel,424952.0,,32.23,На ходу (в пути / дрейф),2005.0,21.0,"взаимодействия с данным судном оценивается как высокий.Не рекомендуется для использования в сделках с компаниями, требующими строгого соблюдения санкционных политик (Tier-1 контрагенты).Обязательная углубленная проверка (Enhanced Due Diligence): Если взаимодействие неизбежно, требуется подтверждение актуального страхового покрытия (P&I Club), исключающего использование «теневых» страховых схем, и полная прозрачность конечного фрахтователя/получателя груза."
9693070,,STEMNITSA,Нефтяной танкер (Aframax / LR2),109999.0,14.0,Мальта,vessel,623882.0,,44.0,На ходу (в пути),2015.0,,взаимодействия с данным судном оценивается как низкий. Стандартная процедура проверки (Due Diligence) является полностью достаточной для подтверждения возможности коммерческого сотрудничества.
9386299,,GAS CONCEPT,Газовоз (LPG Tanker),54004.0,,Барбадос,vessel,428972.0,,32.25,На ходу (в пути / дрейф),2009.0,,взаимодействия с данным судном оценивается как средний/повышенный. В случае необходимости взаимодействия:
9723095,,FRONT TAY,Нефтяной танкер (VLCC — Very Large Crude Carrier),299999.0,11.0,Маршалловы Острова,vessel,1575472.0,,60.0,На ходу (в пути),2016.0,,взаимодействия с данным судном оценивается как низкий. Стандартная процедура проверки (Due Diligence) является полностью достаточной.
9228655,,LUCIA A,Нефтяной танкер (Suezmax),159996.0,9.1,"Сан-Марино (указан в актуальных данных AIS) Основные габариты: Длина общая (LOA) — 274.20 м, ширина — 48.00 м",vessel,,,48.0,На ходу (в пути),2003.0,23.0,взаимодействия с данным судном оценивается как средний/повышенный. Перед любым взаимодействием рекомендуется:Провести углубленную проверку (Enhanced Due Diligence) текущего страхового покрытия (P&I).Верифицировать конечного бенефициарного владельца.Оценить чистоту предполагаемой сделки на соответствие санкционным ограничениям по происхождению груза (особенно если нефть имеет отношение к Ираку или другим сложным регионам).
9515929,,NEW STRENGTH,Нефтяной танкер (VLCC — Very Large Crude Carrier),296988.0,11.0,Либерия,vessel,1570392.0,,60.0,На ходу (в пути),2010.0,16.0,"взаимодействия оценивается как средний. В случае рассмотрения данного судна в качестве контрагента, настоятельно рекомендуется проведение углубленной проверки (Enhanced Due Diligence):"
9877755,,SEAVOICE,Нефтяной танкер (VLCC — Very Large Crude Carrier),299989.0,21.6,Мальта,vessel,1562932.0,,60.0,На ходу (в пути),2020.0,,взаимодействия с данным судном оценивается как низкий. Это прозрачный и высококачественный контрагент. Стандартная процедура проверки (Due Diligence) является полностью достаточной для подтверждения возможности любого коммерческого сотрудничества.
9998547,,TORTUGA,Нефтяной танкер (Aframax / LR2),115302.0,12.2,Либерия,vessel,643502.0,,44.0,На ходу (в пути),2025.0,,
9761358,,MARAN HELIOS,Нефтяной танкер (Suezmax),156458.0,9.5,Греция,vessel,829952.0,,48.0,На ходу (в пути),2017.0,,взаимодействия с данным судном оценивается как низкий. Стандартная процедура проверки (Due Diligence) является полностью достаточной для подтверждения возможности любого коммерческого сотрудничества.
9419967,,SINGAPORE PROSPERITY,Нефтяной танкер (VLCC — Very Large Crude Carrier),301861.0,11.0,Либерия,vessel,1598692.0,,60.0,На ходу (в пути),2011.0,,взаимодействия с данным судном оценивается как низкий. Стандартная процедура проверки (Due Diligence) является полностью достаточной для подтверждения возможности любого коммерческого сотрудничества.
9534004,,EGYPT PROSPERITY,Нефтяной танкер (VLCC — Very Large Crude Carrier),318663.0,11.5,"Либерия Основные габариты: Длина общая (LOA) — 332.89 м, ширина — 60.00 м",vessel,1645802.0,,60.0,На ходу (в пути),2011.0,,"взаимодействия с данным судном оценивается как средний/повышенный. Рекомендуется проведение углубленной проверки (Enhanced Due Diligence), включая верификацию текущего бенефициарного владельца и страхового покрытия (P&I), чтобы исключить риски, связанные с теневым рынком нефти."
9325697,,AL AREESH,Газовоз (LNG Tanker),90617.0,9.1,Багамские острова,vessel,991062.0,,43.4,На ходу (в пути),2007.0,,взаимодействия с данным судном оценивается как низкий. Это эталонный контрагент. Стандартная процедура проверки (Due Diligence) является полностью достаточной для подтверждения возможности любого коммерческого сотрудничества.
1045992,,ADVANTAGE PATH,Танкер-химовоз / Продуктовоз (LR1),74550.0,8.2,Маршалловы Острова,vessel,426882.0,,32.0,На ходу (в пути),2026.0,,взаимодействия с данным судном оценивается как низкий. Это прозрачный и легитимный контрагент. Стандартная процедура проверки (Due Diligence) является полностью достаточной для подтверждения возможности любого коммерческого сотрудничества.
9233753,,ATILA,Нефтяной танкер (VLCC),309064.0,11.0,"Гайана (указан в AIS, однако судно часто скрывает флаг или использует «удобные» юрисдикции).",vessel,1609042.0,,58.0,На ходу (в пути),2002.0,,"взаимодействия с данным судном — КРИТИЧЕСКИЙ (ЗАПРЕЩЕНО). Взаимодействие с этим объектом, его владельцами или фрахтователями влечет за собой риск попадания под вторичные санкции, исключение из финансовой системы и серьезные юридические последствия. Данный актив должен быть немедленно заблокирован во всех списках потенциальных контрагентов."
9845697,,NISSOS DESPOTIKO,Нефтяной танкер (VLCC — Very Large Crude Carrier),318744.0,20.8,Маршалловы Острова,vessel,1604572.0,,60.0,На ходу (в пути),2019.0,,"взаимодействия с данным судном оценивается как низкий. Это надежный контрагент, действующий в соответствии с международными нормами. Стандартная процедура проверки (Due Diligence) является полностью достаточной для подтверждения возможности коммерческого сотрудничества."
9987768,,MINTAKA,Танкер-химовоз / Продуктовоз,49818.0,9.0,Каймановы острова,vessel,294382.0,,32.2,На ходу (в пути),2024.0,,"взаимодействия с данным судном оценивается как низкий. Это надежный контрагент, работающий в соответствии со всеми международными стандартами отрасли. Стандартная процедура проверки (Due Diligence) является полностью достаточной для подтверждения возможности коммерческого сотрудничества."
9849033,,SEA WOLF,Танкер-химовоз / Продуктовоз,49901.0,11.2,"Маршалловы Острова Основные габариты: Длина общая (LOA) — 182.93 м, ширина — 32.20 м",vessel,295292.0,,32.2,На ходу (в пути),2019.0,,взаимодействия с данным судном оценивается как низкий. Стандартная процедура проверки (Due Diligence) является полностью достаточной для подтверждения возможности любого коммерческого сотрудничества.
9853266,,NAVIG8 PERSEVERANCE,Нефтяной танкер (Aframax / LR2),109998.0,8.6,"Сингапур Основные габариты: Длина общая (LOA) — 249.90 м, ширина — 44.00 м",vessel,633382.0,,44.0,На ходу (в пути),2019.0,,взаимодействия с данным судном оценивается как низкий. Это прозрачный и легитимный контрагент. Стандартная процедура проверки (Due Diligence) является полностью достаточной для подтверждения возможности любого коммерческого сотрудничества.
9941673,,HELIOS,Нефтяной танкер (VLCC — Very Large Crude Carrier),302093.0,20.5,"Багамские острова Основные габариты: Длина общая (LOA) — 330.00 м, ширина — 60.00 м",vessel,1564712.0,,60.0,На ходу (в пути),2022.0,,
9761360,,MARAN HERCULESIMO номер: 9761360,Нефтяной танкер (VLCC — Very Large Crude Carrier),156458.0,9.5,"ГрецияОсновные габариты: Длина общая (LOA) — 274.00 м, ширина — 48.00 м",vessel,830552.0,,48.0,На ходу (в пути),2017.0,,взаимодействия с данным судном оценивается как низкий. Стандартная процедура проверки (Due Diligence) является полностью достаточной для подтверждения возможности любого коммерческого сотрудничества.
9239977,,LOANNA,Танкер-химовоз / Продуктовоз,46764.0,7.5,Сент-Китс и Невис,vessel,269142.0,,32.23,На ходу (в пути),2003.0,,взаимодействия с данным судном оценивается как критический. Работа с этим активом несет высокую угрозу вторичных санкций и репутационных потерь. Настоятельно рекомендуется исключить данное судно из любого списка потенциальных контрагентов и логистических цепочек.
9659672,,THE DIPLOMAT,Танкер-битумовоз (Bitumen Tanker),30158.0,9.5,Маршалловы Острова,vessel,230092.0,,27.42,На ходу (в пути),2014.0,,"взаимодействия с данным судном оценивается как умеренный. Рекомендуется провести проверку контрагента (Due Diligence), чтобы убедиться в актуальности текущих полномочий оператора и страхового покрытия, а также уточнить, нет ли незавершенных юридических споров, связанных с данным активом."
9733961,,DHT LEOPARD,Нефтяной танкер (VLCC — Very Large Crude Carrier),299629.0,11.0,Маршалловы Острова,vessel,1544872.0,,60.0,На ходу (в пути),2016.0,,"взаимодействия с данным судном оценивается как низкий. Это надежный контрагент, действующий в строгом соответствии с мировыми стандартами отрасли. Стандартная процедура проверки (Due Diligence) является полностью достаточной для подтверждения возможности любого коммерческого сотрудничества."
1033808,,SAMOTHRAKI,Нефтяной танкер (Aframax / LR2),113532.0,8.6,Мальта,vessel,635192.0,,44.0,На ходу (в пути),2025.0,,взаимодействия с данным судном оценивается как низкий. Стандартная процедура проверки (Due Diligence) является полностью достаточной для подтверждения возможности любого коммерческого сотрудничества.
9789324,,CHEMICAL EXPLORER,Танкер-химовоз / Продуктовоз,37300.0,7.7,Бельгия,vessel,24000.0,,28.0,На ходу (в пути),2017.0,,взаимодействия с данным судном оценивается как низкий. Это эталонный контрагент. Стандартная процедура проверки (Due Diligence) является полностью достаточной для подтверждения возможности любого коммерческого сотрудничества.
9330874,,ASTRA MARIS,Нефтяной танкер (Suezmax),158826.0,8.5,Либерия,vessel,814092.0,,48.0,На ходу (в пути),2007.0,,"взаимодействия с данным судном оценивается как умеренный. Рекомендуется проведение стандартной процедуры проверки контрагента (Due Diligence), включая проверку актуального страхового покрытия (P&I) и подтверждение отсутствия связей с санкционными грузами при планировании фрахтования."
9360867,,AL UTOURIYA,Газовоз (LNG Tanker),113609.0,9.4,Маршалловы Острова,vessel,1363552.0,,50.0,На ходу (в пути),2008.0,,"взаимодействия с данным судном оценивается как низкий. Это надежный контрагент, действующий в рамках установленных международных норм и правил эксплуатации морского флота. Стандартная процедура проверки (Due Diligence) является полностью достаточной для подтверждения возможности любого коммерческого сотрудничества."
9366196,,GOLDEN DENISE,Танкер-химовоз / Продуктовоз,12495.0,5.1,Панама,vessel,71422.0,,20.0,На ходу (в пути),2006.0,,взаимодействия с данным судном оценивается как низкий. Стандартная процедура проверки (Due Diligence) является полностью достаточной для подтверждения возможности коммерческого взаимодействия.
9387255,,VEXIA,Нефтяной танкер (Aframax / LR2),110448.0,8.2,"Камерун Основные габариты: Длина общая (LOA) — 246.00 м, ширина — 42.00 м",vessel,596712.0,,42.0,На ходу (в пути),2008.0,,"взаимодействия с данным судном — КРИТИЧЕСКИЙ (ЗАПРЕЩЕНО). Взаимодействие с этим судном, его владельцами или операторами категорически недопустимо. Использование данного актива несет прямую угрозу наложения вторичных санкций, а также влечет за собой серьезные юридические и репутационные последствия для любой компании. Данный объект подлежит немедленному исключению из любого списка потенциальных контрагентов."
9045807,,CRAVE (ранее: BATELEUR),Газовоз (LPG Tanker),9695.0,6.2,"Мали (в различных реестрах также фигурирует как Панама) Основные габариты: Длина общая (LOA) — 143.18 м, ширина — 21.30 м",vessel,100182.0,,21.3,Данные о местоположении устарели (более 20 дней),1995.0,,"взаимодействия с данным судном — КРИТИЧЕСКИЙ (ЗАПРЕЩЕНО). Взаимодействие с этим судном, его владельцами или операторами категорически недопустимо. Любое коммерческое или логистическое сотрудничество с данным активом несет прямую угрозу наложения вторичных санкций, а также влечет за собой серьезные репутационные и юридические последствия. Данный объект подлежит немедленному исключению из любого списка потенциальных контрагентов."
9387932,,GREAT MANTA,Танкер-химовоз / Продуктовоз,51501.0,12.0,Сингапур,vessel,297672.0,,32.2,На ходу (в пути),2010.0,,"взаимодействия с данным судном оценивается как низкий. Это надежный контрагент, работающий в рамках общепринятых мировых стандартов морской индустрии. Стандартная процедура проверки (Due Diligence) является полностью достаточной для подтверждения возможности любого коммерческого сотрудничества."
9251028,,KESTREL,Нефтяной танкер / Танкер-продуктовоз,45999.0,7.5,Индия,vessel,285392.0,,32.2,На ходу (в пути),2002.0,,
9764506,,STOLT PALM,Танкер-химовоз / Продуктовоз,32761.0,8.9,Португалия (Мадейра),vessel,231242.0,,28.4,На ходу (в пути),2018.0,,"взаимодействия с данным судном оценивается как низкий. Это надежный контрагент, полностью соответствующий всем международным требованиям. Стандартная процедура проверки (Due Diligence) является достаточной для подтверждения возможности любого коммерческого сотрудничества."
9359868,,GULF FANATIRIMO номер: 9359868,Танкер-химовоз / Продуктовоз,45920.0,12.0,"Панама Основные габариты: Длина общая (LOA) — 183.22 м, ширина — 32.20 м",vessel,296082.0,,32.2,На якоре (At anchor),2008.0,,"взаимодействия с данным судном оценивается как высокий. При планировании любого коммерческого взаимодействия настоятельно рекомендуется проведение углубленной проверки (Enhanced Due Diligence). Это включает проверку актуального статуса страхового покрытия (P&I) и оценку рисков, связанных с претензиями по трудовому законодательству, которые могут привести к задержкам или юридическим осложнениям при заходе в порты с развитым профсоюзным контролем."
9305180,,PATALYA,Танкер-химовоз / Продуктовоз,16664.0,,Антигуа и Барбуда,vessel,119352.0,,23.0,На ходу (в пути),2005.0,,"взаимодействия с данным судном оценивается как умеренный (преимущественно из-за непрозрачности истории владения и смены менеджмента). Стандартная процедура проверки (Due Diligence) является обязательной, чтобы убедиться в актуальности страхового покрытия (P&I) и качестве текущего технического менеджмента."
9467770,,DESH SAMMAN,Нефтяной танкер (Aframax),114683.0,,Индия,vessel,643972.0,,44.0,На ходу (в пути),2011.0,,взаимодействия с данным судном оценивается как низкий. Стандартная процедура проверки (Due Diligence) является полностью достаточной для подтверждения возможности любого коммерческого сотрудничества.
9359868,,GULF FANATIR,Танкер-химовоз / Продуктовоз (MR Tanker),45920.0,,Панама,vessel,296082.0,,32.2,На якоре (At anchor),2008.0,,"взаимодействия с данным судном оценивается как высокий (преимущественно из-за репутационных факторов и вопросов безопасности условий труда). При планировании любого взаимодействия с данным активом настоятельно рекомендуется провести углубленную проверку (Enhanced Due Diligence), включая проверку текущего статуса страхового покрытия (P&I) и оценку рисков, связанных с предыдущими инцидентами по невыплатам заработной платы и отказам в медицинской помощи членам экипажа."
9895331,,SHOWA MARU,Нефтяной танкер / Продуктовоз (малотоннажный),4198.0,,Япония,vessel,26542.0,,15.8,На швартовке (Moored),2020.0,,взаимодействия с данным судном оценивается как низкий. Это надежный и легитимный контрагент. Стандартная процедура проверки (Due Diligence) является полностью достаточной для подтверждения возможности любого коммерческого сотрудничества.
9354480,,KYOEI MARU (вероятное обозначение в регистрах для этого IMO),Нефтяной танкер / Танкер-бункеровщик (малотоннажный),4000.0,,Япония,vessel,,,16.0,На ходу (в пути / маневрирование),2007.0,,взаимодействия с данным судном оценивается как низкий. Это локальный легитимный актив. Стандартная процедура проверки (Due Diligence) является полностью достаточной.
9785718,,STI LA BOCA,Танкер-продуктовоз / Химовоз (MR Tanker — Medium Range),49990.0,,Маршалловы Острова,vessel,297602.0,,32.2,На швартовке (Moored),2017.0,,"взаимодействия с данным судном оценивается как низкий. Это прозрачный контрагент, соответствующий всем международным требованиям. Стандартная процедура проверки (Due Diligence) является полностью достаточной для подтверждения возможности любого коммерческого сотрудничества."
9878644,,YOHO,Супертанкер (VLCC — Very Large Crude Carrier),312006.0,,Либерия,vessel,1626142.0,,60.0,На швартовке (Moored),2021.0,,взаимодействия с данным судном оценивается как низкий. Стандартная процедура проверки (Due Diligence) является полностью достаточной для подтверждения возможности любого коммерческого сотрудничества.
9986829,,NEW ARGOSY,Нефтяной танкер (Aframax / LR2),114801.0,,Либерия,vessel,632622.0,,44.0,На ходу (в пути),2024.0,,взаимодействия с данным судном оценивается как низкий. Стандартная процедура проверки (Due Diligence) является полностью достаточной для подтверждения возможности любого коммерческого сотрудничества.
9961398,,MARAN GAS SYROS,Газовоз (LNG Carrier — танкер для перевозки СПГ),93087.0,,Греция,vessel,1151182.0,,47.0,На ходу (в пути),2025.0,,взаимодействия с данным судном оценивается как низкий. Стандартная процедура проверки (Due Diligence) является полностью достаточной для подтверждения возможности любого коммерческого сотрудничества.
9269180,,ENERGY ADVANCE,Газовоз (LNG Tanker / СПГ-танкер),80630.0,,Япония,vessel,1192332.0,,49.0,На ходу (в пути),2005.0,,взаимодействия с данным судном оценивается как низкий. Это надежный контрагент. Стандартная процедура проверки (Due Diligence) является полностью достаточной для подтверждения возможности любого коммерческого сотрудничества.
9659725,,MARIA ENERGY,Газовоз (LNG Tanker / СПГ-танкер),93301.0,,Либерия,vessel,1136642.0,,46.4,На ходу (в пути),2016.0,,взаимодействия с данным судном оценивается как низкий. Это надежный и прозрачный контрагент. Стандартная процедура проверки (Due Diligence) является полностью достаточной для подтверждения возможности любого коммерческого сотрудничества.
9313137,,YAMATOGAWA,Супертанкер (VLCC — Very Large Crude Carrier),302488.0,,Япония,vessel,1601342.0,,60.0,На ходу (в пути),2006.0,,взаимодействия с данным судном оценивается как низкий. Стандартная процедура проверки (Due Diligence) является полностью достаточной для подтверждения возможности любого коммерческого сотрудничества.
9409493,,DIAMOND EXPRESS,Нефтяной танкер / Продуктовоз (Medium Range — MR),45634.0,,"Гонконг Основные габариты: Длина общая (LOA) — 180.00 м, ширина — 32.20 м",vessel,279762.0,,32.2,На ходу (в пути),2009.0,,взаимодействия с данным судном оценивается как низкий. Стандартная процедура проверки (Due Diligence) является полностью достаточной для подтверждения возможности любого вида коммерческого сотрудничества.
9600530,,GASLOG SANTIAGO,Газовоз (LNG Carrier — танкер для перевозки СПГ),82178.0,,Бермудские острова,vessel,984512.0,,43.4,На ходу (в пути),2013.0,,взаимодействия с данным судном оценивается как низкий. Это абсолютно прозрачный и легитимный контрагент. Стандартная процедура проверки (Due Diligence) является полностью достаточной для подтверждения возможности любого вида коммерческого сотрудничества.
9658240,,MARAN GAS TROY,Газовоз (LNG Tanker / СПГ-танкер),89240.0,,Греция,vessel,1038932.0,,44.0,На ходу (в пути),2015.0,,"взаимодействия с данным судном оценивается как низкий. Это надежный контрагент, работающий в строгом соответствии с международными стандартами. Стандартная процедура проверки (Due Diligence) является полностью достаточной для подтверждения возможности любого вида коммерческого сотрудничества."
9791212,,SOHSHU MARU,Газовоз (LNG Tanker / СПГ-танкер),82254.0,,Багамские Острова,vessel,1359512.0,,48.9,На ходу (в пути),2019.0,,взаимодействия с данным судном оценивается как низкий. Это надежный контрагент для любых видов коммерческих отношений. Стандартная процедура проверки (Due Diligence) является полностью достаточной для подтверждения безопасности сотрудничества.
9955997,,OCEAN BLUE,Танкер-продуктовоз / Нефтяной танкер (LR2 / Aframax),113385.0,,Панама,vessel,636842.0,,44.0,На ходу (в пути),2023.0,,взаимодействия с данным судном оценивается как низкий. Стандартная процедура проверки (Due Diligence) является полностью достаточной для подтверждения возможности любого коммерческого сотрудничества.
9423906,,"FLORA MARIS (ранее: BACHATA, CHANG JIANG)",Нефтяной танкер (Panamax / LR1),50179.0,,Панама,vessel,309642.0,,32.2,На ходу (в пути),2008.0,,взаимодействия с данным судном оценивается как умеренный.
9535058,,HAKUSAN,Супертанкер (VLCC — Very Large Crude Carrier),305350.0,,Япония,vessel,1603362.0,,60.0,На ходу (в пути),2011.0,,взаимодействия с данным судном оценивается как низкий. Стандартная процедура проверки (Due Diligence) является полностью достаточной для подтверждения возможности любого коммерческого сотрудничества.
9861809,,ENERGOS POWER (ранее: GOLAR POWER),Плавучая установка для хранения и регазификации СПГ (FSRU),94414.0,,Мальта,vessel,1175732.0,,46.95,Судно находится в режиме ожидания (статус FOR ORDERS с прогнозируемым ETA на октябрь 2026 года),2021.0,,взаимодействия с данным судном оценивается как низкий. Это легитимный и надежный контрагент для энергетических проектов любого масштаба. Стандартная процедура Due Diligence полностью подтверждает возможность сотрудничества.
1051226,,SEA ADVENTURE,Танкер-продуктовоз / Химовоз (MR Tanker — Medium Range),49888.0,,Либерия,vessel,294632.0,,32.0,На якоре (Moored/At anchor),2025.0,,взаимодействия с данным судном оценивается как низкий. Это надежный контрагент для коммерческих операций. Стандартная процедура проверки (Due Diligence) является полностью достаточной для подтверждения возможности сотрудничества.
9624940,,ENERGOS ESKIMO (ранее: GOLAR ESKIMO),Плавучая установка для хранения и регазификации СПГ (FSRU),80040.0,,"Маршалловы Острова Основные габариты: Длина общая (LOA) — 280.57 м, ширина — 43.40 м",vessel,1024462.0,,43.4,На швартовке (Moored),2014.0,,взаимодействия с данным активом оценивается как низкий. Это прозрачный и надежный контрагент. Стандартная процедура проверки (Due Diligence) является достаточной для подтверждения возможности любого вида коммерческого сотрудничества.
9820013,,HOEGH GALLEON,Плавучая установка для хранения и регазификации СПГ (FSRU — Floating Storage and Regasification Unit),86057.0,,Сингапур,vessel,1119802.0,,43.4,На швартовке (Moored),2019.0,,взаимодействия с данным судном оценивается как низкий. Это надежный и прозрачный контрагент. Стандартная процедура проверки (Due Diligence) является полностью достаточной для подтверждения возможности коммерческого сотрудничества.
9901051,,ANGELONIA,Нефтяной танкер / продуктовоз (Aframax / LR2),111039.0,,Либерия,vessel,634132.0,,44.0,На ходу (в пути),2021.0,,взаимодействия с данным судном оценивается как низкий. Стандартная процедура проверки (Due Diligence) является полностью достаточной для подтверждения возможности коммерческого сотрудничества.
9176773,,"MANISA (ранее: ZARO, BALITA, ANGLIA)",Нефтяной танкер (Panamax / LR1),76002.0,,"Экваториальная Гвинея (исторически сменял множество «удобных» флагов, включая Камерун, Танзанию, Гайану)Основные габариты: Длина общая (LOA) — 213.26 м, ширина — 37.00 м",vessel,392832.0,,37.0,На ходу (в пути),2000.0,26.0,
9997177,,CRYSTAL ODYSSEY,Газовоз (LPG / VLGC — Very Large Gas Carrier),56331.0,,Сингапур,vessel,495612.0,,37.2,На ходу (в пути),2025.0,,.
9131357,,ORION,Нефтяной танкер (Suezmax),124768.0,,"Камерун Основные габариты: Длина общая (LOA) — 265.00 м, ширина — 42.50 м",vessel,718502.0,,42.5,На ходу (в пути),1997.0,29.0,"взаимодействия с данным судном — критический.Категорически запрещено любое сотрудничество, фрахтование, обслуживание или финансовое взаимодействие с данным судном, его владельцами или фрахтователями.Работа с этим активом гарантированно приведет к нарушению санкционных режимов, создавая прямую угрозу вторичных санкций для вашего бизнеса и репутационных потерь. Судно должно быть полностью исключено из любых коммерческих цепочек."
9524970,,WEDYAN (ранее: BLUE TOPAZ),Супертанкер (VLCC — Very Large Crude Carrier),319990.0,,Саудовская Аравия,vessel,1623302.0,,60.0,На ходу (в пути),2010.0,,взаимодействия с данным судном оценивается как низкий. Это прозрачный контрагент. Стандартная процедура проверки (Due Diligence) является полностью достаточной для подтверждения возможности коммерческого сотрудничества.
9417763,,SPRUCE 2,Нефтяной танкер (LR1 / Panamax),73747.0,,Либерия,vessel,420102.0,,32.26,На ходу (в пути),2008.0,,взаимодействия с данным судном оценивается как низкий.
1059644,,NAVE AMARYLLIS,Танкер для перевозки сырой нефти / продуктовоз (Aframax / LR2),116934.0,,Либерия,vessel,648072.0,,44.0,На ходу (в пути),2026.0,,взаимодействия с данным судном оценивается как низкий. Это легитимный и надежный контрагент для коммерческих операций. Стандартная процедура проверки (Due Diligence) является полностью достаточной для подтверждения возможности сотрудничества.
9368223,,ACHILLES (ранее: FU HAI WAN)IMO номер: 9368223,Нефтяной танкер (Aframax),108953.0,,"Оман Основные габариты: Длина общая (LOA) — 245.00 м, ширина — 42.00 м",vessel,628632.0,,42.0,На ходу (в пути),2008.0,,"взаимодействия с данным судном — критический.Категорически запрещено любое сотрудничество, фрахтование, обслуживание или финансовое взаимодействие с данным судном, его бенефициарами или операторами.Любая попытка работы с этим танкером приведет к прямому нарушению санкционного законодательства и повлечет за собой неизбежные санкционные риски для вашего бизнеса, включая возможность попадания под вторичные санкции регуляторов."
9412335,,"SHARQAH (ранее: AGRI, MARAN TETHYS)",Нефтяной танкер (Suezmax),164611.0,,Оман,vessel,869902.0,,48.0,На ходу (в пути),2010.0,,взаимодействия с данным судном оценивается как низкий. Это прозрачный контрагент. Стандартная процедура проверки (Due Diligence) является полностью достаточной для подтверждения возможности коммерческого сотрудничества.
9633446,,"NOVO (ранее: SINOPE, KALLIOPI)",Нефтяной танкер (Suezmax),149999.0,,Мальта,vessel,854362.0,,50.0,На ходу (в пути),2012.0,,взаимодействия с данным судном оценивается как низкий. Стандартная процедура проверки (Due Diligence) является полностью достаточной для подтверждения возможности коммерческого сотрудничества.
9251810,,"BLUEBELL (ранее: CROSS OCEAN, BRITISH LAUREL)",Нефтяной танкер (Aframax / LR2),106500.0,,Экваториальная Гвинея (флаг может быть фиктивным/незарегистрированным),vessel,,,42.0,На ходу (в пути),2002.0,,
1061855,,PACIFIC EXPLORER,Нефтяной танкер / химовоз (Chemical/Oil Products Tanker),49997.0,,"Гонконг Основные габариты: Длина общая (LOA) — 183.00 м, ширина — 32.20 м",vessel,299992.0,,32.2,На ходу (в пути),2025.0,,взаимодействия с данным судном оценивается как низкий. Это легитимный и надежный контрагент для коммерческих операций. Стандартная процедура проверки (Due Diligence) является полностью достаточной.
9379961,,TWERK (ранее: ALPINE PERSEFONE),Нефтяной танкер / продуктовоз (LR1 / Panamax),74269.0,,Либерия,vessel,416962.0,,32.24,На ходу (в пути),2008.0,,"взаимодействия с данным судном оценивается как умеренный. Перед заключением любых коммерческих контрактов рекомендуется проведение процедуры Enhanced Due Diligence (углубленной проверки), включая верификацию текущего фрахтователя и конечного бенефициара груза, чтобы исключить риски, связанные с возможным обходом торговых ограничений."
9239939,,DESERT ROSE,Нефтяной танкер (Aframax / LR2),105328.0,,Саудовская Аравия,vessel,568992.0,,43.0,На ходу (в пути / маневрирование),2002.0,,взаимодействия с данным судном оценивается как низкий. Это легитимный контрагент для коммерческих операций. Стандартная процедура проверки (Due Diligence) является полностью достаточной.
9693056,,AGIOS GERASIMOS,Нефтяной танкер (Aframax / LR2),109999.0,,Мальта,vessel,623882.0,,44.0,На ходу (маневрирование/ожидание),2015.0,,"взаимодействия с данным судном оценивается как средний/высокий. Рекомендуется проведение глубокой проверки (Enhanced Due Diligence) перед началом любых коммерческих операций. Судно следует рассматривать как потенциально чувствительный актив в контексте мониторинга санкционного режима G7/ЕС, касающегося российских нефтепродуктов."
9900825,,CLEAROCEAN MAVERICK,Нефтяной танкер / продуктовоз (MR2),49999.0,,Сингапур,vessel,295392.0,,32.2,На ходу (в пути),2021.0,,взаимодействия с данным судном оценивается как низкий. Это легитимный и надежный контрагент для любых коммерческих операций. Стандартная процедура проверки (Due Diligence) является полностью достаточной.
1062586,,PACIFIC HORIZON,Танкер-химовоз / нефтепродуктовоз (Chemical/Oil Products Tanker),49995.0,,Гонконг,vessel,299992.0,,32.0,На ходу (в пути),2026.0,,взаимодействия с данным судном оценивается как низкий. Это прозрачный и надежный контрагент для коммерческих операций. Стандартная процедура проверки (Due Diligence) является полностью достаточной.
9408695,,"TASSOS (ранее: BAY GLOBAL, FRONT BALDER)",Нефтяной танкер (Suezmax),156436.0,16.0,"Камерун (согласно AIS), официально статус флага часто скрыт или не определен (Flag Unknown)",vessel,835622.0,,48.0,На ходу (в пути),2009.0,,ВЫСОКИЙ РИСК
9410973,,ADVANTAGE SUGAR,Нефтяной танкер (Suezmax),156516.0,,"Маршалловы Острова Основные габариты: Длина общая (LOA) — 274.50 м, ширина — 48.00 м",vessel,844102.0,,48.0,На ходу (в пути),2011.0,,взаимодействия с данным судном оценивается как низкий. Это легитимный и надежный контрагент для коммерческих операций. Стандартная процедура проверки (Due Diligence) является полностью достаточной для подтверждения возможности сотрудничества.
9459096,,NAVE ORION,Нефтяной танкер / химовоз (Chemical/Oil Products Tanker),49999.0,,Панама,vessel,300522.0,,32.2,На ходу (в пути),2013.0,,взаимодействия с данным судном оценивается как низкий. Это легитимный и надежный контрагент для коммерческих операций. Стандартная процедура проверки (Due Diligence) является полностью достаточной.
9939163,,ALHAYA,Нефтяной танкер (Aframax / LR2),115519.0,,Маршалловы Острова,vessel,625052.0,,44.0,На ходу (в пути / маневрирование),2023.0,,взаимодействия с данным судном оценивается как низкий. Это надежный контрагент для коммерческих операций. Стандартная процедура проверки (Due Diligence) является полностью достаточной.
9403554,,SERENGETI,Нефтяной танкер / продуктовоз (LR1 / Panamax),74999.0,,Либерия,vessel,423312.0,,32.24,На ходу (маневрирование/ожидание),2009.0,,взаимодействия с данным судном оценивается как низкий. Это легитимный контрагент для коммерческих операций. Стандартная процедура проверки (Due Diligence) является полностью достаточной для подтверждения возможности сотрудничества.
9274666,,KOCATEPE,Нефтяной танкер / химовоз (Chemical/Oil Products Tanker),37082.0,,Панама,vessel,266622.0,,31.0,"На якоре (в порту Джидда, Саудовская Аравия)",2005.0,,"взаимодействия с данным судном оценивается как высокий. Несмотря на отсутствие в списках SDN, судно демонстрирует все признаки участия в деятельности, подпадающей под санкционные ограничения. Рекомендуется полное исключение данного судна из бизнес-процессов, так как любая сделка с ним несет значительный риск комплаенс-репутации и возможного последующего включения судна в санкционные списки."
9136797,,AL MAJD AL SAUDI,Малый танкер-продуктовоз (Oil Products Tanker),4762.0,,Саудовская Аравия,vessel,36752.0,,16.0,На якоре,1996.0,,взаимодействия с данным судном оценивается как низкий. Это легитимный контрагент для локальных коммерческих операций. Стандартная процедура проверки (Due Diligence) является достаточной.
9496032,,FLAGSHIP PRIVET,Нефтяной танкер / продуктовоз (LR1 / Panamax),74594.0,,"Маршалловы Острова Основные габариты: Длина общая (LOA) — 228.48 м, ширина — 32.20 м",vessel,422082.0,,32.2,"На якоре / в порту (порт Джидда, Саудовская Аравия)",2011.0,,взаимодействия с данным судном оценивается как низкий. Это легитимный контрагент. Стандартная процедура проверки (Due Diligence) является полностью достаточной.
9524982,,"BRIOLETTE (ранее: MAERSK JAMNAGAR, RICH DUKE II)",Нефтяной танкер (Aframax / LR2),104588.0,,Маршалловы Острова,vessel,563262.0,,42.0,"На якоре (в порту Джидда, Саудовская Аравия)",2011.0,,взаимодействия с данным судном оценивается как низкий. Это легитимный и надежный контрагент для ведения любых коммерческих операций. Стандартная процедура проверки (Due Diligence) является полностью достаточной.
9705914,,ELKA ELEFSIS,Нефтяной танкер / химовоз (Chemical/Oil Products Tanker),49990.0,,Либерия,vessel,319052.0,,35.0,На ходу (в пути),2015.0,,взаимодействия с данным судном оценивается как низкий. Это легитимный и надежный контрагент. Стандартная процедура проверки (Due Diligence) является полностью достаточной для подтверждения возможности сотрудничества.
9403554,,SERENGETI,Нефтяной танкер / продуктовоз (Panamax / LR1),74999.0,11.1,Либерия,vessel,423312.0,,32.24,На ходу (в пути),2009.0,,взаимодействия с данным судном оценивается как низкий. Это легитимный контрагент для коммерческих операций в нефтяном секторе. Стандартная процедура проверки (Due Diligence) является полностью достаточной.
9939163,,ALHAYA,Нефтяной танкер (Aframax / LR2),115519.0,,"Маршалловы ОстроваОсновные габариты: Длина общая (LOA) — 250.00 м, ширина — 44.00 м",vessel,625052.0,,44.0,На ходу (в пути),2023.0,,взаимодействия с данным судном оценивается как низкий. Это надежный контрагент для коммерческих операций. Стандартная процедура проверки (Due Diligence) является полностью достаточной.
9422445,,RESPECT (ранее: ARCTIC AURORA),Нефтяной танкер (Suezmax),158096.0,15.1,Оман,vessel,814152.0,,48.0,На ходу (в пути),2009.0,,
1024986,,ASTYPALEA,Нефтяной танкер (Aframax / LR2),114800.0,,Либерия,vessel,634682.0,,44.0,На ходу (в пути),2026.0,,взаимодействия с данным судном оценивается как низкий. Это надежный контрагент для коммерческих операций. Стандартная процедура проверки (Due Diligence) является полностью достаточной.
9247429,,"INDRI (ранее: Maran Poseidon, Stena Poseidon)",Нефтяной танкер (Suezmax),151848.0,16.8,Сьерра-Леоне,vessel,796682.0,,45.7,На ходу (в пути),2003.0,,ВЫСОКИЙ РИСК
9382798,,TRUST (ранее известно как TRANSSIB BRIDGE),Нефтяной танкер / продуктовоз (Oil Products Tanker),46564.0,,Россия,vessel,277252.0,,32.23,На ходу (в пути / маневрирование),2008.0,,
9240172,,ENCELIA,Нефтяной танкер (Aframax / LR2),114829.0,,Саудовская Аравия,vessel,622162.0,,44.0,На якоре / в порту,2003.0,,взаимодействия с данным судном оценивается как низкий. Актив полностью подходит для ведения легальной коммерческой деятельности. Стандартная процедура проверки (Due Diligence) подтверждает его надежность.
9271365,,AL MAHFOZA,Нефтяной танкер (Aframax),105433.0,8.0,Саудовская Аравия,vessel,566592.0,,42.0,На ходу (в пути),2003.0,,взаимодействия с данным судном оценивается как низкий. Это надежный контрагент для коммерческих операций. Стандартная процедура проверки (Due Diligence) является полностью достаточной.
9998559,,ZUMA,Нефтяной танкер (LR2 / Aframax),115167.0,9.0,Либерия,vessel,643502.0,,44.0,На ходу (в пути),2025.0,,"взаимодействия с данным судном оценивается как низкий. Это надежный контрагент, соответствующий международным стандартам безопасности и прозрачности. Стандартная процедура проверки (Due Diligence) является полностью достаточной."
9379052,,NOVA (ранее известное как OCEAN AUTUMN),Танкер-химовоз / нефтеналивной (Chemical/Oil Products Tanker),41340.0,,Камерун (ранее — Панама),vessel,279872.0,,31.0,На якоре (в порту Судан),2009.0,,
9335094,,"VARG (ранее WUDI, GULF ESPRIT)",Танкер-химовоз / нефтеналивной (Oil/Chemical Tanker),46891.0,,"Мьянма Основные габариты: Длина общая (LOA) — 183.21 м, ширина — 32.20 м",vessel,294902.0,,32.2,На якоре.Текущий статус: Последние данные AIS указывают на критические аномалии (недостоверные показатели скорости до 48 узлов),2006.0,,
9346952,,ASHOKA,Нефтяной танкер (VLCC — Very Large Crude Carrier),302550.0,11.0,"Либерия Основные габариты: Длина общая (LOA) — 333.00 м, ширина — 60.00 м",vessel,1598672.0,,60.0,На ходу (в пути),2010.0,,"взаимодействия с данным судном оценивается как средний/высокий. Ввиду отсутствия прозрачной информации о бенефициарах и интенсивной работы на направлениях, активно используемых для обхода санкций, рекомендуется проведение углубленной проверки (Enhanced Due Diligence) перед началом любых коммерческих операций. Убедитесь, что контрагент, фрахтующий судно, не связан с подсанкционными структурами, а груз имеет легитимное происхождение."
9459034,,NCC REEM,Танкер-химовоз / продуктовоз (Chemical/Oil Products Tanker),45498.0,8.7,"Саудовская Аравия Основные габариты: Длина общая (LOA) — 182.99 м, ширина — 32.20 м",vessel,291912.0,,32.2,На ходу (в пути),2012.0,,взаимодействия с данным судном оценивается как низкий. Это надежный контрагент для коммерческих операций. Стандартная процедура проверки (Due Diligence) является полностью достаточной для ведения дел.
9246463,,FUXI,Танкер-химовоз / нефтеналивной (Oil/Chemical Tanker),46157.0,11.0,Антигуа и Барбуда,vessel,299982.0,,32.2,На ходу (в пути),2003.0,,
9408683,,ZHUO YUAN,Нефтяной танкер (Suezmax),156644.0,9.5,"Панама Основные габариты: Длина общая (LOA) — 274.50 м, ширина — 48.00 м",vessel,838502.0,,48.0,На ходу (в пути),2009.0,,ВЫСОКИЙ РИСК
9397779,,FPMC C INTELLIGENCE,Нефтяной танкер (VLCC — Very Large Crude Carrier),301861.0,17.9,Либерия,vessel,1598692.0,,60.0,На ходу (в пути),2010.0,,взаимодействия оценивается как низкий. Судно является надежным и предсказуемым контрагентом. Стандартная процедура проверки (Due Diligence) является достаточной для ведения любой коммерческой деятельности.
9976874,,NAVIG8 EXPRESS,Танкер-химовоз / продуктовоз (Chemical/Oil Products Tanker),49153.0,,Сингапур,vessel,303802.0,,32.2,На ходу (в пути),2024.0,,
9248813,,ARINA,Нефтяной танкер (Suezmax),159438.0,8.5,Гонконг,vessel,814632.0,,48.0,На ходу (в пути),2003.0,,
9296406,,RIGEL,Нефтяной танкер (Suezmax),146270.0,8.7,Камерун,vessel,776362.0,,48.0,На ходу (в пути),2006.0,,ВЫСОКИЙ РИСК
9886378,,ZEUS,Нефтяной танкер (Suezmax),159153.0,15.8,Багамские острова,vessel,826022.0,,48.0,На ходу (в пути),2021.0,,взаимодействия оценивается как низкий. Судно является надежным контрагентом для коммерческих операций в нефтяном секторе. Достаточно проведения стандартной процедуры проверки (Due Diligence).
9467732,,SWARNA KAMAL,Нефтяной танкер (Aframax / LR2),104862.0,,Индия,vessel,,244.0,42.0,На ходу (в пути),2010.0,,
9383950,,SALUT,Нефтяной танкер (Aframax),115098.0,,Россия,vessel,,243.8,42.0,На ходу (в пути),2009.0,,
9683661,,VL PIONEER,Нефтяной танкер (VLCC — Very Large Crude Carrier),319547.0,,Либерия,vessel,,333.0,60.0,Критически неактивен,2014.0,,. Полная «темнота» актива в сочетании с историей заходов в иракские и китайские терминалы делает невозможным легальное отслеживание его текущей деятельности.
9422512,,CLEAN MOXIE,Танкер-химовоз / нефтепродуктовоз (Chemical/Oil Products Tanker),49999.0,,Либерия,vessel,,182.96,32.2,На ходу (в пути),2010.0,,
9386964,,DORRA,Нефтяной танкер (VLCC — Very Large Crude Carrier),317458.0,,Саудовская Аравия,vessel,,333.0,60.0,На ходу (в пути),2009.0,,.
1024601,,FORTITUDE,Нефтяной танкер (Aframax / LR2),116984.0,,Маршалловы острова,vessel,,250.0,44.0,На ходу (в пути),2025.0,,.
9849617,,GAS AL MUBARAKIAH,Танкер для перевозки сжиженного нефтяного газа (LPG Tanker / VLGC),54520.0,,Кувейт,vessel,,228.45,36.6,На ходу (в пути),2019.0,,.
9740469,,VST OCEANIA,Нефтяной танкер (Aframax / LR2),109985.0,,Панама,vessel,,249.91,44.0,На ходу (в пути),2017.0,,.
9460564,,BALU 6,Нефтяной танкер (Aframax),105391.0,,Панама,vessel,,228.6,42.0,На ходу (в пути),2011.0,,
9801079,,SC SCORPIO,Танкер-химовоз / нефтепродуктовоз (Chemical/Oil Products Tanker),40964.0,,Гонконг (КНР),vessel,,182.8,32.0,На ходу (в пути),2017.0,,.
9332171,,VIRENT,Танкер-химовоз / нефтепродуктовоз (Chemical/Oil Products Tanker),47128.0,,Панама,vessel,,183.21,32.2,На ходу (в пути),2007.0,,
9416642,,XIN YONG YANG,Нефтяной танкер (VLCC — Very Large Crude Carrier),309266.0,,Китай,vessel,,333.0,60.0,На ходу (в пути),2010.0,,.
9830795,,AJWAD,Нефтяной танкер (VLCC — Very Large Crude Carrier),298998.0,,Саудовская Аравия,vessel,,333.0,60.0,На ходу (в пути),2019.0,,.
9399272,,NCC HUDA,Танкер-химовоз / нефтепродуктовоз (Chemical/Oil Products Tanker),45459.0,,Саудовская Аравия,vessel,,183.0,32.2,На ходу (в пути),2011.0,,.
9439539,,BOLU,Нефтяной танкер (Aframax / LR2),108760.0,,Камерун,vessel,,243.0,42.0,,2009.0,,
9511387,,OASIS,Нефтяной танкер (Aframax / LR2),113905.0,,Оман,vessel,,250.0,44.0,На ходу (в пути),2010.0,,
9593012,,NEELA,Нефтяной танкер (Suezmax Crude Oil Tanker),159500.0,,Маршалловы острова,vessel,,274.0,48.0,На ходу (в пути),2015.0,,
9412074,,ANDOVER,Танкер для перевозки сжиженного нефтяного газа (LPG Tanker),26587.0,,Либерия,vessel,,173.7,28.0,На ходу (в пути),2009.0,,.
9800099,,GAS YOUNG,Танкер для перевозки сжиженного нефтяного газа (LPG Tanker / VLGC),54645.0,,Панама,vessel,,225.0,36.6,На ходу (в пути),2017.0,,.
9413834,,PATROCLUS,Нефтяной танкер (Suezmax Crude Oil Tanker),158267.0,,Мальта,vessel,,274.0,48.0,На ходу (в пути),2009.0,,.
9322267,,ASGARD,Нефтяной танкер (VLCC — Very Large Crude Carrier),306431.0,,Россия,vessel,,332.0,58.0,На ходу (в пути),2007.0,,
9845154,,V. PROGRESS,Нефтяной танкер (VLCC — Very Large Crude Carrier),299420.0,11.0,Республика Корея (Южная Корея),vessel,,330.0,60.0,На ходу (в пути),2019.0,,.
9934319,,POPI P,Нефтяной танкер (Suezmax Crude Oil Tanker),157010.0,,Маршалловы острова,vessel,,277.0,48.0,На ходу (в пути),2023.0,,
9376854,,CLEAN IMPERIAL,Химический танкер / Танкер для перевозки нефтепродуктов (MR Tanker),40174.0,7.4,Маршалловы острова,vessel,,175.97,31.03,На ходу (в пути),2009.0,,.
9448700,,DILAMТип судна: Нефтяной танкер (VLCC — Very Large Crude Carrier),Нефтяной танкер (VLCC — Very Large Crude Carrier),314000.0,,"Саудовская Аравия IMO номер: 9448700 Год постройки: 2010 (верфь Daewoo Shipbuilding & Marine Engineering, Южная Корея)",vessel,,333.0,60.0,На ходу (в направлении Сингапура),2010.0,,".Статус: По состоянию на июнь 2026 года судно не находится под санкциями.Аналитическая оценка: Это прозрачный коммерческий актив, эксплуатируемый национальной компанией Bahri в рамках легальных международных цепочек поставок энергоресурсов. Судно не имеет отношения к «теневому флоту» и работает в строгом соответствии с международными стандартами морских перевозок."
9845221,,V. ADVANCEТип судна: Нефтяной танкер (VLCC — Very Large Crude Carrier),Нефтяной танкер (VLCC — Very Large Crude Carrier),299682.0,10.8,"Маршалловы острова IMO номер: 9845221 Год постройки: 2019 (верфь Hyundai Samho Heavy Industries, Южная Корея)",vessel,,330.0,60.0,На ходу (Under way),2019.0,,". Статус: По состоянию на июнь 2026 года судно не находится под санкциями.Аналитическая оценка: Это современный и прозрачный коммерческий актив, эксплуатируемый известной корейской компанией Sinokor Tanker. Судно задействовано в легальной международной логистике сырой нефти и не имеет отношения к «теневому флоту» или деятельности по обходу санкций."
9359894,,GULF JALMUDA,Химический танкер / Танкер для нефтепродуктов (MR Tanker),45907.0,,Панама,vessel,,183.22,32.2,Активен,2009.0,,
9854703,,ZAYNAHТип судна: Нефтяной танкер (VLCC — Very Large Crude Carrier),Нефтяной танкер (VLCC — Very Large Crude Carrier),300759.0,,"Саудовская Аравия IMO номер: 9854703 Год постройки: 2019 (верфь Daewoo Shipbuilding & Marine Engineering, Южная Корея)",vessel,,336.0,60.0,На ходу (в районе Аравийского моря/побережья Индии),2019.0,,".Статус: По состоянию на июнь 2026 года судно не находится под санкциями.Аналитическая оценка: Это современный и прозрачный коммерческий актив, принадлежащий ведущему государственному оператору Саудовской Аравии. Судно задействовано в легальных экспортных операциях компании Bahri и не имеет отношения к «теневому флоту» или деятельности по обходу санкционных режимов. Текущий статус «FOR ORDERS» является стандартной практикой для VLCC, ожидающих распределения на следующий рейс или портовых инструкций в регионе."
9243033,,DESH GAURAV,Нефтяной танкер (Crude Oil Tanker),113913.0,,Индия,vessel,,244.2,42.0,На якоре (At anchor),2003.0,,.
9360893,,AL SHAMAL,Газовоз (LNG Tanker / Q-Flex LNG),109662.0,9.5,Багамские острова,vessel,,315.16,50.0,На якоре (At anchor),2008.0,,
9332042,,AL JABIRAH,Танкер для перевозки сжиженного нефтяного газа (LPG Tanker),27710.0,9.3,Саудовская Аравия,vessel,,178.0,28.0,На ходу (Under way),2007.0,,
9298399,,AL THAKHIRA,Танкер для перевозки сжиженного природного газа (LNG Tanker),78542.0,,Багамские острова,vessel,,283.0,43.4,Данные AIS по судну не обновлялись в течение последних 20+ дней,2005.0,,
9230062,,MARIGOLD LNGТип судна: Газовоз (LNG Tanker),Газовоз (LNG Tanker),77410.0,,Маршалловы острова IMO номер: 9230062 Год постройки: 2003,vessel,,277.0,43.4,На ходу (Under way),2003.0,,
9881201,,ENERGY INTELLIGENCE,Газовоз (LNG Tanker),94649.0,11.0,Маршалловы острова,vessel,,295.0,46.4,На ходу (в Индийском океане),2021.0,,
9933561,,ADVANTAGE VITAL,Нефтяной танкер (VLCC — Very Large Crude Carrier),299590.0,11.0,Маршалловы острова,vessel,,336.0,60.0,На ходу (Under way),2023.0,,
1043140,,YASA PACIFIC,Танкер-химовоз / нефтепродуктовоз (Chemical/Oil Products Tanker),50458.0,11.0,Маршалловы острова,vessel,,183.0,32.0,На ходу (Under way),2026.0,,
9590888,,DHT TAIGA,Нефтяной танкер (VLCC — Very Large Crude Carrier),318130.0,11.0,Маршалловы острова,vessel,,333.0,60.05,На ходу (Under way),2012.0,,
9770933,,MYRINA,Газовоз (LNG Tanker),95378.0,11.1,Багамские острова,vessel,,294.9,46.4,На ходу (Under way),2018.0,,
9326598,,GREEN ASHA,Танкер для перевозки сжиженного нефтяного газа (LPG Tanker),26424.0,,Индия,vessel,,174.2,28.0,На ходу (Under way),2007.0,,
9783693,,AMAD,Нефтяной танкер (VLCC — Very Large Crude Carrier),298705.0,10.8,Саудовская Аравия,vessel,,332.97,60.0,На ходу (Under way),2018.0,,
9265885,,SEA MAVERICK,Танкер-химовоз / нефтепродуктовоз (Chemical/Oil Products Tanker),46195.0,7.0,Сьерра-Леоне,vessel,,183.0,32.0,На ходу (Under way),2004.0,,
9404924,,C. GALAXY,Нефтяной танкер (VLCC — Very Large Crude Carrier),313405.0,10.5,Панама,vessel,,336.17,60.0,На ходу (Under way),2009.0,,
9602916,,SEAKING,Нефтяной танкер (VLCC — Very Large Crude Carrier),319063.0,20.3,Мальта,vessel,,332.97,60.0,На якоре (At anchor),2013.0,,
9424211,,OLYMPIC LUCK,Нефтяной танкер (VLCC — Very Large Crude Carrier),319106.0,11.0,Греция,vessel,,339.76,60.0,На якоре (At anchor),2010.0,,
9602473,,MARAN LEOТип судна: Нефтяной танкер (VLCC — Very Large Crude Carrier),Нефтяной танкер (VLCC — Very Large Crude Carrier),319450.0,20.7,"Греция IMO номер: 9602473 Год постройки: 2014 (верфь Shanghai Waigaoqiao Shipbuilding, Китай)",vessel,,333.0,60.0,На ходу (Under way),2014.0,,
9760213,,HAFNIA PRECISION,Танкер-нефтепродуктовоз (LR1 / Crude Oil Tanker),74997.0,8.0,Сингапур,vessel,,220.0,38.0,На якоре (At anchor),2016.0,,
9810226,,HAFNIA PACIFIC,Танкер-химовоз / нефтепродуктовоз (MR2),49686.0,7.5,Сингапур,vessel,,183.21,32.25,Ограничен в маневрировании (Restricted),2017.0,,
9903499,,FLORA EXPRESS,"Танкер-химовоз / нефтепродуктовоз (Chemical/Oil Products Tanker, MR2)",50388.0,9.7,Панама,vessel,,183.06,32.2,Пришвартовано (Moored),2021.0,,
9778480,,PACIFIC SHANGHAIТип судна: Танкер для перевозки сжиженного газа (LPG Tanker / VLGC),Танкер для перевозки сжиженного газа (LPG Tanker / VLGC),54747.0,9.5,"Гонконг (КНР) IMO номер: 9778480 Год постройки: 2017 (верфь Daewoo Shipbuilding & Marine Engineering, Южная Корея)",vessel,,226.0,36.6,На ходу (Under way),2017.0,,
9377236,,DENVERТип судна: Танкер для перевозки сжиженного газа (LPG Tanker),Танкер для перевозки сжиженного газа (LPG Tanker),43563.0,9.9,"Либерия IMO номер: 9377236 Год постройки: 2009 (верфь Hyundai Heavy Industries, Южная Корея)",vessel,,204.9,32.0,На ходу (Under way),2009.0,,
9717773,,SEAWAYS LOMA,"Танкер-химовоз / нефтепродуктовоз (Chemical/Oil Products Tanker, MR2)",49990.0,9.7,Маршалловы острова,vessel,,183.04,32.2,На ходу (Under way),2015.0,,
9799678,,GALLOPТип судна: Танкер-химовоз / нефтепродуктовоз (Chemical/Oil Products Tanker),Танкер-химовоз / нефтепродуктовоз (Chemical/Oil Products Tanker),37250.0,7.3,"Сингапур IMO номер: 9799678 Год постройки: 2019 (верфь Kitanihon Shipbuilding, Япония)",vessel,,180.15,28.2,На ходу (Under way),2019.0,,
9887815,,FRONT FUTUREТип судна: Нефтяной танкер (Aframax / LR2),Нефтяной танкер (Aframax / LR2),109896.0,8.7,"Маршалловы острова IMO номер: 9887815 Год постройки: 2021 (верфь Daehan Shipbuilding, Южная Корея)",vessel,,249.95,44.0,На ходу (Under way),2021.0,,
9303649,,CHEMROAD HAYA,Танкер-химовоз / нефтепродуктовоз,33916.0,7.3,Панама,vessel,,174.38,27.7,На якоре (At anchor),2004.0,,
9971707,,NAVE COSMOSТип судна: Нефтяной танкер / Танкер-продуктовоз (Aframax / LR2),Нефтяной танкер / Танкер-продуктовоз (Aframax / LR2),115651.0,11.6,"Панама IMO номер: 9971707 Год постройки: 2024 (верфь K-Shipbuilding, Южная Корея)",vessel,,249.9,44.0,На якоре (At anchor),2024.0,,
9946398,,IGNACY LUKASIEWICZ,Танкер для перевозки СПГ (LNG Tanker),95440.0,9.5,Франция (RIF — Французский международный регистр),vessel,,298.97,46.4,На ходу (Under way),2023.0,,
9197284,,BOW SUNТип судна: Танкер-химовоз / нефтепродуктовоз (Chemical/Oil Products Tanker),Танкер-химовоз / нефтепродуктовоз (Chemical/Oil Products Tanker),49466.0,7.3,"Норвегия IMO номер: 9197284 Год постройки: 2003 (верфь Stocznia Szczecinska, Польша)",vessel,,182.88,32.18,На ходу (Under way),2003.0,,
9897743,,RAYAHТип судна: Нефтяной танкер (VLCC — Very Large Crude Carrier),Нефтяной танкер (VLCC — Very Large Crude Carrier),318990.0,11.0,"Саудовская Аравия IMO номер: 9897743Год постройки: 2021 (верфь Hyundai Heavy Industries, Южная Корея)",vessel,,333.0,60.0,На якоре (At anchor),2021.0,,
9643271,,YASA SCORPIONТип судна: Нефтяной танкер (VLCC — Very Large Crude Carrier),Нефтяной танкер (VLCC — Very Large Crude Carrier),313998.0,11.0,"Маршалловы острова IMO номер: 9643271 Год постройки: 2013 (верфь Hyundai Samho Heavy Industries, Южная Корея)",vessel,,333.12,60.0,На якоре (At anchor),2013.0,,
9419474,,APOLYTARES,Нефтяной танкер (VLCC — Very Large Crude Carrier),316679.0,12.1,Греция,vessel,,336.17,60.0,Ограничен в маневрировании (Restricted),2009.0,,
9419474,,APOLYTARES,Нефтяной танкер (VLCC — Very Large Crude Carrier),316679.0,12.1,Греция,vessel,,336.17,60.0,Ограничен в маневрировании (Restricted),2009.0,,
9597276,,EAGLE VERSAILLES,Нефтяной танкер (VLCC — Very Large Crude Carrier),299984.0,14.2,Сингапур,vessel,,333.0,60.0,Ограничен в маневрировании (Restricted),2013.0,,
9719771,,HAFNIA AXINITEТип судна: Танкер-химовоз / нефтепродуктовоз (Chemical/Oil Products Tanker),Танкер-химовоз / нефтепродуктовоз (Chemical/Oil Products Tanker),38506.0,8.0,"Сингапур IMO номер: 9719771Год постройки: 2015 (верфь Hyundai Mipo Dockyard, Южная Корея)",vessel,,184.0,27.4,Данные AIS устарели (более 5 дней),2015.0,,
9794836,,ADVANTAGE PORTOFINOТип судна: Нефтяной танкер (Aframax / LR1),Нефтяной танкер (Aframax / LR1),75343.0,8.5,Маршалловы острова IMO номер: 9794836 Год постройки: 2018,vessel,,227.73,38.0,Ошвартован (Moored),2018.0,,
9973652,,METRO IONIANТип судна: Нефтяной танкер / Танкер-продуктовоз (Aframax / LR2),Нефтяной танкер / Танкер-продуктовоз (Aframax / LR2),114934.0,8.6,"Либерия IMO номер: 9973652 Год постройки: 2024 (верфь HD Hyundai Mipo Dockyard, Южная Корея)",vessel,,249.98,42.4,Ошвартован (Moored),2024.0,,
9800049,,ORIENTAL COSMOSТип судна: Танкер-химовоз / нефтепродуктовоз (Chemical/Oil Products Tanker),Танкер-химовоз / нефтепродуктовоз (Chemical/Oil Products Tanker),16296.0,6.4,"Панама IMO номер: 9800049 Год постройки: 2019 (верфь Usuki Shipyard, Япония)",vessel,,142.02,22.0,Ошвартован (Moored),2019.0,,
9845776,,AMBERJACK LNG,Танкер для перевозки СПГ (LNG Tanker),93535.0,11.6,Мальта,vessel,,299.0,46.4,Ошвартован (Moored),2020.0,,
9947627,,ORION HUGO,Танкер для перевозки СПГ (LNG Tanker),95751.0,9.3,Либерия,vessel,,298.97,46.4,Ошвартован (Moored),2025.0,,
9911991,,NEW SPLENDOR,Нефтяной танкер (VLCC — Very Large Crude Carrier),307469.0,11.0,Гонконг (Китай),vessel,,332.95,60.0,Ошвартован (Moored),2023.0,,
9506069,,LV LIZZY,Танкер-продуктовоз (LR1),76594.0,10.4,Маршалловы острова,vessel,,228.6,32.26,Ошвартован (Moored),2008.0,,
9733959,,DHT TIGER,Нефтяной танкер (VLCC — Very Large Crude Carrier),299629.0,11.0,Маршалловы острова,vessel,,333.0,60.0,Ошвартован (Moored),2017.0,,
1045710,,VELOCITY,Танкер-химовоз / нефтепродуктовоз (Chemical/Oil Products Tanker),49998.0,8.5,Либерия,vessel,,182.9,32.2,На якоре (At anchor),2025.0,,
9406013,,CAPE BENAT,Нефтяной танкер (Suezmax),156642.0,9.4,Маршалловы острова,vessel,,274.0,48.0,На якоре (At anchor),2010.0,,
9730880,,STI RAMBLAТип судна: Нефтяной танкер / танкер-продуктовоз (LR2),Нефтяной танкер / танкер-продуктовоз (LR2),109999.0,13.3,"Маршалловы острова IMO номер: 9730880 Год постройки: 2017 (верфь Sungdong Shipbuilding, Южная Корея)",vessel,,250.0,44.0,На ходу (в пути),2017.0,,
9605205,,C. PROGRESSТип судна: Нефтяной танкер (VLCC — Very Large Crude Carrier),Нефтяной танкер (VLCC — Very Large Crude Carrier),313990.0,,"Панама IMO номер: 9605205 Год постройки: 2012 (верфь Hyundai Heavy Industries, Южная Корея)",vessel,,333.0,60.0,На ходу (в пути),2012.0,,
9709776,,HAFNIA ANE,Танкер-химовоз / нефтепродуктовоз (MR Product/Chemical Tanker),49999.0,11.6,Мальта,vessel,,183.2,32.25,На ходу (в пути),2015.0,,
9215282,,BOW SEAТип судна: Танкер-химовоз / нефтепродуктовоз (Chemical/Oil Products Tanker),Танкер-химовоз / нефтепродуктовоз (Chemical/Oil Products Tanker),49511.0,12.8,"Норвегия IMO номер: 9215282 Год постройки: 2006 (верфь Stocznia Szczecinska Nowa, Польша)",vessel,,182.88,32.18,На ходу (в пути),2006.0,,
9929651,,C. EARNEST,Нефтяной танкер (VLCC — Very Large Crude Carrier),300795.0,11.0,Либерия,vessel,,336.0,60.0,На ходу (в пути),2022.0,,
9941714,,DF MONTMARTRE,Нефтяной танкер (Aframax / LR2),109999.0,13.7,Либерия,vessel,,250.0,44.0,На ходу (в пути),2023.0,,
9827683,,RICHMOND VOYAGERТип судна: Нефтяной танкер (VLCC — Very Large Crude Carrier),Нефтяной танкер (VLCC — Very Large Crude Carrier),318608.0,20.5,"Маршалловы островаI MO номер: 9827683 Год постройки: 2018 (верфь Hanwha Ocean, Южная Корея)",vessel,,336.0,60.0,На ходу (в пути),2018.0,,
9895317,,PERTAMINA GAS AMARYLLIS,Газовоз СУГ (VLGC — Very Large Gas Carrier),57555.0,8.0,Панама,vessel,,229.99,36.6,На ходу (в пути),2021.0,,
1059632,,NAVE ANTHOS,Нефтяной танкер (Aframax / LR2),116998.0,9.0,Либерия,vessel,,250.0,44.0,На ходу (в пути),2026.0,,
9744946,,EARTH SUMMIT,Газовоз СУГ (LPG Tanker / Handy),16940.0,7.0,"Сингапур IMO номер: 9744946 Год постройки: 2017 (верфь Jiangnan Changxing, Китай)",vessel,,159.99,24.79,На ходу (в пути),2017.0,,
9799862,,SFL TRINITYТип судна: Нефтяной танкер (Aframax / LR2),Нефтяной танкер (Aframax / LR2),115711.0,8.5,"Маршалловы острова IMO номер: 9799862 Год постройки: 2017 (верфь Daehan Shipbuilding, Южная Корея)",vessel,,250.0,44.0,На ходу (в пути),2017.0,,
9834454,,LONDON VOYAGER,Нефтяной танкер (VLCC — Very Large Crude Carrier),318608.0,11.2,Маршалловы острова,vessel,,336.0,60.0,На ходу (в пути),2019.0,,
9965710,,PACIFIC SP MINERVAТип судна: Газовоз СУГ (LPG Tanker),Газовоз СУГ (LPG Tanker),60526.0,12.8,"Гонконг IMO номер: 9965710 Год постройки: 2024 (сверхновое судно, возраст 2 года)",vessel,,230.0,36.6,На ходу (в пути),2024.0,2.0,
9719408,,DELMA,Газовоз СУГ (LPG Tanker),53991.0,12.2,Либерия,vessel,,225.0,36.6,На ходу (в пути),2016.0,,
9682344,,SILVER MONIKA,Танкер-химовоз / продуктовоз (Chemical/Oil Products Tanker),49746.0,8.1,Маршалловы острова,vessel,,183.0,32.2,На ходу (в пути),2014.0,,
9752723,,GAS SCORPIO,Газовоз СУГ (LPG Tanker),54312.0,7.5,"Гонконг IMO номер: 9752723 Год постройки: 2018 (верфь Hyundai Heavy Industries, Южная Корея)",vessel,,230.0,36.6,На ходу (в пути),2018.0,,ВЫСОКИЙ РИСК
9794135,,DAGMARТип судна: Газовоз СУГ (LPG Tanker),Газовоз СУГ (LPG Tanker),28303.0,7.2,Либерия IMO номер: 9794135 Год постройки: 2018,vessel,,179.87,28.4,На ходу (в пути),2018.0,,
9977309,,AL NAAMAHТип судна: Газовоз СПГ (LNG Tanker),Газовоз СПГ (LNG Tanker),88039.0,9.2,Либерия IMO номер: 9977309 Год постройки: 2026,vessel,,290.0,46.0,На ходу (в пути),2026.0,,
9788564,,HAKATA PRINCESS,Танкер-химовоз / продуктовоз (Chemical/Oil Products Tanker),49842.0,7.5,Панама,vessel,,183.0,32.0,На ходу (в пути),2018.0,,
9759240,,MARVEL EAGLE,Газовоз СПГ (LNG Tanker),83571.0,9.8,Панама,vessel,,299.9,48.9,На ходу (в пути),2018.0,,
9848584,,,Танкер-химовоз / продуктовоз (Chemical/Oil Products Tanker),49765.0,12.0,Норвегия (NIS — Норвежский международный судовой регистр),vessel,,183.07,32.2,На ходу (в пути),2019.0,,НИЗКИЙ РИСК
9935909,,LARGO EDENТип судна: Танкер-химовоз / продуктовоз (Chemical/Oil Products Tanker),Танкер-химовоз / продуктовоз (Chemical/Oil Products Tanker),49999.0,12.0,"Либерия IMO номер: 9935909 Год постройки: 2022 (верфь Guangzhou Shipyard International, Китай)",vessel,,183.01,32.0,На ходу (в пути),2022.0,,
9867102,,FUTURE ENERGYТип судна: Газовоз СУГ (LPG Tanker / VLGC),Газовоз СУГ (LPG Tanker / VLGC),54827.0,7.7,Панама IMO номер: 9867102 Год постройки: 2020,vessel,,230.0,36.6,На ходу (в пути),2020.0,,
9733325,,BW FREYJAТип судна: Газовоз СУГ (LPG Tanker / VLGC),Газовоз СУГ (LPG Tanker / VLGC),54053.0,12.2,"Маршалловы островаIMO номер: 9733325 Год постройки: 2016 (верфь Hyundai Heavy Industries, Южная Корея)",vessel,,225.22,36.6,На ходу (в пути),2016.0,,
9556181,,NAVIG8 HONOR,Танкер для сырой нефти (Crude Oil Tanker) / Panamax (LR1),74996.0,11.9,Сингапур,vessel,,228.31,32.24,На ходу (в пути),2011.0,,
9230880,,MARINERA (бывшее название BELLA 1),Супертанкер для сырой нефти (VLCC — Very Large Crude Carrier),318518.0,,,vessel,,333.0,60.0,,2002.0,,
9381835,,GULF MUTTRAH,Танкер-химовоз / продуктовоз (Chemical/Oil Products Tanker),46556.0,11.4,Багамские острова,vessel,,183.0,32.2,На ходу (в пути),2009.0,,
9742302,,NAVIGATOR ECLIPSE,Газовоз СУГ (LPG Tanker),26968.0,10.5,Либерия,vessel,,179.89,29.6,На ходу (в пути),2016.0,,
9377248,,TOKYOТип судна: Газовоз СУГ (LPG Tanker),Газовоз СУГ (LPG Tanker),43538.0,11.5,"Либерия IMO номер: 9377248 Год постройки: 2009 (верфь Hyundai Heavy Industries, Южная Корея)",vessel,,204.9,32.2,На ходу (в пути),2009.0,,
9905100,,VINCERE,Супертанкер для сырой нефти (VLCC — Very Large Crude Carrier),299936.0,21.7,Маршалловы острова,vessel,,330.0,60.0,На ходу (в пути),2021.0,,
9992220,,PARTHENON LNG,Газовоз СПГ (LNG Tanker),92232.0,9.1,Маршалловы острова IMO номер: 9992220 Год постройки: 2026,vessel,,290.0,46.0,На ходу (в пути),2026.0,,
9307750,,JAG VASANTТип судна: Газовоз СПГ/СУГ (LPG Tanker),Газовоз СПГ/СУГ (LPG Tanker),54478.0,8.3,"Индия IMO номер: 9307750 Год постройки: 2006 (верфь Hyundai Heavy Industries, Южная Корея)",vessel,,230.07,36.61,На ходу (использует двигатель),2006.0,,
9315898,,BYZANTION,Танкер-химовоз / продуктовоз (Chemical/Oil Products Tanker),39589.0,7.7,Маршалловы острова,vessel,,182.55,27.34,На ходу (в пути),2007.0,,
9270490,,NILE,Танкер для сырой нефти (Crude Oil Tanker),72365.0,8.0,Либерия (согласно текущим данным AIS),vessel,,228.6,32.26,На ходу (в пути),2004.0,,
9322657,,YUYO,Газовоз (LPG Tanker),49772.0,7.7,Панама,vessel,,230.0,36.6,На ходу (в пути),2008.0,,
1030399,,AESOP,Танкер для сырой нефти (Suezmax Crude Oil Tanker),158954.0,9.2,Багамские острова,vessel,,274.3,48.0,На ходу (использует двигатель),2025.0,,
9749362,,WILLARD JТип судна: Танкер-химовоз / продуктовоз (Chemical/Oil Products Tanker),Танкер-химовоз / продуктовоз (Chemical/Oil Products Tanker),25161.0,6.5,"Маршалловы острова IMO номер: 9749362 Год постройки: 2016 (верфь Hyundai Mipo Dockyard, Южная Корея)",vessel,,169.06,25.6,На ходу (использует двигатель),2016.0,,
9798076,,HELLAS MARIANNA,Танкер-химовоз / продуктовоз (Chemical/Oil Products Tanker),49850.0,8.1,Мальта,vessel,,183.0,32.2,На якоре (At anchor),2018.0,,
9740586,,HIGH CHALLENGEТип судна: Танкер-химовоз / продуктовоз (Chemical/Oil Products Tanker)Флаг: ЛиберияIMO номер: 9740586,Танкер-химовоз / продуктовоз (Chemical/Oil Products Tanker),49990.0,12.0,"ЛиберияIMO номер: 9740586 Год постройки: 2017 (верфь Hyundai Mipo Dockyard, Южная Корея)",vessel,,183.0,32.2,В пути (судно прибывает в порт назначения),2017.0,,
9802152,,IONIC ANAX,Танкер для сырой нефти (Crude Oil Tanker / Aframax),114720.0,8.9,Маршалловы острова,vessel,,249.97,44.0,На ходу (в пути),2017.0,,
9953901,,NEW ALLIANCEТип судна: Танкер для сырой нефти (Crude Oil Tanker / Aframax),Танкер для сырой нефти (Crude Oil Tanker / Aframax),114802.0,11.8,Либерия IMO номер: 9953901 Год постройки: 2024,vessel,,243.0,44.0,На ходу (в пути),2024.0,,
9970686,,HARMONIC BREEZE,Газовоз для перевозки СПГ (LNG Tanker),92000.0,9.3,Маршалловы острова,vessel,,295.0,46.0,На ходу (в пути),2026.0,,
9843209,,SEAFAITHТип судна: Танкер для сырой нефти (Crude Oil Tanker),Танкер для сырой нефти (Crude Oil Tanker),111964.0,11.6,"Мальта IMO номер: 9843209Год постройки: 2020 (верфь Sumitomo Heavy Industries, Япония)",vessel,,237.0,44.0,На ходу (в пути),2020.0,,
9886732,,CLEAN CAJUNТип судна: Газовоз для перевозки СПГ (LNG Tanker),Газовоз для перевозки СПГ (LNG Tanker),107662.0,9.3,"Мальта IMO номер: 9886732 Год постройки: 2022 (верфь Hyundai Heavy Industries, Южная Корея)",vessel,,299.8,48.9,На ходу (использует двигатель),2022.0,,
9752292,,ETHANE OPAL,Танкер для перевозки этана (VLEC — Very Large Ethane Carrier),59110.0,9.3,Маршалловы острова,vessel,,227.87,36.5,На ходу (в пути),2017.0,,
9798428,,ATLANTIC ASPHALT,Танкер для перевозки битума (Bitumen Tanker),17764.0,8.4,Маршалловы острова,vessel,,160.0,23.5,На ходу (использует двигатель),2017.0,,
9964558,,GAS HUANGHEТип судна: Газовоз (LPG Tanker),Газовоз (LPG Tanker),60551.0,12.3,Сингапур IMO номер: 9964558Год постройки: 2024,vessel,,230.0,36.6,На ходу (использует двигатель),2024.0,,
9931343,,G.HOPE,Танкер для сырой нефти (VLCC — Very Large Crude Carrier),299945.0,20.2,Панама,vessel,,328.0,60.0,На ходу (в пути),2022.0,,
9827358,,TENRYU,Танкер для сырой нефти (VLCC — Very Large Crude Carrier),312611.0,10.8,Либерия,vessel,,338.95,60.0,На ходу (использует двигатель),2019.0,,
9826122,,DHT APPALOOSA,Танкер для сырой нефти (VLCC — Very Large Crude Carrier),318918.0,11.1,Маршалловы острова,vessel,,333.0,60.0,На ходу (использует двигатель),2018.0,,
9898553,,FRONT MAINE,Танкер для сырой нефти (VLCC — Very Large Crude Carrier),299982.0,11.0,Маршалловы острова,vessel,,336.08,60.0,На ходу (в пути),2021.0,,
9788485,,ST.NIKOLAI,Танкер-химовоз / продуктовоз (Chemical/Oil Products Tanker),50129.0,9.8,Сингапур,vessel,,182.5,32.2,На ходу (в пути),2018.0,,
9315680,,PINE GAS,Газовоз для перевозки СУГ (LPG Tanker),58585.0,7.6,Индия,vessel,,225.27,36.6,На ходу (в пути),2006.0,,
9928023,,ARZANAHТип судна: Танкер для сырой нефти (VLCC — Very Large Crude Carrier),Танкер для сырой нефти (VLCC — Very Large Crude Carrier),299425.0,11.0,Либерия (Liberia) IMO номер: 9928023 Год постройки: 2023,vessel,156673.0,336.0,60.0,На ходу (использует двигатель),2023.0,,
9439802,,DASТип судна: Танкер-химовоз / продуктовоз (Chemical/Oil Products Tanker),Танкер-химовоз / продуктовоз (Chemical/Oil Products Tanker),50261.0,11.4,Маршалловы острова (Marshall Islands) IMO номер: 9439802 Год постройки: 2009,vessel,29949.0,183.0,32.2,На ходу (в пути),2009.0,,
9981398,,AL FAT'H,Газовоз для перевозки СПГ (LNG Tanker),92124.0,11.8,Франция,vessel,,299.0,46.0,На ходу (использует двигатель),2026.0,,
9726114,,SHAAMITТип судна: Газовоз для перевозки сжиженного нефтяного газа (LPG Tanker),Газовоз для перевозки сжиженного нефтяного газа (LPG Tanker),54595.0,12.0,"Сингапур IMO номер: 9726114 Год постройки: 2016 (верфь Hyundai Heavy Industries, Южная Корея)",vessel,47347.0,225.13,36.6,На ходу (в пути),2016.0,,
9922823,,AQUAFREEDOMТип судна: Танкер для перевозки сырой нефти (Suezmax Crude Oil Tanker),Танкер для перевозки сырой нефти (Suezmax Crude Oil Tanker),157747.0,15.6,Либерия (Liberia) IMO номер: 9922823Год постройки: 2022,vessel,81072.0,273.97,48.0,На ходу (в пути),2022.0,,
9834466,,SINGAPORE VOYAGERТип судна: Танкер для сырой нефти (VLCC — Very Large Crude Carrier),Танкер для сырой нефти (VLCC — Very Large Crude Carrier),318608.0,20.9,"Маршалловы островаIMO номер: 9834466 Год постройки: 2019 (верфь Daewoo Shipbuilding & Marine Engineering, Южная Корея)",vessel,163214.0,336.0,60.0,На ходу (в пути),2019.0,,
1024584,,MIZAR,Газовоз для перевозки СПГ/СУГ (LPG Tanker / VLGC),55354.0,,Маршалловы острова,vessel,,,32.0,,2025.0,,
9940966,,BOTAN,Газовоз (LPG Tanker),59312.0,11.7,Маршалловы острова (Marshall Islands),vessel,,227.0,36.6,На ходу (в пути),2023.0,,
9865740,,TWEED,Танкер-химовоз / продуктовоз (Chemical/Oil Products Tanker / MR),49999.0,8.2,Маршалловы острова (Marshall Islands),vessel,29917.0,183.06,32.2,На ходу (в Южной Атлантике),2019.0,,
1015181,,UM KISO,Танкер-химовоз / продуктовоз (Chemical/Oil Products Tanker),49953.0,8.2,Панама,vessel,30131.0,183.06,32.2,На ходу (в Южной Атлантике),2025.0,,
9732266,,PACIFIC A. DORODCHI,Танкер для перевозки сырой нефти (Crude Oil Tanker / Aframax),109999.0,11.5,Маршалловы острова (Marshall Islands),vessel,62462.0,250.0,44.0,На ходу (в Южной Атлантике),2016.0,,
9401233,,PALAWAN STAR,Танкер-химовоз / продуктовоз (Chemical/Oil Products Tanker),73796.0,11.8,Маршалловы острова (Marshall Islands),vessel,42010.0,228.6,32.26,На ходу (использует двигатель),2008.0,,
9377793,,REIMEI,Газовоз (LPG Tanker),53100.0,7.7,Индия,vessel,45811.0,226.0,37.2,На ходу (в Южной Атлантике),2007.0,,
9923097,,BAYNOUNAHТип судна: Газовоз (LPG Tanker / VLGC),Газовоз (LPG Tanker / VLGC),55495.0,8.1,Либерия (Liberia) IMO номер: 9923097 Год постройки: 2023,vessel,,230.0,36.6,На ходу (в Южной Атлантике),2023.0,,
9960291,,PARTRIDGE PACIFICТип судна: Танкер-химовоз / продуктовоз (Chemical/Oil Products Tanker),Танкер-химовоз / продуктовоз (Chemical/Oil Products Tanker),49808.0,8.4,Сингапур IMO номер: 9960291 Год постройки: 2023,vessel,29463.0,182.9,32.2,На ходу (Under way),2023.0,,
9315056,,MTM MISSISSIPPI,Танкер-химовоз / продуктовоз (Chemical/Oil Products Tanker),51182.0,12.1,Сингапур,vessel,,183.0,32.2,На ходу (в Карибском море),2006.0,,
9933509,,HENBIT,Газовоз (LPG Tanker / VLGC),58060.0,,Сингапур,vessel,,230.0,36.6,"На якорной стоянке (в районе Суапе, Бразилия)",2023.0,,
9859753,,WOODSIDE CHARLES ALLENТип судна: Газовоз для перевозки СПГ (LNG Tanker),Газовоз для перевозки СПГ (LNG Tanker),94732.0,9.5,Греция IMO номер: 9859753 Год постройки: 2020,vessel,113822.0,294.9,46.4,На ходу (в Южной Атлантике),2020.0,,
9837614,,UNIVERSAL PARTNER,Танкер для сырой нефти (Crude Oil Tanker / VLCC),299981.0,20.4,Республика Корея (South Korea),vessel,156331.0,336.0,60.0,На ходу (в Тихом океане),2019.0,,
9946374,,GORDON WATERS KNUTSEN,Газовоз для перевозки СПГ (LNG Tanker),95501.0,9.5,Франция (France),vessel,114100.0,299.0,46.4,На ходу (в Южной Атлантике),2023.0,,
9988700,,CELSIUS GREENLANDТип судна: Газовоз для перевозки СПГ (LNG Tanker),Газовоз для перевозки СПГ (LNG Tanker),92385.0,9.8,Маршалловы острова (Marshall Islands) IMO номер: 9988700 Год постройки: 2026,vessel,119063.0,299.0,46.0,На ходу (в Южной Атлантике),2026.0,,
9953262,,HLAITAN,Газовоз для перевозки СПГ (LNG Tanker),93025.0,9.6,Либерия (Liberia),vessel,115480.0,299.0,46.4,На ходу (в Южной Атлантике),2024.0,,
9540089,,ENERGY FIDELITYТип судна: Газовоз для перевозки СПГ (LNG Tanker),Газовоз для перевозки СПГ (LNG Tanker),95165.0,9.3,"Маршалловы острова (Marshall Islands) IMO номер: 9540089 Год постройки: 2023 (верфь HD Hyundai Samho, Южная Корея)",vessel,111089.0,289.9,46.1,На ходу (в Южной Атлантике),2023.0,,
1042562,,GAZ RONIN,Газовоз для перевозки СПГ и аммиака (LPG/VLAC — Very Large Ammonia Carrier),67633.0,8.6,Маршалловы острова (Marshall Islands),vessel,59319.0,229.9,36.6,На ходу (Under way),2026.0,,
9978781,,CRYSTAL EXPLORERТип судна: Газовоз (LPG/Ammonia Carrier),Газовоз (LPG/Ammonia Carrier),56415.0,7.9,"Сингапур (Singapore) IMO номер: 9978781 Год постройки: 2025 (верфь Kawasaki Heavy Industries, Япония)",vessel,49561.0,229.9,37.2,На ходу (использует двигатель),2025.0,,
9876490,,GAS VENUSТип судна: Газовоз (LPG Tanker / VLGC — Very Large Gas Carrier),Газовоз (LPG Tanker / VLGC — Very Large Gas Carrier),55182.0,8.2,Сингапур (Singapore) IMO номер: 9876490 Год постройки: 2021,vessel,,230.0,36.6,На ходу (в Южной Атлантике),2021.0,,
9405875,,HISUIТип судна: Газовоз (LPG Tanker),Газовоз (LPG Tanker),53012.0,7.7,"Индия IMO номер: 9405875 Год постройки: 2010 (верфь Kawasaki Heavy Industries, Япония)",vessel,45815.0,226.0,37.2,На ходу (Under way),2010.0,,
9669897,,BOW TRIDENTТип судна: Танкер для перевозки химических грузов и нефтепродуктов (Chemical/Oil Products Tanker),Танкер для перевозки химических грузов и нефтепродуктов (Chemical/Oil Products Tanker),49622.0,12.4,"Норвегия (NIS) IMO номер: 9669897 Год постройки: 2014 (верфь Hyundai Mipo Dockyard, Южная Корея)",vessel,30521.0,182.66,32.2,На ходу (Under way),2014.0,,
9742807,,CASTILLO DE MERIDA,Газовоз для перевозки СПГ (LNG Tanker),93241.0,9.6,Мальта (Malta),vessel,126004.0,297.0,49.0,На ходу (использует двигатель),2018.0,,
9810056,,FUTURE ACEТип судна: Газовоз (LPG Tanker / VLGC),Газовоз (LPG Tanker / VLGC),54868.0,8.3,"Панама (Panama) IMO номер: 9810056 Год постройки: 2019 (верфь Hyundai Heavy Industries, Южная Корея)",vessel,48167.0,230.0,36.6,На ходу (Under way),2019.0,,
9415650,,AQUAMARINE PROGRESSТип судна: Газовоз (LPG Tanker / VLGC),Газовоз (LPG Tanker / VLGC),54866.0,11.7,"Сингапур (Singapore) IMO номер: 9415650 Год постройки: 2010 (верфь MHI Nagasaki Shipyard, Япония)",vessel,48249.0,230.0,36.6,,2010.0,,
9890939,,NORD MIRAIТип судна: Танкер для перевозки химических грузов и нефтепродуктов (Chemical/Oil Products Tanker),Танкер для перевозки химических грузов и нефтепродуктов (Chemical/Oil Products Tanker),49995.0,8.0,"Маршалловы острова (Marshall Islands) IMO номер: 9890939 Год постройки: 2021 (верфь Minaminippon Shipbuilding, Япония)",vessel,30560.0,184.94,32.2,На ходу (Under way),2021.0,,
9979761,,OCEAN INSPIRATION,Газовоз для перевозки СПГ (LNG Tanker),91157.0,9.4,Гонконг (Hong Kong),vessel,114636.0,295.0,45.0,На ходу (Under way),2025.0,,
9938585,,HLS CITRINE,Газовоз (LPG Tanker / VLGC),55383.0,7.5,Либерия (Liberia),vessel,48805.0,229.96,32.25,На ходу (Under way),2023.0,,
9740330,,FIJI PROSPERITYТип судна: Танкер для перевозки сырой нефти (Crude Oil Tanker / VLCC),Танкер для перевозки сырой нефти (Crude Oil Tanker / VLCC),297638.0,11.2,"Либерия (Liberia) IMO номер: 9740330 Год постройки: 2017 (верфь Hyundai Heavy Industries, Южная Корея)",vessel,156517.0,333.0,60.0,На ходу (в районе побережья Южной Африки),2017.0,,
9961506,,GREENERGY MOON,Газовоз для перевозки СПГ (LNG Tanker),93784.0,9.5,Сингапур (Singapore),vessel,115148.0,299.0,46.0,На ходу (Under way),2025.0,,
9947598,,PUTERI LEDANG,Газовоз для перевозки СПГ (LNG Tanker),93414.0,8.6,Маршалловы острова (Marshall Islands),vessel,110331.0,289.97,46.1,На ходу (Under way),2024.0,,
9870824,,SURТип судна: Танкер для перевозки сырой нефти (Crude Oil Tanker / VLCC),Танкер для перевозки сырой нефти (Crude Oil Tanker / VLCC),299997.0,11.0,"Маршалловы острова (Marshall Islands) IMO номер: 9870824 Год постройки: 2020 (верфь Hyundai Heavy Industries, Южная Корея)",vessel,156452.0,336.0,60.0,На ходу (использует двигатель),2020.0,,
9790622,,CHEMROAD HAWK,Танкер для перевозки химических грузов и нефтепродуктов (Chemical/Oil Products Tanker),35647.0,9.3,Панама (Panama),vessel,21274.0,179.53,27.4,На ходу (Under way),2019.0,,
9870824,,SUR,Танкер для перевозки сырой нефти (Crude Oil Tanker / VLCC),299997.0,11.0,Маршалловы острова (Marshall Islands),vessel,156452.0,336.0,60.0,На текущий момент статус не определен (в AIS данных отсутствует),2020.0,,
9719240,,STOLT APAL,Танкер для перевозки химических грузов и нефтепродуктов (Chemical/Oil Products Tanker),32798.0,10.1,Португалия (Мадейра),vessel,23124.0,185.0,28.4,На ходу (Under way),2016.0,,
9395501,,YUYO SPIRITS,Газовоз (LPG Tanker),49999.0,8.2,Панама (Panama),vessel,45966.0,230.0,36.6,На ходу (Under way),2009.0,,
9939620,,REDAMANCYТип судна: Танкер для перевозки химических грузов и нефтепродуктов (Chemical/Oil Products Tanker / MR2),Танкер для перевозки химических грузов и нефтепродуктов (Chemical/Oil Products Tanker / MR2),49999.0,12.2,"Либерия (Liberia) IMO номер: 9939620 Год постройки: 2025 (верфь Guangzhou Shipyard International Co. Ltd, Китай)",vessel,28858.0,183.0,32.0,Ошвартовано (Moored),2025.0,,
9372420,,CLIPPER ORION,Газовоз (LPG Tanker),43475.0,6.9,Норвегия (Norway),vessel,36459.0,204.98,32.2,Ошвартовано (Moored),2008.0,,
9412103,,PEGASUS,Танкер для перевозки сырой нефти (Crude Oil Tanker / Suezmax),158267.0,9.5,Греция (Greece),vessel,80028.0,274.0,48.0,На якоре (At anchor),2009.0,,
9617454,,ESSIEN,Танкер для перевозки сырой нефти (Crude Oil Tanker / MR Tanker),42190.0,8.3,Сингапур (Singapore),vessel,26827.0,188.0,31.5,На якоре (At anchor),2013.0,,
9837597,,UNIVERSAL LEADER,Танкер для перевозки сырой нефти (Crude Oil Tanker / VLCC),299981.0,20.3,Республика Корея (South Korea),vessel,156331.0,336.0,60.0,На ходу (Under way),2019.0,,
9529956,,JAMAICA PROSPERITY,Танкер для перевозки сырой нефти (Crude Oil Tanker / VLCC),314000.0,11.7,Либерия (Liberia),vessel,160716.0,333.0,60.0,На ходу (Under way),2012.0,,
9384100,,,Танкер для перевозки химических грузов и нефтепродуктов (Chemical/Oil Products Tanker),38402.0,8.9,Панама (Panama),vessel,24112.0,183.0,27.4,На ходу (Under way),2008.0,,
9766542,,,Газовоз (LNG Tanker),94303.0,9.6,Соединенное Королевство (Великобритания) / Остров Мэн,vessel,115366.0,294.9,46.4,На ходу (Under way),2018.0,,
9766542,,BRITISH ACHIEVERТип судна: Газовоз (LNG Tanker),Газовоз (LNG Tanker),94303.0,9.6,"Соединенное Королевство (Великобритания) / Остров Мэн IMO номер: 9766542 Год постройки: 2018 (верфь Daewoo Shipbuilding & Marine Engineering, Южная Корея)",vessel,115366.0,294.9,46.4,На ходу (Under way),2018.0,,
9262209,,LNG AKWA IBOM,Газовоз для перевозки сжиженного природного газа (LNG Tanker),79633.0,11.4,Бермудские острова (Bermuda),vessel,115993.0,288.74,48.0,На ходу (Under way),2004.0,,
9429302,,ATHINA,Танкер для перевозки сырой нефти (Crude Oil Tanker / VLCC),317441.0,20.6,Мальта,vessel,160241.0,333.12,60.0,На ходу (Under way),2011.0,,
9855484,,ESTEEM EXPLORER,Танкер для перевозки сырой нефти (Crude Oil Tanker / VLCC — Very Large Crude Carrier),312135.0,19.0,Панама,vessel,160649.0,339.5,60.0,На ходу (Under way),2020.0,,
9522180,,DS VENTURE,Танкер для перевозки сырой нефти (Crude Oil Tanker / VLCC),297228.0,11.5,Либерия,vessel,157039.0,330.0,60.0,На ходу (Under way),2011.0,,
9752993,,MARAN APOLLO,Танкер для перевозки сырой нефти (Crude Oil Tanker / VLCC),319398.0,11.2,Греция,vessel,161309.0,336.0,60.0,На ходу (Under way),2016.0,,
9905459,,ALEXANDROSТип судна: Танкер для перевозки сырой нефти (Crude Oil Tanker / VLCC — Very Large Crude Carrier),Танкер для перевозки сырой нефти (Crude Oil Tanker / VLCC — Very Large Crude Carrier),299989.0,21.4,Либерия IMO номер: 9905459 Год постройки: 2022,vessel,163150.0,333.0,60.0,На ходу (Under way),2022.0,,
9762986,,DHT HARRIER,Танкер для перевозки сырой нефти (Crude Oil Tanker / VLCC — Very Large Crude Carrier),299985.0,11.0,Маршалловы острова,vessel,157373.0,336.02,60.0,На ходу (Under way),2016.0,,
9933614,,EAGLE VENTURA,Танкер для перевозки сырой нефти (Crude Oil Tanker / VLCC — Very Large Crude Carrier),299407.0,21.1,Сингапур,vessel,156186.0,336.0,60.0,На ходу (Under way),2023.0,,
9709489,,MARAN GAS PERICLES,Газовоз для перевозки сжиженного природного газа (LNG Tanker),92776.0,9.3,"Греция IMO номер: 9709489 Год постройки: 2016 (верфь Hyundai Samho Heavy Industries, Южная Корея)",vessel,113502.0,290.0,46.4,На ходу (Under way),2016.0,,
9877781,,FRONT MORGAN,Танкер для перевозки сырой нефти (Crude Oil Tanker / VLCC — Very Large Crude Carrier),299999.0,11.0,Маршалловы острова,vessel,156293.0,336.12,60.0,На ходу (Under way),2021.0,,
9976147,,GAIL SAGAR,Газовоз для перевозки сжиженного природного газа (LNG Tanker),92924.0,9.0,"Либерия IMO номер: 9976147 Год постройки: 2025 (верфь Hyundai Samho Heavy Industries, Южная Корея)",vessel,110601.0,289.97,46.1,На ходу (Under way),2025.0,,
9976135,,KOOL TIGERТип судна: Газовоз для перевозки сжиженного природного газа (LNG Tanker),Газовоз для перевозки сжиженного природного газа (LNG Tanker),92924.0,11.1,"Либерия IMO номер: 9976135 Год постройки: 2024 (верфь Hyundai Samho Heavy Industries, Южная Корея)",vessel,110601.0,289.97,46.1,На ходу (Under way),2024.0,,
9851646,,FLEX RESOLUTEТип судна: Газовоз для перевозки сжиженного природного газа (LNG Tanker / Large),Газовоз для перевозки сжиженного природного газа (LNG Tanker / Large),95456.0,9.6,"Маршалловы острова IMO номер: 9851646 Год постройки: 2020 (верфь Daewoo Shipbuilding & Marine Engineering, Южная Корея)",vessel,114380.0,294.9,46.4,На ходу (Under way),2020.0,,
9631682,,CRYSTAL SUNRISE,Газовоз для перевозки сжиженного нефтяного газа (LPG Tanker / VLGC — Very Large Gas Carrier),54070.0,7.7,Сингапур,vessel,46949.0,229.9,37.2,На ходу (Under way),2013.0,,
9288813,,CHAMPION ENDURANCE,Танкер-химовоз / нефтепродуктовоз (Chemical/Oil Products Tanker),46803.0,12.0,Маршалловы острова,vessel,29352.0,183.0,32.2,На ходу (Under way),2005.0,,
9862463,,FLEX VOLUNTEER,Газовоз для перевозки сжиженного природного газа (LNG Tanker / Large),93624.0,11.5,"Маршалловы острова IMO номер: 9862463 Год постройки: 2021 (верфь Hyundai Samho Heavy Industries, Южная Корея)",vessel,116430.0,297.0,46.4,На ходу (Under way),2021.0,,
9770440,,MARVEL HERON,Газовоз для перевозки сжиженного природного газа (LNG Tanker),92659.0,9.8,"Панама IMO номер: 9770440 Год постройки: 2019 (верфь Mitsubishi Shipbuilding, Япония)",vessel,139050.0,297.5,48.9,На ходу (Under way),2019.0,,
9799185,,NEW MELODY,Танкер для перевозки сырой нефти (Crude Oil Tanker / VLCC — Very Large Crude Carrier),307431.0,20.3,Гонконг (КНР),vessel,162890.0,333.0,60.0,На ходу (Under way),2019.0,,
9760550,,BOCHEM BUCEPHALAS,Танкер-химовоз / нефтепродуктовоз (Chemical/Oil Products Tanker),25086.0,10.6,"Гонконг (КНР) IMO номер: 9760550 Год постройки: 2017 (верфь Kitanihon Shipbuilding, Япония)",vessel,16202.0,160.0,25.0,На ходу (Under way),2017.0,,
9352200,,STOLT SAGALAND,Танкер для перевозки химических грузов и нефтепродуктов (Chemical/Oil Products Tanker),44044.0,9.5,Каймановы острова,vessel,25884.0,182.72,32.2,На ходу (Under way),2008.0,,
9947964,,ENERGY ACHILLES,Танкер-химовоз / нефтепродуктовоз (Chemical/Oil Products Tanker / MR),49812.0,,Остров Мэн (Великобритания),vessel,29597.0,182.9,32.2,,2022.0,,
9895238,,VIVIRT CITY LNG,Газовоз для перевозки сжиженного природного газа (LNG Tanker / Large),92855.0,11.9,Либерия,vessel,116299.0,299.0,46.4,На ходу (Under way),2021.0,,
9484077,,SELETAR SPIRIT,Танкер для перевозки сырой нефти (Crude Oil Tanker / Aframax),108994.0,15.3,Багамские острова,vessel,60193.0,243.0,42.0,На ходу (Under way),2010.0,,
9352963,,GAS CAMELOT,Газовоз для перевозки сжиженного нефтяного газа (LPG Tanker / VLGC — Very Large Gas Carrier),54994.0,,Индонезия,vessel,47059.0,225.0,36.6,На ходу (Under way),2008.0,,
9821299,,SOUTHERN SHARK,Танкер-химовоз / нефтепродуктовоз (Chemical/Oil Products Tanker),26051.0,10.7,Либерия,vessel,14965.0,156.53,25.0,На ходу (Under way),2018.0,,
1030404,,SIENA,Танкер для перевозки сырой нефти (Crude Oil Tanker / Suezmax),158932.0,12.9,Багамские острова,vessel,83175.0,274.31,48.0,На ходу (Under way),2025.0,,
1033365,,FURE VASA,Танкер-химовоз / нефтепродуктовоз (Chemical/Oil Products Tanker / Intermediate),16300.0,9.1,Швеция IMO номер: 1033365 Год постройки: 2026,vessel,12763.0,149.0,23.0,На ходу (Under way),2026.0,,
1043138,,YASA ATLANTIC,Танкер-химовоз / нефтепродуктовоз (Chemical/Oil Products Tanker / Medium Range),50492.0,11.5,Маршалловы острова IMO номер: 1043138 Год постройки: 2026,vessel,29868.0,183.0,32.0,На ходу (Under way),2026.0,,
9690171,,LNG ABALAMABIE,Газовоз для перевозки сжиженного природного газа (LNG Tanker),86925.0,9.4,Бермудские острова,vessel,116568.0,292.0,47.8,На ходу (Under way),2016.0,,
9216298,,"ARCTIC VOSTOK (ранее: ASYA ENERGY, EAST ENERGY, TRADER IV)",Газовоз для перевозки сжиженного природного газа (LNG Tanker),79885.0,,"Российская Федерация IMO номер: 9216298 Год постройки: 2002 (верфь Hyundai Heavy Industries, Южная Корея)",vessel,114354.0,288.73,48.09,На ходу (Under way),2002.0,,
9629548,,SEATREASURE,Танкер для перевозки химических грузов и нефтепродуктов (Chemical/Oil Products Tanker / Medium Range),50660.0,8.5,"Мальта IMO номер: 9629548 Год постройки: 2013 (верфь Hyundai Mipo Dockyard, Южная Корея)",vessel,29925.0,183.0,32.2,На ходу (Under way),2013.0,,
9723083,,DONOUSSAТип судна: Танкер для перевозки сырой нефти (Crude Oil Tanker / VLCC — Very Large Crude Carrier),Танкер для перевозки сырой нефти (Crude Oil Tanker / VLCC — Very Large Crude Carrier),299999.0,11.0,"Франция IMO номер: 9723083 Год постройки: 2016 (верфь Daewoo Shipbuilding & Marine Engineering, Южная Корея)",vessel,157092.0,336.0,60.0,На ходу (Under way),2016.0,,
9682978,,EFFIE MAERSK,Танкер для перевозки сырой нефти (Crude Oil Tanker / Suezmax),158295.0,10.0,"Дания IMO номер: 9682978 Год постройки: 2017 (верфь Hyundai Heavy Industries, Южная Корея)",vessel,85445.0,274.0,48.94,На ходу (Under way),2017.0,,
9697636,,SEAWAYS CASTLE HILLТип судна: Танкер-химовоз / нефтепродуктовоз (Chemical/Oil Products Tanker / Medium Range),Танкер-химовоз / нефтепродуктовоз (Chemical/Oil Products Tanker / Medium Range),49990.0,12.7,"Маршалловы острова IMO номер: 9697636 Год постройки: 2015 (верфь SPP Shipbuilding, Южная Корея)",vessel,29806.0,183.06,32.2,На ходу (Under way),2015.0,,
9579494,,ALMI HORIZON,Танкер для перевозки сырой нефти (Crude Oil Tanker / Suezmax),157787.0,,"Либерия IMO номер: 9579494 Год постройки: 2011 (верфь Daewoo Shipbuilding & Marine Engineering, Южная Корея)",vessel,84216.0,274.0,48.0,На ходу (Under way),2011.0,,
9774135,,LNG SAKURA,Газовоз для перевозки сжиженного природного газа (LNG Tanker / Large),82137.0,,Багамы,vessel,135977.0,300.0,48.9,,2018.0,,
9491812,,CUBAL,Газовоз для перевозки сжиженного природного газа (LNG Tanker / Membrane Type),82834.0,9.6,"Багамские острова IMO номер: 9491812 Год постройки: 2012 (верфь Samsung Heavy Industries, Южная Корея)",vessel,100723.0,285.36,43.4,На ходу (Under way),2012.0,,
9360881,,AL KHARSAAH,Газовоз для перевозки сжиженного природного газа (LNG Tanker / Q-Flex),109484.0,,Багамские острова,vessel,135848.0,315.0,50.0,На ходу (Under way),2008.0,,
9337975,,DUHAIL,Газовоз для перевозки сжиженного природного газа (LNG Tanker / Q-Flex),121639.0,,Багамские острова,vessel,137535.0,315.0,50.0,На текущий момент судно находится в Индийском океане (район Маврикия/Реюньона),2008.0,,
1044211,,SEASCORPION,Танкер-химовоз / нефтепродуктовоз (Chemical/Oil Products Tanker),41000.0,,Германия,vessel,30425.0,200.0,32.0,На ходу (Under way),2026.0,,
1016082,,GASCHEM DOLPHINТип судна: Газовоз для перевозки сжиженного нефтяного газа (LPG / MGC — Midsize Gas Carrier),Газовоз для перевозки сжиженного нефтяного газа (LPG / MGC — Midsize Gas Carrier),24972.0,7.6,Португалия (Мадейра) IMO номер: 1016082 Год постройки: 2025,vessel,28560.0,189.0,29.0,На ходу (Under way),2025.0,,
9772034,,PACIFIC SARAH,Танкер-химовоз / нефтепродуктовоз (Chemical/Oil Products Tanker / LR1),74356.0,12.0,Маршалловы острова IMO номер: 9772034 Год постройки: 2017,vessel,42968.0,219.0,38.0,На ходу (Under way),2017.0,,
9300817,,KOSMOS,Газовоз для перевозки сжиженного природного газа (LNG Tanker),81034.0,,Россия IMO номер: 9300817 Год постройки: 2005,vessel,96671.0,285.1,43.4,На ходу (Under way),2005.0,,
9910117,,TATESHINAТип судна: Супертанкер для сырой нефти (Crude Oil Tanker / VLCC — Very Large Crude Carrier),Супертанкер для сырой нефти (Crude Oil Tanker / VLCC — Very Large Crude Carrier),311979.0,10.9,"ЛиберияIMO номер: 9910117 Год постройки: 2021 (верфь Nantong COSCO KHI, Китай)",vessel,162218.0,339.5,60.0,На ходу (Under way),2021.0,,
9579561,,ALMI NAVIGATOR,Танкер для перевозки сырой нефти (Crude Oil Tanker / Suezmax),157564.0,9.5,Португалия (Мадейра) IMO номер: 9579561 Год постройки: 2013,vessel,84156.0,274.0,48.0,На ходу (Under way),2013.0,,
9977244,,UMM AL HOULТип судна: Газовоз для перевозки сжиженного природного газа (LNG Tanker / Large),Газовоз для перевозки сжиженного природного газа (LNG Tanker / Large),88090.0,,"Либерия IMO номер: 9977244 Год постройки: 2025 (верфь Samsung Heavy Industries, Южная Корея)",vessel,115728.0,290.0,46.0,На ходу (Under way),2025.0,,
9732503,,HELLAS GLADIATORТип судна: Газовоз для перевозки сжиженного нефтяного газа (LPG Tanker / VLGC — Very Large Gas Carrier),Газовоз для перевозки сжиженного нефтяного газа (LPG Tanker / VLGC — Very Large Gas Carrier),54376.0,11.6,"Мальта IMO номер: 9732503 Год постройки: 2016 (верфь Hyundai Heavy Industries, Ульсан, Южная Корея)",vessel,48022.0,225.12,36.6,На ходу (Under way),2016.0,,
9864796,,CELSIUS CANBERRAТип судна: Газовоз для перевозки сжиженного природного газа (LNG Tanker / Large),Газовоз для перевозки сжиженного природного газа (LNG Tanker / Large),92454.0,,"Маршалловы острова IMO номер: 9864796 Год постройки: 2021 (верфь Samsung Heavy Industries, Южная Корея)",vessel,119338.0,299.15,45.8,На ходу (Under way),2021.0,,
9943475,,CLEAN RESOLUTIONТип судна: Газовоз для перевозки сжиженного природного газа (LNG Tanker / Large),Газовоз для перевозки сжиженного природного газа (LNG Tanker / Large),107573.0,,"Мальта IMO номер: 9943475 Год постройки: 2023 (верфь Hyundai Heavy Industries, Ульсан, Южная Корея)",vessel,128653.0,299.78,48.9,На ходу (Under way),2023.0,,
9404936,,AFRA MAREТип судна: Танкер для перевозки сырой нефти (Crude Oil Tanker / Aframax / LR2),Танкер для перевозки сырой нефти (Crude Oil Tanker / Aframax / LR2),105348.0,10.3,Панама IMO номер: 9404936 Год постройки: 2008,vessel,58614.0,244.08,42.0,На ходу (Under way),2008.0,,
9377078,,CLIPPER MARSТип судна: Газовоз (LPG Tanker / LGC — Large Gas Carrier),Газовоз (LPG Tanker / LGC — Large Gas Carrier),43544.0,,"Норвегия (NIS — Норвежский международный судовой регистр) IMO номер: 9377078 Год постройки: 2008 (верфь Hyundai Heavy Industries, Ульсан, Южная Корея)",vessel,36459.0,204.98,32.2,Судно активно эксплуатируется. По последним данным AIS (июнь 2026 г.),2008.0,,
9741827,,BW NJORDТип судна: Газовоз для перевозки сжиженного нефтяного газа (LPG Tanker / VLGC),Газовоз для перевозки сжиженного нефтяного газа (LPG Tanker / VLGC),54053.0,,Маршалловы острова IMO номер: 9741827 Год постройки: 2016,vessel,47384.0,225.22,36.6,"По последним данным AIS, судно находится в Индийском океане. Операционные данные: Наблюдается отсутствие активного хода (скорость 0.0 узлов)",2016.0,,
9932581,,KAEDE,Газовоз для перевозки сжиженного нефтяного газа (LPG Tanker / VLGC — Very Large Gas Carrier),59320.0,8.0,Маршалловы острова,vessel,51931.0,227.0,36.6,На ходу (Under way),2023.0,,
9728710,,EAGLE VENICE,Танкер для перевозки сырой нефти (Crude Oil Tanker / VLCC),298991.0,11.0,Сингапур,vessel,154163.0,333.0,60.0,На ходу (Under way),2016.0,,
9735646,,HAFNIA EXCELLENCE,Танкер для перевозки сырой нефти (Crude Oil Tanker),74613.0,11.5,Сингапур,vessel,42869.0,219.0,38.0,На ходу (Under way),2016.0,,
1024754,,TIANSHAN,Газовоз (LNG Tanker / Large),91033.0,9.5,Гонконг IMO номер: 1024754 Год постройки: 2026,vessel,114709.0,295.0,45.0,На ходу (Under way),2026.0,,
9233208,,FAAS,Танкер для перевозки сырой нефти (Crude Oil Tanker / Aframax / LR2),112664.0,,Малави (по актуальным данным AIS),vessel,62247.0,249.97,44.0,"Судно находится в Индийском океане. По последним данным, оно практически не имеет хода (скорость 0.1 узла)",2002.0,,ВЫСОКИЙ РИСК
1066324,,SC DIAMOND,"Танкер-химовоз / нефтеналивной танкер (Chemical/Oil Products Tanker), часто классифицируется как судно типа «Flexy»",26700.0,10.5,Гонконг,vessel,17103.0,159.0,27.0,На ходу (Under way),2026.0,,
9625956,,TWIN CASTOR,Танкер для перевозки сырой нефти (Crude Oil Tanker / VLCC),321039.0,21.0,Либерия,vessel,167578.0,332.0,59.96,На ходу (Under way),2013.0,,
1044869,,NISSOS TIGANI,Танкер для перевозки сырой нефти (Crude Oil Tanker / VLCC),156790.0,8.8,Маршалловы острова,vessel,84000.0,274.0,48.0,На ходу (Under way),2026.0,,
1043657,,GH ANGELOU,Танкер для перевозки сырой нефти (Crude Oil Tanker / Suezmax),156727.0,15.5,Маршалловы острова,vessel,80342.0,270.11,46.0,На ходу (Under way),2026.0,,
9259329,,FUSION ENERGY,Танкер для перевозки нефтепродуктов (Oil Products Tanker),70201.0,8.0,Панама,vessel,41418.0,228.08,32.2,На пути в Сингапур,2003.0,,
9805099,,TEDORIGAWAТип судна: Танкер для перевозки сырой нефти (Crude Oil Tanker / VLCC),Танкер для перевозки сырой нефти (Crude Oil Tanker / VLCC),311790.0,11.2,Панама IMO номер: 9805099 Год постройки: 2018,vessel,161952.0,339.5,60.0,На ходу (Under way),2018.0,,
9944132,,"NORD VIRAGEТип судна: Танкер-химовоз / нефтеналивной танкер (Chemical/Oil Products Tanker, MR-танкер)","Танкер-химовоз / нефтеналивной танкер (Chemical/Oil Products Tanker, MR-танкер)",49999.0,11.6,Панама IMO номер: 9944132 Год постройки: 2022,vessel,29707.0,183.0,32.2,На ходу (Under way),2022.0,,
9916185,,NAVE CELESTEТип судна: Танкер для перевозки сырой нефти (Crude Oil Tanker / VLCC),Танкер для перевозки сырой нефти (Crude Oil Tanker / VLCC),313418.0,,Либерия IMO номер: 9916185 Год постройки: 2022,vessel,160115.0,339.36,60.0,На ходу (Under way),2022.0,,
9903968,,FRONT FAVOURТип судна: Танкер для перевозки сырой нефти (Crude Oil Tanker / Aframax / LR2),Танкер для перевозки сырой нефти (Crude Oil Tanker / Aframax / LR2),109893.0,9.3,Маршалловы острова IMO номер: 9903968 Год постройки: 2021,vessel,62795.0,249.95,44.0,На ходу (Under way),2021.0,,
9800647,,PACIFIC GOLD,Танкер-химовоз / нефтеналивной танкер (Chemical/Oil Products Tanker),49950.0,11.8,Либерия IMO номер: 9800647 Год постройки: 2020,vessel,29513.0,182.5,32.2,На ходу (Under way),2020.0,,
9575096,,HARBOUR SPLENDOR,Танкер для перевозки сырой нефти (Crude Oil Tanker / VLCC),297052.0,11.5,Гонконг IMO номер: 9575096 Год постройки: 2010,vessel,157393.0,330.0,60.0,На ходу (Under way),2010.0,,
9292278,,VERA,Танкер-химовоз / нефтеналивной танкер (Chemical/Oil Products Tanker),40218.0,11.0,Панама,vessel,25088.0,176.0,31.0,На ходу (Under way),2005.0,,
9627966,,WILPRIDEТип судна: Газовоз (LNG Tanker / Large),Газовоз (LNG Tanker / Large),87677.0,11.0,Мальта IMO номер: 9627966 Год постройки: 2013,vessel,102315.0,290.0,44.0,На ходу (Under way),2013.0,,
9611620,,RONG CHIТип судна: Танкер для перевозки сырой нефти (Crude Oil Tanker / Product Tanker),Танкер для перевозки сырой нефти (Crude Oil Tanker / Product Tanker),48698.0,12.2,Китай IMO номер: 9611620 Год постройки: 2012,vessel,30325.0,185.0,32.0,На ходу (Under way),2012.0,,
9831218,,IRINI N. LEMOSТип судна: Танкер для перевозки сырой нефти (Crude Oil Tanker / VLCC),Танкер для перевозки сырой нефти (Crude Oil Tanker / VLCC),319191.0,20.3,Мальта IMO номер: 9831218 Год постройки: 2019,vessel,160655.0,333.0,60.04,На ходу (Under way),2019.0,,
9783382,,LIAN YANG HU,Танкер для перевозки сырой нефти (Crude Oil Tanker / Aframax),72712.0,8.1,Китай,vessel,43687.0,220.0,36.0,На ходу (Under way),2018.0,,
9790610,,CHEMROAD AQUA,"Танкер-химовоз / нефтеналивной танкер (Chemical/Oil Products Tanker, HAZ-B)",35678.0,11.1,Либерия,vessel,21275.0,179.53,27.4,На ходу (Under way),2018.0,,
9273064,,HEATHER KNUTSEN,Танкер для перевозки сырой нефти (Crude Oil Tanker / Suezmax),148644.0,9.0,Норвегия,vessel,80918.0,276.96,46.0,На ходу (Under way),2005.0,,
9910181,,TOWA MARU,Танкер для перевозки сырой нефти (Crude Oil Tanker / VLCC),311028.0,18.7,Япония,vessel,160709.0,339.5,60.0,На ходу (Under way),2022.0,,
9786164,,MAERSK CAYMAN,"Танкер-химовоз / нефтеналивной танкер (Chemical/Oil Products Tanker, HAZ-A)",49919.0,8.0,Дания,vessel,29816.0,183.0,32.2,На ходу (Under way),2018.0,,
9317298,,ZIXUAN,Танкер для перевозки сжиженного газа (LPG Tanker),49999.0,8.4,Вануату,vessel,45965.0,230.0,36.6,На ходу (Under way),2005.0,,
9845685,,NISSOS RHENIA,Танкер для перевозки сырой нефти (Crude Oil Tanker / VLCC),318744.0,11.0,Маршалловы острова IMO номер: 9845685 Год постройки: 2019,vessel,160457.0,332.99,60.0,На ходу (Under way),2019.0,,
9970363,,KALK BAY,Танкер-химовоз / нефтеналивной танкер (Chemical/Oil Products Tanker),49999.0,11.8,Сингапур,vessel,29538.0,183.0,32.2,На ходу (Under way),2023.0,,
9516935,,DELTA APOLLONIA,Танкер для перевозки сырой нефти (Crude Oil Tanker / VLCC),319725.0,21.4,Либерия,vessel,166223.0,332.98,60.0,На ходу (Under way),2015.0,,
9788875,,CARIBBEAN GLORY,Танкер для перевозки сырой нефти (Crude Oil Tanker / VLCC),301528.0,11.0,Панама,vessel,157379.0,336.0,60.0,На ходу (Under way),2017.0,,
9991939,,AL THURAYYA,Газовоз (LNG Tanker / LNG Large),92600.0,9.5,Либерия,vessel,114000.0,295.0,46.0,На ходу (Under way),2026.0,,
9398058,,NEW PROSPECT,Танкер для перевозки сырой нефти (Crude Oil Tanker / VLCC),297934.0,11.0,Либерия,vessel,156921.0,330.0,60.0,На ходу (Under way),2009.0,,
9534846,,SINGAPORE ENERGY,Танкер для перевозки сырой нефти (Crude Oil Tanker / VLCC),297085.0,21.5,Либерия,vessel,157225.0,330.0,60.0,На ходу (Under way),2011.0,,
9930791,,MARAN DANAE,Танкер для перевозки сырой нефти (Crude Oil Tanker / VLCC),320917.0,20.3,Греция,vessel,165054.0,329.9,60.0,На ходу (Under way),2023.0,,
1075296,,PGC YIANNIOS,Танкер для перевозки сжиженного нефтяного газа (LPG Tanker),8850.0,5.5,Португалия (Мадейра) согласно AIS / Япония согласно данным о судне,vessel,8447.0,120.0,21.0,На якоре (At anchor),2026.0,,
9421269,,BTS FABULOUS,Танкер-химовоз / нефтеналивной танкер (Chemical/Oil Products Tanker),17540.0,8.4,Сингапур,vessel,11277.0,144.0,22.6,На якоре (At anchor),2008.0,,
9804899,,PURPLE RAY,Танкер-химовоз / нефтеналивной танкер (Chemical/Oil Products Tanker),19987.0,6.0,Либерия,vessel,12157.0,145.05,24.2,На якоре (At anchor),2020.0,,
9714501,,HAFNIA AMETHYST,Танкер-химовоз / нефтеналивной танкер (Chemical/Oil Products Tanker),38506.0,7.9,Маршалловы острова,vessel,23676.0,184.0,27.4,На якоре (At anchor),2015.0,,
9250725,,HONGKONG ENERGY,Танкер для перевозки сжиженного природного газа (LNG Tanker),73659.0,8.5,Сент-Китс и Невис (согласно данным AIS) / Маршалловы острова (согласно характеристикам судна),vessel,96165.0,287.0,43.4,На якоре (At anchor),2004.0,,
9552666,,FAIRCHEM ALDEBARAN,Танкер-химовоз / нефтеналивной танкер (Chemical/Oil Products Tanker),19697.0,8.6,Либерия,vessel,11788.0,145.53,23.7,На ходу (Under way using Engine),2017.0,,
9753698,,HAFNIA TOURMALINE,Танкер-химовоз / нефтеналивной танкер (Chemical/Oil Products Tanker),49513.0,10.6,Маршалловы острова,vessel,29492.0,183.0,32.2,На ходу (Under way using Engine),2016.0,,
9913951,,TAGA,Танкер для сырой нефти (Crude Oil Tanker),312306.0,,Либерия,vessel,160453.0,338.92,60.0,Ограничено осадкой (Constrained by her draught),2022.0,,
9692014,,LNG LAGOS II,Танкер для перевозки сжиженного природного газа (LNG Tanker),99025.0,9.5,Бермудские острова,vessel,115995.0,299.5,46.0,На ходу (Under way using Engine),2016.0,,
9917878,,YAQUT,Танкер-химовоз / нефтеналивной танкер (Chemical/Oil Products Tanker),55202.0,10.6,Саудовская Аравия,vessel,33817.0,183.0,35.0,На ходу (Under way using Engine),2022.0,,
9404845,,ZENITH SPIRIT,Танкер для сырой нефти (Crude Oil Tanker),159952.0,13.5,Багамские острова,vessel,81732.0,274.0,48.0,Ошвартовано (Moored),2009.0,,
9258894,,GOLDEN SPLENDOR,Танкер для сырой нефти (Crude Oil Tanker),99999.0,9.5,Индонезия,vessel,63661.0,252.0,43.84,На якоре,2004.0,,
9524994,,BLUE MOON,Танкер для сырой нефти (Crude Oil Tanker),104623.0,12.8,Маршалловы острова,vessel,56326.0,228.6,42.03,"Стоит на якоре (определено как ""Stopped"")",2011.0,,
1062627,,PACIFIC INFINITY,Танкер-химовоз / нефтеналивной танкер (Chemical/Oil Products Tanker),49900.0,7.5,Гонконг,vessel,30000.0,182.0,32.0,На ходу (Under way using Engine),2026.0,,
9544592,,MAJESTY,Танкер-продуктовоз (Oil Products Tanker),48056.0,8.0,Индия,vessel,28777.0,179.9,32.2,На ходу (Under way using Engine),2009.0,,
9238040,,SINGAPORE ENERGY,СПГ-танкер (LNG Tanker),75074.0,7.0,Маршалловы острова,vessel,93498.0,278.8,42.6,На якоре (At anchor),2003.0,,
9253222,,SHANDONG JUNIPER,СПГ-танкер (LNG Tanker),72727.0,9.5,Сингапур,vessel,111459.0,290.0,46.0,На якоре (At anchor),2004.0,,
8608872,,KARMOL LNGT POWERSHIP ANTARCTICA,"Оффшорное судно обеспечения (Offshore Support Vessel), классифицируется также как газовоз",66810.0,8.9,Либерия,vessel,105015.0,272.0,47.2,На якоре (At anchor),1989.0,,
9683001,,KANATA SPIRIT,Танкер для сырой нефти (Crude Oil Tanker),109584.0,9.5,Маршалловы острова,vessel,64309.0,250.0,44.0,На якоре (At anchor),2016.0,,
9904871,,TORM HELENE,Танкер для сырой нефти (Crude Oil Tanker),115575.0,8.5,Дания,vessel,64602.0,249.99,44.0,На якоре (At anchor),2021.0,,
9250191,,MERCHANT,СПГ-танкер (LNG Tanker),75059.0,8.8,Маршалловы острова,vessel,93498.0,278.85,42.6,На якоре (At anchor),2003.0,,
8608884,,KARADENIZ LNGT POWERSHIP OCEANIA,СПГ-танкер (LNG Tanker),66695.0,8.8,Либерия,vessel,105015.0,272.0,47.2,На якоре (At anchor),1990.0,,
9236614,,ETYFA PROMETHEAS,Плавучая установка для хранения/производства (Floating Storage/Production),72781.0,10.0,Кипр,vessel,114999.0,290.0,46.0,На якоре (At anchor),2002.0,,
9928011,,HABSHAN,Танкер для сырой нефти (Crude Oil Tanker),299425.0,21.7,Либерия,vessel,156673.0,336.0,60.0,На якоре (At anchor),2023.0,,
9302982,,LIRICA,Танкер для сырой нефти (Crude Oil Tanker),150205.0,8.1,Либерия,vessel,79235.0,274.2,48.0,На якоре (At anchor),2006.0,,
9519494,,MARAN TAURUS,Танкер для сырой нефти (Crude Oil Tanker / VLCC),321052.0,20.7,Греция,vessel,162722.0,333.0,60.0,На якоре (At anchor),2011.0,,
9776547,,MARAN ARETE,Танкер для сырой нефти (Crude Oil Tanker / VLCC),319398.0,21.0,Греция,vessel,161287.0,336.0,60.0,На якоре (At anchor),2016.0,,
1018860,,GOLDEN SUN,Танкер для перевозки химических/нефтепродуктов (Chemical/Oil Products Tanker),49988.0,11.2,Сингапур,vessel,29979.0,182.69,32.2,Судно в движении (Under way),2024.0,,
9981374,,WADI AL SAIL,СПГ-танкер (LNG Tanker / HAZ-D),93124.0,9.1,Франция,vessel,114321.0,300.0,46.0,Судно в движении (Under way),2025.0,,
9324318,,PALOMA,Танкер для перевозки нефтепродуктов (Oil Products Tanker / Panamax LR1),76578.0,12.4,Маршалловы Острова,vessel,43797.0,228.6,32.26,Судно в движении (Under way),2007.0,,
9900655,,NEW ERA,Танкер для сырой нефти (Crude Oil Tanker),307645.0,11.2,Гонконг,vessel,162902.0,332.67,60.0,Судно в движении (Under way),2021.0,,
9162514,,MARS,Химовоз (Chemical Tanker / HAZ-A),45941.0,11.8,Тувалу,vessel,28322.0,183.0,32.2,Судно в движении (Under way),1998.0,,
9294563,,PIS PIONEER,Танкер для сырой нефти (Crude Oil Tanker),303430.0,10.7,Панама,vessel,160007.0,332.98,60.0,На якоре (At anchor),2004.0,,
9259745,,ETERNAL PEACE,Танкер для сырой нефти (Crude Oil Tanker),159549.0,9.5,Кюрасао (согласно данным AIS),vessel,84855.0,274.7,48.0,На якоре (At anchor),2004.0,,
9255490,,SEARAY,Танкер для перевозки химических/нефтепродуктов (Chemical/Oil Products Tanker),32310.0,11.0,Германия,vessel,21329.0,177.69,28.0,Судно в движении (Under way),2004.0,,
9486520,,NEW HORIZON,Танкер для сырой нефти (Crude Oil Tanker),317978.0,11.0,Гонконг,vessel,165278.0,333.0,60.0,Судно в движении (Under way),2012.0,,
9602617,,DELTA GLORY,Танкер для сырой нефти (Crude Oil Tanker),319819.0,11.2,Либерия,vessel,161296.0,333.14,60.0,Судно в движении (Under way),2012.0,,
8519966,,BAO YU,Газовоз (LPG Tanker),51466.0,7.2,Бенин (согласно данным AIS) / Коморы (согласно характеристикам),vessel,47249.0,219.74,38.4,Судно в движении (Under way),1987.0,,
9827982,,DAI QUANG,Танкер для перевозки химических/нефтепродуктов (Chemical/Oil Products Tanker),13499.0,7.6,Панама (согласно характеристикам) / Маршалловы Острова (согласно данным AIS),vessel,8611.0,139.98,20.2,Судно в движении (Under way),2018.0,,
9788435,,HIGH ADVENTURER,Танкер для перевозки химических/нефтепродуктов (Chemical/Oil Products Tanker),49997.0,9.0,Либерия,vessel,29513.0,183.0,32.2,Судно в движении (Under way),2017.0,,
9459046,,DESH SHOBHA,Танкер для сырой нефти (Crude Oil Tanker),158034.0,,Индия,vessel,81373.0,274.0,48.04,Ограничено осадкой (Constrained by draught),2012.0,,
9943841,,AMORE MIO I,Газовоз (LNG Tanker / HAZ-D),93541.0,11.3,Маршалловы Острова,vessel,116581.0,299.06,46.4,Судно в движении (Under way),2023.0,,
9358929,,EVRIDIKI,Танкер для сырой нефти (Crude Oil Tanker),73740.0,8.5,Багамские Острова,vessel,42048.0,228.6,32.26,На якоре (At anchor),2008.0,,
9294290,,KIRIN STAR,FSO (Floating Storage and Offloading unit — плавучее нефтехранилище),306352.0,16.0,Таиланд,vessel,159875.0,333.0,60.0,Ошвартовано (Moored),2004.0,,
9246633,,SA OCEANIA,"FSO (Floating Storage and Offloading unit — плавучее нефтехранилище, ранее — супертанкер класса TI)",441585.0,22.0,Багамские Острова,vessel,234006.0,380.0,68.0,На якоре (At anchor),2003.0,,
9182318,,SA CRYSTAL,FSO (Floating Storage and Offloading unit — плавучее нефтехранилище),298570.0,16.2,Багамские Острова,vessel,159397.0,333.0,60.0,На якоре (At anchor),2000.0,,
9196618,,AQUARIUS STAR,FSO (Floating Storage and Offloading unit — плавучее нефтехранилище),298641.0,14.9,Таиланд,vessel,159397.0,332.95,60.0,Ошвартовано (Moored),2001.0,,
9169691,,CS PROSPERITY,FSO (Floating Storage and Offloading unit — плавучее нефтехранилище),311224.0,21.8,Маршалловы Острова,vessel,157863.0,334.46,58.0,На якоре (At anchor),1999.0,,
9244623,,HARMONY STAR,FSO (Floating Storage and Offloading unit — плавучее нефтехранилище),300373.0,16.3,Панама,vessel,160072.0,333.0,60.0,На якоре (At anchor),2002.0,,
9294068,,SOUTHERN EMPEROR,FSO (Floating Storage and Offloading unit — плавучее нефтехранилище),297376.0,18.5,Либерия,vessel,152740.0,330.0,60.0,Ошвартовано (Moored),2004.0,,
9215036,,GRAFF,Танкер для сырой нефти (Crude Oil Tanker),150678.0,12.8,Индия (согласно данным характеристик) / Сан-Марино (согласно данным AIS),vessel,78845.0,274.2,48.0,Судно в движении (Under way),2001.0,,
9237620,,ITG AMOY,FSO (Floating Storage and Offloading unit — плавучее нефтехранилище),318778.0,16.3,Панама,vessel,160889.0,333.0,60.0,На якоре (At anchor),2003.0,,
9438327,,SEA BRILLIANCE,Танкер для перевозки нефтепродуктов (Oil Products Tanker),6989.0,6.2,Сингапур,vessel,4998.0,100.0,18.0,Ошвартовано (Moored),2012.0,,
9596533,,PACIFIC SINCERE,Танкер для перевозки нефтепродуктов (Oil Products Tanker),4057.0,3.9,Сингапур,vessel,2990.0,94.4,15.4,Ошвартовано (Moored),2011.0,,
9180891,,PHOENIX STAR,FSO (Floating Storage and Offloading unit — плавучее нефтехранилище),307151.0,20.5,Таиланд,vessel,157496.0,332.0,58.0,Ошвартовано (Moored),1999.0,,
9244867,,SA JEWEL,FSO (Floating Storage and Offloading unit — плавучее нефтехранилище),305178.0,16.9,Багамские Острова,vessel,159016.0,332.0,58.0,Ошвартовано (Moored),2002.0,,
9230878,,SA CAPRICORN,FSO (Floating Storage and Offloading unit — плавучее нефтехранилище),306999.0,17.1,Багамские Острова,vessel,161233.0,332.99,60.0,На якоре (At anchor),2002.0,,
9828962,,PHOENIX JAMNAGAR,Танкер для сырой нефти (Crude Oil Tanker / VLCC),311798.0,15.5,Сингапур,vessel,160857.0,339.5,60.0,Судно в движении (Under way),2019.0,,
9909807,,GRAND AMBITION,Танкер для сырой нефти (Crude Oil Tanker / VLCC),299988.0,19.8,Панама,vessel,156392.0,336.0,60.0,Судно в движении (Under way),2021.0,,
9205081,,WINSON NO.5,Танкер для сырой нефти (Crude Oil Tanker),312679.0,10.8,Мозамбик,vessel,163761.0,,70.0,На якоре (At Anchor),2001.0,,
9611694,,SHAN CHI,Танкер для сырой нефти (Crude Oil Tanker),48740.0,11.9,Китай,vessel,303252.0,,32.2,На ходу (Under way),2013.0,,
9617571,412066000.0,,Oil Products Tanker,,7.5,Китай,vessel,,229.0,32.3,На ходу (Under way),2013.0,,
9847621,477615700.0,,Crude Oil Tanker,,15.0,Гонконг,vessel,,332.91,60.0,На ходу,2020.0,,
9233791,650000143.0,SOS,Crude Oil Tanker,,20.5,Мозамбик,vessel,,,60.0,На якоре,2003.0,,
9223887,577706000.0,,Crude Oil Tanker (Танкер для перевозки сырой нефти),,20.6,Вануату,vessel,,,58.0,На якоре,2002.0,,
9723679,613472250.0,MARITIME JEWEL,Crude Oil Tanker,,19.3,Камерун (AIS),vessel,,332.0,58.04,На якоре,2000.0,,
9406350,613472250.0,MARITIME JEWEL,Crude Oil Tanker,,19.3,Камерун (AIS),vessel,,332.0,58.04,На якоре,2000.0,,
9855343,636021815.0,"FRONT EAGLE (бывшие названия: DALIS, CHELSEA)",Crude Oil Tanker (VLCC),,20.5,Либерия,vessel,,336.0,60.0,Швартовка (Moored),2020.0,,
9407287,563212600.0,CLEAROCEAN FUKU IMO /,Нефтяной танкер (Crude Oil Tanker),73720.0,11.9,Сингапур Год постройки: 2008 (возраст — 18 лет),vessel,,229.0,32.0,,2008.0,,
9947627,636023760.0,ORION HUGOIMO: 9947627,LNG Tanker (Танкер для перевозки сжиженного природного газа),,9.5,"Либерия Габариты: Длина (LOA) — 299 м, ширина — 46 м 2. Оперативные данные (Контрольный блок)Навигационный статус: Under way (На ходу)Локация: Карибское море Скорость (Speed): 12.9 узла Осадка (Draught): 9.5 м Актуальность: Данные получены 8 июня 2026 года.3. Анализ параметровАнализ движения: После последнего захода в порт Дахедж (Индия) в начале мая, судно совершило трансокеанский переход. Пункт назначения указан как «FOR ORDERS» (ожидание распоряжений), что типично для судов, направляющихся в зону ожидания или следующий порт погрузки/разгрузки в зависимости от рыночной конъюнктуры. Операционная активность: Судно 2025 года постройки, является новым высокотехнологичным газовозом. 4. Риск-профильСанкции: Не числится в санкционных списках.Управление: Судно находится в управлении Bernhard Schulte Shipmanagement (ISM) и Oceonix Services Ltd (коммерческий менеджер). Заключение: Объект классифицируется как «Активен / Коммерческий энергетический транспорт». Судно выполняет плановый переход. Риск взаимодействия оценивается как низкий.",vessel,,299.0,46.0,Under way (На ходу),,,
9922770,563196600.0,HYPERION IMO: 9922770,LPG Tanker (VLGC — танкер для перевозки сжиженного газа),,12.0,"Сингапур Габариты: Длина (LOA) — 230 м, ширина — 37 м 2. Оперативные данные (Контрольный блок)Навигационный статус: Under way (На ходу)Локация: В процессе перехода из порта Хьюстон в Ричардс-Бей, Южная Африка Скорость (Speed): 12.5 узла Осадка (Draught): 12.0 м Актуальность: Данные получены 8 июня 2026 года3. Анализ параметровАнализ движения: Судно завершило грузовые операции в порту Хьюстон 6 июня 2026 года и вышло в длительный переход в Южную Африку.Маршрут: Ожидаемое время прибытия (ETA) в Ричардс-Бей — 1 июля 2026 года. Операционная активность: Судно 2023 года постройки, является современным газовозом, выполняющим регулярные международные рейсы. 4. Риск-профильСтатус: В базах данных судно с IMO 9922770 классифицируется как активный коммерческий танкер под флагом Сингапура. Примечание по безопасности: В сети существуют отчеты о санкциях в отношении судна с названием «HYPERION», однако в указанных источниках фигурирует другой IMO-номер (9322968). Текущий объект (IMO 9922770) не числится в санкционных списках и не связан с указанными в отчетах инцидентами.Заключение: Объект классифицируется как «Активен / Коммерческий энергетический транспорт». Судно выполняет плановый рейс. Риск взаимодействия оценивается как низкий.",vessel,,230.0,37.0,Under way (На ходу),,,
9304368,477607200.0,SEASENATOR,Crude Oil Tanker (Танкер для перевозки сырой нефти),,12.3,Гонконг,vessel,,241.0,42.0,На ходу (в процессе завершения перехода),,,
9564578,367518920.0,AMERICAN PHOENIXIMO: 9564578,Chemical/Oil Products Tanker,,11.9,"СШАГабариты: Длина (LOA) — 187.78 м, ширина — 32.2 м 2. Оперативные данные (Контрольный блок)Навигационный статус: Under way (На ходу)Локация: В процессе перехода в порт Аранзас-Пасс, США (Мексиканский залив) Скорость (Speed): ~12.3 узла Осадка (Draught): 11.9 м Актуальность: Последние данные получены 7 июня 2026 года.3. Анализ параметровАнализ состояния: Судно выполняет плановый переход из порта Маркус-Хук (отход 1 июня 2026 года) в порт Аранзас-Пасс (США). Последние AIS-данные указывают на уверенное следование по маршруту со скоростью около 12.3 узла. Операционная активность: Судно активно работает на внутренних торговых маршрутах США между портами Мексиканского залива и Восточного побережья.4. Риск-профильСанкции: Не числится в санкционных списках.Оператор: Танкер 2012 года постройки под управлением Fairwater Tanker Management. Заключение: Объект классифицируется как «Активен / Коммерческий энергетический транспорт». Риск взаимодействия оценивается как низкий.",vessel,,187.78,32.2,Under way (На ходу),,,
9477593,259082000.0,RIBERA DEL DUERO KNUTSEN,LNG Tanker (Танкер для перевозки сжиженного природного газа),,11.8,Норвегия,vessel,,290.0,45.8,Under way (На ходу),,,
9851842,636020377.0,ZAKUM,Crude Oil Tanker (Супертанкер класса VLCC),,20.0,Либерия,vessel,,336.12,60.0,Restricted (Ограниченная маневренность),,,
1022457,636024112.0,ATLANTIC DIAMOND,Crude Oil Tanker (Танкер для перевозки сырой нефти),,13.7,Либерия,vessel,,249.95,44.0,Under way (На ходу),,,
9407287,563212600.0,CLEAROCEAN FUKU,Crude Oil Tanker (Танкер для перевозки сырой нефти),,11.9,Сингапур,vessel,,228.0,32.0,Under way (На ходу),,,
9744776,636024861.0,GASCHEM DOLLART,LPG Tanker (Танкер для перевозки сжиженного газа),,8.1,Либерия,vessel,,159.94,25.2,Under way (На ходу),,,
9783992,636019030.0,HANOVER SQUAREIMO: 9783992,Crude Oil Tanker (Танкер для перевозки сырой нефти),,9.0,"Либерия Габариты: Длина (LOA) — 249.9 м, ширина — 44 м 2. Оперативные данные (Контрольный блок)Навигационный статус: At anchor (На якоре) Локация: Район якорной стоянки в Мексиканском заливе (близ Галвестона/Корпус-Кристи)Скорость (Speed): 0.0 узла Осадка (Draught): 9.0 м Актуальность: Данные получены 7 июня 2026 года3. Анализ параметровАнализ состояния: Судно находится на якорной стоянке в Мексиканском заливе. Несмотря на устаревшие данные о порте назначения (Галвестон, ETA 31 мая), текущий статус ""At anchor"" подтверждает, что танкер продолжает ожидать дальнейших распоряжений или очереди на постановку к терминалу. Операционная активность: Последний заход в порт (Корпус-Кристи) был завершен 19 мая 2026 года. 4. Риск-профильСанкции: Не числится в санкционных списках. Оператор: Современный танкер (год постройки — 2019), находящийся в управлении Zodiac Maritime. Заключение: Объект классифицируется как «Активен / Коммерческий энергетический транспорт». Судно выполняет плановую логистическую деятельность. Риск взаимодействия оценивается как низкий.",vessel,,249.9,44.0,At anchor (На якоре),,,
9664809,538006270.0,SFL TIGERIMO: 9664809,Crude Oil Tanker (Танкер для перевозки сырой нефти),,11.6,"Маршалловы Острова Габариты: Длина (LOA) — 250 м, ширина — 44 м 2. Оперативные данные (Контрольный блок)Навигационный статус: At anchor (На якоре) Локация: Район якорной стоянки порта Фрипорт, США (Мексиканский залив) Скорость (Speed): 0.1 узла Осадка (Draught): 11.6 м Актуальность: Данные получены 7 июня 2026 года3. Анализ параметровАнализ состояния: Судно прибыло на якорную стоянку Фрипорта 2 июня 2026 года и продолжает оставаться там.Операционная активность: Последний заход в порт (Delaware City) был завершен 24 мая. Текущий статус указывает на ожидание очереди на грузовые операции.4. Риск-профильСанкции: Не числится в санкционных списках.Оператор: Танкер 2015 года постройки, входящий в структуру SFL Corporation. Заключение: Объект классифицируется как «Активен / Коммерческий энергетический транспорт». Судно выполняет плановую логистическую деятельность. Риск взаимодействия оценивается как низкий.",vessel,,250.0,44.0,At anchor (На якоре),,,
9735036,232003788.0,BW MAGELLAN,LPG Tanker (Танкер для перевозки сжиженного газа),,8.1,Остров Мэн (Великобритания),vessel,,226.1,36.64,At anchor (На якоре),,,
9957737,636022987.0,APOSTOLOSIMO: 9957737,LNG Tanker (Танкер для перевозки сжиженного природного газа),,9.3,"Либерия Габариты: Длина (LOA) — 299 м, ширина — 46.43 м 2. Оперативные данные (Контрольный блок)Навигационный статус: At anchor (На якоре) Локация: Район порта Фрипорт, США (Мексиканский залив) Скорость (Speed): 0.1 узла Осадка (Draught): 9.3 м Актуальность: Данные получены 7 июня 2026 года3. Анализ параметровАнализ состояния: Судно находится на якорной стоянке в районе порта Фрипорт, США, после завершения перехода.Операционная активность: Последний заход в порт был зафиксирован 30 мая 2026 года. Текущий статус ""At anchor"" указывает на ожидание очереди на постановку к терминалу. 4. Риск-профильСанкции: Не числится в санкционных списках.Оператор: Современное судно (год постройки — 2024), специализирующееся на перевозках СПГ. Заключение: Объект классифицируется как «Активен / Коммерческий энергетический транспорт». Судно выполняет плановую логистическую деятельность. Риск взаимодействия оценивается как низкий.",vessel,,299.0,46.43,At anchor (На якоре),,,
9102095,319498000.0,STOLT CREATIVITYIMO: 9102095,Chemical/Oil Products Tanker,,11.2,"Каймановы островаГабариты: Длина (LOA) — 176.75 м, ширина — 31.0 м 2. Оперативные данные (Контрольный блок)Навигационный статус: At anchor (На якоре) Локация: Район порта Фрипорт, США (Мексиканский залив) Скорость (Speed): 0.0 узла Осадка (Draught): 11.2 м Актуальность: Данные получены 7 июня 2026 года3. Анализ параметровАнализ состояния: Судно находится в режиме ожидания на якорной стоянке в районе Фрипорта, США. Предыдущие заходы в порты региона (Лейк-Чарльз, Хьюстон, Нью-Орлеан) свидетельствуют о регулярной работе в бассейнах Мексиканского залива. Операционная активность: Последние данные показывают статус ""At anchor"" (на якоре) после пребывания в порту Фрипорт (TX) в начале июня. 4. Риск-профильСанкции: Не числится в санкционных списках.Оператор: Танкер 1997 года постройки, оператор — Stolt Tankers BV. Заключение: Объект классифицируется как «Активен / Коммерческий энергетический транспорт». Судно ведет стандартную деятельность в регионе. Риск взаимодействия оценивается как низкий.",vessel,,176.75,31.0,At anchor (На якоре),,,
9972385,636025069.0,HL PUFFIN,LNG Tanker (Танкер для перевозки сжиженного природного газа),,9.4,Либерия,vessel,,290.0,46.0,Moored (Ошвартован),,,
9387750,538010314.0,VISHVAKARMAA,LPG Tanker (Танкер для перевозки сжиженного газа),,10.2,Маршалловы Острова,vessel,,225.28,36.6,Moored (Ошвартован),,,
9937074,352003540.0,PERTAMINA GAS DAHLIA IMO: 9937074,LPG Tanker (Танкер для перевозки сжиженного газа),,8.0,"Панама Габариты: Длина (LOA) — 230 м, ширина — 37 м 2. Оперативные данные (Контрольный блок)Навигационный статус: Moored (Ошвартован)Локация: Порт Фрипорт, США Скорость (Speed): 0.0 узла Осадка (Draught): 8.0 м Актуальность: Данные получены 7 июня 2026 года3. Анализ параметровАнализ скорости: Статус «Moored» подтверждает, что судно завершило переход и находится у причала в порту Фрипорт, США.Анализ осадки: Осадка 8.0 м при",vessel,,230.0,37.0,Moored (Ошвартован),,,
9692129,538012282.0,STALLION,Chemical/Oil Products Tanker,,8.0,,vessel,,,,Moored (Ошвартован),,,
9973913,563257500.0,NAVIG8 EXCEED,Chemical/Oil Products Tanker (Танкер-химовоз/продуктовоз),,11.8,Сингапур,vessel,,183.0,32.2,Moored (Ошвартован),,,
9856555,538008944.0,IONIC ARIADNE,Crude Oil Tanker (Танкер для перевозки сырой нефти),,11.5,Маршалловы Острова,vessel,,236.91,44.0,Moored (Ошвартован),,,
9761164,636017417.0,NAVIGATOR LUGA,LPG Tanker (Танкер для перевозки сжиженного нефтяного газа),,8.8,Либерия,vessel,,159.89,25.6,Moored (Ошвартован),,,
9692129,538012282.0,STALLION,Chemical/Oil Products Tanker (Танкер-химовоз/продуктовоз),,8.0,Маршалловы Острова,vessel,,183.0,32.2,Moored (Ошвартован),,,
9682992,219312000.0,EVA MAERSK,Crude Oil Tanker (Танкер для перевозки сырой нефти),,9.6,Дания,vessel,,273.85,48.94,Moored (Ошвартован),,,
9636747,229583000.0,YARI LNG,LNG Tanker (Танкер для перевозки сжиженного природного газа),,9.3,Мальта,vessel,,294.2,44.0,Under way (На ходу),,,
9440514,238009000.0,PAG,Chemical/Oil Products Tanker (Танкер-химовоз/продуктовоз),,7.7,Хорватия,vessel,,183.0,32.2,Under way (На ходу),,,
9727558,538005783.0,HAFNIA ARAGONITE,Chemical/Oil Products Tanker (Танкер-химовоз/продуктовоз),,7.5,Маршалловы Острова,vessel,,184.0,27.4,Moored (Ошвартован),,,
9378163,258669000.0,CLIPPER HERMOD,LPG Tanker (Танкер для перевозки сжиженного газа),,6.1,Норвегия,vessel,,154.9,22.7,Moored (Ошвартован),,,
9943528,538010751.0,NORTH GAS,LPG Tanker (Танкер для перевозки сжиженного газа),,9.0,Маршалловы Острова,vessel,,230.0,32.25,Moored (Ошвартован),,,
9372432,258640000.0,CLIPPER NEPTUN,LPG Tanker (Танкер для перевозки сжиженного газа),,10.0,Норвегия,vessel,,204.98,32.2,At anchor (На якоре),,,
9810044,563101300.0,BW YUSHI,LPG Tanker (Танкер для перевозки сжиженного газа),54823.0,7.8,Сингапур,vessel,,230.0,36.6,Moored (Ошвартован),,,
9714381,311000346.0,CONTINENTAL,LPG Tanker (Танкер для перевозки сжиженного газа),54490.0,10.5,Багамские Острова,vessel,,225.0,36.6,Moored (Ошвартован),,,
9396660,255806147.0,CLIO,Crude Oil Tanker (Танкер для перевозки сырой нефти),,9.9,Португалия (Мадейра),vessel,,250.0,44.0,Moored (Ошвартован),,,
9144914,367457000.0,OVERSEAS KEY WEST,Chemical/Oil Products Tanker (Танкер-химовоз),,7.3,США,vessel,,189.0,32.0,Moored (Ошвартован),,,
9541306,247486100.0,VALTURCHESE,Chemical/Oil Products Tanker (Танкер-химовоз),,8.9,Италия,vessel,,183.0,32.2,Moored (Ошвартован),,,
9765017,249984000.0,SEAROVER,Crude Oil Tanker (Танкер для перевозки сырой нефти),,9.4,Мальта,vessel,,249.9,44.0,Moored (Ошвартован),,,
9752618,538006979.0,ETHANE TOPAZ,Танкер для перевозки этана (VLEC — Very Large Ethane Carrier).,59069.0,9.7,Маршалловы Острова.,vessel,57509.0,227.87,36.5,,2017.0,,
9440514,238009000.0,PAG,Танкер для перевозки химических грузов и нефтепродуктов (Chemical/Oil Products Tanker).,49990.0,7.7,Хорватия (HR).,vessel,29735.0,183.0,32.2,,2015.0,,
9658367,563218400.0,BENRIACH (ранее ECO GREEN),Танкер для перевозки сжиженного нефтяного газа (LPG Tanker / Coaster).,5209.0,5.6,Сингапур.,vessel,5452.0,99.95,18.0,,2015.0,,
9658355,563218300.0,,"Танкер для перевозки сжиженного нефтяного газа (LPG Tanker / Coaster). Идентификаторы: IMO 9658355, MMSI 563218300, позывной 9V9430.",5239.0,6.2,"Сингапур. Год постройки: 2015. Габариты: Длина (LOA) 100 м, ширина 18 м. Тоннаж:",vessel,5452.0,100.0,18.0,,2015.0,,
9938511,636021070.0,PACIFICATOR,Танкер для перевозки сжиженного нефтяного газа (LPG Tanker).,58995.0,7.6,Либерия (LR).,vessel,52121.0,227.0,36.6,,2022.0,,
9471173,538012210.0,"BLUE ALLIANCEТип: Танкер-бункеровщик / Танкер для перевозки нефтепродуктов (Bunker Tanker / Oil Products Tanker). Идентификаторы: IMO 9471173,","Танкер-бункеровщик / Танкер для перевозки нефтепродуктов (Bunker Tanker / Oil Products Tanker). Идентификаторы: IMO 9471173, MMSI 538012210, позывной V7A4109.",7550.0,4.5,"Маршалловы Острова (MH). Год постройки: 2008. Габариты: Длина (LOA) 115 м, ширина 17 м. Тоннаж:",vessel,4599.0,115.0,17.0,,2008.0,,
9823584,538010059.0,MARLIN LAGOS (ранее MAERSK SVENGULF),Танкер для перевозки сырой нефти (Crude Oil Tanker).,114853.0,15.4,Маршалловы Острова.,vessel,65552.0,250.0,44.0,,2022.0,,
9683063,235108532.0,"KMARIN REGARD (ранее BRITISH REGARD) Тип: Танкер для перевозки сырой нефти (Aframax / LR2). Идентификаторы: IMO 9683063,","Танкер для перевозки сырой нефти (Aframax / LR2). Идентификаторы: IMO 9683063, MMSI 235108532, позывной 2ICI5.",109543.0,10.6,"Соединенное Королевство (UK). Год постройки: 2016. Габариты: Длина (LOA) 250 м, ширина 44 м. Тоннаж:",vessel,64309.0,250.0,44.0,,2016.0,,
9531648,563216600.0,"TORM GRACEТип: Танкер для перевозки сырой нефти и нефтепродуктов (Aframax / LR2). Идентификаторы: IMO 9531648,","Танкер для перевозки сырой нефти и нефтепродуктов (Aframax / LR2). Идентификаторы: IMO 9531648, MMSI 563216600, позывной 9V9442.",119456.0,11.1,"Сингапур. Год постройки: 2012. Габариты: Длина (LOA) 250 м, ширина 45 м. Тоннаж:",vessel,65911.0,250.0,45.0,,2012.0,,
9683427,374369000.0,SILVER DUBAI,Танкер для перевозки химических грузов и нефтепродуктов (Chemical/Oil Products Tanker).,49635.0,11.8,Панама (PA).,vessel,29327.0,183.06,32.2,,2015.0,,
9486532,477932600.0,"NEW PIONEER (ранее YANGTZE SPLENDOR) Тип: Нефтяной танкер класса VLCC (Very Large Crude Carrier) Идентификаторы: IMO 9486532,","Нефтяной танкер класса VLCC (Very Large Crude Carrier) Идентификаторы: IMO 9486532, MMSI 477932600, позывной VRHK3",297058.0,,"Гонконг (Китай) Год постройки: 2010 (верфь Dalian Shipbuilding Industry, Китай) Габариты: Длина (LOA) 330.05 м, ширина 60.02 м Тоннаж:",vessel,1576802.0,330.05,60.02,,2010.0,,
9339997,352898743.0,SHIZUKISAN,Нефтяной танкер класса VLCC (Very Large Crude Carrier).,310984.0,,Панама.,vessel,160491.0,333.0,60.0,,2009.0,,
9490959,311038600.0,MALANJE (ранее MAHANJA),Танкер для перевозки сжиженного природного газа (LNG Carrier).,82729.0,,Багамские Острова.,vessel,100723.0,285.36,43.4,,2011.0,,
9727194,477252100.0,COSWISDOM LAKE,Нефтяной танкер класса VLCC (Very Large Crude Carrier),308019.0,,Гонконг (Китай),vessel,1625422.0,333.0,60.0,,2016.0,,
9727194,538004976.0,KOOL ICE (ранее GOLAR ICE),Танкер для перевозки сжиженного природного газа (LNG Carrier).,81534.0,,Маршалловы Острова.,vessel,102200.0,280.57,43.4,,2015.0,,
9637325,538004976.0,KOOL ICE (ранее GOLAR ICE),Танкер для перевозки сжиженного природного газа (LNG Carrier).,81534.0,,Маршалловы Острова.,vessel,102200.0,280.57,43.4,,2015.0,,
9570008,538004190.0,"TROY (ранее CAPE TROY, PRIMERA 73 II).",Танкер для сырой нефти (Crude Oil Tanker) / Танкер-продуктовоз.,73180.0,,Маршалловы Острова.,vessel,42053.0,,,,2011.0,,
9387554,311000307.0,KAOMBO SUL,"Плавучая установка для добычи, хранения и отгрузки нефти (FPSO — Floating Production, Storage and Offloading).",318000.0,,Багамские Острова,vessel,168258.0,333.13,60.0,,,,
9353802,563247100.0,AGOGO FPSO,"Плавучая установка для добычи, хранения и отгрузки нефти (FPSO / Offshore Processing Vessel).",321300.0,,Сингапур,vessel,,333.0,60.0,,2009.0,,
9486518,477462300.0,,Супертанкер для сырой нефти (VLCC — Very Large Crude Carrier).,318506.0,,Гонконг (Китай).,vessel,165278.0,333.0,60.0,,2012.0,,
9681132,538005414.0,,Танкер-химовоз / танкер для нефтепродуктов (Chemical/Oil Products Tanker).,49990.0,,Маршалловы Острова.,vessel,29767.0,183.0,32.2,,2014.0,,
9604392,352004310.0,,,54901.0,11.7,Панама (PA).,vessel,47190.0,225.0,36.6,,,2013.0,
9416630,413188000.0,,Нефтяной танкер класса VLCC (Very Large Crude Carrier).,309140.0,,Китай (CHN).,vessel,161488.0,333.0,60.0,,2011.0,,
9461659,636024552.0,,Танкер-химовоз / танкер для нефтепродуктов (Oil/Chemical Tanker).,50391.0,,Либерия (LR).,vessel,30261.0,183.2,32.2,,2010.0,16.0,
9881691,241715000.0,,Нефтяной танкер (Crude Oil Tanker).,157947.0,,Греция (GRC).,vessel,84655.0,274.0,48.0,,,2021.0,
9588445,636014868.0,,Танкер для перевозки сырой нефти (Suezmax Crude Oil Tanker).,158597.0,,Либерия (LR).,vessel,81509.0,274.0,48.0,,2011.0,,
9766322,311000639.0,,,156935.0,15.1,Багамские Острова (BSH).,vessel,84214.0,274.08,48.04,,2017.0,,
9935636,636021944.0,,,156740.0,15.8,Либерия (LR).,vessel,82987.0,274.3,48.0,,,2022.0,
9636711,229471000.0,,,89624.0,,Мальта.,vessel,103905.0,294.2,44.0,,,2014.0,
9269960,636014506.0,,,83965.0,11.5,Бермудские Острова.,vessel,98798.0,288.2,43.4,,,2006.0,
1023425,538011161.0,,,157930.0,15.8,Маршалловы Острова.,vessel,84246.0,274.0,48.0,,2025.0,,
9529499,229336000.0,,,158513.0,15.9,Мальта.,vessel,81380.0,274.39,48.0,,,2013.0,
9941867,241876000.0,,,157071.0,14.7,"Греция (GR). Габариты: Длина (LOA) 270.07 м, ширина 46.00 м. Тоннаж:",vessel,80222.0,270.07,46.0,,,2023.0,
9315173,636014506.0,,Танкер для перевозки сырой нефти (Crude Oil Tanker / VLCC).,163216.0,9.3,Либерия (LR).,vessel,85421.0,274.0,50.0,,,,
7389510,613002810.0,,"Плавучая установка для хранения нефти (FSO), ранее танкер типа VLCC (Very Large Crude Carrier).",357023.0,,Камерун.,vessel,169313.0,362.49,60.0,,1977.0,,
7382720,538004197.0,,"Плавучая установка для сжижения природного газа (FLNG). В ряде баз данных по AIS может классифицироваться как «Offshore Support Vessel» (судно обеспечения), что является технической особенностью классификации подобных промышленных установок.",72703.0,,Маршалловы Острова.,vessel,118031.0,293.74,62.6,,1975.0,,
9515981,563262900.0,,,9011.0,7.0,Сингапур (SGP).,vessel,7222.0,119.95,19.0,,,2012.0,
9391141,636017875.0,,,19998.0,7.0,Либерия (LBR).,vessel,12560.0,149.61,24.2,,,2008.0,
9539810,636023347.0,,,13470.0,7.0,Либерия (LBR).,vessel,7848.0,150.15,17.3,,,2009.0,
9322114,538002661.0,,,13089.0,7.5,Маршалловы Острова (MHL).,vessel,8539.0,128.6,20.4,,,2007.0,
9892793,538009137.0,,,8842.0,6.5,Маршалловы Острова (MHL).,vessel,8297.0,119.99,21.0,,,2021.0,
9878034,636021516.0,,,34777.0,6.0,Либерия (LBR).,vessel,24576.0,154.31,36.03,,,2022.0,
9941324,228433700.0,,,29381.0,8.1,Франция (FRA).,vessel,27029.0,179.86,28.7,,,2023.0,
9473913,636026011.0,,,17588.0,6.2,Либерия (LBR).,vessel,11472.0,144.0,22.6,,,2009.0,
9078359,,MASSONGO Номер IMO: 9078359,Плавучая установка для хранения и отгрузки нефти (FSO) / Нефтяной танкер,,,,vessel,,333.0,58.0,,1995.0,,
9175169,657286000.0,,,6623.0,3.6,Нигерия (NGA).,vessel,4606.0,129.3,16.5,,,1999.0,
9229063,657241700.0,,,7559.0,6.5,Нигерия (NGA).,vessel,4107.0,114.66,15.0,,,2001.0,
9229051,657241800.0,,,7559.0,6.5,Нигерия (NGA).,vessel,4107.0,114.66,15.0,,,2001.0,
9206035,,TULJA KALYANI,Плавучая установка для хранения и отгрузки нефти (FSO),,17.6,Нигерия,vessel,,333.0,60.0,,2001.0,,
9938494,311001347.0,,,157663.0,10.0,Багамские острова (BHS).,vessel,80540.0,274.08,48.0,,,2023.0,
9274642,657243700.0,,,36941.0,3.8,Нигерия (NGA).,vessel,26659.0,185.6,31.0,,,2004.0,
9290517,,,Танкер для перевозки химических грузов / нефтепродуктов (Chemical/Oil Products Tanker),,8.2,Камерун Год постройки: 2005,vessel,,182.55,27.34,,2005.0,,
9403334,,SHTURMAN KOSHELEV,"Танкер для перевозки сырой нефти (Crude Oil Tanker, арктический класс)",,9.0,Россия,vessel,,248.92,34.0,,2017.0,,"при взаимодействии с данным судном оценивается как критически высокий. Судно включено в санкционные списки, что накладывает строгие ограничения на любые финансовые и логистические операции с его участием. Требуется проведение максимально тщательного Due Diligence и оценка соблюдения всех применимых санкционных режимов."
9437672,,AFRAPEARL II,Танкер для перевозки сырой нефти (Crude Oil Tanker),,8.2,Либерия,vessel,,249.97,43.8,,2010.0,,
9468671,,DELTA POSEIDON,Танкер-нефтевоз (Crude Oil Tanker),,6.8,Мальта,vessel,,274.0,48.0,,2011.0,,
9703332,,FRONT JAGUAR,Танкер для перевозки сырой нефти (Crude Oil Tanker),,7.0,Маршалловы Острова,vessel,,251.83,44.04,,2016.0,,
9652911,,T. SUNA,Танкер-химовоз/продуктовоз (Chemical/Oil Products Tanker),,12.4,Турция,vessel,,183.31,32.2,,2012.0,,
9901867,,ORCHID SPIRIT,Нефтеналивной танкер (Crude Oil Tanker),,6.8,Багамы (BS),vessel,,249.97,44.0,,2021.0,,
9335123,309832000.0,,,37488.0,7.1,Багамы (BS).,vessel,23656.0,184.0,27.4,,,,
9103398,636024604.0,,,6017.0,6.1,Либерия (LR).,vessel,5725.0,116.22,17.2,,,,
9694658,,NISSOS CHRISTIANA,Нефтеналивной танкер (Crude Oil Tanker),,13.6,Греция,vessel,,251.98,45.0,,2015.0,,
9251121,511101883.0,,,6621.0,5.0,Палау (PW).,vessel,5763.0,119.29,18.23,,,,
9175195,341328002.0,,,6620.0,3.6,Сент-Китс и Невис (KN).,vessel,4606.0,129.3,16.5,,,,ВЫСОКИЙ РИСК
9251121,511101883.0,,,6621.0,,Палау (PW).,vessel,5763.0,119.29,18.23,,,,
9578634,311000437.0,,,158482.0,,Багамские острова (BS).,vessel,81509.0,274.0,48.0,,,,
9509011,636014252.0,,,149998.0,,Либерия (LR).,vessel,85362.0,274.0,50.0,,,2010.0,
9301940,538002946.0,,,74909.0,,Маршалловы острова (MH).,vessel,42403.0,228.0,32.24,,,2006.0,"Высокий. Взаимодействие с этим судном несет существенные риски для контрагентов, включая возможность вовлечения в схемы по обходу ценового потолка (price cap) на российскую нефть. Многие международные страховые компании и портовые операторы рассматривают такие суда как нежелательные для обслуживания."
9295048,667002501.0,,,34620.0,,Сьерра-Леоне (SL).,vessel,22184.0,171.22,27.39,,,2004.0,. Взаимодействие с этим судном несет прямую угрозу вторичных санкций.
9293959,613902601.0,,,40158.0,,Камерун (CM).,vessel,25431.0,175.98,31.0,,,2006.0,
9293959,613902601.0,,,40158.0,,Камерун (CM).,vessel,25431.0,175.98,31.0,,,2006.0,
9340116,636013337.0,,,38396.0,,Либерия (LR).,vessel,24112.0,176.3,27.4,,,,
9416551,538004518.0,,,115896.0,,Маршалловы острова (MH).,vessel,61248.0,250.0,43.8,,,,
9524449,538004316.0,,,158574.0,,Маршалловы острова (MH).,vessel,81282.0,274.33,48.0,,,2011.0,
9290361,352005520.0,,,105472.0,,Панама (PA).,vessel,57162.0,243.8,42.03,,,2005.0,
9455806,255917296.0,,,47162.0,,Португалия (Madeira).,vessel,29130.0,183.0,32.2,,,2010.0,
9327437,311001730.0,,,37623.0,,Багамские острова (BS).,vessel,23303.0,184.0,27.4,,,,
9397511,249294000.0,,,49999.0,,Мальта (MT).,vessel,29993.0,183.0,32.2,,,,
9297773,273292650.0,,,3660.0,,Россия (RU).,vessel,3963.0,90.7,18.8,,,,
9419101,636018765.0,,,161762.0,,"Либерия (LR). Габариты: Длина (LOA) 274.20 м, ширина 50.00 м. Тоннаж:",vessel,85522.0,274.2,50.0,,,2011.0,
9462689,636019696.0,,,13151.0,,"Либерия (LR). Габариты: Длина (LOA) 128.60 м, ширина 20.40 м. Тоннаж:",vessel,8577.0,128.6,20.4,,,2011.0,
9768368,212654000.0,,,96958.0,,"Кипр (CY). Габариты: Длина (LOA) 299.00 м, ширина 50.00 м. Тоннаж:",vessel,128806.0,299.0,50.0,,,2017.0,
9804033,209508000.0,,,52292.0,,"Кипр (CY). Габариты: Длина (LOA) 229.20 м, ширина 32.50 м. Тоннаж:",vessel,39594.0,229.2,32.5,,,,
9905928,257960000.0,,,123602.0,,Норвегия (NO).,vessel,85504.0,277.58,46.0,,,2022.0,
9655444,256083000.0,,,89831.0,,"Мальта (MT). Габариты: Длина (LOA) 289.00 м, ширина 45.60 м. Тоннаж:",vessel,105943.0,289.0,45.6,,,2015.0,
9759939,273391160.0,,,41457.0,,Россия.,vessel,44354.0,248.92,34.0,,,,
9372559,273335010.0,,,72722.0,,Россия.,vessel,49597.0,257.29,34.0,,,2008.0,
9372547,273345020.0,,,72722.0,,Россия.,vessel,49597.0,257.29,34.0,,,,
9834296,477327900.0,,,91588.0,,Гонконг (HK).,vessel,114790.0,295.01,45.0,,,2019.0,
9383974,538010212.0,,,36677.0,,Маршалловы Острова (MH).,vessel,23373.0,184.33,27.4,,,2009.0,
9403334,538008411.0,,,45965.0,,Маршалловы Острова (MH).,vessel,28054.0,179.88,32.2,,,2009.0,
9437672,636019903.0,,,115897.0,,Либерия (LR).,vessel,61341.0,249.97,43.8,,,2016.0,
9621596,273258520.0,,,49994.0,,Россия.,vessel,29795.0,183.0,32.2,,,2016.0,
9418482,667002291.0,,,105369.0,,Сьерра-Леоне.,vessel,60325.0,244.0,42.0,,,2009.0,
9388728,352005847.0,,,108940.0,7.6,Панама (PAN).,vessel,62863.0,245.07,42.0,,,2007.0,
9759927,273385570.0,,,41401.0,,Россия.,vessel,44354.0,248.92,34.0,,,2017.0,
9768370,212660000.0,,,96839.0,,Кипр.,vessel,128806.0,299.0,50.0,,,2017.0,
9247376,667002425.0,,,159924.0,,"Сьерра-Леоне. Габариты: Длина (LOA) 274.00 м, ширина 48.04 м. Тоннаж:",vessel,83616.0,274.0,48.04,,,2002.0,
9942304,232036363.0,,,49812.0,,"Великобритания (остров Мэн). Габариты: Длина (LOA) 183.00 м, ширина 32.20 м. Тоннаж:",vessel,29597.0,183.0,32.2,,,2022.0,
9750701,477150100.0,,,96844.0,,Гонконг (HK).,vessel,128806.0,299.0,50.05,,,,
9676125,257980000.0,,,119690.0,,Норвегия (NIS — Норвежский международный судовой реестр).,vessel,88099.0,275.81,46.0,,,2015.0,
9768382,212770000.0,,,96847.0,,Кипр.,vessel,128806.0,299.0,50.0,,,2018.0,
9833101,257089140.0,,,128427.0,,Норвегия (NIS — Норвежский международный судовой реестр).,vessel,85745.0,276.65,46.0,,,2020.0,
9874820,241747000.0,,,93080.0,,Греция.,vessel,115405.0,294.9,46.4,,,2021.0,
9906087,232027158.0,,,49812.0,11.2,"Остров Мэн (Великобритания). Габариты: Длина (LOA) 182.90 м, ширина 32.20 м. Тоннаж:",vessel,29597.0,182.9,32.2,,,2021.0,
9790971,248547000.0,,,158167.0,9.5,"Мальта. Габариты: Длина (LOA) 274.00 м, ширина 48.00 м. Тоннаж:",vessel,81349.0,274.0,48.0,,,2018.0,
9970571,538011693.0,,,108007.0,11.7,"Маршалловы Острова. Габариты: Длина (LOA) 298.00 м, ширина 51.00 м. Тоннаж:",vessel,130695.0,298.0,51.0,,,2025.0,
9994682,352005045.0,,,49999.0,8.4,"Панама. Габариты: Длина (LOA) 183.06 м, ширина 32.20 м. Тоннаж:",vessel,29777.0,183.06,32.2,,,2025.0,
9920497,311001106.0,,,112095.0,,Багамские Острова.,vessel,60135.0,237.0,44.0,,,2022.0,
9831701,636018724.0,,,49660.0,,Либерия.,vessel,28891.0,183.04,32.03,,,2019.0,
9396488,311001583.0,,,129632.0,,Багамские Острова.,vessel,85329.0,276.66,46.0,,,2020.0,
9837169,311001583.0,,,129632.0,,"Багамские Острова. Габариты: Длина (LOA) 276.66 м, ширина 46.00 м. Тоннаж:",vessel,85329.0,276.66,46.0,,,2020.0,
9828974,244046000.0,,,18684.0,8.0,Нидерланды.,vessel,11826.0,149.8,22.8,,,2019.0,
9790995,538007462.0,,,109895.0,,"Маршалловы Острова. Габариты: Длина (LOA) 252.00 м, ширина 44.00 м. Тоннаж:",vessel,62849.0,252.0,44.0,,,2017.0,
9750713,311000627.0,,,96703.0,10.9,Багамские острова.,vessel,128975.0,299.0,50.0,,,2018.0,
9730414,538007597.0,,,158432.0,9.5,Маршалловы Острова.,vessel,81433.0,274.21,48.0,,,2017.0,
9536363,636015946.0,,,16686.0,8.8,Либерия.,vessel,16823.0,154.0,25.5,,,2011.0,
9800702,,,,49359.0,10.4,Либерия.,vessel,30259.0,183.24,32.2,,,2024.0,
9724025,319103100.0,,,49993.0,12.2,"Каймановы Острова. Габариты: Длина (LOA) 186.00 м, ширина 32.20 м. Тоннаж:",vessel,30565.0,186.0,32.2,,,2016.0,
9815616,636018671.0,,,114218.0,15.0,Либерия.,vessel,63416.0,249.8,44.0,,,2018.0,
9820283,538009048.0,,,49988.0,8.5,Маршалловы Острова.,vessel,30006.0,183.06,32.2,,,2018.0,
9307671,255915985.0,,,16607.0,7.6,Португалия (Madeira).,vessel,11943.0,144.05,23.0,,,2005.0,
9336505,311001007.0,,,74996.0,7.0,Багамские острова (Bahamas).,vessel,41021.0,229.0,32.0,,,2006.0,
9544683,248409000.0,,,13214.0,8.1,Мальта.,vessel,8391.0,135.59,20.6,,,2010.0,
9378735,255915981.0,,,16611.0,9.0,Португалия (Madeira).,vessel,11943.0,144.35,,,,2008.0,
9406582,220624000.0,,,11383.0,6.4,"Дания. Габариты: Длина (LOA) 129.50 м, ширина 19.20 м. Тоннаж:",vessel,7739.0,129.5,19.2,,,2009.0,
9845180,636018728.0,,,49721.0,10.5,Либерия.,vessel,28891.0,183.04,32.0,,,2020.0,
9215256,257514000.0,,,49429.0,9.4,Норвегия.,vessel,29992.0,182.88,32.2,,,2004.0,
9669926,636016291.0,,,50927.0,11.8,Либерия.,vessel,30264.0,183.1,32.29,,,2014.0,
1083217,563314100.0,,,50184.0,11.2,Сингапур.,vessel,30101.0,183.0,32.26,,,2026.0,
9588158,636016128.0,,,160152.0,13.4,Либерия.,vessel,83824.0,274.0,48.0,,,2012.0,
9792606,563082400.0,,,90381.0,9.4,Сингапур.,vessel,114740.0,294.98,,,,2019.0,
9927316,563182700.0,,,30108.0,10.5,"Сингапур. Габариты: Длина (LOA) 180.00 м, ширина 28.70 м. Тоннаж:",vessel,26252.0,180.0,28.7,,,2023.0,
1055181,538011737.0,,,320000.0,20.2,"Маршалловы Острова. Габариты: Длина (LOA) 331.00 м, ширина (Beam) 60.00 м. Тоннаж:",vessel,163035.0,331.0,,,,,
9215268,259787000.0,,,49479.0,12.8,"Норвегия. Габариты: Длина (LOA) 182.77 м, ширина 32.18 м. Тоннаж:",vessel,30003.0,182.77,32.18,,,2005.0,
9443425,538011812.0,,,37594.0,10.6,"Маршалловы Острова. Габариты: Длина (LOA) 183 м, ширина (Beam) 28 м. Тоннаж:",vessel,23339.0,183.0,,,,2009.0,
9706437,538005539.0,,,49558.0,11.0,"Маршалловы Острова.Габариты: Длина (LOA) 183.11 м, ширина 32.20 м. Тоннаж:",vessel,29897.0,183.11,32.2,,,2015.0,
9976915,636024551.0,,,94326.0,11.2,"Либерия. Габариты: Длина (LOA) 294.90 м, ширина (Beam) 46.40 м. Тоннаж:",vessel,114983.0,294.9,,,,2025.0,
9893216,,,,114623.0,,"Панама. Габариты: LOA 250 м, ширина 44 м. Тоннаж:",vessel,63134.0,250.0,44.0,,,2021.0,
9343340,,,,115577.0,13.6,Либерия.,vessel,59164.0,244.0,42.04,,,2008.0,
9540091,,,,58207.0,8.6,"Маршалловы Острова.Габариты: Длина (LOA) 229.90 м, ширина 36.60 м.Тоннаж:",vessel,53573.0,229.9,36.6,,,2023.0,
9834337,,,,49999.0,11.7,Либерия.,vessel,29528.0,183.06,32.2,,,2018.0,
9343340,,,,115577.0,13.6,Либерия.,vessel,59164.0,244.0,42.04,,,2008.0,
9780770,,,,148167.0,,"Канада. Габариты: LOA 280.00 м, ширина 49.00 м. Тоннаж:",vessel,85762.0,280.0,49.0,,,2017.0,
9943396,,,,49359.0,10.4,Либерия.,vessel,30259.0,183.24,32.2,,,2024.0,
9808261,,,,19881.0,7.8,Норвегия.,vessel,14256.0,153.96,23.75,,,2018.0,
9817107,,,,156013.0,13.7,Греция.,vessel,82099.0,277.0,48.07,,,2018.0,
9351921,,,,37456.0,7.4,Маршалловы Острова.,vessel,23421.0,184.0,27.4,,,2007.0,
1022079,,,,37242.0,10.4,Канада.,vessel,23451.0,184.08,27.4,,,2025.0,
9747998,,,,14911.0,9.0,Маршалловы Острова.,vessel,10830.0,133.26,23.0,,,2016.0,
9298739,,,,37515.0,7.4,Маршалловы Острова.,vessel,23552.0,183.0,27.34,,,2005.0,
9350642,,,,37412.0,8.4,Маршалловы Острова.,vessel,23589.0,184.0,27.4,,,2007.0,
9748007,,,,14911.0,8.0,Маршалловы Острова.,vessel,10830.0,133.26,23.0,,,2017.0,
9696254,,,,49990.0,11.3,Либерия.,vessel,29935.0,183.0,32.2,,,2016.0,
1041453,538011373.0,,Танкер для перевозки химических/нефтепродуктов (Chemical/Oil Products Tanker).,49827.0,8.7,Маршалловы Острова.,vessel,31100.0,183.0,32.0,,2025.0,,
9954199,,,,33450.0,8.5,Либерия.,vessel,23402.0,185.0,28.4,,,2026.0,
9683415,,,,49746.0,10.6,Панама.,vessel,29460.0,183.0,32.2,,,2015.0,
9697222,,,,49999.0,10.1,Маршалловы Острова.,vessel,29534.0,181.99,32.26,,,2015.0,
1028384,,,,158253.0,9.3,Маршалловы Острова.,vessel,82752.0,274.0,48.0,,,2026.0,
9657038,,,,49999.0,10.7,Маршалловы Острова.,vessel,29724.0,183.0,32.2,,,2014.0,
9797747,,,,50090.0,9.0,Маршалловы Острова.,vessel,29256.0,183.06,32.24,,,2017.0,
1041453,,,,49827.0,8.7,Маршалловы Острова.,vessel,31100.0,183.0,32.0,,,2025.0,
9374301,,,,51498.0,10.5,Маршалловы Острова.,vessel,29767.0,183.0,32.2,,,2009.0,
1024510,,,,52772.0,7.5,Маршалловы Острова.,vessel,30591.0,185.0,32.0,,,,
9862932,,,,49999.0,10.5,Либерия.,vessel,29708.0,183.06,32.2,,,2019.0,
9681857,,,,49990.0,8.4,Либерия.,vessel,29935.0,183.0,32.2,,,2015.0,
9923750,,,,49990.0,11.1,Кипр.,vessel,29884.0,185.97,32.2,,,2022.0,
9418133,,,,50571.0,10.5,Маршалловы Острова.,vessel,30075.0,183.0,32.2,,,2009.0,
1043669,,,,157031.0,9.4,Маршалловы Острова.,vessel,80342.0,270.11,46.0,,,2026.0,
9771523,,,,20716.0,9.0,Мальта.,vessel,22887.0,180.3,26.6,,,2017.0,
1034187,,,,113720.0,13.0,Норвегия.,vessel,62716.0,249.92,44.0,,,2025.0,
1021594,,,,112268.0,13.1,Маршалловы Острова.,vessel,65651.0,249.0,44.0,,,2026.0,
9654567,,,,49466.0,7.2,Маршалловы Острова.,vessel,30063.0,183.0,32.2,,,2013.0,
9363481,,,,33707.0,7.7,Сингапур.,vessel,20145.0,174.39,27.7,,,2008.0,
1037933,,,,159120.0,13.4,Маршалловы Острова.,vessel,82909.0,274.0,48.0,,,2025.0,
9747338,,,,49999.0,11.7,Маршалловы Острова.,vessel,29557.0,183.03,32.2,,,2016.0,
9726621,,,,156002.0,10.0,Греция.,vessel,82099.0,277.0,48.0,,,2018.0,
9817119,,,,156002.0,10.0,Греция.,vessel,82099.0,277.0,48.0,,,2018.0,
9402316,,,,115123.0,8.0,Либерия.,vessel,59180.0,244.0,42.0,,,2010.0,
9683087,,,,109483.0,15.0,Соединенное Королевство (Великобритания) / Остров Мэн.,vessel,64309.0,249.85,44.0,,,2017.0,
9250751,,BOW FIRDA,Танкер для перевозки химических грузов и нефтепродуктов,37427.0,6.9,Норвегия,vessel,,183.1,32.2,,2003.0,,
1055985,,,Танкер для перевозки химических грузов и нефтепродуктов.,49985.0,9.3,Либерия.,vessel,,183.0,32.0,,2025.0,,
9271999,,,Танкер для перевозки химических грузов и нефтепродуктов (Chemical/Oil Products Tanker).,19806.0,6.7,Гибралтар.,vessel,,164.34,23.0,,2005.0,,
9914656,,,Танкер для перевозки сырой нефти (Crude Oil Tanker).,154955.0,15.2,Норвегия.,vessel,,278.91,46.99,,2022.0,,
9866770,,,Танкер для перевозки химических грузов и нефтепродуктов.,36221.0,11.1,Норвегия.,vessel,,182.9,28.3,,2020.0,,
9899739,,STENA PRO MARINE,Танкер для перевозки химических грузов и нефтепродуктов,49990.0,11.1,Кипр,vessel,,186.06,32.2,,2022.0,,
9301873,,,Танкер для перевозки химических грузов и нефтепродуктов (Chemical/Oil Products Tanker).,,7.0,Либерия.,vessel,,143.97,21.5,,2006.0,,
9769817,,,Танкер для перевозки сырой нефти (Crude Oil Tanker).,,9.5,Маршалловы Острова.,vessel,,276.0,48.03,,2017.0,,
9762998,,,"Танкер для перевозки сырой нефти (Crude Oil Tanker), класс VLCC.",,11.0,Маршалловы Острова.,vessel,,336.02,60.0,,,,
9899997,,,Танкер для перевозки сырой нефти (Crude Oil Tanker).,,16.3,Либерия.,vessel,,274.3,48.0,,,,
9416733,,,Танкер для перевозки сырой нефти (Crude Oil Tanker).,,8.9,Бельгия.,vessel,,274.83,48.0,,2009.0,,
9946300,,,Танкер для перевозки сырой нефти (Crude Oil Tanker).,,9.7,Багамские острова.,vessel,,278.44,48.0,,2023.0,,
9547685,,,Танкер для перевозки сырой нефти (Crude Oil Tanker).,,12.8,Бразилия.,vessel,,250.0,43.8,,2018.0,,
9769221,,,Танкер для перевозки сырой нефти (Crude Oil Tanker).,,9.0,Норвегия.,vessel,,276.38,46.0,,2017.0,,
9637715,,,,,16.1,,vessel,,,49.0,,,,
9735737,,,Танкер для перевозки сырой нефти (Crude Oil Tanker).,,,Гонконг.,vessel,,333.0,60.0,,2016.0,,
9793868,,,,,10.4,,vessel,,184.93,28.0,,,,
9777395,,,,,8.0,,vessel,,165.2,26.7,,,,
9681845,,,,45999.0,12.6,,vessel,,183.0,32.2,,,,
9721401,,,,95253.0,10.2,,vessel,,294.9,46.4,,,,
9934826,,,,157747.0,9.3,,vessel,,273.97,48.0,,,,
9583732,,,,319359.0,20.2,,vessel,,333.0,60.0,,,,
9414058,,,,43593.0,7.3,,vessel,,182.72,32.2,,,,
9757711,,,,156559.0,9.6,,vessel,,284.32,48.9,,,,
9850666,,,,90625.0,9.2,,vessel,,294.92,46.4,,,,
9953432,,,,50113.0,7.3,,vessel,,183.06,32.2,,,,
9508990,,,,16647.0,7.6,,vessel,,145.15,23.0,,,,
9436410,,,,16803.0,7.8,,vessel,,144.0,22.6,,,,
9330771,,,,,9.6,,vessel,,144.09,24.19,,,,
9253753,,,Танкер для перевозки нефтепродуктов (Oil Products Tanker).,69554.0,8.2,,vessel,,228.0,,,,,
9986049,,,Танкер-химовоз/продуктовоз (Chemical/Oil Products Tanker).,20799.0,5.9,,vessel,,143.02,,,,,
1035052,,,Танкер-химовоз/продуктовоз.,50607.0,8.1,,vessel,,183.0,32.0,,,,
9414058,,,"Танкер для перевозки химических и нефтепродуктов (классификация HAZ-B, что указывает на перевозку опасных грузов категории B).",43593.0,7.3,,vessel,,182.72,,,,,
8348006,,,,,2.8,,vessel,,218.0,37.0,,,,
9553414,538009993.0,MORHOLMEN,Танкер-химовоз/продуктовоз (Chemical/Oil Products Tanker),,7.9,Маршалловы Острова,vessel,,,23.0,,2011.0,,
9451707,538008732.0,,,,9.5,Маршалловы Острова (Marshall Islands).,vessel,,183.0,,,,,
9920069,563314300.0,,,,10.1,Сингапур (Singapore).,vessel,,157.03,,,,2022.0,
9908504,538009715.0,,,,7.1,Маршалловы Острова (Marshall Islands).,vessel,,184.94,,,,2022.0,
9395991,248791000.0,,,,5.4,Мальта (Malta). Судно оперирует под одним из ведущих международных открытых регистров.,vessel,,144.05,,,,2010.0,
9793375,563022700.0,,,,10.5,Сингапур (Singapore). Судно оперирует под флагом одного из наиболее авторитетных и строгих международных регистров из «белого списка» Токийского и Парижского меморандумов.,vessel,,183.07,,,,2017.0,
9444833,701131000.0,,,,5.0,"Аргентина (Argentina). Судно оперирует под национальным флагом, обеспечивая распределение нефтепродуктов во внутренних водных путях региона.",vessel,,134.85,,,,2008.0,
9253753,701106000.0,,,,8.2,Аргентина (Argentina). Актив зарегистрирован в национальном судовом реестре и работает под флагом южноамериканского государства.,vessel,,228.0,,,,2002.0,
9917830,403641000.0,,,,8.0,Саудовская Аравия (Saudi Arabia). Борт оперирует под флагом ближневосточного суверенного регистра.,vessel,,183.0,,,,2022.0,
9316244,538005443.0,,,,13.0,Маршалловы Острова (Marshall Islands). Судно оперирует под международным открытым регистром из «белого списка».,vessel,,228.6,,,,2007.0,
9982691,538011194.0,,,,9.0,"Маршалловы Острова (Marshall Islands). Актив оперирует под одним из ведущих международных открытых регистров, входящих в «белый список».",vessel,,249.98,,,,2024.0,
9275737,701122000.0,,,,13.6,"Аргентина (Argentina). Судно оперирует под национальным флагом, обеспечивая внутреннюю энергетическую логистику региона.",vessel,,228.0,,,,2004.0,
9607954,538004934.0,,,,8.6,"Маршалловы Острова (Marshall Islands). Актив оперирует под одним из ведущих международных открытых регистров, входящих в «белый список».",vessel,,250.0,,,,2013.0,
9995753,241965000.0,,,,9.6,Греция (Greece). Борт оперирует под авторитетным европейским флагом из «белого списка» Парижского меморандума.,vessel,,270.0,,,,2025.0,
9391361,636019418.0,,,,10.2,Либерия (Liberia). Судно оперирует под международным открытым регистром.,vessel,,183.98,,,,2008.0,
9311361,357628000.0,,,,7.5,Панама (Panama). Борт оперирует под международным открытым регистром.,vessel,,229.0,,,,2006.0,
9298789,701051000.0,,,,7.8,Аргентина (Argentina). Судно работает под национальным флагом для обеспечения внутреннего каботажного распределения сырья.,vessel,,228.0,,,,2005.0,
9311505,701088000.0,,,,7.0,"Аргентина (Argentina). Борт оперирует под национальным флагом, осуществляя каботажные и региональные перевозки.",vessel,,229.0,,,,2005.0,
9791169,563054800.0,,,,10.0,Сингапур (Singapore). Оперирует под одним из наиболее авторитетных белых флагов мирового судоходного регистра.,vessel,,159.03,,,,2018.0,
9732565,538010889.0,,,,20.7,Маршалловы Острова (Marshall Islands). Борт оперирует под международным реестром данной юрисдикции.,vessel,,332.97,,,,2017.0,
9927196,636020833.0,,,,11.5,Либерия (Liberia). Судно оперирует под международным открытым регистром.,vessel,,249.9,,,,2022.0,
9833058,636018825.0,,,,8.5,Либерия (Liberia). Актив эксплуатируется под международным открытым регистром.,vessel,,,,,,2019.0,
1079199,636093413.0,,,,13.5,Либерия (Liberia). Борт оперирует под международным открытым регистром.,vessel,,250.0,,,,,
9833058,636018825.0,,,,8.5,Либерия (Liberia). Борт оперирует под либерийским международным регистром.,vessel,,183.06,,,,2019.0,
9757979,357571000.0,,,,7.2,Панама (Panama). Борт оперирует под панамским международным регистром.,vessel,,179.53,,,,2018.0,
9932713,352001633.0,,,,7.0,Панама (Panama). Борт оперирует под панамским международным регистром.,vessel,,172.98,,,,2022.0,
9254812,725003628.0,,,,9.7,Чили (Chile). Судно оперирует под национальным регистром.,vessel,,183.0,,,,2004.0,
9403839,636019813.0,,,,6.4,Либерия (Liberia). Оперирует под международным открытым регистром.,vessel,,144.05,,,,2009.0,
9778727,725004760.0,,,,8.0,Чили (Chile). Актив оперирует непосредственно под национальным флагом.,vessel,,244.0,,,,2017.0,
9911537,352001501.0,,,,8.7,Панама (Panama). Оперирует под самым крупным открытым международным регистром.,vessel,,186.07,,,,2022.0,
9339973,477124500.0,,,,19.3,Гонконг (Hong Kong). Борт оперирует под авторитетным международным регистром.,vessel,,333.0,,,,2007.0,
9689158,563648000.0,,,,8.0,Сингапур (Singapore). Судно оперирует под флагом одного из ведущих белых международных регистров.,vessel,,183.0,,,,2013.0,
9539561,636015703.0,,,,8.7,Либерия (Liberia). Судно оперирует под открытым международным регистром.,vessel,,182.5,,,,2012.0,
9728241,,,,113172.0,9.4,Мальта.,vessel,,249.9,44.0,,,2018.0,
9964182,,,,94540.0,9.2,Либерия.,vessel,111099.0,289.98,46.1,,,2024.0,
9425526,,,,50090.0,7.5,Сингапур.,vessel,,182.5,32.2,,,2010.0,
9901398,,,,60227.0,8.4,Либерия.,vessel,56081.0,230.0,36.6,,,2021.0,
9456915,,,,74574.0,8.2,Маршалловы Острова.,vessel,42266.0,228.0,32.2,,,2010.0,
9320752,,,,58136.0,12.0,Индия.,vessel,47386.0,225.27,36.6,,,2007.0,
9774628,,,,97917.0,10.3,Багамские Острова.,vessel,149367.0,297.5,48.9,,,2018.0,
9440382,,,,158007.0,9.2,Маршалловы Острова.,vessel,81347.0,274.0,48.0,,,2009.0,
9696694,,,,109999.0,8.7,Маршалловы Острова.,vessel,62769.0,255.9,43.0,,,2015.0,
9758832,,,,88668.0,9.5,Япония.,vessel,121981.0,299.9,48.9,,,2019.0,
9730086,,,,297363.0,11.0,Либерия.,vessel,156517.0,333.0,60.0,,,2017.0,
9682332,,,,49746.0,8.6,Маршалловы Острова.,vessel,29460.0,183.0,32.2,,,2014.0,
9380594,,,,37538.0,9.7,Маршалловы Острова.,vessel,23284.0,184.32,27.4,,,2008.0,
9522178,,,,297345.0,20.2,Либерия.,vessel,157039.0,330.0,60.0,,,2011.0,
9932402,,,,112174.0,8.3,Панама.,vessel,60138.0,237.0,44.0,,,2023.0,
9562673,,,,310339.0,10.5,Индия.,vessel,160601.0,333.0,60.0,,,2010.0,
9948700,,,,95165.0,8.7,Маршалловы Острова.,vessel,111089.0,289.9,46.1,,,2024.0,
9654696,,,,90248.0,9.2,Маршалловы Острова.,vessel,106290.0,289.0,45.6,,,2014.0,
9886720,,,,114073.0,9.0,Греция.,vessel,62624.0,249.95,44.0,,,2021.0,
9681687,,,,95452.0,9.9,Багамские Острова.,vessel,113263.0,294.9,46.4,,,2016.0,
9686649,,,,109896.0,9.0,Маршалловы Острова.,vessel,64018.0,250.0,44.0,,,2016.0,
9594664,,,,115594.0,13.2,Либерия.,vessel,61237.0,248.97,43.8,,,2012.0,
9959929,,,,115397.0,8.5,Маршалловы Острова.,vessel,63673.0,249.9,44.0,,,2024.0,
1014101,,,,113949.0,11.6,Мальта.,vessel,62773.0,250.0,44.0,,,2025.0,
9915806,,,,55090.0,8.3,Сингапур.,vessel,49943.0,229.9,37.2,,,2022.0,
9349784,,,,49999.0,11.0,Панама.,vessel,46025.0,230.0,36.6,,,2008.0,
9885594,,,,299942.0,11.0,Маршалловы Острова.,vessel,154046.0,332.98,60.0,,,2020.0,
9884825,,,,50303.0,12.1,Маршалловы Острова.,vessel,29725.0,182.9,32.2,,,2021.0,
9854765,,,,96354.0,11.2,Норвегия.,vessel,122261.0,298.97,48.0,,,2020.0,
9930923,,,,49999.0,8.0,Либерия.,vessel,29476.0,183.1,32.2,,,2022.0,
9880465,,,,93080.0,11.5,Маршалловы Острова.,vessel,115579.0,294.9,46.4,,,2021.0,
9701217,,,,95194.0,10.0,Греция.,vessel,113037.0,294.9,46.4,,,2016.0,
9934149,,,,50226.0,8.5,Мальта.,vessel,29874.0,183.0,32.2,,,2022.0,
9788320,,FRONT EARL,Танкер для перевозки сырой нефти (Crude Oil Tanker / VLCC — Very Large Crude Carrier),303121.0,10.8,Маршалловы острова,vessel,156866.0,330.0,60.0,На ходу (Under way),2017.0,,
9828950,,SUZUKASANТип судна: Танкер для перевозки сырой нефти (Crude Oil Tanker / VLCC — Very Large Crude Carrier),Танкер для перевозки сырой нефти (Crude Oil Tanker / VLCC — Very Large Crude Carrier),311854.0,11.2,"Япония IMO номер: 9828950 Год постройки: 2018 (верфь Hitachi Zosen Corp., Япония)",vessel,160499.0,339.5,60.0,На ходу (Under way),2018.0,,
9804461,,FREUD,Танкер для перевозки сырой нефти (Crude Oil Tanker / Suezmax),157485.0,9.2,"Маршалловы острова IMO номер: 9804461 Год постройки: 2018 (верфь Hyundai Heavy Industries, Южная Корея)",vessel,82503.0,276.0,46.0,На ходу (Under way),2018.0,,
9453872,,MACHADO DE ASSIS,Танкер для перевозки сырой нефти (Crude Oil Tanker / Suezmax),135000.0,10.0,"Бразилия IMO номер: 9453872 Год постройки: 2016 (верфь Estaleiro Atlântico Sul, Бразилия)",vessel,81429.0,274.0,48.0,На ходу (Under way),2016.0,,
9922213,,SAPET GAS,Газовоз для перевозки сжиженного нефтяного газа (LPG Tanker / Handy Gas Carrier),17872.0,7.7,Маршалловы острова,vessel,17585.0,160.0,25.5,На ходу (Under way),2022.0,,
9317999,,AMUR RIVER,Газовоз для перевозки сжиженного природного газа (LNG Tanker / Membrane Type),84598.0,11.4,Маршалловы острова,vessel,100244.0,288.22,44.2,На ходу (Under way),2008.0,,
9475600,,SONANGOL SAMBIZANGA,Газовоз (LNG Tanker),87104.0,11.8,Багамские острова,vessel,,291.08,43.4,На ходу (Under way),2011.0,,
9397327,,AL KHARAITIYAT,Газовоз (LNG Tanker / Q-Flex LNG),113845.0,,Маршалловы острова,vessel,,315.16,50.0,На ходу (в направлении Катара),2009.0,,
9318072,,DOKOS,Нефтяной танкер (Suezmax),159233.0,,Либерия,vessel,813392.0,,48.0,На ходу (в пути),2007.0,,взаимодействия с данным судном оценивается как средний.
9408073,,POROS BAY,Нефтяной танкер (Suezmax),156929.0,,Либерия,vessel,835452.0,,48.0,На ходу (в пути),2009.0,,взаимодействия с данным судном оценивается как низкий. Стандартная процедура проверки (Due Diligence) является полностью достаточной для любых коммерческих операций.
9266774,,EVER VICT,Нефтяной танкер (LR1 / Panamax),70426.0,,Багамские Острова,vessel,393072.0,,32.2,На ходу (в пути),2005.0,,взаимодействия с данным судном оценивается как умеренный/высокий.
9693068,,ABLIANI,Нефтяной танкер (Aframax / LR2),109999.0,,Мальта,vessel,623882.0,,44.0,На якоре,2015.0,,взаимодействия с данным судном оценивается как низкий. Стандартная процедура проверки (Due Diligence) является полностью достаточной для подтверждения возможности коммерческого сотрудничества.
9489912,,ROMULO ALMEIDA,Танкер для перевозки нефтепродуктов (Product Tanker),48449.0,8.5,Бразилия,vessel,290772.0,,,На ходу (Under way),2012.0,14.0,НИЗКИЙ РИСК
9579509,,ALMI GALAXY,Танкер для сырой нефти (Suezmax),157787.0,9.4,Либерия,vessel,842162.0,,,На якоре (At anchor),2012.0,14.0,НИЗКИЙ РИСК
9907706,,EAGLE COLATINA,Челночный танкер (DP2 Shuttle Tanker / Suezmax),155362.0,16.5,Сингапур,vessel,865482.0,,,Пришвартовано,2022.0,4.0,НИЗКИЙ РИСК
9786217,,MAERSK CYPRUS,Танкер-химовоз / нефтепродуктовоз (Chemical/Oil Products Tanker),49919.0,,Дания,vessel,298162.0,,,,2020.0,6.0,НИЗКИЙ РИСК
9753014,,MARAN GAS CHIOS,Газовоз СПГ (LNG Tanker),94945.0,,Греция,vessel,1137632.0,,,,2019.0,7.0,НИЗКИЙ РИСК
9447770,,"CEDAR EXPRESS (ранее: GAN TRUST, OCEAN QUARTZ)",Танкер-химовоз / нефтепродуктовоз (MR2),49999.0,10.8,Маршалловы острова,vessel,29703.0,,,,2013.0,13.0,НИЗКИЙ РИСК
9414254,,CHEMROAD JOURNEY,Танкер-химовоз / нефтепродуктовоз (Chemical/Oil Products Tanker),33526.0,11.1,Панама,vessel,20108.0,,,,2009.0,17.0,НИЗКИЙ РИСК
9417206,,TAURUS (ранее: FPMC 21),Танкер-химовоз / нефтепродуктовоз (MR2),49997.0,11.3,Либерия,vessel,29734.0,,,,2009.0,17.0,
9430260,,"CLEAN SANCTUARY (ранее: FALCON MARYAM, STEALTH BAHLA, ALPINE ENDURANCE)",Танкер-химовоз / нефтепродуктовоз (MR2),46121.0,8.2,Либерия,vessel,29130.0,,,,2009.0,17.0,НИЗКИЙ РИСК
9469455,,EMANTHA,Танкер-химовоз / нефтепродуктовоз (Intermediate),16500.0,,Панама,vessel,11438.0,,,,2010.0,16.0,ВЫСОКИЙ РИСК
9570008,,"TROY (ранее: CAPE TROY, PRIMERA 73 II)",Танкер для перевозки сырой нефти / нефтепродуктовоз (LR1 / Panamax),73180.0,,Маршалловы Острова,vessel,42053.0,,,,2011.0,15.0,ВЫСОКИЙ РИСК
9482299,,SONANGOL ETOSHA,Газовоз (LNG Carrier),87294.0,9.3,Багамские Острова,vessel,104537.0,,,,2011.0,15.0,НИЗКИЙ РИСК
9956408,,MARAN GAS KASTELORIZO,Газовоз (LNG Tanker),93087.0,11.4,Греция,vessel,115118.0,,,,2024.0,2.0,НИЗКИЙ РИСК
9318149,,ORPHEAS,Танкер для перевозки сырой нефти (Suezmax),167282.0,9.5,Либерия,vessel,84796.0,,,,2007.0,19.0,ВЫСОКИЙ РИСК
9417189,,YUAN SHAN HU,Танкер для перевозки сырой нефти (VLCC — Very Large Crude Carrier),297136.0,15.0,Китай,vessel,152727.0,,,,2010.0,16.0,НИЗКИЙ РИСК
9287936,,KIZOMBA B FPSO,"FPSO (Плавучая установка для добычи, хранения и отгрузки нефти)",340660.0,,Ангола,vessel,188203.0,,,,2005.0,21.0,НИЗКИЙ РИСК
8765292,,KIZOMBA A FPSO,"FPSO (Плавучая установка для добычи, хранения и отгрузки нефти)",340660.0,,Ангола,vessel,187864.0,,,,2004.0,22.0,НИЗКИЙ РИСК
7379993,,FPSO SAXI BATUQUE,"FPSO (Плавучая установка для добычи, хранения и отгрузки нефти)",310991.0,,Багамские Острова,vessel,157525.0,,,,1977.0,,НИЗКИЙ РИСК
9387542,,KAOMBO NORTE (бывшее название: OLYMPIA),"FPSO (Плавучая установка для добычи, хранения и отгрузки нефти)",315981.0,,Багамские Острова,vessel,168258.0,,,,2008.0,18.0,НИЗКИЙ РИСК
9389760,,XIN RUN YANG,Танкер для перевозки сырой нефти (VLCC — Very Large Crude Carrier),297244.0,14.8,Гонконг (КНР),vessel,153206.0,,,,2009.0,17.0,НИЗКИЙ РИСК
9387554,,KAOMBO SUL (бывшее название: ANTARCTICA),"FPSO (Плавучая установка для добычи, хранения и отгрузки нефти)",318000.0,,Багамские Острова,vessel,168258.0,,,,2009.0,17.0,НИЗКИЙ РИСК
9630951,,"FPSO CLOV (акроним по названиям месторождений: Cravo, Lirio, Orquidea, Violeta)","FPSO (Плавучая установка для добычи, хранения и отгрузки нефти)",214000.0,,Панама,vessel,196372.0,,,,2013.0,13.0,НИЗКИЙ РИСК
9421324,,"PRAGUE (бывшие названия: MR AQUARIUS, MARLIN GLORY, MERIOM GLORY)",Танкер для перевозки химических грузов и нефтепродуктов (MR — Medium Range),49999.0,7.5,Либерия,vessel,30400.0,,,,2008.0,18.0,ВЫСОКИЙ РИСК
9327451,,"CHAMPION ARCTIC (бывшее название: SEAWAYS GALLE, APOSTOLOS)",Танкер для перевозки химических грузов и нефтепродуктов (Chemical/Oil Products Tanker),47782.0,9.4,Норвегия,vessel,27916.0,,,,2007.0,19.0,НИЗКИЙ РИСК
9503926,,SHANNON STAR (бывшее название: SEINE STAR),Танкер для перевозки химических грузов и нефтепродуктов (Chemical/Oil Products Tanker),13023.0,6.6,Мальта,vessel,8581.0,,,,2010.0,16.0,НИЗКИЙ РИСК
9285196,,SENIORITY (бывшее название: SUPERIORITY),Танкер для перевозки химических грузов и нефтепродуктов (Chemical/Oil Products Tanker),4432.0,4.9,Великобритания (UK),vessel,3859.0,,,,2006.0,20.0,НИЗКИЙ РИСК
9289178,,,Танкер для перевозки сырой нефти (Panamax / LR1),61369.0,7.5,Либерия,vessel,35711.0,,,,2005.0,21.0,ВЫСОКИЙ РИСК
9796585,,HOURAI MARU,Танкер для перевозки сжиженного газа (LPG / MGC — Medium Gas Carrier),28894.0,8.0,Маршалловы Острова,vessel,25458.0,,,,2019.0,7.0,НИЗКИЙ РИСК
9726322,,NAVIGATOR AURORA,Газовоз (LPG / Ethane / Ethylene Carrier),27037.0,10.3,Либерия,vessel,27546.0,,,,2016.0,10.0,НИЗКИЙ РИСК
9857250,,PHILOXENIA,Танкер для перевозки химических грузов и нефтепродуктов (Chemical/Oil Products Tanker),49999.0,11.2,Маршалловы Острова,vessel,29551.0,,,,2019.0,7.0,НИЗКИЙ РИСК
9654775,,ARDMORE EXPORTER (бывшее название: FRONT ESK),Танкер для перевозки химических грузов и нефтепродуктов (Chemical/Oil Products Tanker / MR Tanker),49526.0,10.7,Маршалловы Острова,vessel,30063.0,,,,2014.0,12.0,НИЗКИЙ РИСК
9260081,,MOUNT OLYMPUS,Танкер для перевозки химических грузов и нефтепродуктов (Chemical/Oil Products Tanker),39816.0,6.6,Маршалловы Острова,vessel,22515.0,,,,2003.0,23.0,ВЫСОКИЙ РИСК
9563237,,ROBERTA B (бывшее название: SEAWAYS KILIMANJARO),Нефтяной танкер класса VLCC (Very Large Crude Carrier),296999.0,11.0,Либерия,vessel,158618.0,,,,2012.0,14.0,НИЗКИЙ РИСК
9796339,,NAVIGATOR JORF,Газовоз (LPG Tanker),28726.0,7.8,Либерия,vessel,24942.0,,,,2017.0,9.0,НИЗКИЙ РИСК
9597147,,STOLT ORCA (бывшее название: GENUINE HERCULES),Танкер-химовоз / продуктовоз,33559.0,6.5,Либерия,vessel,19899.0,,,,2013.0,13.0,НИЗКИЙ РИСК
9831309,,NAVIG8 PRESTIGE JKB,Нефтяной танкер (Aframax / LR2),109995.0,13.4,Сингапур,vessel,63338.0,,,,2019.0,7.0,НИЗКИЙ РИСК
9817107,,CAP QUEBEC,Нефтяной танкер (Suezmax),156013.0,9.8,Греция,vessel,82099.0,,,,2018.0,8.0,НИЗКИЙ РИСК
1075600,,BOW OCELOT,Танкер-химовоз / продуктовоз (Chemical/Oil Products Tanker),25593.0,7.0,Панама,vessel,15973.0,,,,2026.0,,НИЗКИЙ РИСК
9941726,,PENELOPE,Нефтяной танкер (Aframax / LR2),114763.0,12.2,Багамские Острова,vessel,60177.0,,,,2023.0,3.0,НИЗКИЙ РИСК
9861031,,COOL DISCOVERER,Газовоз (LNG Tanker / Large),93668.0,9.3,Мальта,vessel,116354.0,,,,2020.0,6.0,НИЗКИЙ РИСК
9872987,,HELLAS DIANA,Газовоз (LNG Tanker / Large),93098.0,9.7,Мальта,vessel,116284.0,,,,2021.0,5.0,НИЗКИЙ РИСК
9884473,,,Газовоз (LNG Tanker / Large),95132.0,9.5,Франция,vessel,118753.0,,,,2022.0,4.0,НИЗКИЙ РИСК
9697997,,MAGNOLIA STATE,Танкер-продуктовоз (MR Product Tanker),49076.0,9.0,США (Jones Act compliant),vessel,29923.0,,,,2016.0,10.0,НИЗКИЙ РИСК
9985825,,NORD VALHALLA,Танкер-химовоз / продуктовоз (MR2),49999.0,8.2,Сингапур,vessel,29777.0,,,,2025.0,1.0,НИЗКИЙ РИСК
9855331,,FRONT EIRA,Нефтяной танкер (VLCC — Very Large Crude Carrier),299995.0,11.0,Либерия,vessel,156452.0,,,,2019.0,7.0,НИЗКИЙ РИСК
9920784,,FRONT TWEED,Нефтяной танкер (VLCC — Very Large Crude Carrier),299986.0,19.8,Мальта,vessel,154449.0,,,,2022.0,4.0,НИЗКИЙ РИСК
9718753,,RUSTAQ SILVER,Танкер-химовоз / продуктовоз (MR2),45923.0,11.2,Маршалловы Острова,vessel,29354.0,,,,2015.0,11.0,НИЗКИЙ РИСК
9992232,,OLYMPUS LNG,Газовоз (LNG Tanker / Newbuild),92232.0,9.1,Маршалловы Острова,vessel,110307.0,,,,2026.0,,НИЗКИЙ РИСК
9858852,,WISCO ADVENTURE,Танкер-химовоз (MR2),49949.0,8.2,Панама,vessel,29777.0,,,,2021.0,5.0,НИЗКИЙ РИСК
9436408,,STORHOLMEN,Танкер-химовоз (Chemical/Oil Products Tanker),16849.0,8.6,Маршалловы Острова,vessel,11551.0,,,,2010.0,16.0,НИЗКИЙ РИСК
9516222,,ARENDALIMO номер: 9516222,Танкер-химовоз / продуктовоз (MR2),49999.0,8.5,Панама,vessel,29983.0,,,,2010.0,16.0,НИЗКИЙ РИСК
9449405,,MARE PICENUM,Нефтяной танкер (Suezmax),158489.0,13.7,Италия (Реестр: Неаполь),vessel,81499.0,,,,2011.0,15.0,НИЗКИЙ РИСК
9922835,,AQUABLISS,Нефтяной танкер (Suezmax),157747.0,13.3,Либерия,vessel,81072.0,,,,2022.0,4.0,НИЗКИЙ РИСК
1021180,,JAL DHVANIIMO номер: 1021180,Танкер-химовоз (MR2 / Product Tanker),49990.0,7.8,Сингапур,vessel,29665.0,,,,2025.0,1.0,НИЗКИЙ РИСК
9779824,,ASLAF,Нефтяной танкер (VLCC — Very Large Crude Carrier),298778.0,10.9,Саудовская Аравия,vessel,154252.0,,,,2017.0,9.0,НИЗКИЙ РИСК
9987031,,AIOLOSIMO номер: 9987031,Нефтяной танкер (Aframax / LR2),115643.0,15.2,Греция,vessel,64508.0,,,,2025.0,1.0,НИЗКИЙ РИСК
9579030,,STENA SUPERIOR,Нефтяной танкер (Suezmax),159236.0,15.8,Кипр,vessel,81232.0,,,,2011.0,15.0,НИЗКИЙ РИСК
9752010,,BOW CAPRICORN,Танкер-химовоз / продуктовоз (MR2),40929.0,10.9,Норвегия (NIS),vessel,26364.0,,,,2016.0,10.0,НИЗКИЙ РИСК
9353541,,HATTERAS TRADER,Танкер-химовоз / продуктовоз (MR2),46810.0,8.2,США (USA),vessel,29242.0,,,,2008.0,18.0,НИЗКИЙ РИСК
9810666,,RHAPSODY,Танкер-химовоз (Handy Chemical/Oil Tanker),34766.0,8.2,Сингапур,vessel,21326.0,,,,2020.0,6.0,НИЗКИЙ РИСК
9711846,,EAGLE FORD LADY,Газовоз (LPG Tanker),28372.0,7.6,Сингапур,vessel,25144.0,,,,2016.0,10.0,НИЗКИЙ РИСК
9808326,,DIADEMA,Танкер-химовоз / продуктовоз (MR2 / Handy),40072.0,7.6,Багамские Острова,vessel,26548.0,,,,2018.0,8.0,НИЗКИЙ РИСК
9864306,,SERI EMORY,Газовоз (LPG Tanker / VLGC — Very Large Gas Carrier),63770.0,8.6,Сингапур,vessel,60611.0,,,,2021.0,5.0,НИЗКИЙ РИСК
9897092,,ECLIPSE,Газовоз (LPG Tanker / Handy),16938.0,6.9,Сингапур,vessel,18432.0,,,,2022.0,4.0,НИЗКИЙ РИСК
9408138,,EVERGREEN STATE,Танкер-химовоз / продуктовоз (MR Product Tanker),48641.0,8.5,США (USA),vessel,29606.0,,,,2010.0,16.0,НИЗКИЙ РИСК
9847451,,DORIC COURAGE,Танкер-химовоз / продуктовоз (MR2 Tanker),49910.0,7.9,Либерия,vessel,29824.0,,,,2019.0,7.0,НИЗКИЙ РИСК
9868778,,CLEAR STARS,Нефтяной танкер (Aframax / LR2),113848.0,8.4,Маршалловы Острова,vessel,61060.0,,,,2020.0,6.0,НИЗКИЙ РИСК
9916836,,RABDAN,Газовоз (LPG Tanker / VLGC — Very Large Gas Carrier),55145.0,11.9,Либерия,vessel,50226.0,,,,2022.0,4.0,НИЗКИЙ РИСК
9742819,,CASTILLO DE CALDELAS,Газовоз (LNG Tanker / Large),93241.0,9.8,Мальта,vessel,126004.0,,,,2018.0,8.0,НИЗКИЙ РИСК
9808314,,GEMMA,Танкер-химовоз / продуктовоз (MR2 / Handy),40019.0,7.6,Мальта,vessel,26548.0,,,,2018.0,8.0,НИЗКИЙ РИСК
9785158,,KINISIS,Газовоз (LNG Tanker / Large),95673.0,9.4,Либерия,vessel,114758.0,,,,2018.0,8.0,НИЗКИЙ РИСК
9131371,,SEABULK ARCTIC,Танкер-продуктовоз (Oil Products Tanker),46094.0,8.2,США (USA),vessel,30415.0,,,,1998.0,28.0,НИЗКИЙ РИСК
9708150,,STI LOMBARD,Нефтяной танкер (Aframax / LR2),109999.0,11.9,Маршалловы Острова,vessel,62769.0,,,,2015.0,11.0,НИЗКИЙ РИСК
9879703,,GLOBE POLARIS,Газовоз (LPG Tanker / VLGC — Very Large Gas Carrier),54238.0,7.8,Панама,vessel,48825.0,,,,2020.0,6.0,НИЗКИЙ РИСК
9607174,,HAFNIA EGRET (ранее BW EGRET),Танкер-химовоз / продуктовоз (MR2 Tanker),49999.0,8.7,Сингапур,vessel,29783.0,,,,2014.0,12.0,НИЗКИЙ РИСК
9981518,,SHRA'OUH,Газовоз (LNG Tanker / New Panamax),92377.0,9.4,Сингапур,vessel,114001.0,,,,2026.0,,НИЗКИЙ РИСК
9995478,,NARRATOR,Танкер-химовоз / продуктовоз (MR2 Tanker),44995.0,8.6,Либерия,vessel,29877.0,,,,2025.0,1.0,НИЗКИЙ РИСК
9341940,,"SEA LA VIDA (бывшие названия: DANSHIP TOPE, PELAGIC TOPE, HAFNIA RHINE, BW RHINE)",Танкер-продуктовоз (LR1 / Panamax),76578.0,13.5,Кипр,vessel,43797.0,,,,2008.0,18.0,НИЗКИЙ РИСК
1035557,,NISSOS SERIFOPOULA,Нефтяной танкер (Suezmax),157952.0,15.1,Маршалловы Острова,vessel,84269.0,,,,2026.0,,НИЗКИЙ РИСК
9967328,,CLEAN MISTRAL,Газовоз (LNG Tanker / Large),107386.0,9.6,Мальта,vessel,128653.0,,,,2025.0,1.0,НИЗКИЙ РИСК
9359870,,GULF HUWAYLAT,Танкер-химовоз / продуктовоз (MR Tanker),45967.0,8.7,Панама,vessel,29791.0,,,,2008.0,18.0,НИЗКИЙ РИСК
9831220,,ADRIANO KNUTSEN,Газовоз (LNG Tanker),96354.0,9.4,Норвегия,vessel,122261.0,,,,2019.0,7.0,НИЗКИЙ РИСК
9902902,,SM ALBATROSS,Газовоз (LNG Tanker / Large),95606.0,9.0,Панама,vessel,114221.0,,,,2022.0,4.0,НИЗКИЙ РИСК
1018676,,CELSIUS GEORGETOWN,Газовоз (LNG Tanker / Large),97552.0,11.1,Маршалловы Острова,vessel,,,,,2026.0,,НИЗКИЙ РИСК
9977282,,SIMSIMAH,Газовоз (LNG Tanker),88024.0,9.4,Либерия,vessel,115728.0,,,,2025.0,1.0,НИЗКИЙ РИСК
9854624,,ENERGY ENDEAVOUR,Газовоз (LNG Tanker),94649.0,11.7,Маршалловы Острова,vessel,114195.0,,,,2021.0,5.0,НИЗКИЙ РИСК
9402495,,DUBAI CHARMI MO номер: 9402495Тип судна: Нефтяной танкер (Aframax / LR2),Нефтяной танкер (Aframax / LR2),115514.0,12.9,Маршалловы Острова,vessel,63294.0,,,,2010.0,16.0,НИЗКИЙ РИСК
9976939,,AL KHARRARAH,Газовоз (LNG Tanker),94326.0,11.1,Либерия,vessel,114983.0,,,,2025.0,1.0,НИЗКИЙ РИСК
9924089,,ANWAAR TRABLUS (бывшее название: PHILADELPHIA STAR)IMO номер: 9924089,Нефтяной танкер (Aframax / LR2),115519.0,12.5,Мальта,vessel,62505.0,,,,2022.0,4.0,НИЗКИЙ РИСК
9630028,,"PERLE (бывшее название: PSKOV, PEARL)",Газовоз (LNG Tanker),93152.0,9.8,Оман,vessel,113876.0,,,,2014.0,12.0,
9903762,,GAS BARBAROSSA,Газовоз (LPG Tanker / VLGC),53759.0,8.0,Панама,vessel,48858.0,,,,2021.0,5.0,НИЗКИЙ РИСК
9358292,,"PLATA LUCKY (бывшее название: MAERSK NEWTON, NEWTON)",Нефтяной танкер класса VLCC (Very Large Crude Carrier),307284.0,12.3,Либерия,vessel,159911.0,,,,2009.0,17.0,НИЗКИЙ РИСК
9267015,,LNG BENUE,Газовоз (LNG Tanker),82971.0,9.0,Бермудские острова,vessel,97561.0,,,,2006.0,20.0,ВЫСОКИЙ РИСК
9953444,,ANIKITOS,Танкер для перевозки химических грузов и нефтепродуктов (LR1),50113.0,11.5,Маршалловы Острова,vessel,29565.0,,,,2023.0,3.0,ВЫСОКИЙ РИСК
9597252,,MOROCCO PROSPERITY (бывшее название: EAGLE VARNA),Нефтяной танкер класса VLCC (Very Large Crude Carrier),299989.0,11.0,Либерия,vessel,161974.0,,,,2013.0,13.0,ВЫСОКИЙ РИСК
9284788,,DHAN LAXMI (бывшее название: OCEAN SUNRISE),Танкер для перевозки сырой нефти / нефтепродуктов (LR1 / Panamax),50353.0,13.3,Антигуа и Барбуда,vessel,30971.0,,,,2004.0,22.0,ВЫСОКИЙ РИСК
9941283,,IKIGAI,Танкер для перевозки химических грузов и нефтепродуктов (Chemical/Oil Products Tanker / MR Tanker),49999.0,10.4,Панама,vessel,29949.0,,,,2022.0,4.0,ВЫСОКИЙ РИСК
1071408,,ASP RAINBOW,Танкер для перевозки химических грузов и нефтепродуктов (Chemical/Oil Products Tanker),49761.0,8.3,Панама,vessel,298962.0,,,,2025.0,,ВЫСОКИЙ РИСК
9594858,,EAGLE SAN PEDRO,Танкер для перевозки сырой нефти (Suezmax),157850.0,10.0,Сингапур,vessel,80783.0,,,,2012.0,14.0,НИЗКИЙ РИСК
9745237,,AEGEAN UNITY,Танкер для перевозки сырой нефти (Suezmax),158932.0,15.9,Греция,vessel,81349.0,,,,2016.0,10.0,НИЗКИЙ РИСК
9314753,,TRANS EXETER (бывшее название: CAPE EXETER),Танкер-химовоз (Chemical/Oil Products Tanker),9456.0,5.9,Норвегия (NIS),vessel,5986.0,,,,2004.0,22.0,НИЗКИЙ РИСК
9485863,,FG ROTTERDAM (бывшее название: SIVA ROTTERDAM),Танкер-химовоз / продуктовоз (Chemical/Oil Products Tanker),19995.0,7.7,Панама,vessel,11640.0,,,,2012.0,14.0,НИЗКИЙ РИСК
9884801,,AQUASMERALDA (бывшее название: YANGZE 18),Танкер для перевозки химических грузов и нефтепродуктов (Chemical/Oil Products Tanker),50295.0,10.0,Либерия,vessel,29725.0,,,,2021.0,5.0,НИЗКИЙ РИСК
9176369,,DJANET,Газовоз (LPG Tanker / VLGC - Very Large Gas Carrier),54584.0,11.6,Либерия,vessel,47174.0,,,,2000.0,26.0,НИЗКИЙ РИСК
9941702,,DF MYSTRAS (бывшее название: ANGLEVIKEN),Танкер для перевозки сырой нефти (Aframax / LR2),109999.0,12.7,Либерия,vessel,65145.0,,,,2023.0,3.0,НИЗКИЙ РИСК
9920708,,SEA CORAL,Танкер для перевозки сырой нефти (Suezmax),157105.0,15.1,Греция,vessel,80934.0,,,,2022.0,4.0,ВЫСОКИЙ РИСК
9391945,,EMERALD,Танкер для перевозки нефтепродуктов (Product Tanker),47302.0,7.7,Мальта,vessel,27015.0,,,,2009.0,17.0,НИЗКИЙ РИСК
9746255,,"TIGER EYE (бывшие названия: LADY MEI, LARGO SUN)",Танкер для перевозки химических грузов и нефтепродуктов (Chemical/Oil Products Tanker / MR Tanker),49990.0,8.5,Мальта,vessel,29767.0,,,,2016.0,10.0,НИЗКИЙ РИСК
9697595,,STI OXFORD,Танкер для перевозки сырой нефти (Aframax / LR2),109999.0,8.2,Маршалловы Острова,vessel,64827.0,,,,2015.0,11.0,НИЗКИЙ РИСК
9399868,,JAXSON (бывшее название: ORIENTAL DIAMOND),Танкер для перевозки химических грузов и нефтепродуктов (Chemical/Oil Products Tanker),50781.0,10.1,Либерия,vessel,30110.0,,,,2008.0,18.0,ВЫСОКИЙ РИСК
9412775,,ST GEORGE (бывшее название: ZOUZOU),Танкер для перевозки химических грузов и нефтепродуктов (Chemical/Oil Products Tanker),50651.0,8.0,Либерия,vessel,30075.0,,,,2010.0,16.0,ВЫСОКИЙ РИСК
9289518,,"PASIPHAE (бывшие названия: PACKARD, PHONIX WAY, AJAX, WESTERN BALTIC)",Танкер для перевозки химических грузов и нефтепродуктов,53095.0,11.0,Барбадос,vessel,30053.0,,,,2005.0,21.0,ВЫСОКИЙ РИСК
9798973,,,Танкер для перевозки химических грузов и нефтепродуктов (Chemical/Oil Products Tanker),49999.0,10.2,Либерия,vessel,29878.0,,,,2018.0,8.0,НИЗКИЙ РИСК
9260079,,PIONEER (прежние названия: MOUNT FUJI),Танкер для перевозки химических грузов и нефтепродуктов,40055.0,7.2,Маршалловы Острова,vessel,22515.0,,,,2003.0,23.0,НИЗКИЙ РИСК
9417452,,CHRYSANTHEMUM,Танкер для перевозки сырой нефти (Aframax / LR2),105187.0,8.3,Багамские острова,vessel,57281.0,,,,2009.0,17.0,НИЗКИЙ РИСК
9246578,,CADIZ KNUTSEN,Газовоз (LNG Tanker / СПГ-танкер),77228.0,9.4,Испания,vessel,90835.0,,,,2004.0,22.0,НИЗКИЙ РИСК
9288899,,"NORELIA (бывшие названия: EUROVOYAGER, TOLEDO SPIRIT, ROCKY RUNNER)",Танкер для перевозки сырой нефти (Suezmax),159342.0,14.7,Сьерра-Леоне,vessel,83594.0,,,,2005.0,21.0,ВЫСОКИЙ РИСК
1070832,,NISSOS DELOS,Танкер для перевозки сырой нефти (Suezmax),158958.0,14.5,Маршалловы Острова,vessel,82909.0,,,,2026.0,,НИЗКИЙ РИСК
9604380,,LADY HENRIETTA,Танкер для перевозки сырой нефти (Crude Oil Tanker / Aframax),111815.0,14.1,Маршалловы Острова,vessel,62452.0,,,,2012.0,14.0,НИЗКИЙ РИСК
9404376,,IEVOLI GOLD (бывшее название: MARIA LAURA),Танкер для перевозки химических грузов и нефтепродуктов (Chemical/Oil Products Tanker),17011.0,9.1,Италия,vessel,11836.0,,,,2009.0,17.0,НИЗКИЙ РИСК
9696711,,STI LAUREN,Танкер для перевозки сырой нефти (Aframax / LR2),109999.0,13.8,Маршалловы Острова,vessel,64792.0,,,,2015.0,11.0,НИЗКИЙ РИСК
9373656,,,Танкер для перевозки сырой нефти (Aframax / LR2),116050.0,8.0,Мальта,vessel,61248.0,,,,2008.0,18.0,НИЗКИЙ РИСК
9887396,,SOLAR NAAMA,Танкер для перевозки химических грузов и нефтепродуктов (Chemical/Oil Products Tanker),24621.0,7.9,Либерия,vessel,18335.0,,,,2021.0,5.0,НИЗКИЙ РИСК
9452880,,AFRODITI,Танкер для перевозки сырой нефти (Suezmax),166164.0,15.1,Либерия,vessel,84716.0,,,,2011.0,15.0,НИЗКИЙ РИСК
9274082,,TM HAI HA 568,Танкер для перевозки химических грузов и нефтепродуктов,40058.0,,Вьетнам,vessel,25420.0,,,,2004.0,22.0,ВЫСОКИЙ РИСК
9725859,,BOCHEM WALVIS BAY (бывшее название: TIGER HARMONY),Танкер для перевозки химических грузов и нефтепродуктов (Chemical/Oil Products Tanker),19994.0,10.0,Гонконг,vessel,12148.0,,,,2016.0,10.0,НИЗКИЙ РИСК
9387970,,"SOLO (прежние названия: AVRA PATROS, ENERGY CENTURION)",Танкер для перевозки сырой нефти (LR1 / Panamax),74998.0,13.4,Мальта,vessel,42296.0,,,,2008.0,18.0,НИЗКИЙ РИСК
9400837,,"KOBE (прежние названия: ST. GERTRUD, KILAKARAI STAR)",Танкер-продуктовоз (Oil Products Tanker),46622.0,10.8,Панама,vessel,28231.0,,,,2009.0,17.0,ВЫСОКИЙ РИСК
9380831,,MINERVA JULIE,Танкер для перевозки химических грузов и нефтепродуктов (MR / Product Tanker),49990.0,11.9,Либерия,vessel,28960.0,,,,2008.0,18.0,ВЫСОКИЙ РИСК
9724697,,KOKOLIGHT (бывшее название: BRITISH OFFICER),Танкер для перевозки химических грузов и нефтепродуктов (Chemical/Oil Products Tanker / MR),45999.0,11.1,Маршалловы Острова,vessel,30948.0,,,,2017.0,9.0,НИЗКИЙ РИСК
9595137,,,Танкер для перевозки химических грузов и нефтепродуктов (Chemical/Oil Products Tanker),37583.0,8.0,Италия,vessel,23261.0,,,,2011.0,15.0,НИЗКИЙ РИСК
9956006,,SEAHORSE 1,Танкер для перевозки сырой нефти (Aframax / LR2),113386.0,8.5,Панама,vessel,63684.0,,,,2024.0,2.0,НИЗКИЙ РИСК
9588469,,NORDIC ZENITH,Танкер для перевозки сырой нефти (Suezmax),158645.0,15.7,Либерия,vessel,81509.0,,,,2011.0,15.0,НИЗКИЙ РИСК
9531519,,"NAVIGATOR GENESIS (бывшие названия: MAERSK GENESIS, NAE 5)",Газовоз (LPG Tanker),16670.0,6.0,Либерия,vessel,16823.0,,,,2011.0,15.0,НИЗКИЙ РИСК
9878058,,"LEANDER FISHER (бывшие названия: LAGAVULIN, OCEAN IXORA)",Танкер для перевозки химических грузов и нефтепродуктов (Chemical/Oil Products Tanker),34724.0,8.4,Великобритания,vessel,24576.0,,,,2022.0,4.0,НИЗКИЙ РИСК
9517458,,BARTOK (бывшее название: BESIKTAS PERA),Танкер для перевозки химических грузов и нефтепродуктов (Chemical/Oil Products Tanker),4121.0,5.0,Португалия (регистр Мадейра),vessel,2974.0,,,,2009.0,17.0,НИЗКИЙ РИСК
9845099,,FARIDA (бывшее название: GW DOLPHIN),Танкер для перевозки химических грузов и нефтепродуктов (Chemical/Oil Products Tanker / LR1),55604.0,12.4,Саудовская Аравия,vessel,34988.0,,,,2020.0,6.0,НИЗКИЙ РИСК
9412347,,LYNX (прежнее название: LEONID LOZA),Танкер для перевозки сырой нефти (VLCC / Suezmax),156630.0,9.0,Оман,vessel,83747.0,,,,2011.0,15.0,ВЫСОКИЙ РИСК
9392482,,TORM LOUISEIMO номер: 9392482,Танкер-продуктовоз (MR / Medium Range Tanker),53049.0,10.1,Дания,vessel,29325.0,,,,2009.0,17.0,НИЗКИЙ РИСК
9433810,,"VELOS ZIRCON (предыдущие названия: UOG KYMA, EAGLE MELBOURNE)",Танкер-продуктовоз (Oil Products Tanker / MR),44995.0,10.8,Маршалловы Острова,vessel,28465.0,,,,2011.0,15.0,НИЗКИЙ РИСК
9340441,,EASTERLY BEECH GALAXY (бывшее название: BEECH GALAXY),Танкер для перевозки химических грузов и нефтепродуктов,19998.0,9.9,Маршалловы Острова,vessel,11628.0,,,,2007.0,19.0,НИЗКИЙ РИСК
9847140,,CHEMICAL CONTENDER,Танкер для перевозки химических грузов и нефтепродуктов (Chemical/Oil Products Tanker),15945.0,9.1,Мальта,vessel,9220.0,,,,2018.0,8.0,НИЗКИЙ РИСК
9428437,,"EXCELLION (бывшие названия: AC-D, NORDIC THERESA, MALOU THERESA, UMAY)",Танкер для перевозки химических грузов и нефтепродуктов (Chemical/Oil Products Tanker),7842.0,5.1,Панама,vessel,5289.0,,,,2008.0,18.0,СРЕДНИЙ РИСК
1030064,,JARAMA,Танкер для перевозки химических грузов и нефтепродуктов (LR1 / Panamax),74924.0,8.2,Либерия,vessel,44393.0,,,,2026.0,,НИЗКИЙ РИСК
9298492,,"TOA PAYOH (бывшие названия: NORTHERN OCEAN, NORTH POINT)",Танкер для перевозки химических грузов и нефтепродуктов (Chemical/Oil Products Tanker),50922.0,12.0,"Камерун (изменчив, ранее — Панама)",vessel,30083.0,,,,2005.0,21.0,
9315903,,BOSPOROS,"Танкер для перевозки химических грузов и нефтепродуктов (Chemical/Oil Products Tanker, IMO II/III)",39589.0,9.2,Маршалловы Острова,vessel,23310.0,,,,2007.0,19.0,НИЗКИЙ РИСК
9447067,,SELENKAIMO номер: 9447067,Танкер для перевозки химических грузов и нефтепродуктов (Chemical/Oil Products Tanker),10745.0,8.8,Мальта,vessel,7260.0,,,,2009.0,17.0,НИЗКИЙ РИСК
9398280,,"TIGERLILY (бывшие названия: CHIOS LION, BRIGHTOIL LION, ARSOS)",Танкер для перевозки сырой нефти (Aframax / LR2),107525.0,14.9,Либерия,vessel,60379.0,,,,2010.0,16.0,ВЫСОКИЙ РИСК
9737371,,MARATHON TS,Танкер для перевозки сырой нефти (Aframax / LR2),113651.0,9.2,Мальта,vessel,62557.0,,,,2017.0,9.0,НИЗКИЙ РИСК
9414632,,SEVILLA KNUTSEN,Газовоз (LNG Tanker / Moss-type),100002.0,6.6,Испания,vessel,110920.0,,,,2010.0,16.0,НИЗКИЙ РИСК
9344423,,"RUBIKON 202 (предыдущие названия: PATARA, GAN OCEAN)",Танкер для перевозки химических грузов и нефтепродуктов (Chemical/Oil Products Tanker),16979.0,6.5,Португалия (Мадейра),vessel,12164.0,,,,2007.0,19.0,НИЗКИЙ РИСК
9607722,,SEA JEWEL,Танкер для перевозки сырой нефти (Aframax / LR2),112081.0,14.9,Панама,vessel,62316.0,,,,2013.0,13.0,ВЫСОКИЙ РИСК
9688831,,STI MADISON,Танкер для перевозки сырой нефти (LR2 / Aframax),109999.0,9.0,Маршалловы Острова,vessel,64827.0,,,,2014.0,12.0,НИЗКИЙ РИСК
9739836,,SAANA (бывшее название: FURE VALO)IMO номер: 9739836,Танкер для перевозки химических грузов и нефтепродуктов,17999.0,8.0,Финляндия,vessel,12770.0,,,,2018.0,8.0,НИЗКИЙ РИСК
9792840,,"HAIFENG (бывшие названия: DUOMO SQUARE, SALAMINA)",Танкер для перевозки сырой нефти (Aframax / LR2),109898.0,8.9,Либерия,vessel,62508.0,,,,2018.0,8.0,НИЗКИЙ РИСК
9905928,,SINDRE KNUTSENIMO номер: 9905928,Челночный танкер (Shuttle Tanker / Crude Oil Tanker),123602.0,9.2,Норвегия (NIS — Норвежский международный судовой регистр),vessel,85504.0,,,,2022.0,4.0,НИЗКИЙ РИСК
9818280,,RAMELIAIMO номер: 9818280,Танкер для перевозки химических грузов и нефтепродуктов,17994.0,9.1,Швеция,vessel,12770.0,,,,2019.0,7.0,НИЗКИЙ РИСК
9939606,,,Танкер для перевозки химических грузов и нефтепродуктов (Chemical/Oil Products Tanker),49999.0,8.2,Либерия,vessel,28858.0,,,,2024.0,2.0,НИЗКИЙ РИСК
9826732,,ANDREIOS (бывшее название: LOMONOSOV PROSPECT),Танкер для перевозки сырой нефти (Aframax / LR2),113226.0,14.3,Либерия,vessel,64909.0,,,,2018.0,8.0,ВЫСОКИЙ РИСК
1024998,,,Танкер для перевозки сырой нефти (Aframax / LR2),115056.0,14.3,Либерия,vessel,63468.0,,,,2026.0,,ВЫСОКИЙ РИСК
9350757,,"HEINRICH (предыдущие названия: JUTLANDIA SWAN, BESIKTAS ENGLAND)",Танкер для перевозки химических грузов и нефтепродуктов (Chemical/Oil Products Tanker),17998.0,9.5,Гибралтар,vessel,11711.0,,,,2008.0,18.0,НИЗКИЙ РИСК
9828900,,AEGEAN STARIMO номер: 9828900,Танкер для перевозки химических грузов и нефтепродуктов (LR1 / Panamax),50506.0,8.3,Маршалловы Острова,vessel,29544.0,,,,2019.0,7.0,НИЗКИЙ РИСК
9366263,,KARDIANI (бывшее название: HIGH SATURN),Танкер для перевозки химических грузов и нефтепродуктов (LR1 / Panamax),51527.0,11.0,Мальта,vessel,29733.0,,,,2008.0,18.0,НИЗКИЙ РИСК
9831024,,SONGA ORION (бывшее название: PENINSULA X),Танкер для перевозки химических грузов и нефтепродуктов (Chemical/Oil Products Tanker),17916.0,7.7,Португалия (Мадейра),vessel,12091.0,,,,2020.0,6.0,НИЗКИЙ РИСК
9336397,,LILLESAND (бывшее название: SPT CHAMPION),Танкер для перевозки сырой нефти (Aframax / LR2),105786.0,8.5,Багамские Острова,vessel,57657.0,,,,2007.0,19.0,НИЗКИЙ РИСК
9980320,,FURE VISKARIMO номер: 9980320,Танкер для перевозки химических грузов и нефтепродуктов (Ice Class 1A),17953.0,6.0,Швеция,vessel,12763.0,,,,2024.0,2.0,НИЗКИЙ РИСК
9488413,,"VOULA (бывшие названия: PATARIS, NORDIC ANNE, SUMMIT AUSTRALIA)",Танкер для перевозки нефтепродуктов (LR1 — Long Range 1),73774.0,9.0,Маршалловы Острова,vessel,42282.0,,,,2009.0,17.0,НИЗКИЙ РИСК
9334739,,OLIB,Танкер для перевозки сырой нефти (Aframax / LR2),108433.0,9.9,Хорватия,vessel,59315.0,,,,2009.0,17.0,НИЗКИЙ РИСК
9255880,,"PHENIX VI (бывшие названия: ZEPHYR I, ZHEN I, ALFA ITALIA)",Танкер для перевозки сырой нефти (Aframax),105588.0,8.0,Гайана,vessel,59719.0,,,,2002.0,24.0,
9848223,,TOYA,Танкер для перевозки сырой нефти (VLCC — Very Large Crude Carrier),311393.0,11.0,Панама,vessel,160597.0,,,,2020.0,6.0,ВЫСОКИЙ РИСК
1028528,,GENEVA STAR,Танкер для перевозки сырой нефти (Suezmax),157993.0,9.8,Маршалловы Острова,vessel,84269.0,,,,2025.0,,ВЫСОКИЙ РИСК
9559406,,"BRAZIL PROSPERITY (бывшее название: MARAN LYRA, TAI HUNG SAN)",Танкер для перевозки сырой нефти (VLCC — Very Large Crude Carrier),317924.0,20.8,Либерия,vessel,164251.0,,,,2010.0,16.0,НИЗКИЙ РИСК
9762962,,HOEGH GIANTIMO номер: 9762962,FSRU (Плавучая установка для хранения и регазификации СПГ),92969.0,10.6,Сингапур,vessel,110338.0,,,,2017.0,9.0,НИЗКИЙ РИСК
9802059,,CELSIA,Танкер для перевозки химических грузов и нефтепродуктов (Chemical/Oil Products Tanker),16773.0,6.4,Панама,vessel,15450.0,,,,2019.0,7.0,НИЗКИЙ РИСК
9447328,,"TIMA WOURI (бывшие названия: SONGA ATLANTIC, ATLANTIK PRIDE, LIDO, FT STROMBOLI)",Танкер для перевозки химических грузов и нефтепродуктов,17999.0,7.0,Либерия,vessel,11393.0,,,,2010.0,16.0,НИЗКИЙ РИСК
9475430,,"GOLDEN JASMINE (бывшие названия: KENRICK, ORCHARD, BLUE EMERALD, GAMTOOS)","Танкер для перевозки химических грузов и нефтепродуктов (Chemical/Oil Products Tanker, класс HAZ-A)",16788.0,6.8,Маршалловы Острова,vessel,11294.0,,,,2012.0,14.0,СРЕДНИЙ РИСК
9854739,,STI MIGHTY (бывшее название: MARLIN MIGHTY),Танкер для перевозки химических грузов и нефтепродуктов (MR — Medium Range),47499.0,9.2,Маршалловы Острова,vessel,29991.0,,,,2020.0,6.0,НИЗКИЙ РИСК
9719692,,STI SYMPHONY (бывшее название: NAVIG8 SYMPHONY),Танкер для перевозки сырой нефти/продуктов (LR2 — Long Range 2),109999.0,13.2,Маршалловы Острова,vessel,63915.0,,,,2016.0,10.0,НИЗКИЙ РИСК
9357614,,AFRICAN RUBY (бывшее название: CHER),Танкер для перевозки нефтепродуктов и химикатов (Chemical/Oil Products Tanker),11027.0,5.0,Панама,vessel,8251.0,,,,2009.0,17.0,ВЫСОКИЙ РИСК
9130470,,ATH LEMBA,Танкер для перевозки нефтепродуктов (Product Tanker),6249.0,4.6,Танзания,vessel,3627.0,,,,1996.0,30.0,ВЫСОКИЙ РИСК
9820544,,AMAZON FORTITUDE,Танкер для перевозки сырой нефти/нефтепродуктов (Aframax),72837.0,11.6,Греция,vessel,44767.0,,,,2018.0,8.0,НИЗКИЙ РИСК
9521473,,AQUILA,Танкер для перевозки сырой нефти (VLCC — Very Large Crude Carrier),319330.0,20.2,Греция,vessel,159341.0,,,,2012.0,14.0,НИЗКИЙ РИСК
9630951,,"FPSO CLOV (акроним по названиям месторождений: Cravo, Lirio, Orquidea, Violeta)","FPSO (Плавучая установка для добычи, хранения и отгрузки нефти)",214000.0,,Панама,vessel,196372.0,,,,2013.0,13.0,НИЗКИЙ РИСК
9883742,,MARAN GAS KALYMNOS,Газовоз (LNG Tanker),93080.0,10.0,Греция,vessel,115405.0,,,,2021.0,5.0,НИЗКИЙ РИСК
9077800,,FPSO PSVM (бывшее название: BOURGOGNE),"FPSO (Плавучая установка для добычи, хранения и отгрузки нефти) / Конвертированный танкер",296230.0,,Багамские Острова,vessel,168674.0,,,,1996.0,30.0,НИЗКИЙ РИСК
9353802,,"AGOGO FPSO (ранее: ANDROMEDA GLORY, FRONT EMINENCE)","FPSO (Плавучая установка для добычи, хранения и отгрузки нефти) / Конвертированный танкер",321300.0,,Сингапур,vessel,169645.0,,,,2009.0,17.0,НИЗКИЙ РИСК
9527295,,MARAN THALEIA,Танкер для перевозки сырой нефти (VLCC — Very Large Crude Carrier),321225.0,11.0,Греция,vessel,162307.0,,,,2011.0,15.0,НИЗКИЙ РИСК
9230050,,EXCALIBUR,Газовоз (LNG Carrier) / FLNG (по ряду классификаций),77822.0,,Бельгия,vessel,93786.0,,,,2002.0,24.0,НИЗКИЙ РИСК
9788576,,BLUE BUTTERFLY,Танкер-химовоз / нефтепродуктовоз (MR2),49995.0,11.2,Панама,vessel,29694.0,,,,2019.0,7.0,НИЗКИЙ РИСК
9917957,,WHITE PEARL,Танкер для перевозки асфальта / битума (Asphalt/Bitumen Tanker),36754.0,8.8,Маршалловы Острова,vessel,26192.0,,,,2021.0,5.0,НИЗКИЙ РИСК
1083217,,CC QINGDAO,Танкер-химовоз / нефтепродуктовоз (MR2 / LR1),50184.0,11.1,Сингапур,vessel,30101.0,,,,2026.0,,НИЗКИЙ РИСК
1015868,,GEM RUBY,Танкер-химовоз / нефтепродуктовоз (MR2),49999.0,10.5,Маршалловы Острова,vessel,29505.0,,,,2025.0,1.0,НИЗКИЙ РИСК
9482603,,PHOENIX ADMIRAL,Танкер для перевозки сырой нефти (Aframax),114024.0,12.8,Сингапур,vessel,62234.0,,,,2011.0,15.0,НИЗКИЙ РИСК
9933212,,FREEPORT STAR,Танкер для перевозки сырой нефти / нефтепродуктовоз (Aframax / LR2),115519.0,12.8,Маршалловы Острова,vessel,62505.0,,,,2023.0,3.0,НИЗКИЙ РИСК
9402914,,MARAN PENELOPE (ранее: ASTRO PENELOPE),Танкер для перевозки сырой нефти (Suezmax),158266.0,8.0,Греция,vessel,79936.0,,,,2009.0,17.0,НИЗКИЙ РИСК
9720081,,,Танкер-химовоз / нефтепродуктовоз (Parcel Tanker),38789.0,9.8,Каймановы Острова,vessel,29903.0,,,,2018.0,8.0,НИЗКИЙ РИСК
9539585,,SPRING STREET (ранее: MERCER STREET),Танкер-химовоз / нефтепродуктовоз (MR2),49992.0,7.5,Либерия,vessel,28426.0,,,,2013.0,13.0,НИЗКИЙ РИСК
1024015,,ATLANTIC MAJESTY,Танкер для перевозки сырой нефти (Aframax / LR2),117050.0,8.8,Либерия,vessel,64677.0,,,,2025.0,1.0,НИЗКИЙ РИСК
9505819,,SOHO SQUARE (ранее: GULF VISION),Танкер для перевозки сырой нефти (Aframax),114900.0,13.8,Либерия,vessel,61338.0,,,,2012.0,14.0,НИЗКИЙ РИСК
9697612,,SEAWAYS LONSDALE (ранее: EXCELSIOR BAY),Танкер-химовоз / нефтепродуктовоз (MR2),49990.0,8.5,Маршалловы Острова,vessel,29806.0,,,,2014.0,12.0,НИЗКИЙ РИСК
9997218,,MH DAISEN,Танкер-химовоз / нефтепродуктовоз (MR2),49948.0,8.3,Сингапур,vessel,30131.0,,,,2025.0,1.0,НИЗКИЙ РИСК
1019735,,NEW ACE,Танкер для перевозки сырой нефти (Aframax / LR2),114800.0,13.3,Либерия,vessel,63262.0,,,,2026.0,,НИЗКИЙ РИСК
9378371,,FANTASIA,Танкер-химовоз / нефтепродуктовоз (Handy Tanker),40000.0,11.8,Италия,vessel,29614.0,,,,2009.0,17.0,НИЗКИЙ РИСК
9891919,,SEAGUARDIAN,Танкер для перевозки сырой нефти (Aframax),112156.0,13.5,Маршалловы Острова,vessel,,,,,2021.0,5.0,НИЗКИЙ РИСК
9907768,,SOLAR RUBA,Танкер-химовоз / нефтепродуктовоз (MR2),49367.0,12.5,Либерия,vessel,30259.0,,,,2021.0,5.0,НИЗКИЙ РИСК
9725304,,LEIKANGER,Танкер-химовоз / нефтепродуктовоз (MR2),49999.0,12.1,Норвегия (NIS — Норвежский международный судовой регистр),vessel,30945.0,,,,2016.0,10.0,НИЗКИЙ РИСК
9892975,,ATLANTIC EMERALD (ранее: CLEAROCEAN EMERALD),Танкер для перевозки сырой нефти (Aframax / LR2),109201.0,13.5,Либерия,vessel,64933.0,,,,2022.0,4.0,НИЗКИЙ РИСК
9823572,,MARLIN LOME,Танкер для перевозки сырой нефти / нефтепродуктов (Aframax / LR2),114841.0,12.2,Маршалловы Острова,vessel,65552.0,,,,2022.0,4.0,НИЗКИЙ РИСК
9934890,,IRINI,Танкер-химовоз / нефтепродуктовоз (MR2),49990.0,11.6,Греция,vessel,295142.0,,,,2022.0,4.0,СРЕДНИЙ РИСК
9576789,,REINHOLD SCHULTE,Танкер-химовоз / нефтепродуктовоз,25583.0,8.6,Сингапур,vessel,19820.0,,,,2012.0,14.0,НИЗКИЙ РИСК
9939632,,TROUVAILLE,Танкер-химовоз / нефтепродуктовоз (MR2),49999.0,8.0,Либерия,vessel,28858.0,,,,2025.0,1.0,НИЗКИЙ РИСК
9809394,,GINGA ANGEL (ранее: FAIRCHEM ANGEL),"Танкер-химовоз / нефтепродуктовоз (Chemical/Oil Products Tanker, IMO II/III)",25245.0,10.7,Маршалловы Острова,vessel,16179.0,,,,2020.0,6.0,НИЗКИЙ РИСК
9934149,,ST NICHOLAS (ранее: Suez Rajan),Танкер для перевозки химических грузов / нефтепродуктов (LR1),50226.0,12.7,Мальта,vessel,298742.0,,,,2022.0,4.0,ВЫСОКИЙ РИСК
9899985,,NORD VISION,Танкер-химовоз / нефтепродуктовоз (MR2),49999.0,9.5,Маршалловы Острова,vessel,29671.0,,,,2021.0,5.0,НИЗКИЙ РИСК
9747998,,PALANCA RIO,Танкер для перевозки битума (Bitumen Tanker),14911.0,8.6,Маршалловы Острова,vessel,10830.0,,,,2016.0,10.0,НИЗКИЙ РИСК
9350642,,NOR’EASTER (ранее: IVER PROGRESS),Танкер-химовоз / нефтепродуктовоз (Handy Tanker),37412.0,7.5,Маршалловы Острова,vessel,23589.0,,,,2007.0,19.0,НИЗКИЙ РИСК
1071410,,ASP SUNSHINE,Танкер-продуктовоз (Chemical/Oil Products Tanker),49700.0,11.0,Панама,vessel,298962.0,,,,2026.0,,НИЗКИЙ РИСК
9592288,,INDIGO SUN (ранее: NISSOS SANTORINI),Танкер для перевозки сырой нефти (Aframax / LR2),115724.0,12.8,Либерия,vessel,61320.0,,,,2012.0,14.0,НИЗКИЙ РИСК
9686649,,FRONT COUGAR,Танкер для перевозки сырой нефти / нефтепродуктов (Aframax / LR2),109896.0,13.5,Маршалловы Острова,vessel,64018.0,,,,2016.0,10.0,НИЗКИЙ РИСК
9407093,,"CHEM MIA (ранее: BW MIA, STREAM MIA, GOLDEN MIA)",Танкер-химовоз / нефтепродуктовоз (Small Chemical/Oil Parcel Tanker),19702.0,8.4,Либерия,vessel,11645.0,,,,2008.0,18.0,НИЗКИЙ РИСК
9854363,,MINERVA PSARA,"Газовоз СПГ (LNG Tanker, мембранного типа)",94834.0,,Мальта,vessel,113817.0,,,,2021.0,5.0,НИЗКИЙ РИСК
9798167,,INTREPID (ранее: DESERT ORCHID),Газовоз (LPG Tanker / Handy),16596.0,9.4,Маршалловы Острова,vessel,17232.0,,,,2018.0,8.0,НИЗКИЙ РИСК
9396737,,"SKYLIGHT (ранее: FALCON IRIS, ISOLA BIANCA)",Танкер-химовоз / нефтепродуктовоз (MR2),50927.0,,Маршалловы Острова,vessel,300402.0,,,,2008.0,18.0,ВЫСОКИЙ РИСК
9742912,,SILVERWAY,Танкер для перевозки сырой нефти (Suezmax),157781.0,,Либерия,vessel,81545.0,,,,2017.0,9.0,НИЗКИЙ РИСК
9636694,,"FATIMA ZARAH (ранее: EVO, KIRIBORA)",Танкер-химовоз / нефтепродуктовоз (MR2),50044.0,7.2,Либерия,vessel,30087.0,,,,2013.0,13.0,ВЫСОКИЙ РИСК
9411965,,KALLISTA (ранее: ATHENIAN HARMONY),Танкер для перевозки сырой нефти (VLCC — Very Large Crude Carrier),317441.0,14.1,Панама,vessel,160470.0,,,,2010.0,16.0,ВЫСОКИЙ РИСК
9788899,,FRONT PRINCE,Танкер для перевозки сырой нефти (VLCC — Very Large Crude Carrier),301187.0,20.2,Маршалловы Острова,vessel,157613.0,,,,2017.0,9.0,НИЗКИЙ РИСК
9175212,,SUNDARI,Танкер для нефтепродуктов (Small Oil Products Tanker),6623.0,,Нигерия,vessel,46062.0,,,,2002.0,24.0,ВЫСОКИЙ РИСК
9127186,,"ALGO (ранее: ALGOMA HANSA, AMALIENBORG)",Танкер-химовоз / нефтепродуктовоз,16775.0,5.4,Либерия,vessel,11290.0,,,,1998.0,28.0,ВЫСОКИЙ РИСК
9892987,,ATLANTIC JADE (ранее: CLEAROCEAN JADE),Танкер для перевозки сырой нефти (Aframax / LR2),109325.0,14.8,Либерия,vessel,64933.0,,,,2022.0,4.0,НИЗКИЙ РИСК
9424649,,"TOKYO (ранее: PS TOKYO, HIGH EFFICIENCY)",Танкер-продуктовоз (MR2),44999.0,12.6,Панама,vessel,282312.0,,,,2009.0,17.0,ВЫСОКИЙ РИСК
9734836,,YARA KARA,Газовоз (LPG Tanker),18208.0,9.2,Норвегия,vessel,18446.0,,,,2016.0,10.0,НИЗКИЙ РИСК
9902914,,SM BLUEBIRD,Газовоз для перевозки СПГ (LNG Carrier),95641.0,10.9,Панама,vessel,114221.0,,,,2022.0,4.0,НИЗКИЙ РИСК
9389851,,GULF CORAL,Танкер для перевозки сырой нефти / нефтепродуктовоз (LR1 / Panamax),74999.0,12.8,Багамские острова,vessel,42446.0,,,,2009.0,17.0,НИЗКИЙ РИСК
9732929,,"ARDMORE PERSISTENCE (ранее: CL HUAIYANG, MAERSK TRENTON)",Танкер-химовоз / нефтепродуктовоз (MR2),49688.0,10.7,Маршалловы Острова,vessel,29455.0,,,,2017.0,9.0,НИЗКИЙ РИСК
9723291,,MINERVA TYCHI,Танкер-химовоз / нефтепродуктовоз (Handy),39070.0,8.0,Греция,vessel,24090.0,,,,2016.0,10.0,НИЗКИЙ РИСК
1018949,,KODKOD,Танкер-химовоз / нефтепродуктовоз (MR2),49999.0,12.5,Панама,vessel,297772.0,,,,2026.0,,НИЗКИЙ РИСК
9773052,,TENACITY VENTURE,Танкер для перевозки сырой нефти (Aframax / LR2),114439.0,13.3,Гонконг (Китай),vessel,61990.0,,,,2017.0,9.0,НИЗКИЙ РИСК
1040722,,MAUI,Танкер для перевозки сырой нефти (Aframax / LR2),115173.0,8.6,Либерия,vessel,643502.0,,,,2025.0,1.0,НИЗКИЙ РИСК
9821706,,ELANDRA SOUND (ранее: SEA TANANA),Танкер для перевозки сырой нефти / нефтепродуктовоз (LR2 / Aframax),115666.0,11.9,Либерия,vessel,62370.0,,,,2018.0,8.0,НИЗКИЙ РИСК
1088126,,GOLDEN PETUNIA (ранее: LIAN HAI 505),Химовоз / танкер (Chemical Tanker / Small),4678.0,6.1,Португалия (Мадейра),vessel,40022.0,,,,2025.0,1.0,НИЗКИЙ РИСК
9443140,,TORM AUSTRALIA,Танкер-химовоз / нефтепродуктовоз (MR2),49999.0,11.5,Дания,vessel,29726.0,,,,2011.0,15.0,НИЗКИЙ РИСК
9332078,,"SHEN MI (ранее: LASTVA, NEGMAR MIN, ROSE GAS)",Газовоз (LPG Tanker / MGC),26528.0,10.4,Панама,vessel,229412.0,,,,2007.0,19.0,ВЫСОКИЙ РИСК
9516117,,JAG LAKSHYA (ранее: DEVON),Танкер для перевозки сырой нефти (Suezmax),157642.0,16.3,Индия,vessel,81844.0,,,,2011.0,15.0,НИЗКИЙ РИСК
9568495,,SAKURA ADVANCE (ранее: KOKUKA COURAGEOUS),Танкер-химовоз / нефтепродуктовоз (MR1),27000.0,10.8,Панама,vessel,19349.0,,,,2010.0,16.0,ВЫСОКИЙ РИСК
9293002,,"NASLEDIE (ранее: ARGENT, JAGUAR, SIGNAL PUMA)",Танкер для перевозки сырой нефти (Aframax / LR2),105034.0,,Российская Федерация,vessel,584182.0,,,,2005.0,21.0,ВЫСОКИЙ РИСК
9528043,,DAYTONAIMO номер: 9528043,Танкер для перевозки сырой нефти (Aframax),115896.0,13.0,Мальта,vessel,61332.0,,,,2011.0,15.0,НИЗКИЙ РИСК
9392042,,"GAS EXELERO (ранее: EPIC CORDOVA, CORDOVA)",Газовоз (LPG Tanker / Fully Pressurized),3103.0,4.6,Маршалловы острова,vessel,2997.0,,,,2009.0,17.0,НИЗКИЙ РИСК
9318010,,MINERVA XANTHE,Танкер-химовоз / нефтепродуктовоз (MR2),50922.0,9.5,Мальта,vessel,29032.0,,,,2006.0,20.0,ВЫСОКИЙ РИСК
9231509,,"CHIOS (ранее: TREND, MM STRENGTH, SPM STRENGTH)",Танкер для перевозки сырой нефти (Suezmax),159314.0,15.9,Камерун (регистр с высоким уровнем риска),vessel,810852.0,,,,2002.0,24.0,ВЫСОКИЙ РИСК
9431288,,MAERSK KAYA,Танкер-химовоз / нефтепродуктовоз (MR1),39738.0,11.0,Сингапур,vessel,24481.0,,,,2011.0,15.0,НИЗКИЙ РИСК
9459204,,CAP MEJEAN,Бункеровщик (Bunkering Tanker),3536.0,,Франция,vessel,2158.0,,,,2009.0,17.0,НИЗКИЙ РИСК
9785706,,STI LEBLON,Танкер-химовоз / нефтепродуктовоз (MR2),49990.0,8.5,Маршалловы острова,vessel,29760.0,,,,2017.0,9.0,НИЗКИЙ РИСК
9672454,,"ATLANTICA DELTA (ранее: ATLANTICA DELTC, ATLANTICA LELTA)",Буровая платформа / Судно для нефтегазового сектора (Offshore Drilling Rig / Platform),,,Панама,vessel,18210.0,,,,2015.0,11.0,НИЗКИЙ РИСК
9636644,,MAERSK AEGEAN (ранее: SEA AUVA),Танкер-химовоз / нефтепродуктовоз (MR1),37538.0,,Дания (DIS),vessel,23297.0,,,,2013.0,13.0,НИЗКИЙ РИСК
9487380,,ALAND (ранее: ANZER),Небольшой танкер для перевозки нефтепродуктов и химикатов (Chemical/Oil Products Tanker),4995.0,,Мальта,vessel,3308.0,,,,2013.0,13.0,НИЗКИЙ РИСК
9888340,,YASA ORION,Танкер-химовоз / нефтепродуктовоз (MR2),50215.0,,Маршалловы острова,vessel,29681.0,,,,2021.0,5.0,НИЗКИЙ РИСК
9924003,,AMALIA M,Танкер для перевозки сырой нефти (Suezmax),157010.0,9.3,Маршалловы острова,vessel,80917.0,,,,2022.0,4.0,ВЫСОКИЙ РИСК
9943322,,CL EMILY BRONTE,Танкер-химовоз / нефтепродуктовоз (MR2),49348.0,12.9,Либерия,vessel,30259.0,,,,2023.0,3.0,НИЗКИЙ РИСК
9953418,,AGISILAOSIMO номер: 9953418,Танкер-химовоз / нефтепродуктовоз (MR2),50113.0,8.0,Маршалловы острова,vessel,29565.0,,,,2023.0,3.0,НИЗКИЙ РИСК
9654701,,KOOL KELVIN (ранее: GOLAR KELVIN),Газовоз (LNG Tanker),90580.0,10.6,Маршалловы острова,vessel,105832.0,,,,2015.0,11.0,НИЗКИЙ РИСК
9418602,,"MOSCOW SPIRIT (ранее: PRINCIMAR STRENGTH, ORIENT PIONEER)",Танкер для перевозки сырой нефти (Suezmax),156480.0,15.4,Багамские острова,vessel,83850.0,,,,2010.0,16.0,НИЗКИЙ РИСК
9377054,,LAMENTIN,Газовоз (LPG) / Танкер-химовоз,11320.0,5.4,Мальта,vessel,7292.0,,,,2007.0,19.0,НИЗКИЙ РИСК
1042550,,AEGEAN FIGHTER,Танкер для перевозки сырой нефти (Suezmax),157000.0,15.6,Греция,vessel,803062.0,,,,2026.0,,НИЗКИЙ РИСК
9335032,,MRC SEDEF (ранее: NCC RABIGH),Танкер-химовоз / нефтепродуктовоз,45951.0,11.6,Мальта,vessel,29586.0,,,,2007.0,19.0,НИЗКИЙ РИСК
9367671,,MINERVA MEDITERRANEA,Танкер для перевозки нефтепродуктов (MR2),47522.0,11.8,Мальта,vessel,26897.0,,,,2008.0,18.0,ВЫСОКИЙ РИСК
9973901,,NAVIG8 EXCEL,Танкер-химовоз / нефтепродуктовоз (Medium Range / IMO 2),49127.0,11.2,Сингапур,vessel,30380.0,,,,2024.0,2.0,НИЗКИЙ РИСК
9681120,,CMC ANTILLANCA (ранее: STI SAN ANTONIO),Танкер-химовоз / нефтепродуктовоз (MR2),49990.0,8.0,Либерия,vessel,29838.0,,,,2014.0,12.0,НИЗКИЙ РИСК
9299874,,"VIREL (ранее: VIPER, BEKS ROSE, NCC NAJD)",Танкер-химовоз / нефтепродуктовоз,45998.0,10.8,Камерун,vessel,29646.0,,,,2005.0,21.0,ВЫСОКИЙ РИСК
9412098,,PHAETHON,Танкер для перевозки сырой нефти (Suezmax),158267.0,,Греция,vessel,80028.0,,,,2009.0,17.0,НИЗКИЙ РИСК
9758090,,BOW SUCCESS (ранее: FAIRCHEM SUCCESS),Танкер-химовоз / нефтепродуктовоз (Chemical/Oil Products Tanker),22346.0,9.5,Панама,vessel,13120.0,,,,2017.0,9.0,НИЗКИЙ РИСК
9824928,,ORIENTAL VIOLA,Танкер-химовоз / нефтепродуктовоз (Small Chemical/Products Tanker),16293.0,8.7,Панама,vessel,9442.0,,,,2020.0,6.0,НИЗКИЙ РИСК
9459060,,"NAVE ATRIA (ранее: NAVE, NAVE&ATRIA)",Танкер-химовоз / нефтепродуктовоз (MR2),49992.0,11.7,Панама,vessel,30052.0,,,,2012.0,14.0,НИЗКИЙ РИСК
1021702,,BISE,Танкер-химовоз / нефтепродуктовоз (Product Tanker),18644.0,7.3,Маршалловы острова,vessel,12118.0,,,,2025.0,1.0,НИЗКИЙ РИСК
9531636,,TORM GEMMA (ранее: SKS DEMINI),Танкер для перевозки сырой нефти / нефтепродуктов (Aframax / LR2),119456.0,12.6,Сингапур,vessel,66211.0,,,,2012.0,14.0,НИЗКИЙ РИСК
9215294,,BOW SIRIUS,Танкер-химовоз (Chemical/Oil Products Tanker),49539.0,10.9,Норвегия,vessel,29993.0,,,,2006.0,20.0,НИЗКИЙ РИСК
9579585,,ALMI VOYAGER,Танкер для перевозки сырой нефти (Suezmax),157638.0,16.8,Либерия,vessel,84156.0,,,,2014.0,12.0,НИЗКИЙ РИСК
9737096,,EPICURUS,Танкер-химовоз / нефтепродуктовоз (LR1 / Panamax),79945.0,7.6,Багамские острова,vessel,44389.0,,,,2017.0,9.0,НИЗКИЙ РИСК
9382504,,KOWIE,Танкер-химовоз / нефтепродуктовоз,16886.0,4.0,Нигерия,vessel,11271.0,,,,2010.0,16.0,ВЫСОКИЙ РИСК
9941910,,MULBERRY EXPRESS,Танкер-химовоз / нефтепродуктовоз (MR2),49858.0,,Маршалловы острова,vessel,29472.0,,,,2022.0,4.0,НИЗКИЙ РИСК
9728435,,IONIC ALTHEA (ранее: DIAMOND FAITH),Танкер для перевозки сырой нефти (Aframax/LR2),114737.0,8.5,Маршалловы острова,vessel,63771.0,,,,2016.0,10.0,НИЗКИЙ РИСК
9466582,,ADVANTAGE SPRING (ранее: REEF),Танкер для перевозки сырой нефти (Suezmax),156597.0,9.0,Маршалловы острова,vessel,84157.0,,,,2010.0,16.0,НИЗКИЙ РИСК
9808467,,BEDFORD (ранее: BELUGA PACIFIC),Танкер-нефтепродуктовоз,17988.0,4.5,Нигерия,vessel,14876.0,,,,2018.0,8.0,НИЗКИЙ РИСК
9127186,,"ALGO (ранее: ALGOMA HANSA, AMALIENBORG)",Танкер-химовоз / нефтепродуктовоз,16775.0,5.4,Либерия,vessel,11290.0,,,,1998.0,28.0,ВЫСОКИЙ РИСК
9229051,,"SATYA (ранее: GLOBE, THUN GLOBE, BRO GLOBE)",Танкер-химовоз / нефтепродуктовоз (Small Product Tanker),7559.0,6.5,Нигерия,vessel,4107.0,,,,2001.0,25.0,ВЫСОКИЙ РИСК
9912139,,ATLANTIC,Танкер для перевозки сырой нефти (Suezmax),158338.0,9.3,Греция,vessel,80688.0,,,,2022.0,4.0,НИЗКИЙ РИСК
8907319,,"AILSA CRAIG I (ранее: RUBY III, ORPHEUS ASIA)","Плавучая установка для хранения и отгрузки нефти (FSO), бывший VLCC",274990.0,,Либерия,vessel,150704.0,,,,1990.0,36.0,
9589748,,RIO APURE (ранее: MELITA),Танкер для перевозки сырой нефти (Suezmax),158658.0,15.3,Маршалловы острова,vessel,81384.0,,,,2011.0,15.0,ВЫСОКИЙ РИСК
9303247,,"GREEN EAGLE (ранее: NORDIC CASTOR, ROMANTIC)",Танкер для перевозки сырой нефти (Suezmax),150249.0,12.3,Маршалловы острова,vessel,78922.0,,,,2004.0,22.0,ВЫСОКИЙ РИСК
9379325,,"FORTUNE (ранее: PS LONDON, INDIAN POINT)",Танкер-химовоз / нефтепродуктовоз (MR2),50922.0,10.6,Либерия,vessel,30119.0,,,,2008.0,18.0,ВЫСОКИЙ РИСК
9231602,,LEVANTO (ранее: ST VANESSA),Танкер-нефтепродуктовоз,19117.0,4.1,Нигерия,vessel,11118.0,,,,2002.0,24.0,
9164847,,"ELI AKASO (ранее: FARM, ARM, ARMADA ULYSSES, ULYSSES)","Плавучая установка для хранения и отгрузки нефти (FSO), бывший VLCC танкер",310137.0,10.3,Панама,vessel,160036.0,,,,1999.0,27.0,ВЫСОКИЙ РИСК
9180255,,"GALILEAN 7 (ранее: RIDGEBURY PRIDE, PRIDE, BRITISH PRIDE)","Плавучая установка для хранения и отгрузки нефти (FSO), бывший VLCC танкер",305796.0,23.0,Маршалловы острова,vessel,160216.0,,,,2000.0,26.0,ВЫСОКИЙ РИСК
9886770,,NISSOS IOS,Танкер для перевозки сырой нефти (Suezmax),157447.0,9.2,Маршалловы острова,vessel,81502.0,,,,2021.0,5.0,НИЗКИЙ РИСК
9575589,,SONANGOL CABINDA,Танкер для перевозки сырой нефти (Suezmax),157747.0,9.4,Багамские острова,vessel,83753.0,,,,2013.0,13.0,СРЕДНИЙ РИСК
9666077,,CS IMPERATIVE (ранее: STENA IMPERATIVE),Танкер-химовоз / нефтепродуктовоз (MR2),49777.0,5.9,США,vessel,29680.0,,,,2016.0,10.0,
9798296,,"SAVANNA (ранее: PANGNIU, BABYLON)",Танкер-нефтепродуктовоз,24202.0,,Панама,vessel,20421.0,,,,2017.0,9.0,ВЫСОКИЙ РИСК
9239654,,MATRIX S. ILU (ранее: JINAN),Танкер-химовоз / нефтепродуктовоз (Handy),40232.0,8.6,Нигерия,vessel,25408.0,,,,2003.0,23.0,НИЗКИЙ РИСК
9160932,,"ZANGO (ранее: SADO, MOSUNMOLA, BRO ATLAND)",Танкер-нефтепродуктовоз,16326.0,,Нигерия,vessel,11377.0,,,,1999.0,27.0,ВЫСОКИЙ РИСК
9858785,,"HOLMES (ранее: GOLDEN DAHLIA, OCEAN ROSE)",Танкер-химовоз / нефтепродуктовоз,34834.0,,Маршалловы острова,vessel,24576.0,,,,2021.0,5.0,ВЫСОКИЙ РИСК
9469455,,EMANTHA,Танкер-химовоз / нефтепродуктовоз,16500.0,,Панама,vessel,11438.0,,,,2010.0,16.0,
9248423,,"ALKEBULAN (ранее: NORDIC APOLLO, GLYFADA SPIRIT, EURO SPIRIT)",Танкер-нефтевоз (Suezmax),159988.0,,Маршалловы острова,vessel,81310.0,,,,2003.0,23.0,ВЫСОКИЙ РИСК
9241815,,ST ZEEZEE (ранее: CIELO DI MILANO),Танкер-химовоз / нефтепродуктовоз (Handy),40083.0,,Нигерия,vessel,25382.0,,,,2003.0,23.0,ВЫСОКИЙ РИСК
9808479,,"BALHAM (ранее: ORCA PACIFIC, BILLITON PALM)",Танкер-нефтепродуктовоз,17962.0,,Нигерия,vessel,14876.0,,,,2018.0,8.0,ВЫСОКИЙ РИСК
9878046,,SHERLOCK,Танкер-химовоз / нефтепродуктовоз,34798.0,,Нигерия,vessel,24576.0,,,,2021.0,5.0,ВЫСОКИЙ РИСК
9341380,,"RATHBONE (ранее EMOCEAN, HANZE MANGALORE и др.)",Танкер-химовоз / нефтепродуктовоз,12278.0,,Маршалловы острова,vessel,7446.0,,,,2007.0,19.0,ВЫСОКИЙ РИСК
9165176,,CAPT GREGORY,Танкер-нефтепродуктовоз,31259.0,,Нигерия,vessel,23386.0,,,,1998.0,28.0,ВЫСОКИЙ РИСК
9690157,,LNG PORT-HARCOURT IIIMO номер: 9690157,Газовоз (LNG Tanker),87139.0,,Бермудские острова,vessel,116568.0,,,,2015.0,11.0,НИЗКИЙ РИСК
9231705,,HALIMA (ранее: VALDAOSTA),Танкер-нефтепродуктовоз,26200.0,,Нигерия,vessel,17600.0,,,,2002.0,24.0,ВЫСОКИЙ РИСК
1019773,,AEGEAN CIMO номер: 1019773,Танкер-химовоз / нефтепродуктовоз (MR2),50159.0,,Либерия,vessel,30056.0,,,,2025.0,1.0,НИЗКИЙ РИСК
9558397,,"CHEM SIRIUS (ранее: VALOROUS QUEEN, LADY KIHO)",Танкер-химовоз / нефтепродуктовоз (IMO II/III),19986.0,,Либерия,vessel,11994.0,,,,2011.0,15.0,НИЗКИЙ РИСК
9789312,,ENRICO FERMI,"Газовоз (LPG Tanker, полностью рефрижераторный)",28532.0,,Мальта,vessel,25248.0,,,,2018.0,8.0,НИЗКИЙ РИСК
9896933,,BW CASSIA,Газовоз (LNG Tanker),94000.0,,Сингапур,vessel,115373.0,,,,2022.0,4.0,.
9974759,,GAS JESSAMINE,"Газовоз (VLEC — Very Large Ethane Carrier, также классифицируется как LPG)",60506.0,,Сингапур,vessel,56081.0,,,,2025.0,1.0,НИЗКИЙ РИСК
9827578,,OINOUSSIAN STAR,Танкер-химовоз / нефтепродуктовоз (MR2),49999.0,,Маршалловы острова,vessel,29544.0,,,,2018.0,8.0,НИЗКИЙ РИСК
9722792,,CHALLENGER,"Газовоз (LPG Tanker, VLGC — Very Large Gas Carrier)",54509.0,,Багамские острова,vessel,47379.0,,,,2015.0,11.0,НИЗКИЙ РИСК
9880403,,FOREVER BRILLIANCY,Танкер-нефтепродуктовоз (MR2 — Medium Range),49999.0,,Гонконг,vessel,29063.0,,,,2021.0,5.0,НИЗКИЙ РИСК
9817509,,CHEM SELENIUM (ранее: STREAM ARCTIC),Танкер-химовоз / нефтепродуктовоз (Chemical/Oil Products Tanker),19998.0,,Маршалловы острова,vessel,12075.0,,,,2018.0,8.0,НИЗКИЙ РИСК
9782508,,KIRISHIMA,Нефтяной танкер класса VLCC (Very Large Crude Carrier),312539.0,,Панама,vessel,160274.0,,,,2017.0,9.0,НИЗКИЙ РИСК
9702209,,TORM DAGMAR (ранее JANE S),Танкер-химовоз / нефтепродуктовоз (MR — Medium Range),49999.0,,Сингапур,vessel,29485.0,,,,2015.0,11.0,НИЗКИЙ РИСК
9875800,,LNGSHIPS EMPRESSIMO номер: 9875800,"Газовоз (LNG Tanker, мембранный тип)",88592.0,,Мальта,vessel,115345.0,,,,2021.0,5.0,НИЗКИЙ РИСК
1015258,,PARNASSOS,Нефтяной танкер класса VLCC (Very Large Crude Carrier),302062.0,,Багамские острова,vessel,1572082.0,,,,2025.0,1.0,НИЗКИЙ РИСК
9827451,,CHEMSTAR TIERRAIMO номер: 9827451,Танкер-химовоз / нефтепродуктовоз (Chemical/Product Tanker),21117.0,,Панама,vessel,12238.0,,,,2018.0,8.0,НИЗКИЙ РИСК
9667473,,STENA IMAGEIMO номер: 9667473,Танкер-химовоз / нефтепродуктовоз (MR — Medium Range),49719.0,,Дания,vessel,29666.0,,,,2015.0,11.0,НИЗКИЙ РИСК
9874507,,EBN HAWKELIMO номер: 9874507,Танкер для перевозки сырой нефти (Aframax / LR2),112003.0,,Мальта,vessel,60435.0,,,,2021.0,5.0,НИЗКИЙ РИСК
9682368,,SILVER CINDY (ранее также: BAHIA MARINER),Танкер-химовоз / нефтепродуктовоз (MR — Medium Range),49746.0,,Маршалловы острова,vessel,29460.0,,,,2014.0,12.0,НИЗКИЙ РИСК
9315783,,SEAVICTORY,Танкер-химовоз / нефтепродуктовоз (MR — Medium Range),46702.0,,Мальта,vessel,29348.0,,,,2007.0,19.0,НИЗКИЙ РИСК
1031513,,TIAN SHU XING,Танкер-химовоз / нефтепродуктовоз (MR — Medium Range),49994.0,,Гонконг,vessel,299992.0,,,,2025.0,1.0,НИЗКИЙ РИСК
9704465,,STI PONTIAC,Танкер-химовоз / нефтепродуктовоз (MR — Medium Range),49990.0,,Маршалловы острова,vessel,29899.0,,,,2015.0,11.0,НИЗКИЙ РИСК
9322657,,YUYOIMO номер: 9322657,"Газовоз (LPG Tanker, низкотемпературный)",49772.0,,Панама,vessel,46272.0,,,,2008.0,18.0,НИЗКИЙ РИСК
9958391,,GAS AMETHYST,"Газовоз (VLGC — Very Large Gas Carrier, двухтопливный)",56337.0,,Панама,vessel,49561.0,,,,2024.0,2.0,НИЗКИЙ РИСК
9389320,,VICENTE GUERRERO IIIMO номер: 9389320,Танкер-химовоз / нефтепродуктовоз (MR — Medium Range),46925.0,,Мексика,vessel,29304.0,,,,2009.0,17.0,НИЗКИЙ РИСК
7708302,,YUUM K'AK'NAAB (в переводе с майя — «Повелитель моря»),,360700.0,,Мексика,vessel,1898632.0,,,,1981.0,,НИЗКИЙ РИСК
9831828,,FRONT SAVANNAHIMO номер: 9831828,Танкер для перевозки сырой нефти (Suezmax),157271.0,,Гонконг,vessel,82305.0,,,,2019.0,7.0,НИЗКИЙ РИСК
9766310,,SONANGOL CAZENGAIMO номер: 9766310,Танкер для перевозки сырой нефти (Suezmax),156899.0,,Багамские острова,vessel,84214.0,,,,2017.0,9.0,НИЗКИЙ РИСК
1050959,,SEGWAY,Танкер для перевозки сырой нефти (Suezmax),156030.0,,Либерия,vessel,846772.0,,,,2025.0,1.0,НИЗКИЙ РИСК
9935648,,SEA GALAXYIMO номер: 9935648,Танкер для перевозки сырой нефти (Suezmax),156274.0,,Либерия,vessel,82778.0,,,,2022.0,4.0,НИЗКИЙ РИСК
9417012,,EAGLE KUANTAN,Танкер для перевозки сырой нефти (Aframax / LR2),107481.0,,Сингапур,vessel,60379.0,,,,2010.0,16.0,НИЗКИЙ РИСК
9987627,,BRAVE FUTURE,Газовоз (MGC — Midsize Gas Carrier),24959.0,,Португалия (Мадейра),vessel,28559.0,,,,2025.0,1.0,НИЗКИЙ РИСК
9352133,,CARIBE LUNA,Танкер-химовоз / нефтепродуктовоз (Intermediate),13157.0,,Либерия,vessel,8545.0,,,,2006.0,20.0,НИЗКИЙ РИСК
9682447,,ALBERTIMO номер: 9682447,"Газовоз (VLGC — Very Large Gas Carrier, полностью рефрижераторный)",54354.0,,Панама,vessel,47308.0,,,,2014.0,12.0,НИЗКИЙ РИСК
9706425,,STI NOTTING HILLIMO номер: 9706425,Танкер-химовоз / нефтепродуктовоз (MR — Medium Range),49687.0,,Маршалловы острова,vessel,29897.0,,,,2015.0,11.0,НИЗКИЙ РИСК
9702003,,,"Газовоз (VLGC — Very Large Gas Carrier, полностью рефрижераторный)",54494.0,,Багамские острова,vessel,47379.0,,,,2015.0,11.0,НИЗКИЙ РИСК
9447744,,CHAMPION CORNELIAIMO номер: 9447744,Танкер-химовоз / нефтепродуктовоз (MR Tanker),49999.0,,Либерия,vessel,29680.0,,,,2010.0,16.0,НИЗКИЙ РИСК
9537745,,EAST LOYALTYIMO номер: 9537745,Нефтеналивной танкер (VLCC — Very Large Crude Carrier),323183.0,11.3,Маршалловы острова,vessel,164688.0,,,,2011.0,15.0,НИЗКИЙ РИСК
9683362,,SILVER GWEN,Танкер-химовоз / нефтепродуктовоз (MR Tanker),49746.0,11.9,Панама,vessel,29553.0,,,,2014.0,12.0,НИЗКИЙ РИСК
9365635,,SEYCHELLES PATRIOT,Танкер-химовоз / нефтепродуктовоз (Type II),45680.0,10.8,Сейшельские острова,vessel,27007.0,,,,2008.0,18.0,НИЗКИЙ РИСК
9724609,,SEA FRACTUS,Танкер-химовоз / нефтепродуктовоз (MR Tanker),45999.0,10.5,Маршалловы острова,vessel,30948.0,,,,2016.0,10.0,НИЗКИЙ РИСК
9816763,,GASLOG WARSAWIMO номер: 9816763,Газовоз (LNG Tanker),92996.0,11.2,Греция,vessel,120859.0,,,,2019.0,7.0,НИЗКИЙ РИСК
9726475,,TORM TROILUS,Танкер-химовоз / нефтепродуктовоз (MR Tanker),49667.0,11.5,Сингапур,vessel,29609.0,,,,2016.0,10.0,НИЗКИЙ РИСК
9689990,,NEW TRIUMPH,Нефтеналивной танкер (VLCC — Very Large Crude Carrier),318239.0,11.6,Гонконг,vessel,165864.0,,,,2015.0,11.0,НИЗКИЙ РИСК
9816323,,ALMI ATLASIMO номер: 9816323,Нефтеналивной танкер (VLCC — Very Large Crude Carrier),315221.0,11.3,Либерия,vessel,162306.0,,,,2018.0,8.0,НИЗКИЙ РИСК
9558971,,CHEMICAL MARINER,Танкер-химовоз / нефтепродуктовоз (IMO II/III),14301.0,,Мальта,vessel,8259.0,,,,2010.0,16.0,НИЗКИЙ РИСК
9248825,,,Нефтяной танкер (Suezmax),159392.0,,Панама,vessel,812702.0,,,,2003.0,23.0,ВЫСОКИЙ РИСК
9946398,,IGNACY ŁUKASIEWICZ,"Газовоз (LNG Tanker, мембранный тип)",95440.0,,Франция,vessel,114100.0,,,,2023.0,3.0,НИЗКИЙ РИСК
9986116,,SHAFALLAH,Газовоз (LNG Tanker),94326.0,,Либерия,vessel,114983.0,,,,2025.0,1.0,НИЗКИЙ РИСК
9636735,,PALU LNGIMO номер: 9636735,"Газовоз (LNG Tanker, мембранный тип)",89874.0,,Мальта,vessel,103885.0,,,,2014.0,12.0,НИЗКИЙ РИСК
9733959,,DHT TIGER,Нефтяной танкер класса VLCC (Very Large Crude Carrier),299629.0,,Маршалловы острова,vessel,154487.0,,,,2017.0,9.0,НИЗКИЙ РИСК
9793387,,ORIENT INNOVATIONIMO номер: 9793387,Танкер-химовоз / нефтепродуктовоз (MR — Medium Range),49997.0,,Сингапур,vessel,29766.0,,,,2017.0,9.0,НИЗКИЙ РИСК
9795543,,GAS ZENITHIMO номер: 9795543,"Газовоз (VLGC — Very Large Gas Carrier, полностью рефрижераторный)",54675.0,,Панама,vessel,474542.0,,,,2017.0,9.0,НИЗКИЙ РИСК
9792852,,HAI SHANG,Нефтеналивной танкер (Aframax / LR2),109900.0,,Либерия,vessel,62508.0,,,,2018.0,8.0,НИЗКИЙ РИСК
9292113,,SOMBEKE,Газовоз (LPG Tanker / MGC — Midsize Gas Carrier),29213.0,,Маршалловы острова,vessel,25994.0,,,,2006.0,20.0,НИЗКИЙ РИСК
9893656,,LEGACYIMO номер: 9893656,Газовоз (LPG Tanker / MGC — Midsize Gas Carrier),28886.0,9.9,Мальта,vessel,25110.0,,,,2021.0,5.0,НИЗКИЙ РИСК
9709087,,VIETNAM PROSPERITYIMO номер: 9709087,Нефтеналивной танкер (VLCC — Very Large Crude Carrier),299320.0,,Либерия,vessel,154875.0,,,,2016.0,10.0,НИЗКИЙ РИСК
9315898,,BYZANTION,Танкер-химовоз / нефтепродуктовоз,39589.0,,Маршалловы острова,vessel,23340.0,,,,2007.0,19.0,НИЗКИЙ РИСК
9467794,,HAFNIA AUSTRALIA,Танкер-продуктовоз (LR1 — Long Range 1),74540.0,,Сингапур,vessel,42412.0,,,,2010.0,16.0,НИЗКИЙ РИСК
9855812,,GASLOG WESTMINSTER,Газовоз (LNG Tanker / СПГ-танкер),92800.0,,Бермудские острова,vessel,,,,,2020.0,6.0,НИЗКИЙ РИСК
9594767,,SEAWAYS COLORADO,Нефтеналивной танкер (Suezmax),158615.0,,Маршалловы острова,vessel,81341.0,,,,2012.0,14.0,НИЗКИЙ РИСК
9920784,,FRONT TWEEDIMO номер: 9920784,Нефтеналивной танкер (VLCC — Very Large Crude Carrier),299986.0,,Мальта,vessel,154449.0,,,,2022.0,4.0,НИЗКИЙ РИСК
9422146,,C. ETERNITYIMO номер: 9422146,Нефтеналивной танкер (VLCC — Very Large Crude Carrier),313875.0,,Панама,vessel,161830.0,,,,2010.0,16.0,НИЗКИЙ РИСК
9103403,,HUNTEGAS,Газовоз (LPG Tanker / Coaster),5807.0,7.4,Либерия,vessel,5725.0,,,,2000.0,26.0,НИЗКИЙ РИСК
9590319,,METRO MOON,Нефтеналивной танкер (Suezmax),160250.0,,Либерия,vessel,84628.0,,,,2013.0,13.0,НИЗКИЙ РИСК
9457452,,PRINCESS NATALIEIMO номер: 9457452,Нефтеналивной танкер (VLCC — Very Large Crude Carrier),320261.0,11.0,Кипр,vessel,162203.0,,,,2011.0,15.0,НИЗКИЙ РИСК
9961477,,GREENERGY OCEAN,Газовоз (LNG Tanker / СПГ-танкер),93876.0,9.5,Сингапур,vessel,115148.0,,,,2024.0,2.0,НИЗКИЙ РИСК
9773753,,SEACALM,Нефтеналивной танкер (Aframax),112119.0,13.5,Мальта,vessel,60142.0,,,,2017.0,9.0,НИЗКИЙ РИСК
9933767,,DANUBE RIVERIMO номер: 9933767,"Газовоз (VLGC — Very Large Gas Carrier, полностью рефрижераторный)",58666.0,8.1,Либерия,vessel,53451.0,,,,2023.0,3.0,НИЗКИЙ РИСК
9478614,,ALPINE LINKIMO номер: 9478614,Танкер-химовоз / нефтепродуктовоз (LR1 / Panamax),50209.0,8.4,Маршалловы острова,vessel,29981.0,,,,2010.0,16.0,НИЗКИЙ РИСК
9921075,,NORDIC HUNTERIMO номер: 9921075,Нефтеналивной танкер (Suezmax),157037.0,,Либерия,vessel,80934.0,,,,2022.0,4.0,НИЗКИЙ РИСК
9995442,,MUSTANG,Танкер-химовоз / нефтепродуктовоз (MR Tanker / Panamax LR1),50539.0,8.5,Либерия,vessel,29877.0,,,,2025.0,1.0,НИЗКИЙ РИСК
9721724,,LA MANCHA KNUTSEN,Газовоз (LNG Tanker / СПГ-танкер),92802.0,,Испания,vessel,116246.0,,,,2016.0,10.0,НИЗКИЙ РИСК
9798349,,ECO MARINA DEL REY,Танкер-химовоз / нефтепродуктовоз (MR Tanker),50267.0,,Маршалловы острова,vessel,29994.0,,,,2019.0,7.0,НИЗКИЙ РИСК
9397808,,BLUEFIN PEARL,Нефтеналивной танкер (Aframax / LR2),111402.0,13.5,Панама,vessel,59671.0,,,,2009.0,17.0,НИЗКИЙ РИСК
9832793,,RED RUM,"Газовоз (VLGC — Very Large Gas Carrier, полностью рефрижераторный)",55279.0,8.4,Сингапур,vessel,48714.0,,,,2020.0,6.0,НИЗКИЙ РИСК
9866782,,BOW PERSISTENT,Танкер-химовоз (Chemical/Oil Products Tanker),36225.0,11.6,Норвегия (NIS),vessel,22446.0,,,,2020.0,6.0,НИЗКИЙ РИСК
9402770,,IPANEMA STREETIMO номер: 9402770,Танкер-химовоз / нефтепродуктовоз (MR Tanker),47378.0,7.3,Либерия,vessel,26916.0,,,,2010.0,16.0,НИЗКИЙ РИСК
9853230,,NAVIG8 GLADIATOR,Танкер-химовоз / нефтепродуктовоз (MR Tanker),49762.0,9.0,Сингапур,vessel,30237.0,,,,2019.0,7.0,НИЗКИЙ РИСК
9960306,,PEREGRINE PACIFIC,"Танкер-химовоз / нефтепродуктовоз (MR Tanker, Type II/III)",49785.0,10.5,Сингапур,vessel,29463.0,,,,2023.0,3.0,НИЗКИЙ РИСК
9393101,,MONTE LEMAIMO номер: 9393101,Танкер для перевозки нефтепродуктов (Panamax / LR1),76578.0,8.2,Либерия,vessel,43885.0,,,,2010.0,16.0,НИЗКИЙ РИСК
9845104,,RAWAN,Танкер-химовоз / нефтепродуктовоз (MR Tanker),55634.0,12.5,Саудовская Аравия,vessel,34988.0,,,,2020.0,6.0,НИЗКИЙ РИСК
9870707,,NORD ELEGANCE,Танкер-химовоз / нефтепродуктовоз (MR / Panamax LR1),50415.0,11.2,Панама,vessel,29782.0,,,,2020.0,6.0,НИЗКИЙ РИСК
9902873,,EVERGREEN MARINER,Танкер-химовоз / нефтепродуктовоз (MR / Panamax / LR1),50275.0,9.0,Маршалловы острова,vessel,29649.0,,,,2021.0,5.0,НИЗКИЙ РИСК
9947627,,ORION HUGO,Газовоз (LNG Carrier),95751.0,11.3,Либерия,vessel,114221.0,,,,2025.0,1.0,НИЗКИЙ РИСК
9749386,,MTM NEW YORK,Танкер-химовоз / нефтепродуктовоз (MR Tanker),36068.0,11.5,Сингапур,vessel,21205.0,,,,2016.0,10.0,НИЗКИЙ РИСК
9733337,,BW FRIGG,"Газовоз (VLGC — Very Large Gas Carrier, полностью рефрижераторный)",54053.0,11.9,Маршалловы острова,vessel,47965.0,,,,2016.0,10.0,НИЗКИЙ РИСК
9793387,,ORIENT INNOVATION,Танкер-химовоз / нефтепродуктовоз (MR Tanker),49997.0,12.0,Сингапур,vessel,29766.0,,,,2017.0,9.0,НИЗКИЙ РИСК
9635808,,HAFNIA LYNX,Танкер-химовоз / нефтепродуктовоз (MR Tanker),49999.0,11.8,Сингапур,vessel,29737.0,,,,2013.0,13.0,НИЗКИЙ РИСК
9943346,,CL AGATHA CHRISTIEIMO номер: 9943346,Танкер-химовоз / нефтепродуктовоз (MR Tanker),49327.0,10.0,Либерия,vessel,30259.0,,,,2023.0,3.0,НИЗКИЙ РИСК
9974747,,GAS CAMELLIA,Газовоз (VLGC — Very Large Gas Carrier),60410.0,12.2,Сингапур,vessel,56081.0,,,,2024.0,2.0,НИЗКИЙ РИСК
9718806,,DANK SILVER,Танкер-химовоз / нефтепродуктовоз (MR Tanker),49734.0,11.2,Маршалловы острова,vessel,29354.0,,,,2016.0,10.0,НИЗКИЙ РИСК
9833668,,NAVIG8 GALLANTRY,Танкер-химовоз / нефтепродуктовоз (MR Tanker),49759.0,8.7,Сингапур,vessel,30237.0,,,,2019.0,7.0,НИЗКИЙ РИСК
9797981,,TORM HERDIS,Танкер для перевозки сырой нефти (Aframax / LR2),115109.0,14.1,Дания,vessel,64459.0,,,,2018.0,8.0,НИЗКИЙ РИСК
9735048,,BW MALACCA,"Газовоз (VLGC — Very Large Gas Carrier, полностью рефрижераторный, двухтопливный)",54268.0,8.1,Великобритания (регистрация: Остров Мэн),vessel,49131.0,,,,2016.0,10.0,НИЗКИЙ РИСК
9874480,,LNG ENTERPRISE,Газовоз (LNG Carrier),88744.0,11.5,Франция,vessel,115408.0,,,,2021.0,5.0,НИЗКИЙ РИСК
1077921,,TROPHY,Танкер-химовоз / нефтепродуктовоз (Chemical/Oil Products Tanker),39247.0,7.5,Либерия,vessel,24001.0,,,,2026.0,,НИЗКИЙ РИСК
9298650,,AMALTHEA,Танкер для перевозки сырой нефти (Aframax / LR2),107115.0,13.2,Греция,vessel,60007.0,,,,2006.0,20.0,СРЕДНИЙ РИСК
9794056,,P. BEL AIR (ранее ECO BEL AIR),Танкер для перевозки сырой нефти (Suezmax),157286.0,9.5,Португалия (Мадейра),vessel,81817.0,,,,2019.0,7.0,ВЫСОКИЙ РИСК
9857212,,YASA ALBATROSSIMO номер: 9857212,"Танкер-химовоз / нефтепродуктовоз (Chemical/Oil Products Tanker, класс LR1)",50215.0,11.6,Маршалловы острова,vessel,29681.0,,,,2019.0,7.0,НИЗКИЙ РИСК
9922782,,HUMORISTIMO номер: 9922782,"Газовоз (VLGC — Very Large Gas Carrier, полностью рефрижераторный)",57993.0,12.0,Сингапур,vessel,54634.0,,,,2023.0,3.0,НИЗКИЙ РИСК
9621584,,G. ARETE,"Газовоз (VLGC — Very Large Gas Carrier, полностью рефрижераторный)",54842.0,11.8,Панама,vessel,47459.0,,,,2013.0,13.0,НИЗКИЙ РИСК
9710397,,,"Газовоз (VLGC — Very Large Gas Carrier, полностью рефрижераторный)",53688.0,12.0,Китай,vessel,46976.0,,,,2016.0,10.0,НИЗКИЙ РИСК
9674725,,HIGH DISCOVERY,"Танкер-химовоз / нефтепродуктовоз (Chemical/Oil Products Tanker, класс MR)",45999.0,8.0,Либерия,vessel,29935.0,,,,2014.0,12.0,НИЗКИЙ РИСК
1043085,,DELOS T,Танкер-химовоз / нефтепродуктовоз (Chemical/Oil Products Tanker),50479.0,8.5,Маршалловы острова,vessel,29877.0,,,,2026.0,,НИЗКИЙ РИСК
9889904,,ORION SEA,Газовоз (LNG Carrier),88592.0,11.3,Мальта,vessel,115311.0,,,,2022.0,4.0,НИЗКИЙ РИСК
9752618,,,"Газовоз (VLEC — Very Large Ethane Carrier, специализированный танкер для перевозки этана)",59069.0,11.8,Маршалловы острова,vessel,57509.0,,,,2017.0,9.0,НИЗКИЙ РИСК
9984716,,KEFALONIA GAS (ранее NAUTILUS),"Газовоз (VLGC — Very Large Gas Carrier, полностью рефрижераторный)",56418.0,11.9,Либерия,vessel,49267.0,,,,2024.0,2.0,НИЗКИЙ РИСК
9735036,,BW MAGELLAN,"Газовоз (VLGC — Very Large Gas Carrier, полностью рефрижераторный)",54268.0,11.8,Великобритания (регистрация: Остров Мэн),vessel,49131.0,,,,2016.0,10.0,НИЗКИЙ РИСК
9928023,,ARZANAHIMO номер: 9928023,Танкер для перевозки сырой нефти (VLCC — Very Large Crude Carrier),299425.0,11.0,Либерия,vessel,156673.0,,,,2023.0,3.0,НИЗКИЙ РИСК
9765017,,SEAROVER,Танкер для перевозки сырой нефти (Crude Oil Tanker / Aframax),114049.0,8.5,Мальта,vessel,63758.0,,,,2017.0,9.0,ВЫСОКИЙ РИСК
9864784,,CELSIUS COPENHAGEN,Газовоз (LNG Carrier),92473.0,11.3,Маршалловы острова,vessel,119338.0,,,,2020.0,6.0,НИЗКИЙ РИСК
9270490,,"NILE (ранее CHEMTRANS SEA, RED DOLPHIN)IMO номер: 9270490",Танкер для перевозки сырой нефти (Crude Oil Tanker / Panamax),72365.0,8.0,Либерия (ранее отмечались флаги Гвинеи-Бисау),vessel,40763.0,,,,2004.0,22.0,ВЫСОКИЙ РИСК
1058341,,DELOS CIMO номер: 1058341,"Танкер-химовоз / нефтепродуктовоз (Chemical/Oil Products Tanker, класс MR)",49996.0,8.5,Либерия,vessel,30056.0,,,,2025.0,1.0,НИЗКИЙ РИСК
9392808,,SEAWAYS MYSTERY (ранее ALPINE MYSTERY),"Танкер-химовоз / нефтепродуктовоз (Chemical/Oil Products Tanker, класс MR)",49999.0,8.0,Маршалловы острова,vessel,29293.0,,,,2009.0,17.0,НИЗКИЙ РИСК
9938573,,HLS BLUE SAPPHIRE,"Газовоз (VLGC — Very Large Gas Carrier, полностью рефрижераторный)",55383.0,8.0,Либерия,vessel,48805.0,,,,2023.0,3.0,НИЗКИЙ РИСК
9402237,,"DOLPHIN PEARL (ранее BALTIC GALAXY, SOUTH VIGOUR)",Танкер для перевозки сырой нефти (Crude Oil Tanker / Aframax),114824.0,11.9,Панама,vessel,59408.0,,,,2009.0,17.0,НИЗКИЙ РИСК
9919151,,SAKURA VOYAGER,"Танкер-химовоз / нефтепродуктовоз (Chemical/Oil Products Tanker, класс MR)",49998.0,11.5,Панама,vessel,29949.0,,,,2021.0,5.0,НИЗКИЙ РИСК
9408102,,PELICAN STATE,"Танкер-химовоз / нефтепродуктовоз (Chemical/Oil Products Tanker, класс MR)",48598.0,12.0,США (US Flagged),vessel,29527.0,,,,2009.0,17.0,НИЗКИЙ РИСК
9948695,,,Газовоз (LNG Carrier),95165.0,,Маршалловы острова,vessel,111089.0,,,,2024.0,2.0,НИЗКИЙ РИСК
9375329,,GRAND ACE6 (ранее STX ACE 6),"Танкер-химовоз / нефтепродуктовоз (Chemical/Oil Products Tanker, класс MR)",46192.0,,Панама,vessel,30048.0,,,,2007.0,19.0,НИЗКИЙ РИСК
9935909,,LARGO EDEN,"Танкер-химовоз / нефтепродуктовоз (Chemical/Oil Products Tanker, класс MR)",49999.0,,Либерия,vessel,28630.0,,,,2022.0,4.0,НИЗКИЙ РИСК
1021922,,TRIPITI,"Танкер-химовоз / нефтепродуктовоз (Chemical/Oil Products Tanker, класс MR)",49995.0,,Либерия,vessel,29885.0,,,,2025.0,1.0,НИЗКИЙ РИСК
9887451,,GAS GABRIELA,"Газовоз (VLGC — Very Large Gas Carrier, полностью рефрижераторный)",53780.0,,Панама,vessel,48858.0,,,,2021.0,5.0,НИЗКИЙ РИСК
9498975,,"MONJASA STRIKER (ранее ACCRA, SP ATHENS, BUSCHUR)",Танкер-бункеровщик (Bunker Tanker / Oil Products Tanker),8839.0,,Панама,vessel,5256.0,,,,2010.0,16.0,НИЗКИЙ РИСК
9459084,,NAVE BELLATRIX,"Танкер-химовоз / нефтепродуктовоз (Chemical/Oil Products Tanker, класс MR)",49999.0,,Панама,vessel,30052.0,,,,2013.0,13.0,НИЗКИЙ РИСК
9833591,,STI MIRACLE (ранее MARLIN MIRACLE),"Танкер-химовоз / нефтепродуктовоз (Chemical/Oil Products Tanker, класс MR)",47499.0,,Маршалловы острова,vessel,29991.0,,,,2020.0,6.0,НИЗКИЙ РИСК
9702027,,COMMODORE,Газовоз (VLGC — Very Large Gas Carrier),54561.0,,Багамские острова,vessel,47379.0,,,,2015.0,11.0,НИЗКИЙ РИСК
9700342,,SEAWAYS LOOKOUT (ранее ACTIVE),"Танкер-химовоз / нефтепродуктовоз (Chemical/Oil Products Tanker, класс MR)",50135.0,,Либерия,vessel,29770.0,,,,2015.0,11.0,НИЗКИЙ РИСК
9321225,,GAS MIA (ранее GAS FRIEND),Газовоз (LPG Carrier / VLGC),49997.0,,Панама,vessel,46129.0,,,,2005.0,21.0,НИЗКИЙ РИСК
9353577,,OVERSEAS NIKISKI,"Танкер-химовоз / нефтепродуктовоз (Chemical/Oil Products Tanker, класс MR)",46666.0,,США (US Flagged),vessel,29242.0,,,,2009.0,17.0,НИЗКИЙ РИСК
9948293,,DAT VENUS,"Танкер-химовоз / нефтепродуктовоз (Chemical/Oil Products Tanker, класс MR)",49801.0,,Маршалловы острова,vessel,29463.0,,,,2023.0,3.0,НИЗКИЙ РИСК
9901398,,PACIFIC INEOS BELSTAFF,Газовоз (VLEC — Very Large Ethane Carrier),60227.0,,Либерия (согласно текущим данным AIS),vessel,56081.0,,,,2021.0,5.0,НИЗКИЙ РИСК
9428372,,VIRGEN DEL CISNE,"Танкер-химовоз / нефтепродуктовоз (Chemical/Oil Products Tanker, класс MR)",50078.0,,Кипр,vessel,30045.0,,,,2009.0,17.0,НИЗКИЙ РИСК
9832808,,REFERENCE POINT,Газовоз (LPG / VLGC — Very Large Gas Carrier),55427.0,,Сингапур,vessel,487142.0,,,,2020.0,6.0,НИЗКИЙ РИСК
8813697,,"PACIFIC MOON (ранее известен как JIREH PROVIDER, OTILIA)",Танкер для нефтепродуктов (Oil Products Tanker),8828.0,,Танзания,vessel,,,,,1989.0,37.0,ВЫСОКИЙ РИСК
9767235,,ISLA DE BIOKO,"Танкер-химовоз / нефтепродуктовоз (Chemical/Oil Products Tanker, класс MR/Panamax)",51609.0,,Панама,vessel,30480.0,,,,2016.0,10.0,НИЗКИЙ РИСК
9414216,,GINGA CHEETAH,"Танкер-химовоз / нефтепродуктовоз (Chemical/Oil Products Tanker, класс Handy)",26100.0,,Панама,vessel,16222.0,,,,2007.0,19.0,НИЗКИЙ РИСК
9697648,,SEAWAYS STAMFORD (ранее SAINT ALBANS BAY),"Танкер-химовоз / нефтепродуктовоз (Chemical/Oil Products Tanker, класс MR)",49990.0,,Маршалловы острова,vessel,29806.0,,,,2015.0,11.0,НИЗКИЙ РИСК
9970698,,LIBERTY PATHFINDER,Газовоз (LPG Carrier / VLGC — Very Large Gas Carrier),56392.0,,Япония,vessel,49541.0,,,,2024.0,2.0,НИЗКИЙ РИСК
9389837,,SEAWAYS GUAYAQUIL (ранее GULF CASTLE),Танкер для сырой нефти (LR1 / Panamax Tanker),74999.0,,Маршалловы острова,vessel,42486.0,,,,2009.0,17.0,НИЗКИЙ РИСК
9902172,,WHITE CLIFFS,Газовоз (LPG Carrier / VLGC — Very Large Gas Carrier),53971.0,,Панама,vessel,48887.0,,,,2021.0,5.0,НИЗКИЙ РИСК
9214305,,STOLT FOCUS (ранее BOW FAVOUR),"Танкер-химовоз / нефтепродуктовоз (Chemical/Oil Products Tanker, класс MR)",37467.0,,Каймановы острова,vessel,23190.0,,,,2001.0,25.0,НИЗКИЙ РИСК
9752395,,AMARTHEA,Танкер для сырой нефти (Aframax / LR2),112794.0,,Мальта,vessel,63593.0,,,,2018.0,8.0,НИЗКИЙ РИСК
9438224,,VALME B,Бункеровщик / Танкер для нефтепродуктов (Bunker Tanker / Oil Products Tanker),6936.0,,Панама,vessel,5034.0,,,,2008.0,18.0,НИЗКИЙ РИСК
9486934,,SAMOS,Танкер для сырой нефти (Aframax / LR2),104649.0,,Багамские острова,vessel,563262.0,,,,2010.0,16.0,НИЗКИЙ РИСК
9717280,,CIELO DI HANOI,"Танкер-химовоз / нефтепродуктовоз (Chemical/Oil Products Tanker, класс Handy)",39309.0,,Либерия,vessel,24184.0,,,,2016.0,10.0,НИЗКИЙ РИСК
9550709,,PELAGIC TURBOT (ранее SUMMIT AFRICA),Танкер-нефтепродуктовоз (LR1 / Panamax Tanker),73427.0,,Кипр,vessel,420102.0,,,,2009.0,17.0,НИЗКИЙ РИСК
9416654,,XIN SHEN YANG,Танкер для сырой нефти (VLCC — Very Large Crude Carrier),309189.0,,Китай,vessel,1614882.0,,,,2010.0,16.0,НИЗКИЙ РИСК
9747338,,ANTALYA (ранее PTI NILE),"Танкер-химовоз / нефтепродуктовоз (Chemical/Oil Products Tanker, класс MR)",49999.0,,Маршалловы острова,vessel,29557.0,,,,2016.0,10.0,НИЗКИЙ РИСК
1030301,,GAS PEONY,Газовоз (LPG Carrier / VLGC — Very Large Gas Carrier),64135.0,,Сингапур,vessel,57585.0,,,,2025.0,,НИЗКИЙ РИСК
1039632,,PACIFIC DUBHE,Газовоз (LPG Tanker / VLGC — Very Large Gas Carrier),64079.0,,Либерия,vessel,575832.0,,,,2026.0,,НИЗКИЙ РИСК
9425497,,"PATRICK C (ранее PERSEUS N, ELBTANK FRANCE)","Танкер-химовоз / нефтепродуктовоз (Chemical/Oil Products Tanker, класс Handy/MR1)",36264.0,,Либерия,vessel,23350.0,,,,2009.0,17.0,НИЗКИЙ РИСК
9899480,,CS HU BEI,Танкер-химовоз / нефтепродуктовоз (Chemical/Oil Products Tanker),47495.0,,Гонконг (Китай),vessel,29700.0,,,,2022.0,4.0,НИЗКИЙ РИСК
9694646,,TORM KRISTINA (ранее NISSOS THERASSIA),Танкер для сырой нефти и нефтепродуктов (Aframax / LR2),114322.0,,Дания,vessel,62914.0,,,,2015.0,11.0,НИЗКИЙ РИСК
9686742,,LUCKY CHEMIST (ранее STI TRIBECA),Танкер-химовоз / нефтепродуктовоз (Chemical/Oil Products Tanker),49990.0,,Панама,vessel,29806.0,,,,2015.0,11.0,НИЗКИЙ РИСК
9174385,,ZAMORA,Танкер-нефтепродуктовоз (Oil Products Tanker),45268.0,,Эквадор,vessel,27607.0,,,,1999.0,27.0,НИЗКИЙ РИСК
1084455,,FRONTIER VENTUREIMO номер: 1084455,Танкер для сырой нефти и нефтепродуктов (Aframax / LR2),113689.0,,Либерия,vessel,64316.0,,,,2026.0,,НИЗКИЙ РИСК
9265354,,AZTEC,Танкер-нефтепродуктовоз (Oil Products Tanker / LR1),68439.0,,Панама,vessel,39085.0,,,,2003.0,23.0,НИЗКИЙ РИСК
9919333,,GINGA GRUTTO (ранее FAIRCHEM GRUTTO),Танкер-химовоз / нефтепродуктовоз (Chemical/Oil Products Tanker),25151.0,,Маршалловы острова,vessel,158392.0,,,,2022.0,4.0,НИЗКИЙ РИСК
9281798,,"LIBERTAD VI (ранее CLIPPER BEAUNE, CRESCENT BEAUNE)",Танкер-нефтепродуктовоз (Oil Products Tanker),3491.0,,Эквадор,vessel,28692.0,,,,2005.0,21.0,НИЗКИЙ РИСК
9642411,,"LIBERTAD VII (ранее XIN HANG 707, ZHONG YUN 57, HUA HENG 6)",Танкер-нефтепродуктовоз (Oil Products Tanker),4732.0,,Эквадор,vessel,29912.0,,,,2012.0,14.0,НИЗКИЙ РИСК
9526681,,ACONCAGUA (ранее HENG XIN),Танкер-химовоз / нефтепродуктовоз (Chemical/Oil Products Tanker),13968.0,,Эквадор,vessel,88142.0,,,,2010.0,16.0,НИЗКИЙ РИСК
9876385,,PELICAN PACIFIC,Танкер-химовоз / нефтепродуктовоз (Chemical/Oil Products Tanker),49853.0,,Сингапур,vessel,294032.0,,,,2020.0,6.0,НИЗКИЙ РИСК
9174373,,SANTIAGO,Танкер-нефтепродуктовоз (Oil Products Tanker),45274.0,,Эквадор,vessel,276072.0,,,,1999.0,27.0,НИЗКИЙ РИСК
9683403,,SILVER HOUSTON,Танкер-химовоз / нефтепродуктовоз (Chemical/Oil Products Tanker),49746.0,,Панама,vessel,294602.0,,,,2015.0,11.0,НИЗКИЙ РИСК
9398591,,"VICTORIA (ранее SAMPURNA, FENG HAI YOU 1)",Танкер-нефтепродуктовоз (Oil Products Tanker),6412.0,,Эквадор,vessel,40322.0,,,,2007.0,19.0,НИЗКИЙ РИСК
9175482,,MARIA DEL CARMEN VI,Танкер-нефтепродуктовоз (Oil Products Tanker),4999.0,,Эквадор,vessel,38452.0,,,,1998.0,28.0,НИЗКИЙ РИСК
9670937,,MARIA DEL CARMEN IX (ранее NORD GERANIUM),Танкер-химовоз / нефтепродуктовоз (Chemical/Oil Products Tanker),39826.0,,Эквадор,vessel,250262.0,,,,2014.0,12.0,НИЗКИЙ РИСК
9309241,,EVROTAS,Танкер для сырой нефти (Crude Oil Tanker / LR1),61281.0,,Либерия,vessel,35711.0,,,,2006.0,20.0,НИЗКИЙ РИСК
9674775,,PRABHU MIHIKAA (ранее CLARICE),Танкер-химовоз / нефтепродуктовоз (Chemical/Oil Products Tanker),25926.0,,Сингапур,vessel,147502.0,,,,2014.0,12.0,НИЗКИЙ РИСК
9692296,,SILVER PHILIPPA,Танкер-химовоз / нефтепродуктовоз (Chemical/Oil Products Tanker),49680.0,,Маршалловы острова,vessel,295532.0,,,,2015.0,11.0,НИЗКИЙ РИСК
9043093,,"TABLONES (ранее BOMAR LYNX, NORDIC LYNX, NORTHERN LYNX)",Танкер-химовоз / нефтепродуктовоз (Chemical/Oil Products Tanker),16533.0,,Перу,vessel,113652.0,,,,2003.0,23.0,НИЗКИЙ РИСК
9214032,,BOW CONDOR,Танкер-химовоз / нефтепродуктовоз (Chemical/Oil Products Tanker),16121.0,,Маршалловы острова,vessel,92322.0,,,,2000.0,26.0,НИЗКИЙ РИСК
1042380,,XT SEAL,Танкер-химовоз / нефтепродуктовоз (Chemical/Oil Products Tanker),25900.0,,Либерия,vessel,171932.0,,,,2025.0,,НИЗКИЙ РИСК
9337523,,ATLANTIS AMSTERDAM,Танкер-химовоз / нефтепродуктовоз (Chemical/Oil Products Tanker),49999.0,,Маршалловы острова,vessel,293052.0,,,,2008.0,18.0,НИЗКИЙ РИСК
9502439,,SAN SAN H (ранее JIUJIANG),Танкер-химовоз / нефтепродуктовоз (Chemical/Oil Products Tanker),16880.0,5.4,Либерия,vessel,112532.0,,,На ходу (Under way),2010.0,16.0,НИЗКИЙ РИСК
9418145,,STRENGTH,Танкер-химовоз / нефтепродуктовоз (Chemical/Oil Products Tanker),50497.0,,Маршалловы острова,vessel,302382.0,,,,2009.0,17.0,НИЗКИЙ РИСК
9439785,,"YAS (ранее RIDGEBURY ALEXANDRA Z, YASA SEYHAN)",Танкер-химовоз / нефтепродуктовоз (Chemical/Oil Products Tanker),50251.0,10.5,Маршалловы острова,vessel,299492.0,,,На ходу (Under way),2009.0,17.0,НИЗКИЙ РИСК
9536923,,CHEMROAD POLARIS,Танкер-химовоз / нефтепродуктовоз (Chemical/Oil Products Tanker),35923.0,10.4,Панама,vessel,212272.0,,,На ходу (Under way),2014.0,12.0,НИЗКИЙ РИСК
9813319,,ALBERTO V,Танкер для нефтепродуктов (Oil Products Tanker),4622.0,,Аргентина,vessel,4052.0,,,,2017.0,9.0,НИЗКИЙ РИСК
9389643,,EXPEDIENT,Плавучая установка для хранения и регазификации СПГ (FSRU — Floating Storage and Regasification Unit),81895.0,,Маршалловы острова,vessel,100885.0,,,,2010.0,16.0,НИЗКИЙ РИСК
9452816,,JULIO A,Танкер-химовоз / нефтепродуктовоз (Chemical/Oil Products Tanker),12891.0,,Аргентина,vessel,82422.0,,,,2009.0,17.0,НИЗКИЙ РИСК
9472737,,GINGA BOBCAT,Танкер-химовоз / нефтепродуктовоз (Chemical/Oil Products Tanker),25954.0,,Панама,vessel,164522.0,,,,2010.0,16.0,СРЕДНИЙ РИСК
9253753,,CABO VIRGENES,Танкер для нефтепродуктов (Oil Products Tanker),69554.0,,Аргентина,vessel,404562.0,,,,2002.0,24.0,НИЗКИЙ РИСК
9473937,,JC BAZAN,Танкер-химовоз / нефтепродуктовоз (Chemical/Oil Products Tanker),17567.0,,Аргентина,vessel,112592.0,,,,2009.0,17.0,НИЗКИЙ РИСК
9680035,,MARIA EMILIA LV,Танкер-химовоз / нефтепродуктовоз (Chemical/Oil Products Tanker),7115.0,5.8,Аргентина,vessel,48342.0,,,Пришвартовано (Moored),2014.0,12.0,НИЗКИЙ РИСК
9425227,,CALDERA STAR (ранее NIDA STAR)IMO номер: 9425227,Танкер-химовоз / нефтепродуктовоз (Chemical/Oil Products Tanker),12593.0,,Либерия,vessel,86212.0,,,,2010.0,16.0,НИЗКИЙ РИСК
9388223,,DANIEL FIMO номер: 9388223,Танкер-химовоз / нефтепродуктовоз (Chemical/Oil Products Tanker),13117.0,,Аргентина,vessel,85422.0,,,,2008.0,18.0,НИЗКИЙ РИСК
9018115,,NANY,Танкер-химовоз (Chemical/Oil Products Tanker),3294.0,4.9,Аргентина,vessel,17162.0,,,На ходу (Under way),1994.0,32.0,НИЗКИЙ РИСК
9707261,,MAGIC CHEMIST,Танкер-химовоз / нефтепродуктовоз (Chemical/Oil Products Tanker),49990.0,7.2,Панама,vessel,298062.0,,,На ходу (Under way),2015.0,11.0,НИЗКИЙ РИСК
9443164,,TORM MALAYSIA,Танкер-химовоз / нефтепродуктовоз (Chemical/Oil Products Tanker),49999.0,,Дания,vessel,297262.0,,,,2011.0,15.0,НИЗКИЙ РИСК
9914292,,FAIRCHEM FYNBOS,Танкер-химовоз / нефтепродуктовоз (Chemical/Oil Products Tanker),19982.0,7.2,Маршалловы острова,vessel,121012.0,,,На ходу (Under way),2021.0,5.0,НИЗКИЙ РИСК
9981477,,TOUBKAL PARKIMO номер: 9981477,Танкер-химовоз / нефтепродуктовоз (Chemical/Oil Products Tanker),19971.0,6.1,Либерия,vessel,12221.0,,,На ходу (Under way),2025.0,1.0,НИЗКИЙ РИСК
9396024,,BOMAR OSPREY,Танкер-химовоз / нефтепродуктовоз (Chemical/Oil Products Tanker),25432.0,6.9,Маршалловы острова,vessel,178222.0,,,На якоре / Маневрирование,2009.0,17.0,НИЗКИЙ РИСК
9360946,,DOLPHIN 21,Танкер-химовоз / нефтепродуктовоз (Chemical/Oil Products Tanker),19874.0,6.3,Багамские острова,vessel,116412.0,,,На якоре (At anchor),2006.0,20.0,НИЗКИЙ РИСК
9379894,,KISO,Танкер-химовоз / нефтепродуктовоз (Chemical/Oil Products Tanker),33641.0,7.5,Панама,vessel,194202.0,,,На пути к терминалу / Маневрирование,2008.0,18.0,НИЗКИЙ РИСК
9941855,,BRUGGE,Танкер для сырой нефти (Suezmax),157138.0,13.7,Бельгия,vessel,802222.0,,,На ходу (Under way),2023.0,3.0,НИЗКИЙ РИСК
9985992,,EVA PEARL,Танкер-химовоз / нефтепродуктовоз (Chemical/Oil Products Tanker),19910.0,10.0,Филиппины,vessel,117922.0,,,На ходу (Under way),2024.0,2.0,НИЗКИЙ РИСК
9892717,,MARAN GAS ITHACA,Газовоз (LNG Tanker),93080.0,9.0,Греция,vessel,1154052.0,,,На ходу (Under way),2021.0,5.0,НИЗКИЙ РИСК
9769221,,ANNA KNUTSEN,Челночный танкер (Shuttle Tanker / Suezmax),152268.0,,Норвегия (NIS),vessel,839362.0,,,,2017.0,9.0,НИЗКИЙ РИСК
9999632,,ADVANTAGE SIERRA,Танкер для сырой нефти (Suezmax),157794.0,9.4,Маршалловы острова,vessel,842462.0,,,На ходу (Under way),2025.0,1.0,НИЗКИЙ РИСК
9284685,,CHEMROAD ECHOIMO номер: 9284685,Танкер-химовоз / нефтепродуктовоз (Chemical/Oil Products Tanker),33944.0,10.4,Панама,vessel,201172.0,,,На ходу (Under way),2004.0,22.0,НИЗКИЙ РИСК
9867607,,MTM VANCOUVER,Танкер-химовоз (Chemical/Oil Products Tanker),22344.0,9.5,Сингапур,vessel,131362.0,,,На ходу (Under way),2019.0,7.0,НИЗКИЙ РИСК
9459539,,STOLT OCELOT,Танкер-химовоз (Chemical/Oil Products Tanker),23324.0,7.4,Либерия,vessel,135162.0,,,На ходу (Under way),2008.0,18.0,НИЗКИЙ РИСК
9915947,,HEDDA KNUTSEN,Челночный танкер (DP2 Shuttle Tanker / Suezmax),154348.0,15.4,Норвегия (NIS),vessel,899392.0,,,На ходу (Under way),2024.0,2.0,НИЗКИЙ РИСК
9681209,,YUAN CHUN HU,Супертанкер (VLCC — Very Large Crude Carrier),308013.0,20.6,Китай,vessel,1625422.0,,,На ходу (маневрирование),2014.0,12.0,НИЗКИЙ РИСК
1031783,,BURAN,Танкер-химовоз (Chemical/Oil Products Tanker),18656.0,6.3,Маршалловы острова,vessel,12118.0,,,На якоре (At anchor),2025.0,1.0,НИЗКИЙ РИСК
9411082,,"NEW LIBERTY (бывш. NOBLEWAY, KNOCK CLUNE)",Нефтяной танкер (Suezmax),164028.0,,"Панама Основные габариты: Длина общая (LOA) — 274.00 м, ширина — 48.00 м",vessel,869902.0,,48.0,На ходу (в пути),2010.0,,взаимодействия с данным судном оценивается как низкий. Стандартная процедура проверки (Due Diligence) является полностью достаточной для подтверждения возможности сотрудничества.
9607734,,RAFFLES HARMONY (ранее: AG NEPTUNE),Нефтяной танкер (Aframax),105405.0,,Либерия,vessel,572212.0,,42.0,На ходу (в пути),2013.0,,взаимодействия с данным судном оценивается как низкий. Это прозрачный контрагент. Стандартная процедура проверки (Due Diligence) является полностью достаточной для подтверждения возможности сотрудничества.
9223916,,LISBON (ранее: CHEM HARVEST),Танкер-химовоз / нефтепродуктовоз,19783.0,,Багамские Острова,vessel,115152.0,,24.0,На ходу (в пути),2000.0,26.0,"взаимодействия с данным судном оценивается как низкий с точки зрения санкций, но средний с точки зрения операционных рисков из-за возраста судна и истории инспекций. Стандартная процедура проверки (Due Diligence) является достаточной, однако рекомендуется дополнительно изучить отчеты PSC (Port State Control) перед началом операций."
9162526,,VENUS,Танкер-химовоз / нефтепродуктовоз (MR2),45964.0,,Тувалу,vessel,283222.0,,32.2,На ходу,1998.0,,
9472634,,"AURA 1 (ранее: POWER, AMAX ANTHEM)",Нефтяной танкер (Aframax / LR2),116087.0,,Панама,vessel,613362.0,,43.8,На ходу,2011.0,,взаимодействия с данным судном — критический.
9377779,,VOZROZHDENIYE (ранее: MONARCH I),Нефтяной танкер (Aframax / LR2),105009.0,,Россия,vessel,584182.0,,42.0,На ходу (в пути),2007.0,,взаимодействия с данным судном — критический.
9407275,,CLEAROCEAN FUYO,Нефтяной танкер / танкер-химовоз (LR1 / Panamax),73666.0,,Сингапур,vessel,420102.0,,32.26,На ходу (в пути),2008.0,,взаимодействия с данным судном оценивается как низкий. Это легитимный и надежный контрагент для коммерческих операций. Стандартная процедура проверки (Due Diligence) является полностью достаточной для подтверждения возможности сотрудничества.
9484742,,FARHAHIMO номер: 9484742,Крупнотоннажный танкер для перевозки сырой нефти (VLCC — Very Large Crude Carrier),319302.0,,"Саудовская Аравия Основные габариты: Длина общая (LOA) — 333.00 м, ширина — 60.00 м",vessel,1628632.0,,60.0,На ходу.Текущий статус: Судно выполняет рейс в Египет (терминал Айн-Сухна),2010.0,,взаимодействия с данным судном оценивается как низкий. Это легитимный и надежный контрагент для коммерческих операций. Стандартная процедура проверки (Due Diligence) является полностью достаточной.
9486506,,NEW WISDOM,Крупнотоннажный танкер для перевозки сырой нефти (VLCC — Very Large Crude Carrier),317960.0,,Гонконг,vessel,1652782.0,,60.0,На ходу,2011.0,,взаимодействия с данным судном оценивается как низкий. Это прозрачный контрагент. Стандартная процедура проверки (Due Diligence) является полностью достаточной для подтверждения возможности сотрудничества.
9343352,,ALQADISIA,Нефтяной танкер (Aframax / LR2),115577.0,,"Маршалловы Острова Основные габариты: Длина общая (LOA) — 243.80 м, ширина — 42.00 м",vessel,591642.0,,42.0,"Судно завершило переход и ошвартовалось в порту Янбу, Саудовская Аравия.Текущий статус: Прибытие в Янбу зафиксировано 10 июня 2026 г (13:01 UTC)",2008.0,,"взаимодействия с данным судном оценивается как низкий/умеренный. Это легитимный контрагент. Тем не менее, учитывая государственную принадлежность (Ливия), рекомендуется стандартная проверка (Due Diligence) в рамках ваших корпоративных политик комплаенса для исключения любых специфических требований, связанных с контрагентами из данного региона."
9512757,,"ANDIAMO (ранее: HIGH PEARL, IA PEARL)",Танкер-продуктовоз (Oil Products Tanker),48023.0,,Маршалловы Острова,vessel,288132.0,,32.2,На ходу (в пути),2009.0,,взаимодействия с данным судном оценивается как низкий. Это надежный контрагент для стандартных коммерческих операций в нефтяном секторе. Достаточно проведения базовой проверки (Due Diligence).
9594133,,LENI P.IMO номер: 9594133,Нефтяной танкер (Suezmax),158640.0,,"Маршалловы Острова Основные габариты: Длина общая (LOA) — 274.39 м, ширина — 48.00 м",vessel,815482.0,,48.0,На ходу (в пути),2011.0,,"взаимодействия классифицируется как средний/повышенный. Несмотря на отсутствие в санкционных списках, манипуляции с данными AIS и политизированные метки назначения делают судно подозрительным контрагентом. Перед началом любой коммерческой активности с этим судном обязательна глубокая проверка (Enhanced Due Diligence), направленная на выявление конечных бенефициаров и проверку легитимности грузов. Использование этого судна в логистических операциях вблизи стран, применяющих строгие санкции, не рекомендуется."
9181857,,"ASTRA I (ранее: ATHINA II, AWI NA 3I, MORNING GLORY 1/V)",Нефтяной танкер (Panamax / LR1),74025.0,,Либерия,vessel,433572.0,,38.0,"Судно находится в состоянии длительного отстоя или активного сокрытия перемещений. Последние данные AIS получены около 180 дней назад, что является критическим признаком намеренного отключения транспондера (AIS-blackout)",1998.0,,ВЫСОКИЙ РИСК
9265873,,"KAMELOT (ранее: Karema, Seaways Alcmar, Overseas Alcmar, Alcmar)",Нефтяной танкер / продуктовоз (Oil Products Tanker),46248.0,,Сьерра-Леоне,vessel,300362.0,,32.2,На якоре / в ожидании,2004.0,,
9285835,,KOUSAI (ранее: SEA FIDELITY),Нефтяной танкер (Aframax / LR2),115341.0,14.0,Сьерра-Леоне,vessel,628062.0,,44.0,На ходу (в пути),2005.0,,ВЫСОКИЙ РИСК
9281009,,JI HANG,Нефтяной танкер (Aframax / LR2),115048.0,13.8,Камерун,vessel,628452.0,,44.0,На ходу (в пути),2004.0,,
9597006,,FLEVES,Нефтяной танкер (Suezmax),158517.0,9.0,Либерия,vessel,814762.0,,48.0,На ходу (в пути),2012.0,,
1041415,,FEDORA,Нефтяной танкер (Crude Oil Tanker / Aframax),113000.0,8.9,"Либерия Основные габариты: Длина общая (LOA) — 249.00 м, ширина — 44.00 м",vessel,642912.0,,44.0,На ходу (в пути),2026.0,,взаимодействия оценивается как низкий. Стандартная процедура проверки контрагента (Due Diligence) является достаточной.
9331141,,"RIZVEL (ранее KELLY GRACE, VELA RAIN)",Нефтяной танкер (Crude Oil Tanker),114858.0,14.5,Сьерра-Леоне,vessel,613482.0,,43.8,На ходу (в пути),2006.0,,
9331153,,MAYLO,Нефтяной танкер (Aframax),114795.0,8.0,"Сьерра-Леоне Основные габариты: Длина общая (LOA) — 248.99 м, ширина — 43.80 м",vessel,613482.0,,43.8,На ходу (в пути),2007.0,,
9332535,,SEA V,Нефтяной танкер (VLCC — Very Large Crude Carrier),317788.0,11.0,Гонконг,vessel,1607822.0,,60.0,На ходу (в пути),2007.0,,
9218181,,ATLANTIS MZ,Нефтяной танкер (Panamax / LR1),70514.0,7.1,Коморские острова,vessel,418412.0,,36.0,На ходу (в пути),2000.0,,
9516947,,NEW GIANT,Нефтяной танкер (VLCC — Very Large Crude Carrier),319611.0,21.3,Либерия,vessel,1662232.0,,60.0,На ходу (в пути),2016.0,,
9313474,,MOSTAR,Танкер-химовоз / продуктовоз (Chemical/Oil Products Tanker),51218.0,8.0,Панама,vessel,300682.0,,32.2,На ходу (в пути),2007.0,,
9402732,,URAN,Нефтяной танкер (VLCC — Very Large Crude Carrier),318068.0,10.6,Россия,vessel,1646802.0,,60.0,На ходу (в пути),2008.0,,
9289776,,MAISAN,Танкер для перевозки нефтепродуктов (Product Tanker),73741.0,,Бенин (в AIS) / Панама (в регистрационных данных) — типичный признак «флага удобства».,vessel,,228.0,32.24,,2005.0,,
9249178,,NUSA MERDEKA,Нефтяной танкер (Aframax),104875.0,,Индонезия,vessel,,243.55,42.0,На ходу (в пути),2003.0,,
9298272,,VALENTE,Нефтяной танкер (Panamax),73901.0,,Танзания (регистр судна часто классифицируется как «неизвестный» из-за частых манипуляций),vessel,,229.0,32.26,На ходу (в пути),2005.0,,
9350604,,NY LORD,Танкер для перевозки сжиженного нефтяного газа (LPG Tanker / VLGC),54691.0,11.8,Либерия,vessel,,226.0,36.6,На ходу (в пути),2008.0,,.
9292515,,PELAGOS,Нефтяной танкер (Aframax / LR2),115525.0,,Панама,vessel,,249.9,43.8,На ходу (в пути),2005.0,,
9351529,,RYNEM,Танкер-химовоз / нефтепродуктовоз (Chemical/Oil Products Tanker),40441.0,10.6,Маршалловы острова,vessel,,173.65,32.2,На ходу (в процессе постановки на якорь),2006.0,,
9414060,,STOLT NORLAND,Танкер-химовоз / нефтепродуктовоз (Chemical/Oil Products Tanker),43593.0,1.9,Каймановы острова,vessel,,182.72,32.2,На якоре (At anchor),2009.0,,
9827944,,SEA LION,Танкер-химовоз / нефтепродуктовоз (Chemical/Oil Products Tanker),28310.0,7.2,Гонконг (Китай),vessel,,177.0,27.5,На ходу (Under way),2018.0,,
9506693,,DARIKA,Танкер-химовоз / нефтепродуктовоз (Chemical/Oil Products Tanker),51063.0,10.0,Панама,vessel,,183.0,32.2,На якоре (At anchor),2011.0,,
9804837,,GINGA BLUE SHARK,Танкер-химовоз / нефтепродуктовоз (Chemical/Oil Products Tanker),25202.0,6.3,"Сингапур IMO номер: 9804837 Год постройки: 2019 (верфь Kitanihon Shipbuilding, Япония)",vessel,,160.0,25.0,На якоре (At anchor),2019.0,,
9367437,,OM JAIPUR,Танкер-химовоз / нефтепродуктовоз (Chemical/Oil Products Tanker),13102.0,6.0,Маршалловы острова,vessel,,128.6,20.4,На якоре (At anchor),2008.0,,
9327140,,SEA FORTUNE,Танкер-химовоз / нефтепродуктовоз (Chemical/Oil Products Tanker),19766.0,6.3,Гонконг (Китай),vessel,,144.03,24.2,На ходу (Under way),2005.0,,
9167136,,DAWN HARIDWAR,Нефтяной танкер / Танкер-продуктовоз (Crude Oil/Product Tanker),35024.0,6.5,Индия,vessel,,171.2,27.4,На ходу (Under way),1999.0,,
9304306,,MARINA AMAN,Танкер-химовоз / нефтепродуктовоз (Chemical/Oil Products Tanker),19707.0,8.1,Панама,vessel,,146.5,23.9,На ходу (Under way),2004.0,,
9867267,,SOUTHERN WOLF,Танкер-химовоз / нефтепродуктовоз (Chemical/Oil Products Tanker),21026.0,9.1,Либерия,vessel,,149.03,24.0,На якоре (At anchor),2019.0,,
9439670,,CAPTAIN A STELLATOS,Нефтяной танкер (Aframax / LR2),105849.0,8.2,Маршалловы острова,vessel,,244.0,42.0,На якоре (At anchor),2010.0,,
9340427,,LILA CONFIDENCE,Танкер-химовоз / нефтепродуктовоз (Chemical/Oil Products Tanker),19993.0,5.6,Либерия,vessel,,145.5,23.7,На якоре (At anchor),2006.0,,
9602916,,SEAKINGТип судна: Нефтяной танкер (VLCC — Very Large Crude Carrier),Нефтяной танкер (VLCC — Very Large Crude Carrier),319063.0,20.3,"Мальта IMO номер: 9602916 Год постройки: 2013 (верфь Hyundai Heavy Industries, Южная Корея)",vessel,,332.97,60.0,На якоре (At anchor),2013.0,,
9296377,,MARJORIEТип судна: Нефтяной танкер (Suezmax),Нефтяной танкер (Suezmax),149996.0,14.7,Сьерра-Леоне IMO номер: 9296377 Год постройки: 2006,vessel,,274.2,48.0,На якоре (At anchor),2006.0,,
1087627,,CAPE OLYMPUS,Нефтяной танкер / Танкер-химовоз (LR2),114800.0,13.7,Либерия,vessel,,250.0,44.0,На якоре / в режиме ожидания,2026.0,,
9432050,,GIANNIS,Нефтяной танкер (Suezmax / Crude Oil Tanker),149999.0,9.0,Либерия,vessel,,274.2,50.0,Пришвартовано (Moored),2011.0,,
9312860,,ELYSARIA,Нефтяной танкер (Aframax / LR2),105583.0,14.8,Либерия,vessel,,244.0,42.0,На ходу (Under way),2007.0,,
9708576,,GH UMEKO,Нефтяной танкер (Aframax / LR2),109999.0,9.0,Маршалловы острова,vessel,,250.0,44.0,На ходу (Under way),2015.0,,
9410533,,MED ATLANTICТип судна: Танкер-химовоз / нефтепродуктовоз (Chemical/Oil Products Tanker),Танкер-химовоз / нефтепродуктовоз (Chemical/Oil Products Tanker),26234.0,10.4,"Мальта IMO номер: 9410533 Год постройки: 2011 (верфь Eregli Shipyard, Турция)",vessel,,169.9,25.4,Пришвартовано (Moored),2011.0,,
9640645,,BW PAVILION LEEARAТип судна: Танкер для перевозки сжиженного природного газа (LNG Tanker),Танкер для перевозки сжиженного природного газа (LNG Tanker),86383.0,9.2,"Сингапур IMO номер: 9640645 Год постройки: 2015 (верфь Hyundai Heavy Industries, Южная Корея)",vessel,,288.9,45.6,Пришвартовано (Moored),2015.0,,
9610389,,NEXUS VICTORIA,Танкер-нефтепродуктовоз (Oil Products Tanker / Panamax),74734.0,8.0,Великобритания (остров Мэн),vessel,,228.0,32.26,На ходу (Under way),2015.0,,
9440382,,MIKELA P.,Нефтяной танкер (Suezmax),158007.0,9.2,Маршалловы острова,vessel,,274.0,48.0,Не определен (данные AIS устарели — 20 часов),2009.0,,
9705768,,CHEM SINGAPORE,Танкер-химовоз / нефтепродуктовоз (Chemical/Oil Products Tanker),19996.0,9.7,Либерия,vessel,,145.0,24.2,На ходу (в пути),2015.0,,
9686649,,FRONT COUGARТип судна: Нефтяной танкер (Aframax / LR2),Нефтяной танкер (Aframax / LR2),109896.0,13.5,"Маршалловы острова IMO номер: 9686649 Год постройки: 2016 (верфь Guangzhou Shipyard International, Китай)",vessel,,250.0,44.0,На ходу (в пути),2016.0,,
1030040,,MUGELLO,Танкер-химовоз / нефтепродуктовоз (Chemical/Oil Products Tanker),74976.0,8.0,Либерия,vessel,,228.0,36.0,На ходу (в пути),2025.0,,
9843340,,YUAN NAN HAI,Нефтяной танкер (Suezmax),158694.0,15.5,Китай,vessel,,274.3,48.0,На ходу (в пути),2020.0,,
9793258,,VEGA SUN,Газовоз СУГ (LPG Tanker / VLGC),50591.0,7.7,Либерия,vessel,,229.99,32.25,На ходу (в пути),2017.0,,
9971733,,NAVE NEUTRINOТип судна: Нефтяной танкер (Aframax / LR2),Нефтяной танкер (Aframax / LR2),115807.0,9.4,"Панама IMO номер: 9971733 Год постройки: 2025 (новое судно, возраст 1 год)",vessel,,249.9,44.0,На ходу (в пути),2025.0,1.0,
9719501,,BW ORION,Газовоз СУГ (LPG Tanker),54116.0,8.2,"Остров Мэн (Isle of Man, Великобритания)",vessel,,225.17,36.6,На ходу (в пути),2015.0,,
9916836,,RABDAN,Газовоз СУГ (VLGC — Very Large Gas Carrier),55145.0,8.4,Либерия IMO номер: 9916836 Год постройки: 2022 (Южная Корея),vessel,,230.0,36.6,На ходу (в пути),2022.0,,
9937062,,PERTAMINA GAS CASPIAТип судна: Газовоз СУГ (LPG Tanker / VLGC),Газовоз СУГ (LPG Tanker / VLGC),58257.0,8.1,"Панама IMO номер: 9937062 Год постройки: 2024 (верфь Hanwha Ocean, Южная Корея)",vessel,,230.0,37.0,На ходу (в пути),2024.0,,
9933664,,FRONT ORKLAТип судна: Нефтяной танкер (VLCC — Very Large Crude Carrier),Нефтяной танкер (VLCC — Very Large Crude Carrier),299976.0,11.0,Кипр IMO номер: 9933664 Год постройки: 2023,vessel,,329.99,60.0,На ходу (в пути),2023.0,,
9961518,,GREENERGY WINDТип судна: Газовоз СПГ (LNG Tanker),Газовоз СПГ (LNG Tanker),93000.0,9.6,Сингапур IMO номер: 9961518 Год постройки: 2026,vessel,,299.0,46.0,На ходу (в пути),2026.0,,
1074723,,,Танкер-химовоз / продуктовоз (Chemical/Oil Products Tanker),50469.0,7.4,Маршалловы острова IMO номер: 1074723 Год постройки: 2025,vessel,,183.0,32.0,На ходу (в пути),2025.0,,
9789257,,ATLANTIC FALCONТип судна: Танкер-химовоз / продуктовоз (Chemical/Oil Products Tanker),Танкер-химовоз / продуктовоз (Chemical/Oil Products Tanker),49951.0,11.2,Маршалловы острова IMO номер: 9789257 Год постройки: 2018,vessel,,183.06,32.2,На ходу (в пути),2018.0,,
9692131,,PIS JAWA,Танкер-химовоз / продуктовоз (Chemical/Oil Products Tanker),49552.0,,Панама,vessel,,183.0,32.2,,2015.0,,
9967249,,BANTRY BAYТип судна: Танкер-химовоз / продуктовоз (Chemical/Oil Products Tanker),Танкер-химовоз / продуктовоз (Chemical/Oil Products Tanker),49999.0,8.5,"Сингапур IMO номер: 9967249 Год постройки: 2023 (верфь Hyundai Vietnam Shipbuilding, Вьетнам)",vessel,,183.0,32.2,На ходу (в пути),2023.0,,
9797383,,STENA IMPERATOR,Танкер-химовоз / продуктовоз (Chemical/Oil Products Tanker),49690.0,11.4,Соединенное Королевство (Великобритания),vessel,,183.16,32.26,На ходу (в пути),2017.0,,
9780641,,CRYSTAL RIVERТип судна: Газовоз (LPG Tanker / VLGC),Газовоз (LPG Tanker / VLGC),54171.0,11.2,"Панама IMO номер: 9780641 Год постройки: 2017 (верфь Kawasaki Heavy Industries, Япония)",vessel,,229.9,37.2,На ходу (в пути),2017.0,,
9669938,,STI DUCHESSAТип судна: Танкер-химовоз / продуктовоз (Chemical/Oil Products Tanker),Танкер-химовоз / продуктовоз (Chemical/Oil Products Tanker),49990.0,11.1,Маршалловы острова IMO номер: 9669938 Год постройки: 2014,vessel,,183.12,32.2,На ходу (использует двигатель),2014.0,,
9770696,,TAKASAGOТип судна: Танкер для сырой нефти (VLCC — Very Large Crude Carrier),Танкер для сырой нефти (VLCC — Very Large Crude Carrier),313989.0,11.0,"Панама IMO номер: 9770696Год постройки: 2017 (верфь Japan Marine United Corporation, Япония)",vessel,,335.0,60.0,На ходу (использует двигатель),2017.0,,
9424273,,OLYMPIC LIGHT,Танкер для сырой нефти (VLCC — Very Large Crude Carrier),317106.0,11.0,Греция,vessel,,333.0,60.0,На ходу (использует двигатель),2011.0,,
9306811,,NCC QASSIM,Танкер-химовоз / продуктовоз (Chemical/Oil Products Tanker),46038.0,8.5,Саудовская Аравия,vessel,,180.02,32.2,На ходу (в пути),2006.0,,
9727223,,BANGLADESH PROSPERITY,Танкер для сырой нефти (VLCC — Very Large Crude Carrier),308285.0,20.4,Либерия,vessel,,333.0,60.0,На ходу (использует двигатель),2016.0,,
9963815,,ROTMISTRZ WITOLD PILECKI,Газовоз для перевозки СПГ (LNG Tanker),91500.0,9.3,Греция,vessel,,295.0,47.0,На ходу (использует двигатель),2026.0,,
9958999,,CELSIUS GALWAY,Газовоз для перевозки СПГ (LNG Tanker),92385.0,9.9,Маршалловы острова (Marshall Islands),vessel,119063.0,299.0,45.8,На ходу (Under way),2025.0,,
9877145,,GAIL BHUWAN,Газовоз для перевозки СПГ (LNG Tanker),98396.0,9.5,Кипр (Cyprus),vessel,119891.0,298.0,48.0,На ходу (Under way),2021.0,,
9864332,,STAMATIAТип судна: Танкер для перевозки химических грузов и нефтепродуктов (Chemical/Oil Products Tanker),Танкер для перевозки химических грузов и нефтепродуктов (Chemical/Oil Products Tanker),49999.0,10.5,Португалия (Мадейра) IMO номер: 9864332 Год постройки: 2019,vessel,29917.0,183.06,32.2,На ходу (в районе исключительной экономической зоны Южной Африки),2019.0,,
9630028,,PERLE,Газовоз для перевозки СПГ (LNG Tanker),93152.0,9.8,Оман (Oman),vessel,113876.0,299.9,45.8,На ходу (в районе ИЭЗ Мадагаскара),2014.0,,
9317315,,LUCH,Газовоз для перевозки СПГ (LNG Tanker),77282.0,11.8,Российская Федерация (Russian Federation),vessel,118608.0,289.5,49.05,На ходу (в Южной Атлантике),2006.0,,
1050571,,ENERGY PIONEER,Газовоз (LPG Tanker / VLGC),60538.0,8.0,Маршалловы острова (Marshall Islands),vessel,54048.0,230.0,34.0,На ходу (в Южной Атлантике),2026.0,,
9969845,,GAS VELA,Газовоз (LPG Tanker / VLGC),58155.0,8.4,Сингапур (Singapore),vessel,54492.0,230.0,36.6,На ходу (в районе исключительной экономической зоны Южной Африки),2024.0,,
9454486,,TANGOТип судна: Танкер для перевозки сырой нефти (Crude Oil Tanker / VLCC),Танкер для перевозки сырой нефти (Crude Oil Tanker / VLCC),301661.0,10.8,"Япония (Japan) IMO номер: 9454486 Год постройки: 2009 (верфь JMU Kure Shipyard, Япония)",vessel,160317.0,333.0,60.0,На ходу (использует двигатель),2009.0,,
9880477,,GLOBAL SEALINEТип судна: Газовоз для перевозки СПГ (LNG Tanker),Газовоз для перевозки СПГ (LNG Tanker),93080.0,9.7,"Маршалловы острова (Marshall Islands) IMO номер: 9880477 Год постройки: 2022 (верфь Daewoo Shipbuilding & Marine Engineering, Южная Корея)",vessel,115579.0,294.9,46.4,На ходу (в Южной Атлантике),2022.0,,
9733947,,DHT JAGUAR,Танкер для перевозки сырой нефти (Crude Oil Tanker / VLCC),299629.0,,"Маршалловы острова IMO номер: 9733947 Год постройки: 2015 (верфь Hyundai Heavy Industries, Южная Корея)",vessel,154487.0,333.0,60.0,,2015.0,,
9804289,,COSNEW LAKE,Танкер для перевозки сырой нефти (Crude Oil Tanker / VLCC),318803.0,19.5,"Гонконг, Китай",vessel,165888.0,332.68,60.0,На ходу (Under way),2018.0,,
9834442,,HOUSTON VOYAGER,Танкер для перевозки сырой нефти (Crude Oil Tanker / VLCC — Very Large Crude Carrier),318608.0,11.0,Маршалловы острова,vessel,163214.0,336.0,60.0,На ходу (Under way),2019.0,,
1042500,,TARA,Танкер для перевозки сырой нефти (Crude Oil Tanker / VLCC — Very Large Crude Carrier),311624.0,19.9,Либерия,vessel,164209.0,339.0,60.0,На ходу (Under way using engine),2026.0,,
9890549,,"ORIENTAL TULIPТип судна: Танкер для перевозки химических грузов и нефтепродуктов (Chemical/Oil Products Tanker, Тип II и III)","Танкер для перевозки химических грузов и нефтепродуктов (Chemical/Oil Products Tanker, Тип II и III)",16268.0,9.3,Панама IMO номер: 9890549 Год постройки: 2020,vessel,9866.0,137.0,22.0,На ходу (Under way using engine),2020.0,,
9272204,,CHAMPION CONCEPT,Танкер для перевозки химических грузов и нефтепродуктов (Chemical/Oil Products Tanker / MR Tanker),47171.0,12.2,Норвегия (NIS — Норвежский международный судовой регистр),vessel,27472.0,182.5,32.2,На ходу (Under way),2005.0,,
9501162,,DABA,Танкер для перевозки сырой нефти (Crude Oil Tanker / VLCC),316373.0,22.0,Маршалловы острова,vessel,162964.0,333.0,60.0,На ходу (Under way),2012.0,,
9602643,,RED NOVA,Танкер для перевозки сырой нефти (Crude Oil Tanker / VLCC),319778.0,11.2,Либерия,vessel,161296.0,333.0,60.05,На ходу (Under way),2013.0,,
9580390,,SEAWAYS EAGLE,Танкер для перевозки химических грузов и нефтепродуктов (LR1 Product/Chemical Tanker),74997.0,8.2,Маршалловы острова,vessel,42292.0,228.0,32.2,На ходу (Under way),2011.0,,
9292498,,NIOVI,Танкер для перевозки сырой нефти (Crude Oil Tanker / VLCC),306997.0,20.3,Панама,vessel,160046.0,333.27,58.0,На ходу (Sailing),2005.0,,
9729271,,HAFNIA SOYA,Танкер для перевозки химических грузов и нефтепродуктов (Chemical/Oil Products Tanker),39067.0,9.1,Сингапур,vessel,24120.0,184.26,27.4,На якоре (At anchor),2015.0,,
9539925,,ARDMORE SEAVENTURE,Танкер для перевозки химических грузов и нефтепродуктов (Chemical/Oil Products Tanker / MR Tanker),49997.0,10.7,Маршалловы острова,vessel,29996.0,183.0,32.2,На ходу (Under way),2013.0,,
9981415,,UMM WISHAH,Газовоз для перевозки сжиженного природного газа (LNG Tanker / Large),92323.0,8.9,Франция,vessel,114321.0,299.0,46.0,На ходу (Under way),2026.0,,
9758313,,GOLDEN ASPIRANT,"Танкер-химовоз / нефтеналивной танкер (Chemical/Oil Products Tanker, HAZ-B)",16298.0,5.6,Панама,vessel,9430.0,142.02,22.0,На якоре (At anchor),2016.0,,
9228849,,SC EXPRESS LV,Танкер для перевозки сырой нефти (Crude Oil Tanker),37270.0,9.5,Индонезия,vessel,23217.0,183.0,27.34,Ошвартован (Moored),2001.0,,
9303728,,CHRYSOPIGI,Танкер для перевозки нефтепродуктов (Oil Products Tanker),38554.0,7.5,Индонезия (согласно AIS) / Мальта (согласно данным о судне),vessel,24062.0,183.0,27.43,На якоре (At anchor),2006.0,,
9439307,,PANCARAN KHATULISTIWA,Танкер-химовоз / нефтеналивной танкер (Chemical/Oil Products Tanker),13020.0,5.9,Индонезия,vessel,8539.0,128.6,20.4,На якоре (At anchor),2008.0,,
9315719,,LNG NOBLEТип судна: Танкер для перевозки сжиженного природного газа (LNG Tanker),Танкер для перевозки сжиженного природного газа (LNG Tanker),77969.0,9.1,Индонезия IMO номер: 9315719 Год постройки: 2007,vessel,100256.0,288.18,44.2,На якоре (At anchor),2007.0,,
9300788,,DOLPHIN 06,Танкер-химовоз / нефтеналивной танкер (Chemical/Oil Products Tanker),12975.0,8.8,Панама,vessel,8448.0,127.2,20.4,На ходу (Under way),2005.0,,
9939993,,SOUTHERN BELUGA,Танкер-химовоз / нефтеналивной танкер (Chemical/Oil Products Tanker),17405.0,8.6,Либерия,vessel,9994.0,134.93,23.2,На якоре (At anchor),2022.0,,
1100508,,CYGNET,Танкер-химовоз / нефтеналивной танкер (Chemical/Oil Products Tanker),15817.0,5.6,Сингапур,vessel,10452.0,139.6,21.6,Ошвартован (Moored),2025.0,,
9300544,,ROSEANNE,Танкер-химовоз / нефтеналивной танкер (Chemical/Oil Products Tanker),12083.0,6.6,Панама,vessel,7353.0,131.4,19.6,На ходу (Under way),2003.0,,
1121447,,DI HAI FU TAI,Танкер-химовоз / нефтеналивной танкер (Chemical/Oil Products Tanker),13705.0,5.8,Китай,vessel,9019.0,138.73,20.0,На ходу (Under way),2025.0,,
1035076,,CAPE BRASILIA,Танкер-химовоз / нефтеналивной танкер (Chemical/Oil Products Tanker),50000.0,10.7,Маршалловы острова,vessel,30209.0,189.0,32.0,На ходу (Under way),2026.0,,
9776341,,LEO GREEN,Танкер для перевозки сжиженного нефтяного газа (LPG Tanker),54893.0,7.6,Панама,vessel,48181.0,230.0,36.6,На ходу (Under way),2016.0,,
9827970,,DAI VINH,Танкер-химовоз / нефтеналивной танкер (Chemical/Oil Products Tanker),13498.0,4.8,Панама,vessel,8611.0,139.98,20.2,На ходу (Under way),2018.0,,
9794812,,UNIVERSAL HONOR,Танкер для перевозки сырой нефти (Crude Oil Tanker / VLCC),301123.0,21.0,Либерия,vessel,155103.0,336.0,60.0,На ходу (Under way),2017.0,,
9864916,,GASLOG GEORGETOWN,Танкер для перевозки сжиженного природного газа (LNG Tanker),88184.0,9.5,Бермудские острова,vessel,115636.0,293.16,45.8,На ходу (Under way),2020.0,,
9288356,,ROCK,Танкер для перевозки сырой нефти (Crude Oil Tanker),70753.0,8.5,Барбадос,vessel,42175.0,228.0,32.27,На ходу (Under way using Engine),2005.0,,
9900265,,ORKIM EMERALD,Танкер для перевозки нефтепродуктов (Oil Products Tanker),14932.0,8.1,Малайзия,vessel,9970.0,139.9,22.0,На ходу (Under way using Engine),2021.0,,
9220964,,ST3,Танкер для сырой нефти (Crude Oil Tanker),302977.0,11.5,Маршалловы острова,vessel,159990.0,333.28,58.0,На якоре (At anchor),2002.0,,
9261205,,MUTIARA,СПГ-танкер (LNG Tanker),76229.0,,Коморские острова (Comoros),vessel,94446.0,275.98,43.4,На якоре (At anchor),2005.0,,
9331660,,SERI BALHAF,СПГ-танкер (LNG Tanker),91201.0,9.5,Малайзия,vessel,107633.0,294.6,46.5,На якоре (At anchor),2009.0,,
9331672,,SERI BALQIS,СПГ-танкер (LNG Tanker),91198.0,9.2,Малайзия,vessel,107633.0,294.6,46.5,На якоре (At anchor),2009.0,,
9868168,,MARAN ORPHEUS,Танкер для сырой нефти (Crude Oil Tanker),157946.0,15.8,Греция,vessel,84655.0,274.0,48.0,На якоре (At anchor),2020.0,,
9143207,,BOW FLORA,Танкер-химовоз / нефтепродуктовоз,37369.0,7.5,Маршалловы Острова,vessel,23230.0,183.1,32.2,Судно в движении (Under way),1998.0,,
9689976,,NEW DREAM,Танкер для сырой нефти (Crude Oil Tanker / VLCC),318292.0,12.9,Гонконг,vessel,165864.0,333.0,60.0,Судно в движении (Under way),2014.0,,
9313125,,HAWKS PROGRESS,Танкер-химовоз / нефтепродуктовоз,14737.0,8.2,Маршалловы Острова,vessel,11344.0,146.8,22.0,Судно в движении (Under way),2007.0,,
9333242,,THARINEE NAREE,Танкер-химовоз / нефтепродуктовоз,47999.0,8.5,Панама,vessel,28844.0,179.9,32.2,Судно в движении (Under way),2006.0,,
9819868,,HARMONIC,Танкер для сырой нефти (Crude Oil Tanker),159204.0,9.0,Греция,vessel,82657.0,274.3,48.0,Судно в движении (Under way),2019.0,,
9682239,,HAFNIA MERLIN,Танкер-химовоз / нефтепродуктовоз,49999.0,7.8,Сингапур,vessel,29781.0,183.05,32.2,Судно в движении (Under way),2015.0,,
9271377,,TRIDENT HOPE,Танкер для сырой нефти (Crude Oil Tanker),105985.0,11.8,Панама,vessel,56365.0,241.0,42.03,Судно в движении (Under way),2003.0,,
9732046,,MARITIME HORIZON,Танкер-химовоз / нефтепродуктовоз,49999.0,10.6,Сингапур,vessel,32824.0,183.0,35.0,Судно в движении (Under way),2016.0,,
9958298,,NORTH LIGHT,Танкер для перевозки сжиженного природного газа (LNG Tanker),93286.0,9.2,Сингапур,vessel,115555.0,294.9,46.4,На якоре (At anchor),2024.0,,
9596363,,CHANG HANG HU PO,Танкер для сырой нефти (Crude Oil Tanker),49985.0,8.0,Китай,vessel,31530.0,185.0,32.2,Судно в движении (Under way),2011.0,,
9529293,,VILAMOURA,Танкер для сырой нефти (Crude Oil Tanker),158621.0,,Маршалловы Острова (по AIS) / Неизвестно (по разделу Particulars),vessel,81818.0,274.37,48.0,,2011.0,,
9717761,,SEAWAYS WARWICK,Танкер-химовоз / нефтепродуктовоз,49990.0,8.0,Маршалловы Острова,vessel,29767.0,183.0,32.2,На якоре (At anchor),2015.0,,
9610767,,SEAWAYS WARWICK,Танкер-химовоз / нефтепродуктовоз,49990.0,8.0,Маршалловы Острова,vessel,29767.0,183.0,32.2,На якоре (At anchor),2015.0,,
9360128,,ZALIV BAIKAL,Танкер для сырой нефти (Crude Oil Tanker),106808.0,8.4,Оман,vessel,60344.0,243.86,42.0,На якоре (At anchor),2009.0,,
9421984,,C. DIGNITY,Танкер для сырой нефти (Crude Oil Tanker / VLCC),313875.0,10.5,Панама,vessel,162180.0,336.0,60.0,На якоре (At anchor),2009.0,,
9737515,,BLUEBIRD,Танкер для сырой нефти (Crude Oil Tanker),74074.0,11.9,Сингапур,vessel,43188.0,228.0,32.2,На якоре (At anchor),2016.0,,
9321184,,SANMAR SAROD,Танкер-нефтепродуктовоз (Oil Products Tanker),74994.0,7.5,Индия,vessel,40953.0,228.0,32.26,Судно в движении (Under way),2007.0,,
9342023,,YU LAN,Танкер-химовоз / нефтепродуктовоз,3452.0,5.8,Китай,vessel,2783.0,91.22,15.0,Судно в движении (Under way),2006.0,,
9732931,,ARDMORE PURSUIT,Танкер-химовоз / нефтепродуктовоз,49709.0,12.0,Маршалловы Острова,vessel,29455.0,183.0,32.2,На якоре (At anchor),2017.0,,
9568043,,ORKIM FORTITUDE,Танкер для перевозки нефтепродуктов (Oil Products Tanker),39996.0,8.0,Малайзия,vessel,28777.0,179.9,32.2,На якоре (At anchor),2010.0,,
9288708,,AURO,Танкер для сырой нефти (Crude Oil Tanker),111006.0,,Коморские Острова,vessel,62320.0,250.0,44.0,,2005.0,,
9248837,,PETROGARUDA,Танкер для сырой нефти (Crude Oil Tanker),115000.0,8.2,Камерун (согласно AIS Voyage Data) / Индонезия (в разделе Particulars),vessel,62371.0,250.0,44.0,Данные о статусе неактивны. Позиция судна обновлялась спутником 12 минут назад,2003.0,,
9856634,,HAFNIA BEIJING,Танкер-химовоз / нефтепродуктовоз,74999.0,8.4,Мальта,vessel,43693.0,228.43,38.0,На якоре (At anchor),2019.0,,
9711523,,KITHNOS,LPG танкер,14999.0,5.9,Греция,vessel,13794.0,147.06,22.65,На якоре (At anchor),2016.0,,
9821847,,KOREA VENUS,Танкер-химовоз / нефтепродуктовоз,50542.0,7.8,Республика Корея,vessel,29543.0,183.06,32.24,На якоре (At anchor),2018.0,,
9791157,,HODAKA GALAXY,Танкер-химовоз / нефтепродуктовоз,26198.0,8.7,Сингапур,vessel,16589.0,159.03,27.1,Судно в движении (Under way),2018.0,,
9891854,,KOREA VISION,LPG танкер,3675.0,4.3,Республика Корея,vessel,3908.0,97.0,16.0,Судно в движении (Under way),2021.0,,
9923475,,PROTEUS RONG NA,Танкер для сырой нефти (Crude Oil Tanker),109999.0,12.8,Сингапур,vessel,66970.0,250.0,44.0,На момент последнего отчета судно было ошвартовано (Moored),2023.0,,
9859193,,HARMONY CHEMIST,Танкер-химовоз / нефтепродуктовоз,49999.0,8.5,Панама,vessel,30087.0,183.09,32.2,На момент последнего отчета судно было ошвартовано (Moored),2020.0,,
9236901,,OCEAN GAS,LPG танкер,3409.0,4.7,Республика Корея,vessel,3678.0,99.59,17.5,Судно в движении (Under way),2001.0,,
9324590,,SPRING ALPHA,Танкер-химовоз / нефтепродуктовоз,3948.0,4.0,Республика Корея,vessel,2579.0,88.6,14.6,На момент последнего отчета судно было ошвартовано (Moored),2004.0,,
9342401,,GAS EMERALD,LPG танкер,8587.0,8.0,Гонконг,vessel,7465.0,115.0,18.6,Судно остановлено (Stopped),2007.0,,
9918004,,PYOTR KAPITSAТип судна: LNG танкер (LNG Tanker),LNG танкер (LNG Tanker),99824.0,,Панама IMO номер: 9918004 Год постройки: 2026,vessel,130353.0,299.0,47.0,Статус не определен (данные AIS неактивны более 300 дней),2026.0,,
1068413,,TURID KNUTSENТип судна: Танкер для сырой нефти (Crude Oil Tanker),Танкер для сырой нефти (Crude Oil Tanker),153380.0,,Норвегия IMO номер: 1068413 Год постройки: 2026,vessel,89754.0,279.0,48.0,Статус не определен (данные AIS неактивны),2026.0,,
9730361,,TRINITY,Танкер для сырой нефти (Crude Oil Tanker),158734.0,9.2,Маршалловы Острова,vessel,81360.0,264.0,48.0,На момент последнего обновления судно было ошвартовано (Moored),2016.0,,
9727015,,SEAWAYS HENDRICKS,Танкер для сырой нефти (Crude Oil Tanker),299983.0,9.3,Маршалловы Острова,vessel,161319.0,333.0,60.0,На момент последнего обновления судно было ошвартовано (Moored),2016.0,,
9750062,,FAITHFUL WARRIOR,Танкер для сырой нефти (Crude Oil Tanker),149992.0,9.0,Греция,vessel,81287.0,274.22,48.0,На ходу под двигателем (Underway using Engine),2016.0,,
9766229,,HAFNIA YARRA,Танкер для перевозки нефтепродуктов (Oil Products Tanker),74189.0,12.2,Сингапур,vessel,43072.0,228.0,32.24,На ходу под двигателем (Underway using Engine),2017.0,,
9990533,,PACIFIC INEOS MIO,LPG танкер (LPG Tanker),60435.0,12.6,Либерия,vessel,56103.0,230.0,36.0,На ходу под двигателем (Underway using Engine),2025.0,,
9250488,,CELESTE I,Танкер для перевозки химических/нефтяных грузов (Chemical/Oil Products Tanker),46350.0,8.0,Барбадос,vessel,30152.0,183.0,32.2,Ошвартовано (Moored),2003.0,,
9739977,,PACIFIC WEIHAI,LPG танкер (LPG Tanker),54747.0,8.0,Гонконг,vessel,48419.0,226.05,36.6,Ошвартовано (Moored),2016.0,,
9514561,,PANAMA PROSPERITY,Танкер для сырой нефти (Crude Oil Tanker),297491.0,6.3,Либерия,vessel,152727.0,330.0,60.0,Ошвартовано (Moored),2011.0,,
9177569,,SEA SOAR,LPG танкер (LPG Tanker),23495.0,6.5,Панама,vessel,17840.0,169.98,24.2,Ошвартовано (Moored),2000.0,,
9576777,,NING HUA 451,Танкер для перевозки химических/нефтяных грузов (Chemical/Oil Products Tanker),25588.0,6.5,Китай,vessel,19793.0,177.6,27.4,На момент последнего обновления судно было ошвартовано (Moored),2011.0,,
9509035,,BEI HAI ZHAN WANG,Танкер для сырой нефти (Crude Oil Tanker),104324.0,12.0,Китай,vessel,584162.0,,42.0,Ошвартовано (Moored),2008.0,,
9743928,,GASCHEM BELUGA,Танкер для перевозки сжиженного газа (LPG Tanker),25287.0,9.1,Португалия (Мадейра),vessel,285802.0,,29.02,На ходу под двигателем (Underway using Engine),2016.0,,
9245794,,LATTAFA,Танкер для сырой нефти (Crude Oil Tanker),298330.0,11.0,Аруба,vessel,1597092.0,,60.0,На якоре (At Anchor),2003.0,,
9350654,,RUBY CROSS,Танкер для сырой нефти (Crude Oil Tanker),110503.0,8.5,Зимбабве (согласно AIS) / Коморские острова (согласно данным о судне),vessel,613152.0,,42.0,На якоре (At Anchor),2007.0,,
9221918,,KITAKAZE,Танкер для сырой нефти (Crude Oil Tanker),299498.0,10.7,Джибути,vessel,1578142.0,,58.0,На якоре (At Anchor),2001.0,,
9493133,,JN JUPITER,Танкер-химовоз / танкер для нефтепродуктов (Chemical/Oil Products Tanker),19801.0,6.4,Республика Корея,vessel,117332.0,,24.2,На ходу (Underway using Sail),2013.0,,
9919175,,GAS BLUEBONNET,Газовоз (LPG Tanker),60206.0,12.5,Сингапур,vessel,560812.0,,36.6,На ходу (Under way using Engine),2022.0,,
1055387,,VENUS SINGAPORE,Танкер для сырой нефти (Crude Oil Tanker),319000.0,8.0,Китай (согласно данным AIS) / Маршалловы острова (согласно данным о судне),vessel,1662592.0,,60.0,На ходу (Underway using Engine),2026.0,,
9679593,,ZOURVA,Танкер для сырой нефти (Crude Oil Tanker),318513.0,11.0,Мальта,vessel,1647562.0,,60.0,На ходу (Under way),2014.0,,
1023657,,GREENERGY WHALE,Газовоз (LNG Tanker),92600.0,9.5,Сингапур,vessel,1135622.0,,46.0,Не под командованием (Not Under Command),2026.0,,
9338797,,SESTAO KNUTSEN,Газовоз (LNG Tanker),77204.0,11.5,Испания,vessel,904782.0,,42.5,На ходу (Underway using Engine),2007.0,,
9780005,,GAS AQUARIUS,Газовоз (LPG Tanker),54656.0,9.0,Гонконг (Китай),vessel,491182.0,,36.59,На ходу (Under way),2018.0,,
1024625,,SH UNITY,Танкер для сырой нефти (Crude Oil Tanker),116960.0,14.2,Маршалловы Острова,vessel,647142.0,,44.0,На ходу (Under way),2026.0,,
1064558,,GRAND WINNER 7,Танкер-химовоз / продуктовоз (Chemical/Oil Products Tanker),50082.0,8.5,Либерия,vessel,298762.0,,32.0,На ходу (Under way),2026.0,,
9330381,,BEGONIA,Танкер-химовоз / продуктовоз (Chemical/Oil Products Tanker),14364.0,9.4,Республика Корея (Korea),vessel,82592.0,,20.5,На ходу (Under way),2005.0,,
9753002,,MARAN ARTEMIS,Супертанкер для перевозки сырой нефти (VLCC — Very Large Crude Carrier),319398.0,20.3,Греция,vessel,1616512.0,,60.0,На ходу (Under way),2016.0,,
9277620,,LNG DREAM,Газовоз (LNG Tanker),80889.0,10.0,Багамские Острова,vessel,1188762.0,,49.0,На ходу (Under way),2006.0,,
9994034,,CLEAN RIO GRANDE,Газовоз (LNG Tanker),107499.0,,Мальта,vessel,1286792.0,,49.0,Ограниченный в маневрировании (Restricted / Restricted maneuverability),2026.0,,
9854791,,TORM SPLENDID,Танкер-химовоз / продуктовоз (Chemical/Oil Products Tanker),49932.0,11.3,Дания,vessel,288772.0,,32.0,Ошвартовано (Moored),2020.0,,
9428841,,SM NAVIGATOR,Танкер для сырой нефти (Crude Oil Tanker),50376.0,8.0,Панама,vessel,309672.0,,32.2,Ошвартовано (Moored),2008.0,,
9721918,,MARLIN AVENTURINE,Танкер-химовоз / продуктовоз (Chemical/Oil Products Tanker),49999.0,9.7,Маршалловы Острова,vessel,296692.0,,32.26,Ошвартовано (Moored),2016.0,,
9425992,,GINGA LEOPARD,Танкер-химовоз / продуктовоз (Chemical/Oil Products Tanker),25982.0,9.7,Панама,vessel,162222.0,,26.8,Ошвартовано (Moored),2008.0,,
1064118,,ARIDAIOS,Газовоз (LPG Tanker),32606.0,,Либерия,vessel,295002.0,,30.0,,2026.0,,
9809576,,REDWOOD TRADER,Танкер-химовоз / продуктовоз (Chemical/Oil Products Tanker),6510.0,5.9,США (USA),vessel,54532.0,,18.2,Ошвартовано (Moored),2018.0,,
9941453,,MAOMING PAN,Газовоз (LPG Tanker),57944.0,12.1,Сингапур,vessel,546342.0,,36.6,Ошвартовано (Moored),2023.0,,
9617648,,STOLT LOTUS,Танкер-химовоз / продуктовоз (Chemical/Oil Products Tanker),30345.0,8.4,Либерия,vessel,224242.0,,28.4,Ошвартовано (Moored),2014.0,,
9952983,,BELLA TORTUM ST (ранее фигурировало в системе как HYUNDAI MIPO 8417),Газовоз (LPG Tanker),27506.0,,Панама,vessel,210342.0,,30.0,,2026.0,,
1044900,,BELLA TORTUM ST (ранее фигурировало в системе как HYUNDAI MIPO 8417),Газовоз (LPG Tanker),27506.0,,Панама,vessel,210342.0,,30.0,,2026.0,,
1077957,,BETA (S/T),Танкер-химовоз / продуктовоз (Chemical/Oil Products Tanker),38999.0,,Либерия,vessel,242002.0,,27.0,,2026.0,,
1013389,,ARLON,Газовоз (LPG Tanker),27055.0,,Бельгия,vessel,299002.0,,,,2026.0,,
9994046,,CLEAN BROWNSVILLE (часто указывается с суффиксом -ST),Газовоз (LNG Tanker / LNG Carrier),93000.0,,Мальта,vessel,1286532.0,,49.0,,2026.0,,
1054163,,GAS ALTAIR,Газовоз (LPG Tanker),64423.0,,Либерия,vessel,49500.0,230.0,,,2026.0,,
9981520,,HALWAN,Газовоз (LNG Tanker),92377.0,,"Сингапур Основные габариты: Длина общая (LOA) — 299.00 м, ширина — 46.40 м",vessel,1140012.0,,46.4,,2026.0,,
1050117,,ENERGY GUARDIANIMO номер: 1050117,Газовоз (LPG Tanker),67026.0,,Маршалловы Острова,vessel,49500.0,,,,2026.0,,
9804253,,ORIENTAL KING,Газовоз (LPG Tanker),54373.0,7.9,Гонконг,vessel,480082.0,,36.6,,2017.0,,
9981532,,AL THUMAID,Газовоз (LNG Tanker),92377.0,12.5,Сингапур,vessel,1140002.0,,46.0,На ходу под двигателем (Under way),2026.0,,
9901348,,MARAN ANTIOPE,Супертанкер для перевозки сырой нефти (Crude Oil Tanker / VLCC),318482.0,20.9,Греция,vessel,1630992.0,,60.0,Ошвартовано (Moored),2021.0,,
1019967,,MORNING MAYA,Газовоз (LPG Tanker),5186.0,4.8,Панама,vessel,42432.0,,18.0,"Данные о статусе требуют уточнения (последнее позиционирование — 3 дня назад, однако спутниковые данные получены 1 минуту назад)",2026.0,,
9233935,,CHIE MARU,Танкер-продуктовоз (Oil Products Tanker),4999.0,6.5,Япония,vessel,33782.0,,15.6,На ходу под двигателем (Under way),2000.0,,
1026788,,HIKARI THERESA,Танкер-химовоз / продуктовоз (Chemical/Oil Products Tanker),13000.0,4.5,Панама,vessel,80002.0,,20.0,Ошвартовано (Moored),2026.0,,
9601871,,PHENIX EXPRESS,Газовоз (LPG Tanker),4036.0,5.1,Панама,vessel,45002.0,,16.0,На ходу под двигателем (Under way),2011.0,,
9891995,,ENEOS DREAM,Супертанкер для перевозки сырой нефти (Crude Oil Tanker / VLCC),312168.0,11.4,Япония,vessel,1607022.0,,60.0,Ошвартовано (Moored),2021.0,,
9808857,,GOLDEN SUNNY HANA,Танкер-химовоз / продуктовоз (Chemical/Oil Products Tanker),3551.0,5.1,Южная Корея,vessel,29902.0,,14.4,На ходу под двигателем (Under way),2017.0,,
9958688,,GAS INNOVATOR,Газовоз (LPG Tanker),17945.0,7.2,Панама,vessel,176802.0,,25.5,Ошвартовано (Moored),2024.0,,
9853175,,KIRISHIMA MARU NO. 7,Танкер-химовоз / продуктовоз (Chemical/Oil Products Tanker),4998.0,6.5,Япония,vessel,38432.0,,16.0,На ходу под двигателем (Under way),2018.0,,
9102124,,STOLT CAPABILITY,Танкер-химовоз / продуктовоз (Chemical/Oil Products Tanker),37042.0,11.9,Либерия,vessel,246252.0,,31.0,На якоре (At anchor),1998.0,,
9368170,,KYUHO MARU,Газовоз (LPG Tanker) — малый специализированный танкер,1113.0,4.5,Япония,vessel,7492.0,,12.0,На якоре (At anchor),2006.0,,
9645748,,LNG MARS,Газовоз (LNG Tanker),86161.0,11.2,Япония,vessel,1367102.0,,48.94,Ошвартовано (Moored),2016.0,,
9249336,,LYCASTE PEACE,Газовоз (LPG Tanker),49999.0,7.9,Панама,vessel,460212.0,,36.6,На ходу под двигателем (Under way),2003.0,,
9249336,,LYCASTE PEACE,Газовоз (LPG Tanker),49999.0,7.9,Панама,vessel,460212.0,,36.6,На ходу под двигателем (Under way),2003.0,,
9762118,,TP TENACITY,Газовоз (LPG Tanker),54593.0,9.1,Норвегия,vessel,473062.0,,36.6,На ходу под двигателем (Under way),2016.0,,
9848687,,MARI KOKAKO,Танкер-химовоз / продуктовоз (Chemical/Oil Products Tanker),49765.0,8.5,Норвегия,vessel,299872.0,,32.2,На ходу под двигателем (Under way),2019.0,,
9762118,,TP TENACITYIMO номер: 9762118,Газовоз (LPG Tanker / VLGC),54593.0,9.1,"Норвегия Основные габариты: Длина общая (LOA) — 225.16 м, ширина — 36.60 м",vessel,473062.0,,36.6,На ходу под двигателем (Under way),2016.0,,
9788473,,ST.MICHAELIS,Танкер-химовоз / продуктовоз (Chemical/Oil Products Tanker),50159.0,8.2,Сингапур,vessel,295132.0,,32.2,На ходу под двигателем (Under way),2018.0,,
9796793,,BUSHU MARU,Газовоз (LNG Tanker),97955.0,9.6,Багамские острова,vessel,1493672.0,,48.94,На ходу под двигателем (Under way),2019.0,,
9765457,,PYXIS ALFA,Газовоз (LPG Tanker),54140.0,11.2,Сингапур,vessel,468842.0,,37.2,На ходу под двигателем (Under way),2017.0,,
9851608,,ENEOS GLORY,Танкер для перевозки сырой нефти (Crude Oil Tanker / VLCC),312217.0,15.4,Панама,vessel,1607232.0,,60.0,На ходу под двигателем (Under way),2019.0,,
9889045,,KOHZAN MARU VI,Танкер-химовоз / продуктовоз (Chemical/Oil Products Tanker),47962.0,9.3,Либерия,vessel,300172.0,,32.14,На ходу под двигателем (Under way),2020.0,,
9648776,,KAIMON MARU,Танкер для перевозки сырой нефти (Crude Oil Tanker),120015.0,8.5,Япония,vessel,665412.0,,44.4,На ходу под двигателем (Under way),2013.0,,
1090777,,NEW EXPLORERIMO номер: 1090777,Танкер для перевозки сырой нефти (Crude Oil Tanker / VLCC),304627.0,19.1,"Гонконг Основные габариты: Длина общая (LOA) — 333.00 м, ширина — 60.00 м",vessel,1668722.0,,60.0,,2025.0,,
9864746,,KOOL FIRN,Газовоз (LNG Tanker),93026.0,9.8,Либерия,vessel,1167792.0,,46.44,На ходу под двигателем (Under way),2020.0,,
9736092,,ENERGY LIBERTY,Газовоз (LNG Tanker),88676.0,11.0,Япония,vessel,1219822.0,,48.9,На ходу под двигателем (Under way),2018.0,,
9461685,,ORKIM CITRINE,Танкер-химовоз / продуктовоз (Chemical/Oil Products Tanker),50000.0,,Малайзия,vessel,302652.0,,32.0,,2012.0,,
9963827,,MARAN GAS ANTIPAROS,Газовоз (LNG Tanker / Large),93087.0,9.2,Греция,vessel,1151182.0,,47.0,,2026.0,,
9853527,,MARITIME GRACIOUS,Танкер-химовоз / продуктовоз (Chemical/Oil Products Tanker),49997.0,10.9,Сингапур,vessel,333552.0,,35.0,На якоре (At anchor),2021.0,,
9718064,,CL YINGDU,Танкер-химовоз / продуктовоз (Chemical/Oil Products Tanker),49722.0,12.4,Маршалловы острова,vessel,294552.0,,32.2,На ходу под двигателем (Underway using Engine),2016.0,,
9708227,,ARDMORE SEAWOLF,Танкер-химовоз / продуктовоз (Chemical/Oil Products Tanker),49909.0,10.5,Маршалловы острова,vessel,297602.0,,32.2,Ошвартовано (Moored),2015.0,,
9482859,,NAVIG8 MESSI,Танкер для перевозки нефтепродуктов (Oil Products Tanker),75618.0,11.0,Сингапур,vessel,439042.0,,32.26,Ошвартовано (Moored),2011.0,,
9903499,,FLORA EXPRESS,"Танкер-химовоз / продуктовоз (Chemical/Oil Products Tanker), класс HAZ-B",50388.0,10.2,Панама,vessel,296542.0,,32.2,Ошвартовано (Moored),2021.0,,
9569580,,TONG ZHOU 6,Газовоз (LPG Tanker),3034.0,4.7,Китай,vessel,27982.0,,14.8,,2010.0,,
9276224,,WENZHOU STAR,Танкер-химовоз / продуктовоз (Chemical/Oil Products Tanker),8792.0,5.0,Панама,vessel,53592.0,,19.0,,2002.0,,
9515814,,TONG XIN YUAN,Газовоз (LPG Tanker),2736.0,5.3,Китай,vessel,37902.0,,16.4,,2008.0,,
9536038,,CHANG AN ZHOU,Танкер для перевозки нефтепродуктов (Oil Products Tanker),27112.0,6.2,Китай,vessel,183872.0,,27.8,На ходу под двигателем (Underway using Engine),2011.0,,
9980497,,BI WU,Танкер-химовоз / продуктовоз (Chemical/Oil Products Tanker),11697.0,5.4,Китай,vessel,81532.0,,20.2,,2024.0,,
9601730,,CORAL ACROPORA,Газовоз (LPG Tanker),6674.0,7.5,Нидерланды,vessel,6288.0,,16.8,,2012.0,,
9802293,,HONG JIN,Газовоз (LPG Tanker),16665.0,9.4,Китай,vessel,171912.0,,24.8,,2016.0,,
9416070,,DING HENG 39,"Танкер-химовоз / продуктовоз (Chemical/Oil Products Tanker), класс HAZ-B",19994.0,5.8,Либерия,vessel,117222.0,,24.2,На ходу под двигателем (Underway using Engine),2008.0,,
9458858,,UACC SHAMIYA,Танкер-химовоз / продуктовоз (Chemical/Oil Products Tanker),45479.0,6.7,Маршалловы острова,vessel,291242.0,,32.2,Данные о статусе не определены (позиция получена 46 дней назад),2011.0,,
9753791,,BOW AQUARIUS,Танкер-химовоз / продуктовоз (Chemical/Oil Products Tanker),40900.0,7.2,Норвегия,vessel,263642.0,,32.0,Ошвартовано (Moored),2016.0,,
9388314,,BOW LIND,Танкер-химовоз / продуктовоз (Chemical/Oil Products Tanker),46047.0,,Норвегия,vessel,263612.0,,32.2,На момент получения последних данных (69 дней назад),2011.0,,
9853539,,MARITIME GUARDIAN,Танкер-химовоз / продуктовоз (Chemical/Oil Products Tanker),49993.0,7.0,Сингапур,vessel,333552.0,,35.01,Ошвартовано (Moored),2021.0,,
9896816,,DONG RUN 16,Танкер-химовоз / продуктовоз (Chemical/Oil Products Tanker),6505.0,6.8,Китай,vessel,47392.0,,16.8,На ходу под двигателем (Underway using Engine),2020.0,,
9790608,,CHEMROAD ORCHID,Танкер-химовоз / продуктовоз (Chemical/Oil Products Tanker),35703.0,11.2,Либерия,vessel,212752.0,,27.4,На ходу под двигателем (Underway using Engine),2019.0,,
9358321,,HANSA OSLO,Танкер-химовоз / продуктовоз (Chemical/Oil Products Tanker),,6.9,Маршалловы острова,vessel,300682.0,,32.2,Ошвартовано (Moored),2007.0,,
9796834,,TSUKUBA GALAXY,Танкер-химовоз / продуктовоз (Chemical/Oil Products Tanker),26175.0,6.8,Панама,vessel,16589.0,,27.1,,2020.0,,
9490325,,BOW ENDEAVOR,Танкер-химовоз / продуктовоз (Chemical/Oil Products Tanker),,4.5,Норвегия,vessel,164112.0,,27.1,Ошвартовано (Moored),2011.0,,
9279692,477904400.0,YUEHAI STAR,Танкер для перевозки нефти и химических грузов (Oil/Chemical Tanker).,,6.3,Гонконг.,vessel,,113.98,18.2,На ходу под двигателем (Underway using Engine),,,
9291028,352003413.0,MARINA ARUNG,Танкер-химовоз/продуктовоз (Oil/Chemical Tanker).,,5.5,Панама.,vessel,,130.3,22.43,На ходу под двигателем (Underway using Engine),,,
9532018,413303250.0,HONG SUI,Танкер для перевозки сжиженного газа и химических грузов (LPG/Chemical Tanker).,,5.4,Китай.,vessel,,99.8,14.8,На ходу под двигателем (Underway using Engine),,,
9523823,413524040.0,SHUN YUAN 18,Танкер для перевозки сжиженного газа и химических грузов (LPG/Chemical Tanker).,,5.4,Китай.,vessel,,99.96,14.8,На ходу под двигателем (Underway using Engine),,,
9655949,,,Танкер для перевозки сжиженного газа и химических грузов (LPG/Chemical Tanker).,,5.2,Китай.,vessel,,99.96,14.0,,,,
1080241,412743000.0,SEEHORN,Танкер-продуктовоз (Oil Products Tanker).,,6.5,Либерия (в AIS указан Китай).,vessel,,180.0,32.0,На ходу под двигателем (Underway using Engine),2026.0,,
9901336,538011054.0,GLASGOW VOYAGER,Танкер для перевозки сырой нефти (Crude Oil Tanker).,,8.5,Маршалловы острова.,vessel,,336.0,60.0,Ошвартовано (Moored),,,
9663843,636019067.0,KYO EI,Танкер для перевозки сырой нефти (Crude Oil Tanker).,,6.8,Либерия.,vessel,,335.0,60.0,Ошвартовано (Moored),,,
9390707,441181000.0,GIANT SAMBU,Танкер-химовоз/продуктовоз (Chemical/Oil Products Tanker).,,7.3,Республика Корея.,vessel,,112.99,18.2,Ошвартовано (Moored),2007.0,,
1029405,413609740.0,YUAN SHAN 9,Танкер для перевозки сжиженного газа и химических грузов (LPG/Chemical Tanker).,,5.6,Китай,vessel,,99.8,17.0,Ошвартовано (Moored),,,
9390707,441181000.0,,Chemical/Oil Products Tanker,,7.3,Республика Корея,vessel,,112.99,18.2,На якоре (Moored),2007.0,,
9275660,468727000.0,AEGIS,Crude Oil Tanker (Танкер для перевозки сырой нефти),,13.5,Сирия,vessel,,,32.24,На якоре (At Anchor),2004.0,,ВЫСОКИЙ РИСК
9898515,613472290.0,MARITIME JEWEL,Crude Oil Tanker (Танкер для перевозки сырой нефти),,19.3,Камерун,vessel,,,58.04,На якоре (At Anchor),2000.0,,ВЫСОКИЙ РИСК
9290775,314857000.0,VICSCENE,"Crude Oil Tanker (Танкер для перевозки сырой нефти, класс VLCC)",,11.0,Барбадос,vessel,,333.0,60.0,На якоре (At Anchor),2004.0,,
9293507,,OCEAN START (ранее известное как JAG LOK),Танкер для сырой нефти (Crude Oil Tanker),,16.2,Багамы,vessel,,274.19,48.0,,2005.0,,
1015492,413999150.0,JIA YUE 18,Oil Products Tanker (Танкер для перевозки нефтепродуктов),,5.3,Китай,vessel,,,16.3,На якоре,2023.0,,
1074814,538012097.0,RONG YAO WU ZHOU,Chemical/Oil Products Tanker (Танкер-химовоз/продуктовоз),,6.0,Маршалловы Острова,vessel,,129.9,22.0,Швартовка,2025.0,,
9302968,613102021.0,"MATELO (бывшие названия: ELAYNA, PNS SERENA, BUNGA KASTURI TIGA)",Crude Oil Tanker (Танкер для сырой нефти),,15.0,Камерун,vessel,,330.0,60.0,На якоре,2006.0,20.0,
9349928,413376290.0,PENG SHUN (бывшее название: MARIANNA KOSAN),LPG Tanker (Танкер для перевозки сжиженного газа),,7.9,Китай,vessel,,115.0,18.53,Швартовка,2008.0,,
9406350,414491000.0,CHANG HANG SHUI JING (бывшее название: CSC CRYSTAL),Oil Products Tanker,,7.0,Китай,vessel,,185.0,32.24,Швартовка,2008.0,,
9582439,413953000.0,CHANG HANG MA NAO,Crude Oil Tanker,,7.1,Китай,vessel,,184.91,45.0,Швартовка,2010.0,,
9723679,374192000.0,LEGEND PROSPERITY,LPG Tanker (Танкер для перевозки сжиженного газа),,11.4,Панама,vessel,,230.0,36.6,Швартовка,2016.0,,
9283277,413120000.0,YU LIN WAN,Crude Oil Tanker (Танкер для сырой нефти),,8.2,Китай,vessel,,244.6,42.0,На якоре,2004.0,,
9184392,,MARITIME JEWEL (историческое название: LIMBURG),Crude Oil Tanker (Танкер для перевозки сырой нефти),,,,vessel,,,,,2000.0,,
9487184,412245000.0,YU FU ZUO,Crude Oil Tanker (Танкер для перевозки сырой нефти / Aframax),,,Китай,vessel,,245.0,42.0,Находится в районе порта Циндао (Qingdao),2010.0,,
9230892,677062600.0,IRIA,Crude Oil Tanker (Танкер для перевозки сырой нефти),,,Танзания (ранее Коморские острова),vessel,,274.0,48.0,Практически неактивен / Отключен AIS (последнее позиционирование получено 8 дней назад),2002.0,,
9378773,352003242.0,TORERO,Chemical/Oil Products Tanker (Танкер-химовоз / продуктовоз),,,Панама,vessel,,118.0,18.6,На ходу (в переходе),2006.0,,
1055466,563310800.0,AULTMORE,Chemical/Oil Products Tanker (Танкер-химовоз / продуктовоз),,,Сингапур,vessel,,150.0,23.0,На ходу (в коммерческой эксплуатации),2025.0,,
1040447,412096000.0,PING HU 3,LNG Tanker (Газовоз для перевозки СПГ),,,Китай,vessel,,229.0,38.0,На якоре,2025.0,,
9295062,413202000.0,GUANG XING ZHOU,Oil Products Tanker (Танкер-продуктовоз),,,Китай,vessel,,228.6,32.26,На ходу (в переходе),2005.0,,
9345908,566240000.0,MTM SHANGHAI (бывшее название: GOLDEN CHARLOTTE),Chemical/Oil Products Tanker (Танкер-химовоз / продуктовоз),,,Сингапур,vessel,,144.03,24.2,На ходу (в коммерческой эксплуатации),2006.0,,
9283253,413069000.0,LIU LIN WAN,Crude Oil Tanker (Танкер для перевозки сырой нефти / Aframax),,,Китай,vessel,,244.6,42.0,На ходу (в переходе),2004.0,,
9535785,477585600.0,NEW SPRING (ранее: CHANG JIANG ZHI XIANG),Crude Oil Tanker (Танкер типа VLCC),,,"Гонконг, Китай",vessel,,330.0,60.0,На ходу (в переходе),2011.0,,
9321304,621819069.0,"ALMA (ранее: TAKAHASHI, MY WAY, LINGYANG)",Crude Oil Tanker (Танкер типа VLCC — Very Large Crude Carrier),,,Джибути,vessel,,333.0,60.0,Находится на якорной стоянке или в режиме дрейфа в районе Китая,2007.0,,
9251822,679881006.0,"RIESCO (исторические названия: AQUARIS, WILLOWY, AFRA WILLOW, BRITISH WILLOW)",Crude Oil Tanker (Танкер для перевозки сырой нефти),,,Зимбабве,vessel,,240.0,42.0,На ходу (в переходе),2003.0,,
9711573,563186200.0,HAFNIA AQUAMARINE (ранее: NAVIG8 AQUAMARINE),Chemical/Oil Products Tanker (Танкер-химовоз / продуктовоз),,9.6,Сингапур,vessel,,184.0,27.4,На ходу (в переходе),2015.0,,
9731169,538008718.0,"OLYMPIC LADY (ранее: NASIRIYAH, CRUDE PROGRESS)",Crude Oil Tanker (Танкер типа VLCC),,15.1,Маршалловы Острова,vessel,,336.0,60.0,На ходу (в переходе),2017.0,,
9251822,679881006.0,"RIESCO (исторические названия: AQUARIS, WILLOWY, AFRA WILLOW, BRITISH WILLOW)",Crude Oil Tanker (Танкер для перевозки сырой нефти),,,Зимбабве,vessel,,240.0,42.0,На ходу (в переходе),2003.0,,
9263215,356336000.0,"BIG MAG (бывшие названия: COSGREAT LAKE, LILA ZHUHAI, WIN WIN)",Crude Oil Tanker (Танкер типа VLCC — Very Large Crude Carrier),,11.0,Панама,vessel,,333.0,60.0,На ходу (в переходе),2002.0,,
9852274,636019191.0,SOUTHERN VULTURE,Chemical/Oil Products Tanker (Танкер-химовоз / продуктовоз),,6.8,Либерия,vessel,,134.93,23.2,На ходу,2019.0,,
9809552,370503000.0,LILY PROMENADE,LPG Tanker (Танкер для перевозки сжиженного газа / VLGC — Very Large Gas Carrier),,8.4,Панама,vessel,,230.0,36.6,На ходу (в переходе),2019.0,,
9579511,636015624.0,ALMI GLOBE,Crude Oil Tanker (Танкер для перевозки сырой нефти / Suezmax),,9.3,Либерия,vessel,,274.0,48.04,Под управлением (Under way using engine),2012.0,,
9622021,413630110.0,KUN LUN YOU 201IMO: 9622021,Oil Products Tanker (Танкер-продуктовоз),,7.2,"Китай Год постройки: 2011 Габариты: Длина — 177.21 м, ширина — 29 м,",vessel,,177.21,29.0,На ходу.Локация: Судно следует в направлении порта Далянь (Китай),2011.0,,
1018688,412726000.0,ZHAOSHANG 28202 (ранее обозначалось в судостроительных документах как CHINA MERCHANTS JIANGSU CMHI-282-02) IMO: 1018688,LNG Tanker (Танкер для перевозки сжиженного природного газа),,9.5,"Китай (ранее планировалась регистрация под флагом Сингапура) Год постройки: 2026 Габариты: Длина — 299 м, ширина — 48 м,",vessel,,299.0,48.0,Судно находится на стадии завершения ходовых испытаний или начальной фазы ввода в эксплуатацию.Локация: Район порта Янкоу (Yangkou),2026.0,,
9988059,413568730.0,XING TONG KAI MING (ранее XT BRIGHTNESS)IMO: 9988059,Chemical/Oil Products Tanker (Танкер-химовоз/продуктовоз),,5.3,Китай Год постройки: 2024,vessel,,138.8,19.2,На ходу (в переходе),2024.0,,
9522324,613007200.0,SIERRA (ранее известно как SUVOROVSKY PROSPECT),Crude Oil Tanker (Танкер для перевозки сырой нефти),,,Камерун,vessel,,250.0,44.0,Судно является крайне активным участником так называемого «теневого флота» (Shadow Fleet),2011.0,,ВЫСОКИЙ РИСК
1082902,636024694.0,MC HERA,Chemical/Oil Products Tanker (Танкер-химовоз / продуктовоз),,9.0,Либерия,vessel,,183.0,32.0,На ходу,2025.0,,
9622021,413630110.0,KUN LUN YOU 201,Oil Products Tanker (Танкер-продуктовоз),,7.2,Китай,vessel,,177.21,29.0,На ходу / Переход,2011.0,,
1018688,412726000.0,ZHAOSHANG 28202 (регистрационный номер проекта: CMHI-282-02),LNG Tanker (Танкер для перевозки сжиженного природного газа),,9.5,Китай (ранее планировалась регистрация под флагом Сингапура),vessel,,299.0,48.0,Судно находится в стадии ходовых испытаний или начальной фазы ввода в эксплуатацию,2026.0,,
9536351,413384160.0,HONG DA HAI 10,Oil Products Tanker (Танкер-продуктовоз),,4.8,Китай,vessel,,134.5,20.0,На ходу,2009.0,,
9622033,413444510.0,KUN LUN YOU 202IMO: 9622033,Oil Products Tanker (Танкер-продуктовоз),,7.2,"Китай Год постройки: 2012 Габариты: Длина — 177.21 м, ширина — 29 м,",vessel,,177.21,29.0,На ходу / Переход.Локация: Судно следует в порт Далянь (Китай),2012.0,,
9846017,412473000.0,YUAN ZHANG HU,"Crude Oil Tanker (Танкер для перевозки сырой нефти / Panamax, LR1)",,10.9,Китай,vessel,,224.9,35.0,На ходу / Переход,2020.0,,
1023657,563322400.0,GREENERGY WHALE (регистрационное имя: HUZHONG1888),LNG Tanker (Танкер для перевозки сжиженного природного газа),,6.4,Сингапур,vessel,,299.0,46.0,Навигация ограничена. Судно практически новое (постройка 2026 г.),2026.0,,
9988059,413568730.0,XING TONG KAI MING,Chemical/Oil Products Tanker (Танкер-химовоз / продуктовоз),,5.3,Китай,vessel,,138.8,19.2,Судно в переходе,2024.0,,
9646376,412379380.0,SHAN SHI,Chemical/Oil Products Tanker (Танкер-химовоз / продуктовоз),,5.0,Китай,vessel,,110.0,17.5,Under way (На ходу),2012.0,,
9303704,413137000.0,SHI ZI ZUO,Crude Oil Tanker (Танкер для перевозки сырой нефти),,7.5,Китай,vessel,,228.6,32.26,"По данным систем слежения, судно активно",2005.0,,
9367712,538090616.0,HANSA SEALEADER,Oil Products Tanker (Танкер-продуктовоз),,7.0,Маршалловы Острова,vessel,,183.0,32.2,Under way (На ходу),2008.0,,
9461673,538012027.0,MAGNATE (ранее известно как HAFNIA TAURUS)IMO: 9461673,Chemical/Oil Products Tanker (Танкер-продуктовоз/химовоз),,5.2,"Маршалловы Острова Год постройки: 2011 Габариты: Длина — 183 м, ширина — 32.2 м,",vessel,,183.0,32.2,Moored (Ошвартовано),2011.0,,
9367695,538090615.0,,Oil Products Tanker (Танкер-продуктовоз),,7.0,"Маршалловы Острова Год постройки: 2008 Габариты: Длина — 182.5 м, ширина — 32.2 м,",vessel,,182.5,32.2,Moored (Ошвартовано),2008.0,,
9484089,311000466.0,LEYTE SPIRITIMO: 9484089,Crude Oil Tanker (Танкер для перевозки сырой нефти / Aframax),,8.0,"Багамские острова Год постройки: 2011 Габариты: Длина — 243 м, ширина — 42.03 м,",vessel,,243.0,42.03,Moored (Ошвартовано),2011.0,,
9445461,241412000.0,OLYMPIC TROPHY,Crude Oil Tanker (Танкер для перевозки сырой нефти / VLCC — Very Large Crude Carrier),,11.0,Греция,vessel,,339.76,60.0,Moored (Ошвартовано),2010.0,,
1019747,636025579.0,NEW AMBERIMO: 1019747,Crude Oil Tanker (Танкер для перевозки сырой нефти / Aframax / LR2),,12.7,"Либерия Год постройки: 2026 Габариты: Длина — 243 м, ширина — 44 м,",vessel,,243.0,44.0,Under way (На ходу),2026.0,,
9308974,413107000.0,LIAN AN HU,Crude Oil Tanker (Танкер для перевозки сырой нефти),,13.3,Китай,vessel,,229.0,32.2,Прибыло (ARRIVED),2005.0,,
9359466,538005255.0,AL WUKIRIMO: 9359466,LPG Tanker (Танкер для перевозки сжиженного нефтяного газа),,11.6,"Маршалловы ОстроваГод постройки: 2008 Габариты: Длина — 225 м, ширина — 36 м,",vessel,,225.0,36.0,"По состоянию на 8 июня 2026 года судно совершило заход в порт Нинбо, Китай (дата прибытия — 6 июня 2026 г.)",2008.0,,
9534535,413375880.0,ZI DING XIANGIMO: 9534535,Chemical/Oil Products Tanker (Танкер-химовоз / продуктовоз),,5.7,"Китай Год постройки: 2009 Габариты: Длина — 93.8 м, ширина — 15 м,",vessel,,93.8,15.0,"На текущий момент судно следует в порт Нинбо, Китай.Статус: Судно выполняет плановые региональные рейсы в территориальных водах Китая.Осадка (Draught)",2009.0,,
9982251,413586730.0,JIAN HANG FENG DA,Chemical/Oil Products Tanker (Танкер-химовоз / продуктовоз),,4.5,Китай,vessel,,99.0,15.5,Under way (На ходу),2024.0,,
9411290,413275680.0,NENG YUAN 39,Chemical/Oil Products Tanker (Танкер-химовоз / продуктовоз),,11.4,Китай,vessel,,182.9,32.2,По последним данным AIS — в движении (в районе побережья Китая),2010.0,,
9439395,229869000.0,PS AMALFI IMO: 9439395,Crude Oil Tanker (Танкер для перевозки сырой нефти / Aframax),,11.4,Мальта Год постройки: 2010,vessel,,243.0,42.0,At anchor (На якоре),2010.0,,
9694622,538010974.0,MADOIMO: 9694622,"LPG Tanker (Танкер для перевозки сжиженного нефтяного газа, класс VLGC — Very Large Gas Carrier)",,11.1,"Маршалловы Острова Год постройки: 2015 Габариты: Длина — 225 м, ширина — 36 м,",vessel,,225.0,36.0,"По данным последних систем мониторинга, судно находится в районе Гиббстаун (Gibbstown)",2015.0,,
9687502,205691000.0,KONTICHIMO: 9687502,LPG Tanker (Танкер для перевозки сжиженного нефтяного газа),,7.3,"Бельгия Год постройки: 2016 Габариты: Длина — 182 м, ширина — 30 м,",vessel,,182.0,30.0,At anchor (На якоре),2016.0,,
9593438,538004028.0,SEAWAYS RIO GRANDE,Crude Oil Tanker (Танкер для перевозки сырой нефти / Suezmax),,10.6,Маршалловы Острова,vessel,,274.34,48.0,Moored (Ошвартовано),2012.0,,
9798167,538012386.0,INTREPID,LPG Tanker (Танкер для перевозки сжиженного нефтяного газа),,7.4,Маршалловы Острова,vessel,,160.0,24.8,Under way (На ходу),2018.0,,
9941336,256679000.0,VAROLI PIAZZAIMO: 9941336,"LPG Tanker (Танкер для перевозки сжиженного нефтяного газа, полностью рефрижераторный, двухтопливный)",,10.3,Мальта Год постройки: 2024,vessel,,179.86,28.7,At anchor (На якоре),2024.0,,
9926934,636024820.0,GUADALUPE EXPLORERIMO: 9926934,LPG Tanker (Танкер для перевозки сжиженного нефтяного газа),,9.9,"Либерия Год постройки: 2022 Габариты: Длина — 180 м, ширина — 28.7 м,",vessel,,180.0,28.7,At anchor (На якоре),2022.0,,
9419553,247275300.0,FOUR WINDIMO: 9419553,Oil Products Tanker (Танкер-продуктовоз / Aframax),,8.5,"Италия Год постройки: 2009 Габариты: Длина — 249 м, ширина — 44 м,",vessel,,249.0,44.0,Moored (Ошвартовано),2009.0,,
9592214,265076170.0,STENA SUNRISE,Crude Oil Tanker (Танкер для перевозки сырой нефти / Suezmax),,13.8,Швеция,vessel,,274.0,48.0,At anchor (На якоре),2013.0,,
9473066,256721000.0,SEALEO,Crude Oil Tanker (Танкер для перевозки сырой нефти / Aframax),,11.4,Мальта,vessel,,244.0,42.0,At anchor (На якоре),2012.0,,
9439395,229869000.0,PS AMALFI,Crude Oil Tanker (Танкер для перевозки сырой нефти / Aframax),,11.4,Мальта,vessel,,243.0,42.0,At anchor (На якоре),2010.0,,
9880350,538009054.0,SEARHYTHMIMO: 9880350,Crude Oil Tanker (Танкер для перевозки сырой нефти),,7.7,"Маршалловы Острова Год постройки: 2021 Габариты: Длина — 237 м, ширина — 44 м,",vessel,,237.0,44.0,Under way (На ходу),2021.0,,
9957725,538010316.0,ASSOS,LNG Tanker (Танкер для перевозки сжиженного природного газа),,9.5,Маршалловы Острова,vessel,,299.0,46.4,Under way (На ходу),2024.0,,
9994527,636023954.0,PACIFIC CRYSTALIMO: 9994527,Chemical/Oil Products Tanker (Танкер-продуктовоз / MR Tanker),,8.5,"Либерия Год постройки: 2025 Габариты: Длина — 183 м, ширина — 32 м,",vessel,,183.0,32.0,Moored (Ошвартовано),2025.0,,
9710206,338879000.0,CALIFORNIA VOYAGER IMO: 9710206,Chemical/Oil Products Tanker (Танкер-продуктовоз),,11.1,"Соединенные Штаты Америки (США) Год постройки: 2016 (верфь NASSCO, Сан-Диего, США) Габариты: Длина (LOA) — 186 м, ширина — 32.2 м,",vessel,,186.0,32.2,Moored (Ошвартовано),2016.0,,
9432218,366495000.0,OVERSEAS CHINOOK IMO: 9432218,Chemical/Oil Products Tanker (Танкер-продуктовоз),,12.1,"Соединенные Штаты Америки (США) Год постройки: 2010 Габариты: Длина — 183 м, ширина — 32.2 м,",vessel,,183.0,32.2,Moored (Ошвартовано),2010.0,,
9686704,538005172.0,MANISA,Chemical/Oil Products Tanker (Танкер-продуктовоз),,8.5,Маршалловы Острова,vessel,,183.04,32.2,Moored (Ошвартовано),2014.0,,
9976939,636024984.0,AL KHARRARAHIMO: 9976939,LNG Tanker (Танкер для перевозки сжиженного природного газа),,9.7,"Либерия Год постройки: 2025 Габариты: Длина (LOA) — 295 м, ширина — 47 м,",vessel,,295.0,47.0,Прибыло (Arrived),2025.0,,
9682409,538005911.0,SILVER HANNAH,Chemical/Oil Products Tanker (Танкер-химовоз/продуктовоз),49680.0,8.5,Маршалловы Острова,vessel,,183.0,32.2,Moored (Ошвартовано),2014.0,,
9814428,636019387.0,COBALT SUN,Crude Oil Tanker (Танкер для перевозки сырой нефти / AFRAMAX),,9.0,Либерия,vessel,,249.9,44.0,Moored (Ошвартовано),2019.0,,
9749544,636023588.0,ELANDRA GULF,Crude Oil Tanker (Танкер для перевозки сырой нефти / AFRAMAX/LR2),,11.7,Либерия,vessel,,249.97,44.0,Moored (Ошвартовано),2016.0,,
9946350,228444700.0,PARIS KNUTSEN,LNG Tanker (Танкер для перевозки сжиженного природного газа),,9.4,Франция,vessel,,299.0,46.4,Moored (Ошвартовано),2023.0,,
9702027,311000377.0,COMMODORE IMO: 9702027,LPG Tanker (VLGC — крупнотоннажный газовоз для перевозки сжиженного газа),,10.4,"Багамские Острова Год постройки: 2015 Габариты: Длина (LOA) — 225 м, ширина — 36.6 м,",vessel,,225.0,36.6,На ходу (Under way),2015.0,,
9699866,538007574.0,LARGO MARINER,Chemical/Oil Products Tanker (Танкер-химовоз/продуктовоз),49992.0,8.5,Маршалловы Острова,vessel,,183.0,32.2,Moored (Ошвартовано),2018.0,,
9353539,367134000.0,SEAKAY STAR,Chemical/Oil Products Tanker (Танкер-продуктовоз),46817.0,11.0,Соединенные Штаты Америки (США),vessel,,183.2,32.2,Moored (Ошвартовано),2007.0,,
9476824,636026337.0,ORIS VIKTORIAIMO /,Chemical/Oil Products Tanker (Танкер-продуктовоз),49999.0,8.2,Либерия Год постройки: 2013,vessel,,183.0,32.0,На ходу (Under way),2013.0,,
9744831,636017142.0,ONTARIO,LPG Tanker (Газовоз для перевозки сжиженного газа / MGC),,10.6,Либерия,vessel,,180.0,28.0,На ходу (Under way),2017.0,,
9987627,255915645.0,BRAVE FUTUREIMO: 9987627,LPG Tanker (Газовоз для перевозки сжиженного газа / MGC),,7.1,"Португалия (Мадейра) Год постройки: 2025 Габариты: Длина (LOA) — 188 м, ширина — 29 м,",vessel,,188.0,29.0,At anchor (На якоре),2025.0,,
9981403,228464700.0,BARZANIMO: 9981403,LNG Tanker (Танкер для перевозки сжиженного природного газа),92323.0,9.4,"Франция Год постройки: 2026 Габариты: Длина (LOA) — 299 м, ширина — 46 м",vessel,,299.0,46.0,At anchor (На якоре),2026.0,,
1029261,228475700.0,ECOMAR GASCOGNEIMO: 1029261,Chemical/Oil Products Tanker (Танкер-химовоз/продуктовоз),,8.4,"Франция Год постройки: 2025 Габариты: Длина (LOA) — 183 м, ширина — 32 м,",vessel,,183.0,32.0,At anchor (На якоре),2025.0,,
9674842,538005615.0,BW BREEZE,LPG Tanker (VLGC — газовоз для перевозки сжиженного газа),,8.2,Маршалловы Острова,vessel,,226.0,37.0,At anchor (На якоре),2015.0,,
9733337,538006839.0,BW FRIGGIMO: 9733337,LPG Tanker (VLGC — газовоз для перевозки сжиженного газа),,8.5,"Маршалловы Острова Год постройки: 2016 Габариты: Длина (LOA) — 225 м, ширина — 37 м,",vessel,,225.0,37.0,At anchor (На якоре),2016.0,,
9649328,256647000.0,ENERGY ATLANTICIMO: 9649328,LNG Tanker (Танкер для перевозки сжиженного природного газа),89766.0,9.8,"Мальта Год постройки: 2015 Габариты: Длина (LOA) — 290 м, ширина — 46 м",vessel,,290.0,46.0,На ходу (Under way),2015.0,,
9942689,563158100.0,MOCKINGBIRD,Chemical/Oil Products Tanker (Танкер-химовоз/продуктовоз),19999.0,6.5,Сингапур,vessel,,147.0,24.0,На ходу (Under way),2022.0,,
9725316,538012075.0,MARI JONE,Chemical/Oil Products Tanker (Танкер-химовоз/продуктовоз),49999.0,9.3,Маршалловы Острова,vessel,,186.06,32.2,На ходу (Under way),2016.0,,
9742302,636017410.0,NAVIGATOR ECLIPSE IMO: 9742302,LPG Tanker (Танкер для перевозки сжиженного газа),26968.0,10.5,Либерия Год постройки: 2016,vessel,,179.89,29.6,На ходу (Under way),2016.0,,
9943499,256226000.0,CLEAN VITALITYIMO: 9943499,LNG Tanker (Танкер для перевозки сжиженного природного газа),107621.0,9.6,"Мальта Год постройки: 2024 Габариты: Длина (LOA) — 300 м, ширина (beam) — 49 м",vessel,,300.0,,Under way (На ходу),2024.0,,
9794288,371557000.0,ALBERT IIIIMO: 9794288MMSI: 371557000,LPG Tanker (Танкер для перевозки сжиженного газа / VLGC),54365.0,11.9,Панама Год постройки: 2017,vessel,,225.13,36.6,На ходу (Under way),2017.0,,
9505819,636019142.0,SOHO SQUAREIMO: 9505819,Crude Oil/Chemical Tanker (Афрамакс / танкер для перевозки нефтепродуктов),114900.0,8.2,Либерия Год постройки: 2012,vessel,,249.0,44.0,На ходу (в процессе завершения перехода),2012.0,,
9410014,636013239.0,SEAWAYS OAK,Chemical/Oil Products Tanker (Танкер-химовоз/продуктовоз),,11.1,Либерия,vessel,,183.0,32.2,Under way (На ходу),,,
9752618,538006979.0,ETHANE TOPAZ,LPG Tanker (VLEC — Very Large Ethane Carrier),,9.7,Маршалловы Острова,vessel,,227.87,36.5,Under way (На ходу),,,
1051642,636025680.0,ENERGIA SOLEIL,LPG Tanker (Танкер для перевозки сжиженного газа),,7.9,Либерия,vessel,,230.0,32.0,At anchor (На якоре),,,
1030272,563087750.0,GAS SYRINGA,LPG Tanker (Танкер для перевозки сжиженного газа),,9.4,Сингапур,vessel,,230.0,36.0,At anchor (На якоре),,,
9588299,241623000.0,,,317053.0,16.6,Греция (GRC).,vessel,161593.0,333.0,60.04,,,2010.0,
9889954,215854000.0,,,156921.0,9.5,Мальта (MLT).,vessel,81110.0,277.0,48.0,,,2021.0,
9290347,356869000.0,,,318658.0,10.9,Панама (PAN).,vessel,161045.0,333.0,60.0,,,2004.0,
9937127,310842000.0,,,18417.0,5.4,Бермудские острова (BMU).,vessel,17974.0,160.0,27.0,,,2024.0,
9302023,621819085.0,,,299998.0,21.0,Джибути (DJI).,vessel,160007.0,332.98,60.0,,,2005.0,
9262211,310469000.0,,,79566.0,11.3,Бермудские острова (BMU).,vessel,115993.0,288.73,48.0,,,2005.0,
9938987,538011839.0,,,17933.0,5.0,Маршалловы Острова (MHL).,vessel,12113.0,145.06,22.9,,,2023.0,
9878060,636021159.0,,,34775.0,5.0,Либерия (LBR).,vessel,24576.0,154.31,36.03,,,2021.0,
9253765,538012111.0,,,69554.0,13.4,Маршалловы Острова (MHL).,vessel,40456.0,228.0,32.23,,,2003.0,
9290311,538008380.0,,,105642.0,,Маршалловы Острова (MHL).,vessel,58722.0,244.26,42.0,,,2005.0,
9262211,310469000.0,,,79566.0,10.0,Бермудские острова (BMU).,vessel,115993.0,288.73,48.0,,,2005.0,
9833589,538010470.0,,,47499.0,8.0,Маршалловы Острова (MHL).,vessel,29991.0,183.07,32.2,,,2019.0,
9759939,,SHTURMAN KOSHELEV,"Танкер для перевозки сырой нефти (Crude Oil Tanker, арктический класс)",,9.0,Россия,vessel,,248.92,34.0,,2017.0,,"при взаимодействии с данным судном оценивается как критически высокий. Судно включено в санкционные списки, что накладывает строгие ограничения на любые финансовые и логистические операции с его участием. Требуется проведение максимально тщательного Due Diligence и оценка соблюдения всех применимых санкционных режимов."
9759927,,SHTURMAN SHCHERBININ,Танкер для перевозки сырой нефти (Crude Oil Tanker),,8.9,Россия,vessel,,248.92,34.0,,2017.0,,
8838556,,NIKOLAY KUDAKOVSKIY,Танкер для перевозки нефтепродуктов (Oil Products Tanker),,4.8,Россия,vessel,,77.53,14.02,,1990.0,,
9798088,,HELLAS CALAFIA,Танкер для перевозки химических грузов / нефтепродуктов (Chemical/Oil Products Tanker),,7.0,Мальта,vessel,,183.0,32.0,,2018.0,,
9375317,,SINO WISDOM,Танкер для перевозки химических грузов / нефтепродуктов (Chemical/Oil Products Tanker),,7.3,Панама,vessel,,183.0,32.2,,2006.0,,
9843572,,AMEINON,Танкер для перевозки сырой нефти (Crude Oil Tanker),,9.3,Либерия,vessel,,249.99,44.0,,2019.0,,
9310525,,QENDIL,Танкер для перевозки сырой нефти (Crude Oil Tanker),,6.1,Оман,vessel,,249.0,44.0,,2006.0,,
9288796,256901000.0,,,37432.0,10.0,Мальта (MT).,vessel,25124.0,175.97,31.0,,,,
9607722,353221000.0,,,112081.0,,Панама (PAN).,vessel,62316.0,250.0,44.0,,,2013.0,
9489285,538006514.0,,,104808.0,,Маршалловы Острова (MH).,vessel,58418.0,243.8,42.0,,,2008.0,
9784611,352003617.0,,,109986.0,8.5,Панама (PAN).,vessel,63076.0,249.98,44.0,,,2017.0,
9387671,403503000.0,,,46195.0,10.5,Саудовская Аравия.,vessel,29740.0,183.0,32.2,,,2009.0,
9236743,319131300.0,,,157407.0,15.2,Каймановы Острова.,vessel,80779.0,274.0,48.0,,,2018.0,
9818230,319131300.0,,,157407.0,15.2,Каймановы Острова.,vessel,80779.0,274.0,48.0,,,2018.0,
9410650,636091686.0,,,105291.0,14.6,Либерия.,vessel,57221.0,244.0,42.0,,,2009.0,
9972684,636025740.0,,,88808.0,11.4,Либерия.,vessel,115718.0,290.0,46.0,,2026.0,,
9860192,563084900.0,,,21020.0,9.5,"Сингапур. Габариты: Длина (LOA) 149.03 м, ширина 24.00 м. Тоннаж:",vessel,12370.0,149.03,24.0,,,2019.0,
9917579,,,,95817.0,11.3,Панама.,vessel,114180.0,299.0,46.4,,,2023.0,
9940992,,,,55076.0,12.3,Панама.,vessel,48855.0,229.96,32.25,,,2023.0,
9590905,,,,48020.0,11.5,Мальта.,vessel,28777.0,179.99,32.2,,,2011.0,
9934670,,,,30112.0,9.5,Либерия.,vessel,26252.0,180.0,28.7,,,2023.0,
9306641,,,,34663.0,9.8,Гвинея-Бисау.,vessel,22184.0,171.2,27.4,,,2006.0,
9650573,725001965.0,,,,10.8,"Чили (Chile). В отличие от большинства каботажных судов региона, оперирует непосредственно под национальным флагом.",vessel,,183.31,,,,2013.0,
9700469,538009592.0,,,,10.8,Маршалловы Острова (Marshall Islands). Актив зарегистрирован в открытом международном регистре.,vessel,,182.99,,,,2015.0,
9337511,636026184.0,,,,10.8,Либерия (Liberia). Борт зарегистрирован в открытом международном регистре.,vessel,,183.21,,,,2008.0,
9553749,538009871.0,,,,11.3,Маршалловы Острова (Marshall Islands). Борт оперирует под удобным международным регистром.,vessel,,183.07,,,,2022.0,
9725861,636017792.0,,,,6.3,Либерия (Liberia). Борт зарегистрирован в открытом международном регистре.,vessel,,145.0,24.2,,,2017.0,
9833553,538010465.0,,,,8.4,"Маршалловы Острова (Marshall Islands). Борт управляется под удобным международным флагом.Габариты: Конструктивная длина (LOA) — 183.07 м, ширина корпуса (Beam) — 32.20 м (интерфейс спутникового мониторинга ИНС на image_33151f.jpg дублирует округленную длину 183.07 м и уточняет ширину как 32.22 м).Тоннаж: Максимальный",vessel,,183.07,,,,2019.0,
9403293,725026000.0,,,,9.2,"Чили (Chile). Судно эксплуатируется под национальным флагом для обеспечения внутренних потребностей энергетического и сырьевого секторов страны.Габариты: Длина (LOA) — 174.40 м, ширина — 27.70 м (интерфейс спутникового ИНС на image_331921.jpg указывает округленную длину 174 м и конструктивную ширину 27.73 м).Тоннаж:",vessel,,174.4,27.7,,,2010.0,
9371775,725005708.0,,,,9.1,"Чили (Chile). Судно оперирует под национальным флагом, выполняя внутренние рейсы вдоль побережья Латинской Америки.",vessel,,161.12,23.0,,,2008.0,
9917658,548691000.0,,,,11.8,Филиппины (Philippines).,vessel,,183.0,32.2,,,2021.0,
9872949,215762000.0,,,,9.5,"Мальта (Malta). Актив зарегистрирован в одном из ведущих европейских открытых регистров, обеспечивающем высокие стандарты комплаенса и технического аудита.",vessel,,299.06,46.4,,,2021.0,
9717785,538005536.0,,,,12.0,"Маршалловы Острова (Marshall Islands). Актив зарегистрирован в авторитетном открытом международном регистре.Габариты: Длина (LOA) — 183.04 м, ширина — 32.20 м (интерфейс ИНС на image_338925.jpg фиксирует конструктивную длину 183.03 м и ширину 32.22 м).Тоннаж:",vessel,,183.04,32.2,,,2015.0,
9919163,352898688.0,,,,10.2,"Панама (Panama). Судно зарегистрировано в крупнейшем мировом открытом регистре.Габариты: Длина (LOA) — 183.06 м, ширина — 32.20 м (интерфейс ИНС на image_339520.jpg фиксирует конструктивную ширину 32.24 м).Тоннаж:",vessel,,183.06,32.2,,,2021.0,
9655913,725001963.0,,,,9.7,"Чили (Chile). Судно оперирует под национальным флагом, выполняя стратегические задачи по обеспечению внутреннего энергетического и сырьевого рынка страны.",vessel,,183.31,32.2,,,2013.0,
9800037,374561000.0,,,,8.8,Панама (Panama). Судно зарегистрировано в крупнейшем мировом открытом регистре.,vessel,,145.53,23.7,,,2018.0,
9290660,636024344.0,,,,7.5,"Либерия (Liberia). Регистрация выполнена в стабильном международном открытом регистре.Габариты: Длина (LOA) — 183.20 м, ширина — 32.20 м (на карте интерфейса ИНС image_4f4bdd.jpg ширина округлена до 32.2 м).Тоннаж:",vessel,,183.2,32.2,,,2006.0,
9697648,538005189.0,,,,8.0,"Маршалловы Острова (Marshall Islands). Актив зарегистрирован в одном из крупнейших и наиболее авторитетных открытых регистров, обеспечивающем высокий уровень комплаенса и технического контроля.Габариты: Длина (LOA) — 183.09 м, ширина — 32.20 м (интерфейс ИНС на image_4f4fc1.jpg подтверждает конструктивную ширину 32.22 м).Тоннаж:",vessel,,183.09,32.2,,,2015.0,
9360934,371433000.0,,,,10.3,Панама (Panama). Судно зарегистрировано в крупнейшем мировом открытом регистре.,vessel,,144.09,24.2,,,2006.0,
9917543,256512000.0,,,,11.0,"Мальта (Malta). Судно зарегистрировано в одном из ведущих европейских открытых регистров, входящих в белый список Парижского меморандума.Габариты: Длина (LOA) — 299.00 м, ширина — 46.40 м (навигационная карта и интерфейс ИНС на image_4fadb8.jpg подтверждают конструктивную длину 299 метров).Тоннаж:",vessel,,299.0,46.4,,,2023.0,
9290610,760001880.0,,,,10.2,"Перу (Peru). Судно оперирует под национальным флагом, выполняя задачи по обеспечению внутреннего энергетического рынка.",vessel,,182.5,32.2,,,2005.0,
9794068,255916594.0,,,,10.6,"Португалия / Мадейра (Portugal / Madeira). Судно зарегистрировано в авторитетном европейском открытом регистре с высоким уровнем комплаенс-контроля.Габариты: Длина (LOA) — 277.08 м, ширина — 48.00 м (в базовом текстовом логе длина округлена до 277 м, интерфейс ИНС image_4fbbc6.png подтверждает конструктивную ширину 48.04 м).Тоннаж:",vessel,,277.08,48.0,,,2019.0,
9725823,636016933.0,,,,6.5,Либерия (Liberia) [???]. Регистрация выполнена в стабильном международном открытом регистре из белого списка комплаенса.,vessel,,145.0,24.2,,,2015.0,
9794068,255916594.0,,,,10.6,"Португалия / Мадейра (Portugal / Madeira) [строка ввода пользователя, image_4fc403.png]. Судно зарегистрировано в авторитетном европейском открытом регистре с высокими стандартами технического комплаенса.",vessel,,277.08,48.0,,,2019.0,
9710191,,,,49181.0,8.5,США.,vessel,29923.0,186.0,32.2,,,2016.0,
9793258,,,,50591.0,8.1,Либерия.,vessel,46250.0,229.99,32.25,,,2017.0,
9827578,,,,49999.0,8.9,Маршалловы Острова.,vessel,29544.0,183.06,32.2,,,2018.0,
9734678,,,,54336.0,11.8,Багамские Острова.,vessel,48060.0,225.0,36.6,,,2015.0,
9958262,,,,54994.0,12.0,Сингапур.,vessel,48493.0,229.96,32.25,,,2024.0,
1051630,,,,56192.0,11.9,Либерия.,vessel,49698.0,229.82,32.25,,,2026.0,
9986817,,,,114805.0,9.0,Либерия.,vessel,63262.0,243.0,44.0,,,2024.0,
9792204,241531000.0,,,,11.6,Греция (Greece) [Судно].,vessel,,228.0,32.24,,,2018.0,
9382970,636014804.0,,,,8.2,Либерия (Liberia) [Судно].,vessel,,228.13,32.24,,,2009.0,
9755062,372628000.0,,,,8.2,Панама (Panama).,vessel,,228.0,32.24,,,2017.0,
9174385,735057550.0,,,,8.0,Эквадор (Ecuador).,vessel,,183.07,32.2,,,1999.0,
9430698,735059965.0,,,,5.0,Эквадор (Ecuador) [Судно].,vessel,,146.0,22.0,,,2011.0,
9277943,257309000.0,,,,10.9,Норвегия (Norway) [Судно].,vessel,,205.0,32.2,,,2004.0,
9464376,538011811.0,,,,9.5,Маршалловы Острова (Marshall Islands) [Судно].,vessel,,184.0,27.4,,,2010.0,
9687485,205283000.0,,,,10.4,Бельгия (Belgium) [Судно].,vessel,,180.0,29.4,,,2015.0,
9713844,563881000.0,,,,10.2,Сингапур (Singapore) [Судно].,vessel,,183.07,32.2,,,2016.0,
9692375,538006666.0,,,,10.2,Маршалловы Острова (Marshall Islands) [Судно].,vessel,,183.06,32.2,,,2015.0,
9998248,636023957.0,,,,10.9,Либерия (Liberia) [Судно].,vessel,,183.0,32.0,,,,
9833591,538010460.0,,,,9.8,Маршалловы Острова (Marshall Islands) [Судно].,vessel,,183.07,32.2,,,2020.0,
9174373,735057549.0,,,,7.0,"Эквадор (Ecuador) [Судно]. В отличие от ранее рассмотренных иностранных систершипов, данный актив является частью национального торгового флота Эквадора [Судно].",vessel,,183.07,32.2,,,1999.0,
9836062,219265000.0,,,,9.8,Дания (Denmark). Судно находится под юрисдикцией европейского премиум-регистра с высшим рейтингом комплаенса White List в системах Paris / Tokyo MOU.,vessel,,183.07,32.0,,,2019.0,
9578749,735058776.0,,,,6.2,Эквадор (Ecuador). Актив принадлежит к национальному флоту страны.,vessel,,116.79,16.7,,,2010.0,
9182095,735058741.0,,,,3.9,"Эквадор (Ecuador) [Уведомление от пользователя]. Актив оперирует в рамках национального торгового флота южноамериканского региона [Уведомление от пользователя, Снимок экрана ""image_5a2d80.jpg""].",vessel,,107.3,16.8,,,1998.0,
9902122,538009465.0,,,,7.9,Маршалловы Острова (Marshall Islands). Танкер зарегистрирован в одной из ведущих мировых юрисдикций «удобного флага» с высокими стандартами комплаенса.,vessel,,184.94,32.2,,,2021.0,
9675494,563624000.0,,,,9.5,"Сингапур (Singapore). Актив находится под юрисдикцией белого списка (""White List"") премиального азиатского регистра, что снижает риски внезапных проверок в портах.",vessel,,183.13,32.2,,,2014.0,
9691723,538005403.0,,,,10.7,Маршалловы Острова (Marshall Islands) [Уведомление от пользователя]. Юрисдикция входит в белый список («White List») ведущих международных Парижского и Токийского меморандумов комплаенса [Уведомление от пользователя].,vessel,,184.0,27.4,,,2014.0,
9798870,241529000.0,,,,10.3,"Греция (Greece) [Уведомление от пользователя]. Актив оперирует под флагом традиционной европейской морской юрисдикции с жесткими требованиями к техническому аудиту [Уведомление от пользователя, Снимок экрана ""image_5a1a47.jpg""].",vessel,,228.0,32.24,,,2018.0,
9789714,636025427.0,,,,9.9,"Либерия (Liberia) [строка ввода пользователя, изображение_50383c.jpg]. Крупнейший международный открытый регистр из белого списка комплаенса.",vessel,,180.0,28.4,,,2018.0,
9301732,636012628.0,,,,11.7,"Либерия (Liberia) [строка ввода пользователя, изображение_503406.jpg]. Судно зарегистрировано в ведущем международном регистре из белого списка комплаенса.",vessel,,228.56,32.2,,,2006.0,
9171321,760000500.0,,,,7.7,"Перу (Peru). Судно находится под национальным флагом южноамериканского государства, что накладывает специфические условия на каботажные операции в данном регионе.",vessel,,183.4,32.03,,,1999.0,
9834868,241631000.0,,,,11.6,Греция (Greece). Судно оперирует под авторитетным европейским флагом с высоким уровнем комплаенс-контроля.,vessel,,182.93,32.2,,,2019.0,
9288916,760004090.0,,,,7.1,"Перу (Peru). Эксплуатируется под национальным флагом южноамериканского государства, выполняя ключевые каботажные и региональные задачи.",vessel,,176.0,31.0,,,2004.0,
9259290,,,,50591.0,8.1,Либерия.,vessel,46250.0,229.99,32.25,,,2017.0,
9690145,310722000.0,LNG FINIMA II,LNG Tanker (Специализированный газовоз для перевозки СПГ),,9.3,Бермудские острова (BERMUDA),vessel,,292.0,47.8,Underway using Engine (На ходу),,,
9655042,538004975.0,KOOL FROST,LNG Tanker (Газовоз СПГ),,9.4,Маршалловы Острова (MARSHALL ISLANDS),vessel,,280.5,43.4,Underway using Engine (На ходу),,,
9877133,538008979.0,LNG ROSENROT,LNG Tanker (Танкер для перевозки сжиженного природного газа),,11.2,Маршалловы Острова (MARSHALL ISLANDS),vessel,,297.9,47.9,Underway using Engine (На ходу),,,
9864667,215574000.0,VIVIT AMERICAS LNG,LNG Tanker (Газовоз СПГ),,11.6,Мальта (MALTA),vessel,,299.0,46.4,Underway using Engine (На ходу),,,
9862346,215573000.0,PEARL LNG,LNG Tanker (Газовоз СПГ),,11.4,Мальта (MALTA),vessel,,,,Underway using Engine (На ходу),,,
9727235,259089000.0,SIEM THIIMA,Multi Purpose Offshore Vessel (Многоцелевое судно обеспечения офшорных платформ),,6.0,Норвегия (NORWAY),vessel,,89.16,19.0,Underway using Engine (На ходу),,,
9399064,367492110.0,ODYSSEA TITAN,Multi Purpose Offshore Vessel (Многоцелевое судно обеспечения),,3.3,США (UNITED STATES OF AMERICA),vessel,,,14.63,Stopped (Остановлено),,,
9200926,,LION II,Crude Oil Tanker (Танкер для сырой нефти),,7.5,Данные в системе отсутствуют (null),vessel,,246.5,42.04,At Anchor (На якоре),,,
9200859,356577000.0,ANNECY,Oil Products Tanker (Танкер для нефтепродуктов),,4.4,Панама (PANAMA),vessel,,104.99,19.05,Moored (Пришвартовано),,,
9200847,352857000.0,FPSO CIDADE DE MARICA,Floating Storage/Production (Плавучее хранилище/производство),,5.0,Панама (PANAMA),vessel,,346.53,58.0,Class B,,,
9200835,268251384.0,DENNIE,Crude Oil Tanker (Танкер для сырой нефти),,22.0,Сан-Марино (SAN MARINO),vessel,,332.95,58.0,At Anchor (На якоре),,,"в вашей системе, аналогичный статусу гигантских контейнеровозов MSC MIA и MSC LENI."
9200859,356577000.0,ANNECY,Oil Products Tanker (Танкер-продуктовоз),,4.4,Панама (PANAMA),vessel,,104.99,19.05,Moored (Пришвартовано),,,
9200316,432278000.0,LNG JAMAL,LNG Tanker (Танкер для перевозки сжиженного природного газа),,8.6,Япония (JAPAN),vessel,,290.0,46.0,Underway using Engine (На ходу),,,
9266982,525121108.0,GAS GARUDA,LNG Tanker (Танкер для перевозки сжиженного природного газа),,11.6,Индонезия (INDONESIA),vessel,,205.47,43.4,Underway using Engine (На ходу),,,
9202132,457900523.0,M.T.GGAS 101,LPG Tanker (Танкер для перевозки СНГ),,3.8,Монголия (MONGOLIA),vessel,,67.85,11.5,Stopped (Остановлено),,,
9202120,457900522.0,M.T.GGAS 102,LPG Tanker (Танкер для перевозки СНГ),,3.9,Монголия (MONGOLIA),vessel,,67.85,11.5,Stopped (Остановлено),,,
9202950,,KOKI MARU,Oil Products Tanker (Танкер для нефтепродуктов),,,,vessel,,,,Stopped (Остановлено),,,
9202948,431501584.0,FUKUTOKU MARU NO.28,Oil Products Tanker (Танкер для нефтепродуктов),,4.1,Япония (JAPAN),vessel,,64.92,10.0,Underway using Engine (На ходу),,,
5233573,,ARISTOTLE,LNG Tanker (Танкер-газовоз),,,,vessel,,,,Stopped (Остановлено),,,
9204855,,DAEDONG JINHAE 1048,Oil Products Tanker (Танкер для нефтепродуктов),,,,vessel,,,,Stopped (Остановлено),,,
9204843,,DAEDONG JINHAE 1047,Oil Products Tanker (Танкер для нефтепродуктов),,,,vessel,,,,Stopped (Остановлено),,,
9204831,,DAEDONG JINHAE 1046,Oil Products Tanker (Танкер для нефтепродуктов),,,,vessel,,,,Stopped (Остановлено),,,
9204829,,DAEDONG JINHAE 1045,Oil Products Tanker (Танкер для нефтепродуктов),,,,vessel,,,,Stopped (Остановлено),,,
9205809,271000639.0,GULFIK,Chemical/Oil Products Tanker (Химовоз/Танкер),,4.8,Турция (TURKEY),vessel,,91.9,15.2,Underway using Engine (На ходу под мотором),,,
9206217,,SWISSCO 118,Oil Products Tanker (Танкер для нефтепродуктов),,,Данные отсутствуют,vessel,,,,Stopped (Остановлено),,,
9205859,563032700.0,SINCERE 18,Chemical/Oil Products Tanker (Химовоз/Танкер),,6.4,Сингапур (SINGAPORE),vessel,,101.0,16.0,Underway using Engine (На ходу под мотором),,,
9206906,657114000.0,IGBERE,Oil Products Tanker (Танкер для нефтепродуктов),,2.0,Нигерия (NIGERIA),vessel,,57.0,15.0,Stopped (Остановлено),,,
9206891,657312000.0,PRAISEL,Oil Products Tanker (Танкер для нефтепродуктов),,1.8,Нигерия (NIGERIA),vessel,,54.0,12.0,Stopped (Остановлено),,,
9206815,470123000.0,MARAWAH 2,Oil Products Tanker (Танкер для нефтепродуктов),,4.0,Объединенные Арабские Эмираты (UNITED ARAB EMIRATES),vessel,,50.0,14.0,Stopped (Остановлено),,,
9206425,470359000.0,MARAWAH 3,Oil Products Tanker (Танкер для нефтепродуктов),,3.5,Объединенные Арабские Эмираты (UNITED ARAB EMIRATES),vessel,,46.0,13.0,Stopped (Остановлено),,,
9207285,,SASAKI 621,Tanker (Танкер),,,Данные отсутствуют,vessel,,,,Stopped (Остановлено),,,
9207182,657113100.0,FALCON 1,Oil Products Tanker (Танкер для нефтепродуктов),,3.5,Нигерия (NIGERIA),vessel,,67.06,14.02,Stopped (Остановлено),,,
9207015,470557000.0,MARAWAH 4,Oil Products Tanker (Танкер для нефтепродуктов),,4.2,Объединенные Арабские Эмираты (UNITED ARAB EMIRATES),vessel,,50.0,14.0,Stopped (Остановлено),,,
9207417,470986000.0,AL HAMRA 1,Oil Products Tanker (Танкер для нефтепродуктов),,4.5,Объединенные Арабские Эмираты (UNITED ARAB EMIRATES),vessel,,50.0,14.0,Stopped (Остановлено),,,
9207857,470987000.0,AL HAMRA 2,Oil Products Tanker (Танкер для нефтепродуктов),,4.5,Объединенные Арабские Эмираты (UNITED ARAB EMIRATES),vessel,,50.0,14.0,Stopped (Остановлено),,,
9208148,352003597.0,YELLOW STONE,LPG/Chemical Tanker (Танкер для перевозки сжиженного газа/химикатов),,6.9,Панама (PANAMA),vessel,,118.06,18.8,At Anchor (На якоре),,,
9208069,613471902.0,STELLAR BEVERLY,Crude Oil Tanker (Танкер для перевозки сырой нефти),,8.5,Камерун (CAMEROON),vessel,,274.22,47.8,At Anchor (На якоре),,,
9208045,533132644.0,SINCERE 02,Oil Products Tanker (Танкер для нефтепродуктов),,4.5,Малайзия (MALAYSIA),vessel,,91.95,15.3,"Underway using Engine (На ходу, использует двигатель)",,,
9208564,403204000.0,FALCON OF JEDDAH,Oil/Chemical Tanker (Танкер для нефтепродуктов и химозных грузов),,6.8,Саудовская Аравия (SAUDI ARABIA),vessel,,124.96,19.2,Not Under Command (Не управляется / Лишено возможности маневрировать),,,
9208473,677024300.0,ANGEL K,Oil/Chemical Tanker (Танкер для нефтепродуктов и химикатов),,7.5,Танзания (TANZANIA),vessel,,183.06,27.42,Moored (Пришвартовано),,,
9208409,538009386.0,MARIA M,Oil/Chemical Tanker (Танкер для нефтепродуктов и химикатов),,7.5,Маршалловы Острова (MARSHALL ISLANDS),vessel,,182.55,27.37,At Anchor (На якоре),,,
9208825,563158400.0,ST. CATHARINENS,Oil/Chemical Tanker (Танкер для нефтепродуктов и химикатов),,7.5,Сингапур (SINGAPORE),vessel,,182.55,27.37,"Underway using Engine (На ходу, использует двигатель)",,,
9210098,538011250.0,FALCON SILK,Product Tanker (Танкер-продуктовоз),,11.4,Маршалловы Острова (MARSHALL IS),vessel,,183.0,32.2,At Anchor (На якоре),,,
9210086,538011251.0,FALCON POINT,Product Tanker (Танкер-продуктовоз),,11.4,Маршалловы Острова (MARSHALL IS),vessel,,175.5,31.0,At Anchor (На якоре),,,
9210074,538011252.0,FALCON TRADER II,Product Tanker (Танкер-продуктовоз),,11.4,Маршалловы Острова (MARSHALL IS),vessel,,175.5,31.1,At Anchor (На якоре),,,
9210062,538011253.0,FALCON TRADER III,Product Tanker (Танкер-продуктовоз),,11.4,Маршалловы Острова (MARSHALL IS),vessel,,175.5,31.1,At Anchor (На якоре),,,
9210050,538011254.0,FALCON TRADER IV,Product Tanker (Танкер-продуктовоз),,11.4,Маршалловы Острова (MARSHALL IS),vessel,,175.5,31.1,At Anchor (На якоре),,,
9210048,538011255.0,FALCON TRADER V,Product Tanker (Танкер-продуктовоз),,11.4,Маршалловы Острова (MARSHALL IS),vessel,,175.5,31.1,At Anchor (На якоре),,,
9210036,538011256.0,FALCON TRADER VI,Product Tanker (Танкер-продуктовоз),,11.4,Маршалловы Острова (MARSHALL IS),vessel,,175.5,31.1,At Anchor (На якоре),,,
9209908,538011257.0,FALCON TRADER VII,Product Tanker (Танкер-продуктовоз),,11.4,Маршалловы Острова (MARSHALL IS),vessel,,175.5,31.1,At Anchor (На якоре),,,
9209702,538011258.0,FALCON TRADER VIII,Product Tanker (Танкер-продуктовоз),,11.4,Маршалловы Острова (MARSHALL IS),vessel,,175.5,31.1,At Anchor (На якоре),,,
9209453,538011259.0,FALCON TRADER IX,Product Tanker (Танкер-продуктовоз),,11.4,Маршалловы Острова (MARSHALL IS),vessel,,175.5,31.1,At Anchor (На якоре),,,
9210347,538011260.0,FALCON TRADER X,Product Tanker (Танкер-продуктовоз),,11.4,Маршалловы Острова (MARSHALL IS),vessel,,175.5,31.1,At Anchor (На якоре),,,
9210323,538011261.0,FALCON TRADER XI,Product Tanker (Танкер-продуктовоз),,11.4,Маршалловы Острова (MARSHALL IS),vessel,,175.5,31.1,At Anchor (На якоре),,,
9210309,538011262.0,FALCON TRADER XII,Product Tanker (Танкер-продуктовоз),,11.4,Маршалловы Острова (MARSHALL IS),vessel,,175.5,31.1,At Anchor (На якоре),,,
9210270,538011264.0,FALCON TRADER XIV,Product Tanker (Танкер-продуктовоз),,11.4,Маршалловы Острова (MARSHALL IS),vessel,,175.5,31.1,At Anchor (На якоре),,,
9210361,538011265.0,FALCON TRADER XV,Product Tanker (Танкер-продуктовоз),,11.4,Маршалловы Острова (MARSHALL IS),vessel,,175.5,31.1,At Anchor (На якоре),,,
9210373,538011266.0,FALCON TRADER XVI,Product Tanker (Танкер-продуктовоз),,11.4,Маршалловы Острова (MARSHALL IS),vessel,,175.5,31.1,At Anchor (На якоре),,,
9210385,538011267.0,FALCON TRADER XVII,Product Tanker (Танкер-продуктовоз),,11.4,Маршалловы Острова (MARSHALL IS),vessel,,175.5,31.1,At Anchor (На якоре),,,
9210397,538011268.0,FALCON TRADER XVIII,Product Tanker (Танкер-продуктовоз),,11.4,Маршалловы Острова (MARSHALL IS),vessel,,175.5,31.1,At Anchor (На якоре),,,
9210402,538011269.0,FALCON TRADER XIX,Product Tanker (Танкер-продуктовоз),,11.4,Маршалловы Острова (MARSHALL IS),vessel,,175.5,31.1,At Anchor (На якоре),,,
9210414,538011270.0,FALCON TRADER XX,Product Tanker (Танкер-продуктовоз),,11.4,Маршалловы Острова (MARSHALL IS),vessel,,175.5,31.1,At Anchor (На якоре),,,
9210957,538011271.0,FALCON TRADER XXI,Product Tanker (Танкер-продуктовоз),,11.4,Маршалловы Острова (MARSHALL IS),vessel,,175.5,31.1,At Anchor (На якоре),,,
9210945,538011272.0,FALCON TRADER XXII,Product Tanker (Танкер-продуктовоз),,11.4,Маршалловы Острова (MARSHALL IS),vessel,,175.5,31.1,At Anchor (На якоре),,,
9210737,538011273.0,FALCON TRADER XXIII,Product Tanker (Танкер-продуктовоз),,11.4,Маршалловы Острова (MARSHALL IS),vessel,,175.5,31.1,At Anchor (На якоре),,,
9210684,538011274.0,FALCON TRADER XXIV,Product Tanker (Танкер-продуктовоз),,11.4,Маршалловы Острова (MARSHALL IS),vessel,,175.5,31.1,At Anchor (На якоре),,,
9210658,538011275.0,FALCON TRADER XXV,Product Tanker (Танкер-продуктовоз),,11.4,Маршалловы Острова (MARSHALL IS),vessel,,175.5,31.1,At Anchor (На якоре),,,
9210646,538011276.0,FALCON TRADER XXVI,Product Tanker (Танкер-продуктовоз),,11.4,Маршалловы Острова (MARSHALL IS),vessel,,175.5,31.1,At Anchor (На якоре),,,
9211353,538011277.0,FALCON TRADER XXVII,Product Tanker (Танкер-продуктовоз),,11.4,Маршалловы Острова (MARSHALL IS),vessel,,175.5,31.1,At Anchor (На якоре),,,
9211377,538011278.0,FALCON TRADER XXVIII,Product Tanker (Танкер-продуктовоз),,11.4,Маршалловы Острова (MARSHALL IS),vessel,,175.5,31.1,At Anchor (На якоре),,,
9211365,538011279.0,FALCON TRADER XXIX,Product Tanker (Танкер-продуктовоз),,11.4,Маршалловы Острова (MARSHALL IS),vessel,,175.5,31.1,At Anchor (На якоре),,,
9211341,538011280.0,FALCON TRADER XXX,Product Tanker (Танкер-продуктовоз),,11.4,Маршалловы Острова (MARSHALL IS),vessel,,175.5,31.1,At Anchor (На якоре),,,
9211339,538011281.0,FALCON TRADER XXXI,Product Tanker (Танкер-продуктовоз),,11.4,Маршалловы Острова (MARSHALL IS),vessel,,175.5,31.1,At Anchor (На якоре),,,
9211315,538011282.0,FALCON TRADER XXXII,Product Tanker (Танкер-продуктовоз),,11.4,Маршалловы Острова (MARSHALL IS),vessel,,175.5,31.1,At Anchor (На якоре),,,
9211303,538011283.0,FALCON TRADER XXXIII,Product Tanker (Танкер-продуктовоз),,11.4,Маршалловы Острова (MARSHALL IS),vessel,,175.5,31.1,At Anchor (На якоре),,,
9211298,538011284.0,FALCON TRADER XXXIV,Product Tanker (Танкер-продуктовоз),,11.4,Маршалловы Острова (MARSHALL IS),vessel,,175.5,31.1,At Anchor (На якоре),,,
9211286,538011285.0,FALCON TRADER XXXV,Product Tanker (Танкер-продуктовоз),,11.4,Маршалловы Острова (MARSHALL IS),vessel,,175.5,31.1,At Anchor (На якоре),,,
9211169,538011286.0,FALCON TRADER XXXVI,Product Tanker (Танкер-продуктовоз),,11.4,Маршалловы Острова (MARSHALL IS),vessel,,175.5,31.1,At Anchor (На якоре),,,
9211157,538011287.0,FALCON TRADER XXXVII,Product Tanker (Танкер-продуктовоз),,11.4,Маршалловы Острова (MARSHALL IS),vessel,,175.5,31.1,At Anchor (На якоре),,,
9211561,538011288.0,FALCON TRADER XXXVIII,Product Tanker (Танкер-продуктовоз),,11.4,Маршалловы Острова (MARSHALL IS),vessel,,175.5,31.1,At Anchor (На якоре),,,
9211494,538011289.0,FALCON TRADER XXXIX,Product Tanker (Танкер-продуктовоз),,11.4,Маршалловы Острова (MARSHALL IS),vessel,,175.5,31.1,At Anchor (На якоре),,,
9211482,538011290.0,FALCON TRADER XL,Product Tanker (Танкер-продуктовоз),,11.4,Маршалловы Острова (MARSHALL IS),vessel,,175.5,31.1,At Anchor (На якоре),,,
9211793,538011291.0,FALCON TRADER XLI,Product Tanker (Танкер-продуктовоз),,11.4,Маршалловы Острова (MARSHALL IS),vessel,,175.5,31.1,At Anchor (На якоре),,,
9211781,538011292.0,FALCON TRADER XLII,Product Tanker (Танкер-продуктовоз),,11.4,Маршалловы Острова (MARSHALL IS),vessel,,175.5,31.1,At Anchor (На якоре),,,
9211779,538011293.0,FALCON TRADER XLIII,Product Tanker (Танкер-продуктовоз),,11.4,Маршалловы Острова (MARSHALL IS),vessel,,175.5,31.1,At Anchor (На якоре),,,
9211767,538011294.0,FALCON TRADER XLIV,Product Tanker (Танкер-продуктовоз),,11.4,Маршалловы Острова (MARSHALL IS),vessel,,175.5,31.1,At Anchor (На якоре),,,
9211755,538011295.0,FALCON TRADER XLV,Product Tanker (Танкер-продуктовоз),,11.4,Маршалловы Острова (MARSHALL IS),vessel,,175.5,31.1,At Anchor (На якоре),,,
9212046,538011296.0,FALCON TRADER XLVI,Product Tanker (Танкер-продуктовоз),,11.4,Маршалловы Острова (MARSHALL IS),vessel,,175.5,31.1,At Anchor (На якоре),,,
9212034,538011297.0,FALCON TRADER XLVII,Product Tanker (Танкер-продуктовоз),,11.4,Маршалловы Острова (MARSHALL IS),vessel,,175.5,31.1,At Anchor (На якоре),,,
9212022,538011298.0,FALCON TRADER XLVIII,Product Tanker (Танкер-продуктовоз),,11.4,Маршалловы Острова (MARSHALL IS),vessel,,175.5,31.1,At Anchor (На якоре),,,
9212010,538011299.0,FALCON TRADER XLIX,Product Tanker (Танкер-продуктовоз),,11.4,Маршалловы Острова (MARSHALL IS),vessel,,175.5,31.1,At Anchor (На якоре),,,
9212010,538011299.0,FALCON TRADER XLIX,Product Tanker (Танкер-продуктовоз),,11.4,Маршалловы Острова (MARSHALL IS),vessel,,175.5,31.1,At Anchor (На якоре),,,
9212400,620999076.0,ELPIS,Oil/Chemical Tanker (Нефтеналивной/Химический танкер),,8.0,Коморы (COMOROS),vessel,,183.0,27.43,Stopped (Остановлено),,,
9212395,525119039.0,SHIP TRINITY,Oil Products Tanker (Танкер для нефтепродуктов),,7.2,Индонезия (INDONESIA),vessel,,,,"Не указан в явном виде на фрагменте, но судно находится в активной эксплуатации",,,
9212383,657208600.0,SEA PEARL,Oil/Chemical Tanker (Нефтеналивной/Химический танкер),,4.5,Нигерия (NIGERIA),vessel,,183.0,27.4,Stopped (Остановлено),,,
9212371,352003906.0,CH ALQUIMIA,"Inland, Unknown (согласно классификации на скриншоте), фактически — Tanker",,8.4,Панама (PANAMA),vessel,,183.0,32.0,At Anchor (На якоре),,,
9212761,,DAEWOO 5158,Crude Oil Tanker (Танкер для перевозки сырой нефти),,,,vessel,,,,Stopped (Остановлено),,,
9214032,538005277.0,BOW CONDOR,Oil/Chemical Tanker (Танкер для перевозки нефти и химикатов),,9.3,Маршалловы Острова (MARSHALL ISLANDS),vessel,,133.0,22.7,Underway using Engine (На ходу),,,
9372743,,,,,9.4,,vessel,,,55.03,Судно находится в состоянии Underway using Engine (На ходу),,,
9431202,431000106.0,,Oil Products Tanker (Танкер для нефтепродуктов),,6.6,Япония [JP],vessel,,104.97,16.0,,,,
9431276,565922000.0,,Oil/Chemical Tanker (Танкер для нефти и химикатов),,10.0,Сингапур [SG],vessel,,183.2,27.4,,,,
9431305,563034000.0,,Oil/Chemical Tanker (Танкер для нефти и химикатов),,8.0,Сингапур [SG],vessel,,183.18,27.4,,,,
9431317,,,Oil/Chemical Tanker (Танкер для перевозки нефтепродуктов и химии).,49999.0,7.7,Сингапур [SG].,vessel,,183.18,32.23,,2011.0,,
9710323,538006328.0,,LPG/Chemical Tanker (Танкер для перевозки сжиженного газа и химикатов),,5.9,Маршалловы Острова,vessel,,,15.36,,,,
9748899,310723000.0,,LNG Tanker (Газовоз СПГ),,9.4,Бермудские острова [BERMUDA],vessel,,289.93,45.65,,,,
9735787,538006538.0,,LPG Tanker (Танкер для перевозки сжиженного нефтяного газа),,10.0,Маршалловы Острова [MARSHALL ISLANDS],vessel,,225.31,36.6,,,,
9710335,538006310.0,,LPG/Chemical Tanker (Танкер для перевозки сжиженного газа и химикатов),,4.5,Маршалловы Острова,vessel,,,15.96,,,,
9710347,538006311.0,,LPG Tanker (Танкер для перевозки сжиженного нефтяного газа),,4.6,Маршалловы Острова [MH],vessel,,93.0,16.0,,,,
9931329,352001475.0,,Crude Oil Tanker (Танкер для перевозки сырой нефти),,10.7,Панама [PA],vessel,,,,,,,
9904194,228420100.0,,LNG Tanker (Танкер-газовоз),,9.0,Франция [FR],vessel,,297.0,46.43,,,,
9904209,311001093.0,,LNG Tanker (Танкер-газовоз),,11.3,Норвегия [NO],vessel,,296.87,46.43,,,,
9368302,352002544.0,,Floating Storage/Production (Плавучее хранилище/производство),,9.3,Панама [PA],vessel,,293.0,43.42,,,,
9946702,538011032.0,,Crude Oil Tanker (Танкер для перевозки сырой нефти),,14.1,Маршалловы Острова [MH],vessel,,249.95,44.04,,,,средний (из-за нахождения в акватории Красного моря). Технический статус: Excellent (AAA).
9965423,636022749.0,,LNG Tanker (Танкер-газовоз),,9.3,Либерия [LR],vessel,,,,,,,
9965435,636023768.0,,LNG Tanker (Танкер-газовоз),,9.4,Либерия [LR],vessel,,298.5,46.44,,,,
9965473,258055000.0,,Chemical/Oil Products Tanker (Танкер-химовоз/продуктовоз),,12.1,Норвегия [NO],vessel,,182.95,32.22,,,,
9750232,477142700.0,,LNG Tanker (Танкер-газовоз),,9.5,Гонконг [HK],vessel,,290.0,46.95,,,,
9750244,477157200.0,,LNG Tanker (Танкер-газовоз),,9.7,Гонконг [HK],vessel,,290.0,46.95,,,,
9750256,477180400.0,,LNG Tanker (Танкер-газовоз),,11.4,Гонконг [HK],vessel,,290.0,46.95,,,,
9202716,561000302.0,,Crude Oil Tanker (Танкер для сырой нефти),,11.0,Самоа (Samoa),vessel,,,,At Anchor (На якоре),,,
9203332,,,Oil/Chemical Tanker (Танкер для нефти и химпродуктов),,6.0,Сент-Китс и Невис (St Kitts Nevis),vessel,,131.0,19.63,Underway (в архиве),,,
9205457,205240590.0,,"Inland, Motor Tanker, liquid cargo, type G (Танкер для перевозки сжиженных газов/химикатов внутреннего плавания)",,3.1,Бельгия (Belgium),vessel,,110.0,11.45,Moored (Пришвартовано),,,
9205471,205351290.0,,"Inland, Motor Tanker (Танкер внутреннего плавания)",,3.2,Бельгия (Belgium),vessel,,129.85,11.45,Moored (Пришвартовано),,,
9207194,636015617.0,,Oil/Chemical Tanker (Танкер для перевозки нефти и химикатов),,5.1,Либерия (Liberia),vessel,,114.0,18.5,At Anchor (На якоре),,,
9207273,511101228.0,,Oil Products Tanker (Танкер для нефтепродуктов),,9.1,Палау (Palau),vessel,,123.7,21.5,Underway using Engine (В пути под мотором),,,
9207845,,,Oil/Chemical Tanker (Танкер для перевозки нефти и химикатов),,4.0,Панама (Panama),vessel,,118.0,18.2,At Anchor (На якоре),,,
9207716,518999353.0,,Oil/Chemical Tanker (Танкер для перевозки нефти и химикатов),,7.2,Острова Кука (Cook Islands),vessel,,182.91,32.26,At Anchor (На якоре),,,
9208112,636015502.0,,Oil/Chemical Tanker (Танкер для перевозки нефти и химикатов),,11.5,Либерия (Liberia),vessel,,182.55,27.37,Underway using Engine (В пути под мотором),,,
9208100,,,Oil/Chemical Tanker (Танкер для перевозки нефти и химикатов),,7.8,Либерия (Liberia),vessel,,182.55,27.34,Underway using Engine (последний зафиксированный статус),,,
9208095,,,Crude Oil Tanker (Танкер для перевозки сырой нефти),,8.5,Данные не указаны (null),vessel,,239.0,42.0,Underway using Engine (последний зафиксированный статус),,,
9208057,,,Crude Oil Tanker (Танкер для перевозки сырой нефти),,8.8,Данные не указаны (null),vessel,,274.22,47.8,Stopped (Остановлен),,,
9208033,,,Crude Oil Tanker (Танкер для перевозки сырой нефти),,9.2,Данные не указаны (null),vessel,,277.3,48.04,Underway (последний зафиксированный статус),,,
9208136,574005070.0,,Crude Oil Tanker (Танкер для перевозки сырой нефти),,9.0,Вьетнам (Vietnam),vessel,,243.9,42.03,Class B (последняя зафиксированная категория сигнала),,,
9208124,636015501.0,,Oil/Chemical Tanker (Танкер для перевозки нефти и химикатов),,11.5,Либерия (Liberia),vessel,,182.55,27.37,Underway using Engine (В пути под мотором),,,
9208227,352004527.0,,LPG Tanker (Танкер для перевозки сжиженного нефтяного газа),,11.6,Панама (Panama),vessel,,229.91,36.03,Underway using Engine (В пути под мотором),,,
9208485,419001156.0,,Oil/Chemical Tanker (Танкер для перевозки нефти и химикатов),,11.0,Индия (India),vessel,,180.34,32.23,Underway using Engine (В пути под мотором),,,
112000,677024300.0,,Oil/Chemical Tanker (Танкер для перевозки нефти и химикатов),,7.5,Танзания (Tanzania),vessel,,183.06,27.42,Moored (Пришвартовано),,,
9208605,373311000.0,,Oil/Chemical Tanker (Танкер для перевозки нефти и химикатов),,7.5,Панама (Panama),vessel,,113.98,18.0,"Underway by Sail (В пути под парусом — вероятно, ошибка настройки AIS, судно идет под мотором)",,,
9208708,525007030.0,,Oil Products Tanker (Танкер-продуктовоз),,4.0,Индонезия (Indonesia),vessel,,89.98,15.0,At Anchor (На якоре),,,
9209001,525007747.0,,Oil/Chemical Tanker (Танкер для перевозки нефти и химикатов),,7.8,Индонезия (Indonesia),vessel,,112.5,18.82,"Underway by Sail (В пути под парусом — вероятно, техническая ошибка настройки AIS, судно идет под мотором)",,,
9209013,525007746.0,,Oil/Chemical Tanker (Танкер для перевозки нефти и химикатов),,5.8,Индонезия (Indonesia),vessel,,112.5,18.8,At Anchor (На якоре),,,
9209130,257663000.0,,Crude Oil Tanker (Танкер для сырой нефти),,8.6,Норвегия (Norway),vessel,,237.63,42.0,,,,
9209283,235085368.0,,Oil/Chemical Tanker (Нефтехимический танкер),,4.5,Великобритания (United Kingdom),vessel,,179.8,32.2,Moored (Пришвартовано),,,
9209295,,,Crude Oil Tanker (Танкер для перевозки сырой нефти),,8.0,Коморские острова (Comoros / флаг на фото соответствует коду D6A),vessel,,240.99,42.0,Stopped (Остановлено),,,
9209300,563143800.0,,Crude Oil Tanker (Танкер для перевозки сырой нефти),,8.5,Сингапур (Singapore),vessel,,240.5,42.04,At Anchor (На якоре),,,
9209829,,,Inland Tanker (Танкер внутреннего плавания),,,,vessel,,109.96,11.45,Vessel is Out-of-Range (Судно вне зоны доступа),,,
9209946,440185400.0,,Oil Products Tanker (Танкер-продуктовоз),,6.5,Республика Корея (Republic of Korea),vessel,,89.96,13.4,"Underway using Engine (На ходу, под мотором)",,,
9209958,440117000.0,,Oil Products Tanker (Танкер-продуктовоз),,5.7,Республика Корея (Republic of Korea),vessel,,81.4,13.5,"Underway using Engine (На ходу, под мотором)",,,
9209972,613579000.0,,Oil Products Tanker (Танкер-продуктовоз),,10.5,Камерун (Cameroon),vessel,,182.5,32.23,Stopped (Остановлено),,,
9209984,667001215.0,,Oil Products Tanker (Танкер-продуктовоз),,5.3,Сьерра-Леоне (Sierra Leone),vessel,,104.03,16.0,At Anchor (На якоре),,,
9210232,440118000.0,,Chemical/Oil Products Tanker (Танкер-химовоз/продуктовоз),,8.4,Республика Корея (Republic of Korea),vessel,,112.55,19.2,At Anchor (На якоре),,,
9210828,636022142.0,,LNG Tanker (Танкер для перевозки сжиженного природного газа),,11.0,Либерия (Liberia),vessel,,290.0,46.28,"Underway using Engine (На ходу, под мотором)",,,
9210892,657128900.0,,Oil/Chemical Tanker (Танкер для перевозки нефти и химпродуктов),,5.2,Нигерия (Nigeria),vessel,,,,Moored (Пришвартован),,,
9210907,,,Oil/Chemical Tanker (Танкер для перевозки нефти и химпродуктов),,7.3,"null (Танзанийский триколор на иконке, но официальный статус ""null"")",vessel,,,,Stopped (Остановлено),,,
9210919,247062400.0,,Chemical Tanker (Химовоз),,7.3,Италия (Italy),vessel,,175.87,29.8,At Anchor (На якоре),,,
9210933,258013000.0,,Chemical/Oil Products Tanker (Танкер для перевозки химпродуктов и нефтепродуктов),,8.2,Норвегия (Norway - NIS),vessel,,144.1,23.0,"Underway using Engine (На ходу, под мотором)",,,
9211119,750998000.0,,Oil Products Tanker (Танкер для нефтепродуктов),,3.0,Гайана (Guyana),vessel,,67.65,9.8,Stopped (Остановлен),,,
9211535,246697000.0,,Oil/Chemical Tanker (Танкер для нефти и химикатов),,4.8,Нидерланды (Netherlands),vessel,,,,Underway using Engine (На ходу),,,
9211896,422091100.0,,Oil Products Tanker (Танкер для нефтепродуктов),,3.2,Иран (Iran),vessel,,141.0,16.84,"Underway using Engine (На ходу, под мотором)",,,
9211872,533735000.0,,LNG Tanker (Танкер для перевозки сжиженного природного газа),,7.0,Малайзия (Malaysia),vessel,,,,Moored (Пришвартовано),,,
9212008,273619700.0,,Crude Oil Tanker (Танкер для сырой нефти),,9.5,Россия (Russia),vessel,,,,Underway (На ходу / В процессе маневрирования),,,
9212008,273619700.0,,Crude Oil Tanker (Танкер для сырой нефти),,9.5,Россия (Russia),vessel,,,,Underway (На ходу / В процессе маневрирования),,,
9212345,211333700.0,,Oil/Chemical Tanker (Танкер для перевозки нефти и химпродуктов),,3.2,Германия (Germany),vessel,,67.26,11.92,At Anchor (На якоре),,,
9212369,,,Oil/Chemical Tanker (Танкер для перевозки нефти и химпродуктов),,7.5,"Ранее Либерия (текущий статус в системе — null, регистрация аннулирована)",vessel,,182.94,32.2,Terminated / Out-of-Range,,,
9212412,,,Oil/Chemical Tanker (Танкер для перевозки нефти и химпродуктов),,5.9,"Ранее Маршалловы Острова (текущий статус — null, регистрация аннулирована)",vessel,,,,At Anchor (Финальная фиксация на якоре перед разделкой),,,
9212462,357800000.0,,LPG/Chemical Tanker (Танкер для перевозки сжиженного газа и химпродуктов),,5.9,Панама (Panama),vessel,,119.95,17.6,Not Under Command (Лишен возможности управляться),,,
9212474,,,Oil Products Tanker (Танкер-продуктовоз),,8.2,"Ранее Сент-Китс и Невис (текущий статус — null, регистрация аннулирована)",vessel,,182.5,32.2,At Anchor (Финальная постановка перед разделкой),,,
9212486,255805754.0,,Oil/Chemical Tanker (Танкер для нефтепродуктов и химпродуктов),,5.8,Португалия (Portugal),vessel,,99.93,15.4,At Anchor (На якоре),,,
9212498,255805753.0,,Oil/Chemical Tanker (Танкер для нефтепродуктов и химпродуктов),,6.4,Португалия (Portugal),vessel,,99.93,15.4,Underway using Engine (На ходу),,,
9212503,271002603.0,,Oil/Chemical Tanker (Танкер для нефтепродуктов и химпродуктов),,3.4,Турция (Turkiye),vessel,,87.0,11.9,Stopped (Остановлен/На якоре),,,
9212577,341705001.0,,LPG/Chemical Tanker (Танкер для перевозки сжиженного газа и химпродуктов),,5.4,Сент-Китс и Невис (Saint Kitts and Nevis),vessel,,108.0,16.8,At Anchor (На якоре),,,
9212589,525114029.0,,Oil/Chemical Tanker (Танкер для нефтепродуктов и химпродуктов),,9.0,Индонезия (Indonesia),vessel,,145.7,22.02,Underway using Engine (На ходу),,,
9212747,,,Oil Products Tanker (Танкер для нефтепродуктов),,,Данные о флаге не передаются (AIS Out-of-Range),vessel,,155.63,24.5,Stopped (Остановлен),,,
9212759,750788000.0,,Crude Oil Tanker (Танкер для сырой нефти),,16.1,Гайана (Guyana),vessel,,,,At Anchor (На якоре),,,
9212864,570328000.0,,Crude Oil Tanker (Танкер для сырой нефти),,11.0,Тонга (Tonga),vessel,,,,At Anchor (На якоре),,,
9212876,649110000.0,,Crude Oil Tanker (Танкер для сырой нефти),,20.0,Мали (Mali),vessel,,,,At Anchor (На якоре),,,
9212888,422218000.0,,Crude Oil Tanker (Танкер для сырой нефти),,12.0,Иран (Iran),vessel,,333.18,58.0,Underway (На ходу),,,
9212890,422218100.0,,Crude Oil Tanker (Танкер для сырой нефти),,12.5,Иран (Iran),vessel,,333.18,58.0,Underway using Engine (На ходу),,,
9212929,422222000.0,,Crude Oil Tanker (Танкер для сырой нефти),,11.5,Иран (Iran),vessel,,333.13,58.0,"Class B (Использование упрощенного приемопередатчика, что нетипично для судов такого размера)",,,
9212917,422221000.0,,Crude Oil Tanker (Танкер для сырой нефти),,12.5,Иран (Iran),vessel,,333.13,58.0,Underway using Engine (На ходу),,,
9213179,525100350.0,,"Floating Storage/Production (FPSO) — плавучая установка для добычи, хранения и отгрузки нефти.",,3.8,Индонезия (Indonesia),vessel,,245.8,42.0,Towing Astern (Буксировка на корме),,,
9213181,525200246.0,,Oil Products Tanker (Танкер для перевозки нефтепродуктов),,6.4,Индонезия (Indonesia),vessel,,104.46,15.7,Underway using Engine (На ходу),,,
9213193,525023300.0,,Oil/Chemical Tanker (Танкер-химовоз / Нефтепродуктовоз),,6.0,Индонезия (Indonesia),vessel,,147.83,24.2,At Anchor (На якоре),,,
9213208,518100675.0,,Oil/Chemical Tanker (Танкер-химовоз / Нефтепродуктовоз),,5.8,Острова Кука (Cook Islands),vessel,,113.98,18.23,Underway using Engine (На ходу),,,
9213210,525015034.0,,Oil/Chemical Tanker (Танкер-химовоз / Нефтепродуктовоз),,7.5,Индонезия (Indonesia),vessel,,113.98,18.23,At Anchor (На якоре),,,
9213222,626062000.0,,Oil/Chemical Tanker (Танкер-химовоз / Нефтепродуктовоз),,5.0,"Габон (Gabon) — часто используется для судов, находящихся на финальном этапе жизненного цикла или в «серой» зоне.",vessel,,110.0,18.5,Not Under Command (Не управляется),,,
9213296,511101917.0,,Crude Oil Tanker (Танкер для перевозки сырой нефти),,8.0,Палау (Palau),vessel,,250.17,44.0,Underway using Engine (На ходу),,,
9213301,620999972.0,,Crude Oil Tanker (Танкер для перевозки сырой нефти),,8.5,"Коморы (Comoros) — типичный «удобный флаг», часто используемый в операциях с повышенным регуляторным риском.",vessel,,250.17,44.03,At Anchor (На якоре),,,
9213416,636022727.0,,LNG Tanker (Танкер для перевозки сжиженного природного газа),,7.0,Либерия (Liberia),vessel,,276.02,43.43,Stopped (Остановлен),,,
9214044,525107007.0,,Oil/Chemical Tanker (Нефтехимический танкер),,8.5,Индонезия (Indonesia),vessel,,133.0,22.72,At Anchor (На якоре),,,
9214197,440144200.0,,Oil/Chemical Tanker (Танкер для нефти и химпродуктов),,6.5,Республика Корея (Republic of Korea),vessel,,87.3,14.2,Stopped (Остановка),,,
9214185,440118000.0,,Oil/Chemical Tanker (Танкер для нефти и химпродуктов),,5.8,Республика Корея (Republic of Korea),vessel,,87.0,14.0,At Anchor (На якоре),,,
9204893,,,Oil Products Tanker (Танкер для нефтепродуктов),,,,vessel,,,,Stopped (Остановлен),,,
9204881,,,Oil Products Tanker (Танкер для нефтепродуктов),,,,vessel,,,,Stopped (Остановлен),,,
9204879,,,Oil Products Tanker (Танкер для нефтепродуктов),,,,vessel,,,,Stopped (Остановлен),,,
9204867,,,Oil Products Tanker (Танкер для нефтепродуктов),,,,vessel,,,,Stopped (Остановлен),,,
9205093,567532000.0,,Floating Storage/Production (Плавучее хранилище/производство),,15.4,Таиланд (Thailand),vessel,,334.0,58.05,At Anchor (На якоре),,,
9205134,247035100.0,,Chemical/Oil Products Tanker (Танкер для химпродуктов и нефтепродуктов),,10.5,Италия (Italy),vessel,,177.35,27.4,Underway using Engine (На ходу под двигателем),,,
9205158,256870000.0,,Oil/Chemical Tanker (Танкер для нефти и химпродуктов),,3.5,Мальта (Malta),vessel,,91.25,12.04,Moored (Пришвартовано),,,
9205641,525001494.0,,Oil Products Tanker (Танкер-продуктовоз),,5.7,Индонезия (Indonesia),vessel,,79.97,13.2,Underway using Engine (На ходу под двигателем),,,
9205615,525001484.0,,Oil Products Tanker (Танкер-продуктовоз),,5.7,Индонезия (Indonesia),vessel,,79.97,13.2,Underway using Engine (На ходу под двигателем),,,
9205598,574002210.0,,Oil Products Tanker (Танкер-продуктовоз),,5.6,Вьетнам (Vietnam),vessel,,118.06,19.6,At Anchor (На якоре),,,
9205574,255806149.0,,LPG/Chemical Tanker (Танкер для перевозки сжиженного газа и химикатов),,5.3,Португалия (Portugal),vessel,,117.09,19.6,At Anchor (На якоре),,,
9205483,269057726.0,,"Inland, Motor Tanker, liquid cargo, type C (Речной моторный танкер для наливных грузов типа C)",,1.4,Швейцария (Switzerland),vessel,,110.0,11.0,Underway using Engine (На ходу под двигателем),,,
9205471,205351390.0,,Inland Tanker (Речной танкер),,3.2,Бельгия (Belgium),vessel,,109.85,11.45,Moored (Пришвартовано),,,
9205469,244670267.0,,"Inland, Motor Tanker, liquid cargo, type C (Речной моторный танкер для наливных грузов типа C)",,2.0,Нидерланды (Netherlands),vessel,,110.0,12.0,Underway using Engine (На ходу под двигателем),,,
9205457,205436690.0,,Inland Tanker (Речной танкер),,1.3,Бельгия (Belgium),vessel,,110.0,11.4,Stopped (Остановлено),,,
9205794,,,Oil Products Tanker (Танкер для нефтепродуктов),,6.5,Палау (Palau),vessel,,180.2,32.2,"Underway by Sail (специфический статус, часто используемый при финальном перегоне или потере хода)",,,
9206114,369272000.0,,Crude Oil Tanker (Танкер для сырой нефти),,10.2,США (United States of America),vessel,,272.69,46.24,Underway using Engine (На ходу под двигателем),,,
9206310,373731000.0,,Crude Oil Tanker (Танкер для сырой нефти),,21.8,Панама (Panama),vessel,,333.27,58.0,Underway using Engine (На ходу под двигателем),,,
9206372,352003504.0,,Crude Oil Tanker (Танкер для сырой нефти),,20.5,Панама (Panama),vessel,,333.0,60.0,Underway using Engine (На ходу под двигателем),,,
9206671,613670000.0,,Crude Oil Tanker (Танкер для сырой нефти),,14.8,Камерун (Cameroon),vessel,,248.1,43.0,Underway using Engine (На ходу),,,
9207273,511101489.0,,Oil Products Tanker (Танкер для нефтепродуктов),,9.0,Палау (Palau),vessel,,125.7,21.5,Underway using Engine (На ходу),,,
9207144,369222000.0,,Crude Oil Tanker (Танкер для сырой нефти),,10.2,США (United States of America),vessel,,272.69,46.24,Underway using Engine (На ходу),,,
9207716,518999359.0,,Oil/Chemical Tanker (Танкер для перевозки нефтепродуктов и химикатов),,7.2,Острова Кука (Cook Islands),vessel,,,,At Anchor (На якоре),,,
9202388,636022646.0,,Oil Products Tanker (Танкер для перевозки нефтепродуктов),,11.2,Либерия (Liberia),vessel,,182.5,27.37,At Anchor (На якоре),,,
9202716,561996000.0,,Crude Oil Tanker (Танкер для перевозки сырой нефти),,11.0,Самоа (Samoa),vessel,,,,At Anchor (На якоре),,,
9202821,636022839.0,,Crude Oil Tanker (Танкер для перевозки сырой нефти),,9.2,Либерия (Liberia),vessel,,274.2,48.04,At Anchor (На якоре),,,
9202912,,,Oil Products Tanker (Танкер-продуктовоз),,,,vessel,,,,Stopped (Остановлено),,,
9203265,611000248.0,,Crude Oil Tanker (Танкер для перевозки сырой нефти),,11.0,Ботсвана (Botswana),vessel,,332.0,58.0,At Anchor (На якоре),,,
9203253,629009384.0,,Crude Oil Tanker (Танкер для перевозки сырой нефти),,11.0,Гамбия (Gambia),vessel,,332.0,58.0,At Anchor (На якоре),,,
9203241,431526000.0,,LPG/Chemical Tanker (Танкер для перевозки СУГ и химикатов),,4.0,Япония (Japan),vessel,,90.95,15.0,At Anchor (На якоре),,,
9203239,431501479.0,,LPG Tanker (Танкер для перевозки сжиженного нефтяного газа),,4.4,Япония (Japan),vessel,,66.0,11.0,Underway using Engine (На ходу под двигателем),,,
9203083,525007029.0,,Oil Products Tanker (Танкер для перевозки нефтепродуктов),,4.7,Индонезия (Indonesia),vessel,,89.99,15.0,"Underway by Sail (На ходу под парусом — вероятно, некорректная установка статуса AIS, фактически судно идет под двигателем)",,,
9203289,511764000.0,,Crude Oil Tanker (Танкер для сырой нефти),,,Палау (Palau),vessel,,332.0,58.0,Stopped (Остановлено),,,
9203332,,,Oil/Chemical Tanker (Нефтехимический танкер),,6.0,Сент-Китс и Невис (St Kitts Nevis) (на момент последнего рейса).,vessel,,131.0,19.63,Underway (На ходу — статус зафиксирован в момент последнего движения к берегу),,,
9203394,574001900.0,,Oil/Chemical Tanker (Танкер для перевозки нефти и химпродуктов),,6.7,Вьетнам (Vietnam),vessel,,112.35,18.6,"Underway by Sail (На ходу под парусом — вероятно, программная ошибка статуса AIS, фактически судно идет под двигателем)",,,
9203564,,,Crude Oil Tanker (Танкер для перевозки сырой нефти),,,,vessel,,,,Stopped (Остановлено),,,
9203772,352002811.0,,Crude Oil Tanker (Танкер для перевозки сырой нефти),,8.0,Панама (PANAMA),vessel,,274.0,48.0,At Anchor (На якоре),,,
9203760,311036000.0,,Crude Oil Tanker (Танкер для перевозки сырой нефти),,8.5,Багамы (BAHAMAS),vessel,,274.0,48.0,Stopped (Остановлено),,,
9203758,,,LPG Tanker (Газовоз для перевозки сжиженного нефтяного газа),,,,vessel,,,,,,,
9203734,352002167.0,,Crude Oil Tanker (Танкер для перевозки сырой нефти),,8.8,Панама (PANAMA),vessel,,274.2,48.04,Underway using Engine (На ходу под двигателем),,,
9203693,269057051.0,,"Inland, Motor Tanker, liquid cargo, type C (Речной танкер для перевозки жидких грузов)",,1.5,Швейцария (SWITZERLAND),vessel,,86.0,11.0,Moored (Пришвартовано),,,
9203679,636021132.0,,Chemical/Oil Products Tanker (Танкер-химовоз),,7.6,Либерия (LIBERIA),vessel,,190.0,28.5,Underway using Engine (На ходу под двигателем),,,
9203801,419001360.0,,Crude Oil Tanker (Танкер для сырой нефти),,9.5,Индия (INDIA),vessel,,183.0,32.23,At Anchor (На якоре),,,
9203796,,,Oil Products Tanker (Танкер-продуктовоз),,,Багамские Острова (BAHAMAS),vessel,,183.0,32.2,Stopped (Остановлен),,,
9203930,750101000.0,,Oil/Chemical Tanker (Нефтехимический танкер),,8.3,Гайана (GUYANA),vessel,,183.2,32.2,At Anchor (На якоре),,,
9203928,307010000.0,,Oil/Chemical Tanker (Нефтехимический танкер),,11.8,Аруба (ARUBA),vessel,,183.2,32.23,Stopped (Остановлен),,,
9203966,533133796.0,,Oil/Chemical Tanker (Нефтехимический танкер),,4.5,Малайзия (MALAYSIA),vessel,,85.6,14.0,At Anchor (На якоре),,,
9204075,563021470.0,,Oil Products Tanker (Танкер-продуктовоз),,,Сингапур (SINGAPORE),vessel,,37.6,8.5,Class B (Активная работа в прибрежной зоне),,,
9203992,533130768.0,,Oil/Chemical Tanker (Нефтехимический танкер),,4.5,Малайзия (MALAYSIA),vessel,,85.6,14.2,At Anchor (На якоре),,,
9204350,,,Oil Products Tanker (Танкер для перевозки нефтепродуктов),,,Данные в системе отсутствуют.,vessel,,80.5,17.8,Stopped (Остановлено),,,
9204336,533130767.0,,Oil Products Tanker (Танкер-продуктовоз),,4.0,Малайзия (MALAYSIA),vessel,,85.6,14.2,Underway using Engine (На ходу под двигателем),,,
9204427,244660404.0,,Inland Tanker (Танкер внутреннего/речного плавания),,1.6,Нидерланды (NETHERLANDS),vessel,,86.0,12.0,Moored (Пришвартовано),,,
9204415,205238190.0,,"Inland, Motor Tanker, liquid cargo, type C (Речной самоходный танкер для жидких грузов, тип C)",,1.6,Бельгия (BELGIUM),vessel,,85.0,11.0,Moored (Пришвартовано),,,
9204805,750405000.0,,Chemical Tanker (Танкер-химовоз),,4.7,Гайана (GUYANA),vessel,,147.83,24.2,Moored (Пришвартовано),,,
9204790,750438000.0,,Chemical Tanker (Танкер-химовоз),,4.9,Гайана (GUYANA),vessel,,147.83,24.2,Moored (Пришвартовано),,,
9204776,511100347.0,,Oil Products Tanker (Танкер для нефтепродуктов),,9.0,Палау (PALAU),vessel,,,,Underway (На ходу),,,
9204764,620834000.0,,Oil Products Tanker / Tanker - Hazard A (Major),,7.5,Коморы (COMOROS),vessel,,177.69,28.04,Underway using Engine (на момент последней фиксации),,,
9204752,,,Crude Oil Tanker (Танкер для перевозки сырой нефти),,8.0,,vessel,,,,"В системе AIS отображаются данные, связанные с операциями в Юго-Восточной Азии",,,
9200457,477204800.0,,LPG Tanker (Газовоз),,4.5,Гонконг (HONG KONG),vessel,,94.5,16.6,At Anchor (На якоре),,,
9204752,258686000.0,,Crude Oil Tanker (Танкер для перевозки сырой нефти),,15.6,Норвегия (NORWAY),vessel,,264.71,48.04,At Anchor (На якоре),,,
9200639,431000405.0,,Oil Products Tanker (Танкер-продуктовоз),,3.5,Япония (JAPAN),vessel,,69.78,11.5,Underway using Engine (На ходу),,,
9200615,,,Oil Products Tanker (Танкер-продуктовоз),,,,vessel,,50.5,9.0,Stopped (Остановлено),,,
9200603,668116406.0,,Oil/Chemical Tanker (Танкер для нефти и химпродуктов),,5.4,Сан-Томе и Принсипи (SAO TOME AND PRINCIPE),vessel,,117.0,20.0,Moored (Пришвартовано),,,
9200598,441113000.0,,Oil/Chemical Tanker (Танкер для нефти и химпродуктов),,6.8,Южная Корея (KOREA),vessel,,106.32,18.2,Underway using Engine (На ходу),,,
9201138,247352900.0,,Oil Products Tanker (Танкер для нефтепродуктов),,3.0,Италия (ITALY),vessel,,49.0,12.0,Stopped (Остановлено),,,
9201126,457900595.0,,LPG Tanker (Танкер для перевозки СНГ),,4.2,Монголия (MONGOLIA),vessel,,67.85,11.5,Stopped (Остановлено / Вне зоны действия AIS),,,
9200976,574000040.0,,Oil Products Tanker (Танкер для нефтепродуктов),,6.3,Вьетнам (VIETNAM),vessel,,100.0,16.0,Stopped (Остановлено),,,
9200964,373492000.0,,Crude Oil Tanker (Танкер для сырой нефти),,8.0,Панама (PANAMA),vessel,,243.8,42.04,"Underway using Engine (На ходу, под мотором)",,,
9201774,271047982.0,,Oil/Chemical Tanker (Танкер для нефти и химовозов),,5.2,Турция (TURKIYE),vessel,,119.1,16.4,At Anchor (На якоре),,,
9201126,457900595.0,,LPG Tanker (Танкер для перевозки сжиженного нефтяного газа),,4.2,Монголия (MONGOLIA),vessel,,67.85,11.5,Stopped (Остановлено),,,
9201138,636015926.0,,LPG Tanker (Танкер для перевозки сжиженного нефтяного газа),,5.4,Либерия (LIBERIA),vessel,,107.86,18.04,"Underway using Engine (На ходу, под мотором)",,,
9201126,457900595.0,,LPG Tanker (Танкер для перевозки сжиженного нефтяного газа),,4.2,Монголия (MONGOLIA),vessel,,67.85,11.5,Stopped (Остановлено),,,
9200976,574000040.0,,Oil Products Tanker (Танкер для перевозки нефтепродуктов),,6.3,Вьетнам (VIETNAM),vessel,,100.0,16.0,Stopped (Остановлено),,,
9200964,511100789.0,,Crude Oil Tanker (Танкер для перевозки сырой нефти),,8.5,Палау (PALAU),vessel,,243.8,42.0,Stopped (Остановлено),,,
9201774,271047902.0,,Oil/Chemical Tanker (Танкер для перевозки нефтепродуктов и химикатов),,5.2,Турция (TURKIYE),vessel,,119.1,16.4,At Anchor (На якоре),,,
9202039,304050864.0,,LPG/Chemical Tanker (Танкер для перевозки сжиженного газа и химикатов),,4.8,Антигуа и Барбуда (ANTIGUA AND BARBUDA),vessel,,107.86,16.8,At Anchor (На якоре),,,
9202027,,,LPG Tanker (Танкер для перевозки сжиженного газа),,,Данные о государственной принадлежности в системе отсутствуют (-),vessel,,,,Stopped (Остановлено),,,
9202015,,,LPG Tanker (Танкер для перевозки сжиженного газа),,,Информация о флаге отсутствует (-),vessel,,,,Stopped (Остановлено),,,
9307205,314001150.0,,Floating Storage/Production (Плавучее хранилище / Продуктовая установка),,11.0,Барбадос (BARBADOS),vessel,,283.06,43.4,At Anchor (На якоре),,,
9307190,525901876.0,,LNG Tanker (Танкер для перевозки сжиженного природного газа),,6.5,Индонезия (INDONESIA),vessel,,283.06,43.4,Moored (Пришвартовано),,,
9337793,605026220.0,,LPG/Chemical Tanker (Танкер для перевозки сжиженного газа и химикатов),,8.7,Алжир (ALGERIA),vessel,,156.0,,At Anchor (На якоре),,,
9431252,352002364.0,,LPG Tanker (Танкер для перевозки сжиженного нефтяного газа),,6.2,Панама (PANAMA),vessel,,120.45,19.8,Underway using Engine (На ходу под мотором),,,
9225287,370483000.0,,Product Tanker (Танкер-продуктовоз),,11.0,Панама (PANAMA),vessel,,175.97,31.0,Underway using Engine (На ходу под мотором),,,
9337793,605026220.0,,LPG/Chemical Tanker,,8.7,Алжир (ALGERIA),vessel,,156.0,24.0,At Anchor (На якоре),,,
9710347,232011493.0,,Floating Storage/Production (FSU) — Плавучая установка для хранения и отгрузки продукции,,10.5,,vessel,,250.34,46.06,,,,
9710335,538006310.0,,LPG/Chemical Tanker,,5.6,Маршалловы Острова (MARSHALL ISLANDS),vessel,,95.0,15.96,Underway using Engine (На ходу),,,
9307205,314001150.0,,"Floating Storage/Production (Плавучее хранилище/добычная установка), исходный тип — LNG Tanker",,11.0,Барбадос (BARBADOS),vessel,,283.06,43.4,At Anchor (На якоре),,,
9307190,525901876.0,,LNG Tanker (Танкер для перевозки сжиженного природного газа),,6.5,Индонезия (INDONESIA),vessel,,283.06,43.4,Moored (Пришвартовано),,,
9337793,605026220.0,,LPG/Chemical Tanker (Танкер для перевозки сжиженного газа и химикатов),,8.7,Алжир (ALGERIA),vessel,,156.0,25.0,At Anchor (На якоре),,,
9727209,477884300.0,,Crude Oil Tanker (Танкер для сырой нефти),,11.5,Гонконг (HONG KONG),vessel,,333.0,60.0,Underway using Engine (На ходу),,,
9811098,477112500.0,,Asphalt/Bitumen Tanker (Танкер для перевозки асфальта и битума),,7.5,Гонконг (HONG KONG),vessel,,109.9,20.02,Underway using Engine (На ходу),,,
9811074,477142000.0,,Asphalt/Bitumen Tanker (Танкер для перевозки асфальта и битума),,7.1,Гонконг (HONG KONG),vessel,,109.9,20.02,Underway using Engine (На ходу),,,
9312614,413156000.0,,Crude Oil Tanker (Танкер для сырой нефти),,5.5,Китай (CHINA),vessel,,228.6,32.26,Moored (Пришвартовано),,,
9312602,413155000.0,,Crude Oil Tanker (Танкер для сырой нефти),,11.5,Китай (CHINA),vessel,,228.6,32.26,At Anchor (На якоре),,,
9431379,210445000.0,,Oil/Chemical Tanker (Нефтехимический танкер),,4.7,Кипр (CYPRUS),vessel,,89.37,12.2,Moored (Пришвартовано),,,
