imo,imo_valid,imo_format_error,imo_from_text,imo_source_match,identity_spoofing_suspected_imo,identity_spoofing_note,vessel_category,vessel_name,mmsi,call_sign,vessel_type,built_year,age_years,flag,dwt_tons,gt,loa_m,beam_m,draft_m,draft_note,nav_status,speed_knots,asset_status,compliance_risk_level,destination_port,destination_context,departure_port,departure_datetime_utc,arrival_datetime,source_confidence,raw_text
9213325,True,False,9213325,True,,,vessel,EVRETI (бывш. SEAWAYS PORTLAND),,,Танкер для перевозки сырой нефти (Aframax).,2002.0,,,,,,,,,,,УТИЛИЗИРОВАН (SCRAPPED).,КРИТИЧЕСКИ ВЫСОКИЙ РИСК,,,,,,needs_review,"Наименование: EVRETI (бывш. SEAWAYS PORTLAND)
IMO номер: 9213325

Тип судна: Танкер для перевозки сырой нефти (Aframax).

Год постройки: 2002.

Статус актива: УТИЛИЗИРОВАН (SCRAPPED).

2. Операционный и комплаенс-анализ
Анализ данных: Объект EVRETI (IMO 9213325) официально значится как проданный на слом (утилизацию) в Бангладеш (Читтагонг) в августе 2021 года.

Критическое замечание: Наличие AIS-сигналов, датированных 2026 годом, и статуса «В пути» в предоставленных вами данных является явной аномалией (Ghosting/AIS spoofing). Судно, физически уничтоженное 5 лет назад, «всплывает» в системах трекинга, что указывает на:

Манипуляцию идентификатором: Использование IMO-номера списанного судна действующим активом «теневого флота» для обеспечения анонимности.

Спуфинг: Использование фантомных данных для скрытия реального судна в зонах высокого риска.

3. Комплаенс-профиль
Статус: КРИТИЧЕСКИ ВЫСОКИЙ РИСК / ФАНТОМ (Tier 5+).

Санкционный статус: Данный IMO-номер сейчас является инструментом «серой» логистики. Любой актив, транслирующий этот IMO-номер, должен рассматриваться как абсолютный приоритет для перехвата и санкционного преследования, так как это прямое нарушение международного морского права и признак сокрытия преступной деятельности.

4. Резюме для Sentinel
EVRETI (IMO 9213325) — это «Зомби-актив». В системе «Sentinel» этот IMO-номер должен быть помечен как «CRITICAL ALERT / SPOOFED IDENTITY».

Техническое состояние: Физически отсутствует.

Операционная значимость: Любая активность под этим IMO — это акт преднамеренного обмана систем морского мониторинга.

Рекомендация: Внести в реестр «Sentinel» в раздел «Blacklist / Fraudulent Identity (Ghost Ship)» (Tier 5). Объект не подлежит дальнейшему логистическому мониторингу, а подлежит немедленной маркировке как «Fraudulent/Sanctioned» в любых отчетах."
1025368,True,False,1025368,True,,,vessel,ENERGY TITAN,620999173,,Oil Products Tanker (Танкер для нефтепродуктов),,,COMOROS (Коморские острова),,,,,5.0,етров.,,,,,,AIS,,,,needs_review,"Название судна: ENERGY TITAN

IMO: 1025368

MMSI: 620999173

Позывной (Call sign): D6A3177

Тип судна: Oil Products Tanker (Танкер для нефтепродуктов)

Флаг: COMOROS (Коморские острова)

🛰️ ТЕКУЩАЯ ОПЕРАТИВНАЯ ОБСТАНОВКА
Последняя фиксация: Данные получены 19 часов 51 минуту назад (местное время судна 4 мая 2026 г., 13:52 UTC+4).

Кинематика: Истинный заголовок — 117°, скорость не указана.

Текущая осадка: 5 метров.

Источник AIS: Roaming.

🗺️ ЛОГИСТИЧЕСКИЙ ТРЕК
Пункт отправления: SHARJAH ANCH (Якорная стоянка Шарджа, ОАЭ).

Время выхода: 15 ноября 2025 г. в 15:45 (UTC+4).

Пункт назначения (AIS): FOR ORDER (В ожидании распоряжений).

☢️ ПРОМЫШЛЕННЫЙ OSINT-АНАЛИЗ
Длительный простой: Судно зафиксировано вышедшим из Шарджи еще в ноябре 2025 года. Столь долгий период (около полугода) без прибытия в конкретный порт и статус «FOR ORDER» часто указывает на использование танкера в качестве плавучего хранилища или его участие в операциях по перевалке грузов в море (STS) в регионе залива.

Состояние загрузки: Осадка 5 метров является относительно небольшой для танкера такого класса, что может свидетельствовать о нахождении в балласте или частичной загрузке.

Вердикт: Объект 1025368 представляет интерес как судно с неопределенным долгосрочным маршрутом под удобным флагом Коморских островов, работающее в режиме ожидания распоряжений в зоне Персидского/Оманского заливов."
9892808,True,False,,,,,unknown,,,,,,,,,,,,,,,,,,,,,,,needs_review,
9633434,True,False,,,,,unknown,,,,,,,,,,,,,,,,,,,,,,,needs_review,
1019539,True,False,1019539,True,,,vessel,HIMALAYASAN,,,Crude Oil Tanker (Танкер для перевозки сырой нефти),,,ПАНАМА (PANAMA),,,,,8.4,етра,Underway using Engine (На ходу),16.3,,,,,,,,needs_review,"Название судна: HIMALAYASAN

IMO: 1019539

Тип судна: Crude Oil Tanker (Танкер для перевозки сырой нефти)

Флаг: ПАНАМА (PANAMA)

2. Текущая оперативная обстановка
Данные зафиксированы по состоянию на 20 мая 2026 г., 12:37 (UTC+8).

Навигационный статус: Underway using Engine (На ходу)

Скорость: 16.3 узла

Местоположение: Желтое море

Осадка: 8.4 метра

3. Логистический трек
Пункт отправления: Люйшунь, Китай (CN LSH)

Дата отправления: 18 мая 2026 г., 11:29 (UTC+8)

Текущий статус: Выполняются ходовые испытания («SEA TRIAL»).

4. Промышленный OSINT-анализ
Операционный статус: Танкер HIMALAYASAN совершает активный переход в районе Желтого моря. Высокая скорость судна (16.3 узла) в сочетании со статусом «SEA TRIAL» подтверждает, что судно проводит ходовые испытания после завершения работ или перед вводом в полноценную эксплуатацию.

Оценка загрузки: Осадка 8.4 метра является стандартной для танкера такого класса при проведении ходовых испытаний (обычно в балластном или облегченном состоянии)."
1013494,True,False,1013494,True,,,vessel,SEA ENERGY,,,LNG Tanker (Танкер для перевозки сжиженного природного газа),,,ГОНКОНГ (HONG KONG),,,,,10.5,етра,Restricted Manoeuvrability (Ограниченная маневренность),2.2,,,,,,,,needs_review,"Название судна: SEA ENERGY

IMO: 1013494

Тип судна: LNG Tanker (Танкер для перевозки сжиженного природного газа)

Флаг: ГОНКОНГ (HONG KONG)

2. Текущая оперативная обстановка
Данные зафиксированы по состоянию на 20 мая 2026 г., 12:37 (UTC+8).

Навигационный статус: Restricted Manoeuvrability (Ограниченная маневренность)

Скорость: 2.2 узла

Местоположение: Желтое море

Осадка: 10.5 метра

3. Логистический трек
Пункт отправления: Далянь, Китай (CN DAL)

Дата отправления: 15 мая 2026 г., 12:34 (UTC+8)

Текущий статус: Выполняются ходовые испытания («SEA TRIAL»).

4. Промышленный OSINT-анализ
Операционный статус: Танкер SEA ENERGY находится в Желтом море и выполняет ходовые испытания («SEA TRIAL»). Статус «Ограниченная маневренность» типичен для судов, проводящих испытания оборудования в море.

Оценка загрузки: Осадка 10.5 метра для данного класса судна при нахождении в зоне испытаний указывает на то, что судно, вероятно, находится в балластном или специально облегченном состоянии для проведения тестов."
9904704,True,False,9904704,True,,,vessel,KONSTANTIN POSIET,,,LNG Tanker (Танкер для перевозки сжиженного природного газа),,,РОССИЯ (RUSSIA),,,,,,Draught: -,Underway (На ходу),0.4,,,SEATRIAL ZVEZDA-045,"Ходовые испытания, ССК «Звезда», заказ 045",,,,needs_review,"Название судна: KONSTANTIN POSIET

IMO: 9904704

Тип судна: LNG Tanker (Танкер для перевозки сжиженного природного газа)

Флаг: РОССИЯ (RUSSIA)

Габаритные характеристики: Данные о точных габаритах (длине и ширине) скрыты на скриншоте, судно является крупнотоннажным газовозом ледового класса.

2. Текущая оперативная обстановка
Данные зафиксированы по состоянию на 20 мая 2026 г., 22:43 (UTC+9).

Навигационный статус: Underway (На ходу)

Скорость: 0.4 узла

Осадка: Данные не указаны / скрыты (Draught: -)

3. Логистический трек
Пункт отправления: Большой Камень, Россия (RU BKN)

Дата отправления: 20 мая 2026 г., 14:59 (UTC+10)

Заявленный пункт назначения: SEATRIAL ZVEZDA-045 (Ходовые испытания, ССК «Звезда», заказ 045)

Расчетное время прибытия (ETA): Данные не указаны (в процессе маневрирования)

4. Промышленный OSINT-анализ
Операционный статус: Новый высокотехнологичный СПГ-танкер KONSTANTIN POSIET отошел от достроечной стенки ССК «Звезда» в Большом Камне и находится в море в режиме маневрирования на сверхмалой скорости (0.4 узла). Указанный статус назначения «SEATRIAL ZVEZDA-045» напрямую подтверждает проведение заводских ходовых или приемо-сдаточных испытаний перед вводом судна в полноценную коммерческую эксплуатацию.

Контекст: Судно принадлежит к серии строящихся арктических газовозов, предназначенных для крупномасштабной транспортировки сжиженного природного газа в экстремальных ледовых условиях. Текущая фаза испытаний в акватории Приморья (CIS Pacific) — критический этап проверки пропульсивной системы и специализированного газового оборудования."
9788617,True,False,,,,,unknown,,,,,,,,,,,,,,,,,,,,,,,needs_review,
1073303,True,False,1073303,True,,,vessel,HAKURYO MARU,,,Oil/Chemical Tanker (Танкер для перевозки нефтепродуктов и химикатов),,,ЯПОНИЯ (JAPAN),,,,,6.3,етра.,,,,,,,,,,needs_review,"Название судна: HAKURYO MARU

IMO: 1073303

Тип судна: Oil/Chemical Tanker (Танкер для перевозки нефтепродуктов и химикатов)

Флаг: ЯПОНИЯ (JAPAN)

2. Текущая оперативная обстановка
Данные зафиксированы по состоянию на 21 мая 2026 г.

Статус: Судно находится на верфи/в доке, что подтверждается визуальным анализом изображения (видны строительные конструкции, леса и декоративное оформление, характерное для спуска на воду или завершения ремонта).

Осадка: 6.3 метра.

Текущий порт: Канадзава, Япония (JP KNZ).

Расчетное время прибытия (ETA): 23 мая 2026 г., 09:30 (UTC+9).

3. Промышленный OSINT-анализ
Операционный статус: Изображение демонстрирует судно в процессе достройки или после докового ремонта в порту Канадзава. На это указывает отсутствие информации о движении в реальном времени и характерный вид судна на стапелях/у достроечной стенки.

Контекст: Судно этого класса является специализированным танкером. Поскольку данные по некоторым техническим параметрам (таким как год постройки) в предоставленном интерфейсе заблокированы, судно, вероятно, находится в стадии ввода в эксплуатацию или прохождения планового освидетельствования."
9925875,True,False,9925875,True,,,vessel,BUNGO CROWN,,,Oil/Chemical Tanker (Танкер для перевозки нефтепродуктов и химикатов),,,ДАНИЯ (DENMARK),,,,,12.5,етра,Moored (Пришвартовано),0.0,,,,,,,,needs_review,"Название судна: BUNGO CROWN

IMO: 9925875

Тип судна: Oil/Chemical Tanker (Танкер для перевозки нефтепродуктов и химикатов)

Флаг: ДАНИЯ (DENMARK)

2. Текущая оперативная обстановка
Данные зафиксированы по состоянию на 21 мая 2026 г., 14:27 (UTC+5.5).

Навигационный статус: Moored (Пришвартовано)

Текущее местоположение: Порт Мундра, Индия (IN MUN)

Скорость: 0 узлов

Осадка: 12.5 метра

3. Логистический трек
Пункт отправления: Риу-Гранди, Бразилия (BR RIG)

Дата отправления: 22 апреля 2026 г., 23:22 (UTC-3)

Фактическое время прибытия: 21 мая 2026 г., 08:23 (UTC+5)

4. Промышленный OSINT-анализ
Операционный статус: Танкер BUNGO CROWN успешно завершил длительный океанский переход из Бразилии и в настоящий момент ошвартован в порту Мундра.

Контекст: Статус «Moored» и нулевая скорость подтверждают нахождение судна у причала для проведения грузовых операций."
9181869,True,False,9181869,True,,,vessel,SANMAR SRUTHI,,,Oil Products Tanker (Танкер для перевозки нефтепродуктов),,,ИНДИЯ (INDIA),,,,,10.4,етра,Moored (Пришвартовано),0.0,,,,,,,,needs_review,"Название судна: SANMAR SRUTHI

IMO: 9181869

Тип судна: Oil Products Tanker (Танкер для перевозки нефтепродуктов)

Флаг: ИНДИЯ (INDIA)

2. Текущая оперативная обстановка
Данные зафиксированы по состоянию на 21 мая 2026 г., 14:28 (UTC+5.5).

Навигационный статус: Moored (Пришвартовано)

Текущее местоположение: Порт Мундра, Индия (IN MUN)

Скорость: 0 узлов

Осадка: 10.4 метра

3. Логистический трек
Пункт отправления: Мангалор, Индия (IN NML)

Дата отправления: 16 мая 2026 г., 01:14 (UTC+5)

Фактическое время прибытия: 20 мая 2026 г., 05:12 (UTC+5)

4. Промышленный OSINT-анализ
Операционный статус: Танкер SANMAR SRUTHI завершил переход из Мангалора в Мундру.

Контекст: Статус «Moored» и нулевая скорость при осадке 10.4 метра указывают на то, что судно находится у причала и, вероятно, завершает грузовые операции."
9351634,True,False,9351634,True,,,vessel,ZONDAR,,,Oil/Chemical Tanker (Танкер для перевозки нефтепродуктов и химикатов),,,МАРШАЛЛОВЫ ОСТРОВА (MARSHALL ISLANDS),,,,,11.0,етров,Moored (Пришвартовано),0.0,,,,,,,,needs_review,"Название судна: ZONDAR

IMO: 9351634

Тип судна: Oil/Chemical Tanker (Танкер для перевозки нефтепродуктов и химикатов)

Флаг: МАРШАЛЛОВЫ ОСТРОВА (MARSHALL ISLANDS)

2. Текущая оперативная обстановка
Данные зафиксированы по состоянию на 21 мая 2026 г., 14:28 (UTC+5.5).

Навигационный статус: Moored (Пришвартовано)

Текущее местоположение: Порт Мундра, Индия (IN MUN)

Скорость: 0 узлов

Осадка: 11 метров

3. Логистический трек
Пункт отправления: Усть-Луга (якорная стоянка), Россия (UST-LUGA ANCH)

Дата отправления: 21 апреля 2026 г., 15:53 (UTC+3)

Фактическое время прибытия: 21 мая 2026 г., 07:34 (UTC+5)

4. Промышленный OSINT-анализ
Операционный статус: Танкер ZONDAR прибыл в порт Мундра из района якорной стоянки Усть-Луга и в данный момент ошвартован.

Контекст: Статус «Moored» и нулевая скорость при осадке 11 метров указывают на завершение перехода и нахождение судна у причала для проведения операций."
9263746,True,False,9263746,True,,,vessel,STI PUSAN,,,Oil/Chemical Tanker (Танкер для перевозки нефтепродуктов и химикатов),,,МАРШАЛЛОВЫ ОСТРОВА (MARSHALL ISLANDS),,,,,10.9,етра,Moored (Пришвартовано),0.0,,,,,,,,needs_review,"Название судна: STI PUSAN

IMO: 9263746

Тип судна: Oil/Chemical Tanker (Танкер для перевозки нефтепродуктов и химикатов)

Флаг: МАРШАЛЛОВЫ ОСТРОВА (MARSHALL ISLANDS)

2. Текущая оперативная обстановка
Данные зафиксированы по состоянию на 21 мая 2026 г., 14:48 (UTC+5.5).

Навигационный статус: Moored (Пришвартовано)

Текущее местоположение: Порт Мундра, Индия (IN MUN)

Скорость: 0 узлов

Осадка: 10.9 метра

3. Логистический трек
Пункт отправления: Фуджейра, ОАЭ (AE FJR)

Дата отправления: 16 мая 2026 г., 02:44 (UTC+4)

Фактическое время прибытия: 21 мая 2026 г., 07:11 (UTC+5)

4. Промышленный OSINT-анализ
Операционный статус: Танкер STI PUSAN завершил переход из Фуджейры и в данный момент ошвартован в порту Мундра.

Контекст: Статус «Moored» и нулевая скорость при осадке 10.9 метра подтверждают нахождение судна у причала для проведения разгрузочных или иных операций."
9337743,True,False,9337743,True,,,vessel,GAS CHEM ATLANTIC,,,LPG Tanker (Танкер для перевозки сжиженного нефтяного газа),,,ПАНАМА (PANAMA),,,,,7.9,етра.,,0.0,,,,,,,,needs_review,"Название судна: GAS CHEM ATLANTIC

IMO: 9337743

Тип судна: LPG Tanker (Танкер для перевозки сжиженного нефтяного газа)

Флаг: ПАНАМА (PANAMA)

Текущая оперативная обстановка
Статус: Судно находится на якорной стоянке (At Anchor).

Местоположение: Район порта Мундра, Индия (IN MUN).

Скорость: 0 узлов.

Осадка: 7.9 метра.

Логистический контекст
Последний порт: Судно прибыло в район порта Мундра после завершения перехода.

Операционный статус: Статус «At Anchor» и нулевая скорость указывают на ожидание дальнейших указаний или постановки к причалу для проведения грузовых операций."
9441245,True,False,9441245,True,,,vessel,GULF LOYALTY,,,Crude Oil Tanker (Танкер для перевозки сырой нефти),,,МАРШАЛЛОВЫ ОСТРОВА (MARSHALL ISLANDS),,,,,11.0,етров,Stopped (Остановлено),0.5,,,,,,,,needs_review,"Название судна: GULF LOYALTY

IMO: 9441245

Тип судна: Crude Oil Tanker (Танкер для перевозки сырой нефти)

Флаг: МАРШАЛЛОВЫ ОСТРОВА (MARSHALL ISLANDS)

2. Текущая оперативная обстановка
Данные зафиксированы по состоянию на 21 мая 2026 г., 14:21 (UTC+4).

Навигационный статус: Stopped (Остановлено)

Скорость: 0.5 узла

Осадка: 11 метров

3. Логистический трек
Пункт отправления: Кушань, Китай (CN QSH)

Дата отправления: 1 апреля 2026 г., 09:26 (UTC+8)

Заявленный статус: FOR ORDERS (Ожидание распоряжений)

4. Промышленный OSINT-анализ
Операционный статус: Танкер GULF LOYALTY совершил переход из порта Кушань и в данный момент находится в статусе «Stopped».

Контекст: Статус ожидания («FOR ORDERS») при практически нулевой скорости указывает на то, что судно находится в зоне ожидания коммерческих инструкций."
9255684,True,False,9255684,True,,,vessel,,,,Crude Oil Tanker (Танкер для перевозки сырой нефти),2004.0,,,105330.0,,244.0,,,,,,,,,,,,,needs_review,"Текущее название: RIVA

Исторические названия: GOLDEN EAGLE, MINERVA ZOE

IMO: 9255684

Тип судна: Crude Oil Tanker (Танкер для перевозки сырой нефти)

Год постройки: 2004

Технические характеристики:

Длина (LOA): 244.00 м

Ширина (Beam): 42.00 м

Дедвейт (Deadweight): 105 330 т

2. Оперативная обстановка
Данные актуальны на 2 июня 2026 г.

Статус: Судно имеет историю регулярных заходов в порты Китая (Дунцзякоу, Дунъин) и Сингапура.

Наблюдаемые аномалии: На изображении image_a8a3de.jpg, где судно зафиксировано под названием GOLDEN EAGLE (старое название), видно, что оно находится в условиях сложной ледовой обстановки, что нехарактерно для его обычных маршрутов в Юго-Восточной Азии и Китае. Это может указывать на специфические чартеры или эксплуатацию в арктических/субарктических регионах в определенные периоды деятельности.

Текущая активность: Согласно данным, судно активно меняет названия и флаги (от MINERVA ZOE к GOLDEN EAGLE и затем к RIVA), что в сочетании с отсутствием публичных данных о текущем владельце, ISM-менеджере или классификационном обществе является индикатором высокой непрозрачности операций.

3. Анализ рисков и комплаенс
Корпоративная структура: Полное отсутствие информации о менеджменте и владельцах делает RIVA крайне сложным объектом для проверки на соответствие санкционным требованиям или стандартам качества.

Операционные риски: Работа судов такого класса (AFRAMAX, 105 тыс. т дедвейта) в закрытых или санкционно-чувствительных регионах требует особого внимания. Частое переименование и смена флагов — распространенная практика для судов, работающих вне контроля крупных глобальных нефтяных трейдеров или в рамках «теневых» логистических схем.

Аналитическое резюме:
Танкер RIVA — это актив, имеющий долгую историю эксплуатации с частой сменой операционных данных. Учитывая технические характеристики (дедвейт свыше 100 000 т) и отсутствие прозрачной информации о менеджменте, судно относится к категории повышенного риска. Использование названия GOLDEN EAGLE в прошлом и текущее переименование в RIVA позволяют предположить, что судно продолжает использоваться в интенсивных региональных или специализированных перевозках сырой нефти, часто вне зоны прозрачного международного мониторинга."
9794288,True,False,,True,,,unknown,,,,,,,,,,,,,,,,,,,,,,,needs_review,\
9874911,True,False,,True,,,unknown,,,,Танкер для перевозки сырой нефти (Crude Oil Tanker).,2020.0,,Маршалловы Острова.,,,,60.0,20.3,"20,3 м.",,,,,,,,,,needs_review,"FRONT DYNAMIC (IMO 9874911), составленный на основе предоставленных данных и файла image_a95977.jpg:

Основные характеристики:

Тип судна: Танкер для перевозки сырой нефти (Crude Oil Tanker).

Флаг: Маршалловы Острова.

Год постройки: 2020.

Размеры: Общая длина составляет 329,98 м, ширина — 60,00 м.

Тоннаж: Валовая вместимость составляет 153 905 т, дедвейт — 299 420 т.

Текущая деятельность:

Статус: Судно находится на ходу (под управлением двигателя).

Маршрут: Следует в порт Киирэ (Kiire), Япония.

Прогноз прибытия: Расчетное время прибытия (ETA) — 20 июля 2026 года.

Параметры движения: Текущая скорость составляет 12,0–12,1 узла, текущая осадка — 20,3 м.

Операционная история:

Последний портовый визит судна был зафиксирован в Инглсайде, США, откуда оно вышло 26 мая 2026 года.

За отчетный период было зафиксировано 17 портовых заходов; судно часто посещает порты Китая и Кореи."
9969223,True,False,,True,,,unknown,,,,Танкер для перевозки сжиженного природного газа (LNG Tanker).,2025.0,,Маршалловы Острова.,,,,46.0,9.6,"9,6 м.",,,,,,,,,,needs_review,"Тип судна: Танкер для перевозки сжиженного природного газа (LNG Tanker).

Флаг: Маршалловы Острова.

Год постройки: 2025.

Размеры: Общая длина составляет 299,00 м, ширина — 46,00 м (согласно AIS данным — 45,83 м).

Тоннаж: Валовая вместимость составляет 119 063 т, дедвейт — 92 385 т.

Текущая деятельность:

Статус: Судно находится на ходу (под управлением двигателя).

Маршрут: Назначение указано как «FOR ORDERS» (в ожидании дальнейших распоряжений).

Прогноз прибытия: Ожидаемое время прибытия — 16 июня 2026 года.

Параметры движения: Текущая скорость составляет 12,0–13,7 узла, текущая осадка — 9,6 м.

Операционная история:

Последний портовый визит судна был зафиксирован в порту Мап-Та-Пхут (Mab Tapud), Таиланд, откуда оно вышло 5 мая 2026 года.

За отчетный период было зафиксировано 3 портовых захода."
9799173,True,False,,True,,,unknown,,,,Танкер для перевозки сырой нефти (Crude Oil Tanker).,2018.0,,Гонконг.,,,,60.0,20.6,"20,6 м.",,,,,,,,,,needs_review,"NEW VITALITY (IMO 9799173), составленный на основе предоставленных данных и файла image_a96c03.jpg:

Основные характеристики:

Тип судна: Танкер для перевозки сырой нефти (Crude Oil Tanker).

Флаг: Гонконг.

Год постройки: 2018.

Размеры: Общая длина составляет 332,68 м, ширина — 60,00 м.

Тоннаж: Валовая вместимость составляет 163 186 т, дедвейт — 306 752 т.

Текущая деятельность:

Статус: Судно находится на ходу (под управлением двигателя).

Маршрут: Следует в порт Ульсан, Республика Корея (ULSAN S-K).

Прогноз прибытия: Расчетное время прибытия (ETA) — 17 июля 2026 года.

Параметры движения: Текущая скорость составляет 13,8–14,1 узла, текущая осадка — 20,6 м.

Операционная история:

Последний портовый визит судна был зафиксирован в Инглсайде, США, откуда оно вышло 25 мая 2026 года.

За отчетный период было зафиксировано 19 портовых заходов; судно часто посещает порты Китая."
9986087,True,False,,True,,,unknown,,,,Танкер для перевозки сжиженного природного газа (LNG Tanker).,2025.0,,Либерия.,,,,47.0,9.4,"9,4 м.",,,,,,,,,,needs_review,"AL SLAIMI (IMO 9986087), составленный на основе предоставленных данных и файла image_a9775c.jpg:

Основные характеристики:

Тип судна: Танкер для перевозки сжиженного природного газа (LNG Tanker).

Флаг: Либерия.

Год постройки: 2025.

Размеры: Общая длина составляет 295,00 м, ширина — 47,00 м (согласно AIS данным — 46,44 м).

Тоннаж: Валовая вместимость составляет 114 983 т, дедвейт — 94 326 т.

Текущая деятельность:

Статус: Судно находится на ходу (под управлением двигателя).

Маршрут: Следует в порт Фрипорт (Freeport), США.

Прогноз прибытия: Ожидаемое время прибытия (ETA) — 14 июня 2026 года (в данных AIS указано 13 июня 2026 года).

Параметры движения: Текущая скорость составляет 13,1–14,4 узла, текущая осадка — 9,4 м.

Операционная история:

Последний портовый визит (якорная стоянка) был зафиксирован в Сингапуре, откуда судно вышло 4 мая 2026 года.

За отчетный период было зафиксировано 14 портовых заходов, включая визиты в порты Катара (Рас-Лаффан) и Кореи."
9986087,True,False,,True,,,unknown,,,,Танкер для перевозки сжиженного природного газа (LNG Tanker).,2025.0,,Либерия.,,,,47.0,9.4,"9,4 м.",,,,,,,,,,needs_review,"AL SLAIMI (IMO 9986087), составленный на основе предоставленных данных и файла image_a9775c.jpg:

Основные характеристики:

Тип судна: Танкер для перевозки сжиженного природного газа (LNG Tanker).

Флаг: Либерия.

Год постройки: 2025.

Размеры: Общая длина составляет 295,00 м, ширина — 47,00 м (согласно AIS данным — 46,44 м).

Тоннаж: Валовая вместимость составляет 114 983 т, дедвейт — 94 326 т.

Текущая деятельность:

Статус: Судно находится на ходу (под управлением двигателя).

Маршрут: Следует в порт Фрипорт (Freeport), США.

Прогноз прибытия: Ожидаемое время прибытия (ETA) — 14 июня 2026 года (в данных AIS указано 13 июня 2026 года).

Параметры движения: Текущая скорость составляет 13,1–14,4 узла, текущая осадка — 9,4 м.

Операционная история:

Последний портовый визит (якорная стоянка) был зафиксирован в Сингапуре, откуда судно вышло 4 мая 2026 года.

За отчетный период было зафиксировано 14 портовых заходов, включая визиты в порты Катара (Рас-Лаффан) и Кореи."
9457452,True,False,,True,,,unknown,,,,Танкер для перевозки сырой нефти (Crude Oil Tanker).,2011.0,,Кипр.,,,,60.0,11.0,"11,0 м.",,,,,,,,,,needs_review,"PRINCESS NATALIE (IMO 9457452), основанный на предоставленных данных и файле image_b358e5.jpg:

Основные характеристики:

Тип судна: Танкер для перевозки сырой нефти (Crude Oil Tanker).

Флаг: Кипр.

Год постройки: 2011.

Размеры: Общая длина составляет 333,08 м, ширина — 60,00 м.

Тоннаж: Валовая вместимость составляет 162 203 т, дедвейт — 320 261 т.

Текущая деятельность:

Статус: Судно находится на ходу (под управлением двигателя).

Маршрут: Следует в Сент-Эстатиус (St Eustatius).

Прогноз прибытия: Расчетное время прибытия — 7 июня 2026 года.

Параметры движения: Текущая скорость составляет 14,3–15,1 узла, текущая осадка — 11,0 м.

Операционная история:

Последний портовый визит (якорная стоянка) был зафиксирован в Сингапуре, откуда судно вышло 27 апреля 2026 года.

За отчетный период было зафиксировано 18 портовых заходов, включая регулярные рейсы в порты Кореи и Саудовской Аравии.

Ранее судно носило названия CHLOE V, CHLOE и CALLISTO GLORY."
9411939,True,False,,True,,,unknown,,,,Танкер для перевозки сырой нефти (Crude Oil Tanker).,2009.0,,Мальта.,,,,48.0,15.6,"15,6 м.",,,,,— 18 июня 2026 года,,,,,needs_review,"MINERVA MARINA (IMO 9411939), составленный на основе предоставленных данных и файла image_b35c8e.jpg:

Основные характеристики:

Тип судна: Танкер для перевозки сырой нефти (Crude Oil Tanker).

Флаг: Мальта.

Год постройки: 2009.

Размеры: Общая длина составляет 274,33 м, ширина — 48,00 м.

Тоннаж: Валовая вместимость составляет 81 467 т, дедвейт — 157 954 т.

Текущая деятельность:

Статус: Судно находится на ходу (под управлением двигателя).

Маршрут: Назначение указано как «FOR ORDERS» (в ожидании дальнейших распоряжений).

Прогноз прибытия: Ожидаемое время прибытия в пункт назначения — 18 июня 2026 года.

Параметры движения: Текущая скорость составляет 11,9–12,5 узла, осадка — 15,6 м.

Операционная история:

Последний зафиксированный портовый визит (стоянка на якоре) был в районе Схаувенбанк (Schouwenbank), Нидерланды, откуда судно вышло 19 мая 2026 года.

Всего за отчетный период было зафиксировано 22 портовых захода; судно часто посещает порты России (Новороссийск) и Сингапура."
9997232,True,False,,True,,,unknown,,,,Танкер для перевозки химических и нефтепродуктов (Chemical/Oil Products Tanker).,2025.0,,Панама.,,,,32.2,11.8,"11,8 м.",,,,,,,,,,needs_review,"MH HOTAKA (IMO 9997232), основанный на предоставленных данных и файле image_b36086.jpg:

Основные характеристики:

Тип судна: Танкер для перевозки химических и нефтепродуктов (Chemical/Oil Products Tanker).

Флаг: Панама.

Год постройки: 2025.

Размеры: Общая длина судна составляет 183,06 м, ширина — 32,20 м.

Тоннаж: Валовая вместимость составляет 30 131 т, дедвейт — 49 948 т.

Текущая деятельность:

Статус: Судно находится на ходу (под управлением двигателя).

Маршрут: Следует в порт Алумар (Alumar), Бразилия (отмечен как Сан-Луис).

Прогноз прибытия: Расчетное время прибытия (ETA) — 8 июня 2026 года.

Параметры движения: Текущая скорость составляет 12,8–13,1 узла, текущая осадка — 11,8 м.

Операционная история:

Последний порт захода — Хьюстон, США, откуда судно вышло 27 мая 2026 года.

За отчетный период было зафиксировано 15 портовых заходов, включая визиты в порты Объединенных Арабских Эмиратов и Малайзии."
9948724,True,False,,True,,,unknown,,,,Танкер для перевозки сжиженного природного газа (LNG Tanker).,2024.0,,Маршалловы Острова.,,,,45.8,9.4,"9,4 м.",,,,,,,,,,needs_review,"CELSIUS GREENWICH (IMO 9948724), основанный на предоставленных данных и файле image_b3774c.jpg:

Основные характеристики:

Тип судна: Танкер для перевозки сжиженного природного газа (LNG Tanker).

Флаг: Маршалловы Острова.

Год постройки: 2024.

Размеры: Общая длина судна составляет 299,00 м, ширина — 45,80 м.

Тоннаж: Валовая вместимость составляет 119 063 т, дедвейт — 92 385 т.

Текущая деятельность:

Статус: Судно находится на ходу (под управлением двигателя).

Маршрут: Следует в терминал GNL Escobar, Аргентина.

Прогноз прибытия: Расчетное время прибытия (ETA) — 16 июня 2026 года.

Параметры движения: Текущая скорость составляет 13,6–13,8 узла, осадка — 9,4 м.

Операционная история:

Последний портовый визит судна был зафиксирован на якорной стоянке Картахены, Колумбия, откуда оно вышло 30 мая 2026 года.

Всего за отчетный период было зафиксировано 17 портовых заходов; судно часто посещает порты Аргентины и Кореи."
9752280,True,False,,True,,,unknown,,,,LPG Tanker (танкер для перевозки сжиженного нефтяного газа).,2016.0,,Маршалловы Острова.,,,,36.5,11.7,"11,7 м.",,,,,,,,,,needs_review,"ETHANE EMERALD (IMO 9752280), составленный на основе предоставленных данных и файла image_b3ca04.jpg:

Основные характеристики:

Тип судна: LPG Tanker (танкер для перевозки сжиженного нефтяного газа).

Флаг: Маршалловы Острова.

Год постройки: 2016.

Размеры: Общая длина составляет 227,86 м, ширина — 36,50 м.

Тоннаж: Валовая вместимость составляет 57 509 т, дедвейт — 59 138 т.

Текущая деятельность:

Статус: Судно находится на ходу (под управлением двигателя).

Маршрут: Следует в порт Дахедж (Dahej), Индия.

Прогноз прибытия: Расчетное время прибытия (ETA) — 3 июля 2026 года.

Параметры движения: Текущая скорость составляет 13,6–15,1 узла, текущая осадка — 11,7 м.

Операционная история:

Последний портовый визит судна был зафиксирован на якорной стоянке Порт-Артур, США, откуда оно вышло 27 мая 2026 года.

За отчетный период было зафиксировано 11 портовых заходов, включая регулярные рейсы в США и Индию."
9590711,True,False,,True,,,unknown,,,,Танкер для перевозки химических грузов и нефтепродуктов (Chemical/Oil Products Tanker).,2012.0,,Либерия.,,,,32.2,12.6,"12,6 м.",,,,,,,,,,needs_review,"SV WAKILI (IMO 9590711), основанный на предоставленных данных и файле image_b3ebaf.jpg:

Основные характеристики:

Тип судна: Танкер для перевозки химических грузов и нефтепродуктов (Chemical/Oil Products Tanker).

Флаг: Либерия.

Год постройки: 2012.

Размеры: Общая длина судна составляет 183,30 м, ширина — 32,20 м.

Тоннаж: Валовая вместимость составляет 29 762 т, дедвейт — 51 441 т.

Текущая деятельность:

Статус: Судно находится на ходу (под управлением двигателя).

Маршрут: Следует в Дурбан, Южная Африка.

Прогноз прибытия: Расчетное время прибытия (ETA) — 20 июня 2026 года в 05:00.

Параметры движения: Текущая скорость составляет 12,2–13,1 узла, осадка — 12,6 м.

Операционная история:

Последний портовый визит судна был зафиксирован на якорной стоянке Синт-Эстатиус (Карибские острова), откуда оно вышло 30 мая 2026 года.

Всего за отчетный период было зафиксировано 38 портовых заходов; ранее судно часто посещало порты США (Нью-Йорк, Нью-Хейвен).

Ранее судно носило название KING GREGORY."
9994008,True,False,,True,,,unknown,,,,Танкер для перевозки сжиженного природного газа (LNG Tanker).,2026.0,,Мальта.,,,,49.0,9.2,"9,2 м.",,,,,"указан как ""OPEN SEA FOR ORDERS""","открытое море, ожидание распоряжений",,,,needs_review,"CLEAN TEXAS (IMO 9994008), основанный на предоставленных данных и файле image_b43e9d.jpg:

Основные характеристики:

Тип судна: Танкер для перевозки сжиженного природного газа (LNG Tanker).

Флаг: Мальта.

Год постройки: 2026.

Размеры: Общая длина судна составляет 300,00 м, ширина — 49,00 м.

Тоннаж: Валовая вместимость составляет 128 679 т, дедвейт — 107 544 т.

Текущая деятельность:

Статус: Судно находится на ходу (под управлением двигателя).

Маршрут: Пункт назначения указан как ""OPEN SEA FOR ORDERS"" (открытое море, ожидание распоряжений).

Прогноз прибытия: Расчетное время прибытия (ETA) — 15 июня 2026 года.

Параметры движения: Текущая скорость составляет 15,6–16,2 узла, осадка — 9,2 м.

Операционная история:

Последний портовый визит судна был зафиксирован на якорной стоянке в Сингапуре (Singapore Anch. 1), откуда оно вышло 11 мая 2026 года."
9705902,True,False,,True,,,unknown,,,,Танкер для перевозки химических грузов и нефтепродуктов (Chemical/Oil Products Tanker).,2015.0,,Либерия.,,,,35.0,10.4,"10,4 м.",,,,,,,,,,needs_review,"ELKA DELPHI (IMO 9705902), представленного в файле image_b44222.jpg, основан на предоставленных данных:

Основная информация о судне
Тип судна: Танкер для перевозки химических грузов и нефтепродуктов (Chemical/Oil Products Tanker).

Флаг: Либерия.

Год постройки: 2015.

Габариты: Общая длина судна составляет 189,00 м, ширина — 35,00 м.

Тоннаж: Валовая вместимость составляет 31 905 тонн, дедвейт — 49 990 тонн.

Текущая операционная деятельность
Статус: По состоянию на 5 июня 2026 года судно находится на ходу (под управлением двигателя).

Маршрут: Следует в порт Сарате (Zarate), Аргентина.

Прогноз прибытия: Расчетное время прибытия (ETA) — 13 июня 2026 года в 11:00.

Параметры движения: Текущая скорость составляет 13,6 узла, текущая осадка — 10,4 м.

Операционная активность
Последний портовый визит: Судно покинуло порт Хьюстон, США, 23 мая 2026 года.

История работы: Всего за отчетный период было зафиксировано 43 портовых захода. Ранее судно совершало рейсы в порты Испании и активно работало в портах США (таких как Хьюстон и Корпус-Кристи)."
9859387,True,False,,True,,,unknown,,,,Танкер для перевозки сырой нефти.,2020.0,,Либерия.,,,,60.0,11.0,"11,0 м.",,,,,FPSO ONE GUYANA,"Джорджтаун, Гайана",,,,needs_review,"CREATOR (IMO 9859387), основанный на данных из предоставленного файла image_b44928.jpg:

Основные характеристики:

Тип судна: Танкер для перевозки сырой нефти.

Флаг: Либерия.

Год постройки: 2020.

Размеры: Общая длина судна составляет 336,00 м, ширина — 60,00 м.

Тоннаж: Валовая вместимость составляет 156 452 т, дедвейт — 299 995 т.

Текущая деятельность:

Статус: Судно находится на ходу (под управлением двигателя).

Маршрут: Направляется в пункт назначения FPSO ONE GUYANA (Джорджтаун, Гайана).

Прогноз прибытия: Расчетное время прибытия (ETA) — 8 июня 2026 года в 23:00.

Параметры движения: Текущая скорость составляет 15,1 узла, текущая осадка — 11,0 м.

История работы:

Последний портовый визит судна был зафиксирован в порту Сингапура (Singapore Anch. 5), откуда оно вышло 7 мая 2026 года.

Судно имеет историю заходов в порты Южной Кореи (Даесан) и Кувейта (Mina' al Ahmadi)."
9701229,True,False,,True,,,unknown,,,,Танкер для перевозки сжиженного природного газа (LNG Tanker).,2017.0,,Греция.,,,,46.4,11.1,"11,1 м.",,,,,"не определен, указан как «FOR ORDERS»",ожидание распоряжений,,,,needs_review,"MARAN GAS ROXANA (IMO 9701229), представленного в файле image_b454a6.jpg, основан на актуальных данных:

Основная информация о судне
Тип судна: Танкер для перевозки сжиженного природного газа (LNG Tanker).

Флаг: Греция.

Год постройки: 2017.

Габариты: Длина (LOA) составляет 294,90 м, ширина — 46,40 м.

Тоннаж: Валовая вместимость (GT) составляет 113 037, дедвейт — 95 194 тонны.

Текущая операционная деятельность
Статус: По состоянию на 5 июня 2026 года судно находится на ходу (Underway using Engine).

Маршрут: Пункт назначения не определен, указан как «FOR ORDERS» (ожидание распоряжений).

Прогноз прибытия: Расчетное время прибытия (ETA) — 15 июня 2026 года.

Параметры движения: Текущая скорость составляет 15,1 узла, текущая осадка — 11,1 м.

Операционная активность
Последний портовый визит: Судно покинуло якорную стоянку в Вальпараисо, Чили, 22 мая 2026 года.

История работы: Судно демонстрирует активность в портах Австралии (Barrow Island) и Нигерии (Bonny)."
9708617,True,False,,True,,,unknown,,,,,,,,,,,,,,,,,,— Роттердам,Нидерланды,,,,needs_review,"MAERSK TRIESTE (IMO 9708617), представленных в файле image_b45c8a.jpg и сопутствующей информации, можно выделить следующие ключевые аспекты:

Основные характеристики:

Судно является танкером для перевозки нефтепродуктов и химических грузов (Chemical/Oil Products Tanker) под флагом Дании.

Построено в 2015 году, имеет общую длину 183 метра и ширину 32,2 метра.

Валовая вместимость составляет 29 459 тонн, а дедвейт — 49 828 тонн.

Текущая деятельность:

На текущий момент судно находится в режиме движения под управлением двигателя (Under way).

Пункт назначения — Роттердам (Нидерланды), ожидаемое время прибытия (ETA) — 18 июня 2026 года в 06:00.

Текущая скорость составляет 12,0 узла при осадке 9,7 метра.

Операционная информация:

Последний порт захода — якорная стоянка Баия-Бланка в Аргентине, откуда судно вышло 27 мая 2026 года.

За отчетный период судно совершило 18 заходов в порты, среди которых ранее фиксировались визиты в порты Китая (Шэньчжэнь) и Малайзии (Порт-Кланг).

Ранее судно носило название MAERSK TACOMA."
9941518,True,False,,True,,,unknown,,,,Танкер для перевозки сжиженного природного газа (LNG Tanker).,2024.0,,Греция.,,,,45.8,11.3,"11,3 м.",,,,,"указан как ""FOR ORDERS""",ожидание распоряжений,,,,needs_review,"MARAN GAS NICE (IMO 9941518) на основе предоставленных данных и файла image_b52ade.jpg:

Основные характеристики:

Тип судна: Танкер для перевозки сжиженного природного газа (LNG Tanker).

Флаг: Греция.

Год постройки: 2024.

Размеры: Длина судна составляет 293,00 м, ширина — 45,80 м.

Тоннаж: Валовая вместимость (GT) составляет 113 330, дедвейт — 89 292 тонны.

Текущая деятельность:

Статус: Судно находится на ходу (под управлением двигателя).

Маршрут: Пункт назначения указан как ""FOR ORDERS"" (ожидание распоряжений), расчетное время прибытия — 3 июля 2026 года.

Параметры движения: Текущая скорость судна составляет 16,0 узлов, осадка — 11,3 м.

Последний порт: Судно покинуло порт Сабин (США) 25 мая 2026 года.

Операционная история:

Судно совершило 17 портовых заходов за отчетный период.

Основная география работы включает порты США (такие как Фрипорт и Лейк-Чарльз) и Египта."
9364394,True,False,,True,,,unknown,,,,Танкер для перевозки сжиженного газа (LPG Tanker).,2008.0,,Индонезия.,,,,36.6,7.3,"7,3 м.",,,,,,,,,,needs_review,"GAS ALYSSA (IMO 9364394), представленного в файле image_b52ebc.jpg, на основе предоставленных данных:

Основная информация о судне
Тип судна: Танкер для перевозки сжиженного газа (LPG Tanker).

Флаг: Индонезия.

Год постройки: 2008.

Габариты: Длина (LOA) составляет 226,00 м, ширина — 36,60 м.

Тоннаж: Валовая вместимость (GT) составляет 48 425, дедвейт — 54 789 тонн.

Текущая операционная деятельность
Статус: По состоянию на 5 июня 2026 года судно находится на ходу (Underway using Engine).

Маршрут: Следует в порт Фрипорт, США (US FPO).

Прогноз прибытия: Расчетное время прибытия (ETA) — 16 июня 2026 года, 18:00.

Параметры движения: Текущая скорость составляет 16,6 узла, текущая осадка — 7,3 м.

Операционная активность
Последний портовый визит: Судно покинуло якорную стоянку в Сингапуре (Singapore Anch. 1) 11 мая 2026 года.

История работы: Судно демонстрирует активность в портах Катара (Рас-Лаффан) и США (Фрипорт)."
9800491,True,False,,True,,,unknown,,,,Танкер для перевозки сжиженного газа (LPG Tanker).,2019.0,,Япония.,,,,37.2,8.0,"8,0 м.",,,,,,,,,,needs_review,"MAPLE GAS (IMO 9800491), представленного в файле image_b539df.jpg, на основе предоставленных данных:

Основная информация о судне
Тип судна: Танкер для перевозки сжиженного газа (LPG Tanker).

Флаг: Япония.

Год постройки: 2019.

Габариты: Длина (LOA) составляет 229,90 м, ширина — 37,20 м.

Тоннаж: Валовая вместимость (GT) составляет 46 947, дедвейт — 54 112 тонн.

Текущая операционная деятельность
Статус: По состоянию на 5 июня 2026 года судно находится на ходу (под управлением двигателя).

Маршрут: Следует в направлении SGSIN – USHOU.

Прогноз прибытия: Расчетное время прибытия (ETA) — 15 июня 2026 года, 18:00.

Параметры движения: Текущая скорость составляет 15,1 узла, текущая осадка — 8,0 м.

Операционная активность
Последний портовый визит: Судно покинуло якорную стоянку в Сингапуре (Singapore Anch. 1) 12 мая 2026 года.

История работы: Судно демонстрирует активность в портах Индии и США."
9492139,True,False,,True,,,unknown,,,,Танкер для перевозки сырой нефти (Crude Oil Tanker).,2013.0,,Багамские острова.,,,,42.0,14.5,14.5 м.,,,,,,,,,,needs_review,"SAO LUIZ (IMO 9492139), представленного в файле image_b5484f.jpg, на основе актуальных данных:

1. Технические характеристики актива
Тип: Танкер для перевозки сырой нефти (Crude Oil Tanker).

Год постройки: 2013.

Флаг: Багамские острова.

Габариты: Длина (LOA) составляет 244.75 м, ширина — 42.00 м.

Тоннаж: Валовая вместимость (GT) составляет 62 753, дедвейт — 105 213 тонн.

2. Текущая операционная деятельность
Статус: По состоянию на 5 июня 2026 года судно находится на ходу (Underway using engine).

Маршрут: Следует из района терминала Ilha d'Agua (Petrobras 62) в порт Суапе (Suape), Бразилия.

Прогноз прибытия: Расчетное время прибытия (ETA) — 5 июня 2026 года, 13:00.

Параметры движения: Текущая скорость составляет 11.2 узла, текущая осадка — 14.5 м.

3. Анализ активности
История работы: Судно демонстрирует высокую операционную активность, совершив 51 портовый заход за отчетный период. Основные порты захода включают Sao Sebastiao и Ilha d'Agua в Бразилии.

Обслуживание: В порту прибытия (Суапе) судно обслуживается рядом агентских компаний, включая AMG – Agência Marítima Granel и Costa Maritime."
1049546,True,False,,True,,,unknown,,,,Танкер для перевозки сырой нефти (Crude Oil Tanker).,2026.0,,Маршалловы Острова.,,,,32.0,8.3,"8,3 м.",,,,,"Мадре-де-Деус, Бразилия","Madre de Deus, Brazil",,,,needs_review,"SEAWAYS BONITA (IMO 1049546), представленного в файле image_b5aea4.png, на основе предоставленных данных:

Технические характеристики актива
Тип: Танкер для перевозки сырой нефти (Crude Oil Tanker).

Год постройки: 2026.

Флаг: Маршалловы Острова.

Габариты: Длина (LOA) составляет 228 м, ширина — 32 м.

Тоннаж: Валовая вместимость составляет 42 824 GT, дедвейт — 74 426 тонн.

Текущая операционная деятельность
Статус: По состоянию на 5 июня 2026 года судно находится в режиме хода с использованием двигателя.

Маршрут: Следует из порта Ла-Плата (Аргентина) в пункт назначения Мадре-де-Деус, Бразилия (Madre de Deus, Brazil).

Прогноз прибытия: Расчетное время прибытия (ETA) — 5 июня 2026 года, 09:30 по местному времени.

Параметры движения: Текущая скорость составляет 13,5 узла, осадка — 8,3 м.

Операционная активность
История заходов: Судно совершило серию стоянок в Аргентине, включая длительные периоды на якоре в Ла-Плата в конце мая 2026 года.

Бизнес-окружение: В порту прибытия (Мадре-де-Деус) судно обслуживается рядом агентских компаний, включая AMG – Agência Marítima Granel."
9923748,True,False,,True,,,unknown,,,,"Танкер для перевозки химических грузов и нефтепродуктов (Chemical/Oil Products Tanker), классификация HAZ-B.",,,Кипр.,,,,32.2,8.0,Текущая осадка составляет 8.0 м.,,,,,"Пойнт-Лисас, Тринидад и Тобаго",TT PTS,,,,needs_review,"STENA PROMISE (IMO 9923748), визуализированного в файле image_b5bcea.jpg:

1. Технические характеристики актива
Тип: Танкер для перевозки химических грузов и нефтепродуктов (Chemical/Oil Products Tanker), классификация HAZ-B.

Технические параметры: Длина (LOA) составляет 185.99 м, ширина — 32.20 м.

Возраст: Судно 2022 года постройки.

Тоннаж: Дедвейт составляет 49 990 тонн.

Флаг: Кипр.

2. Текущая операционная деятельность
Статус: По состоянию на 5 июня 2026 года судно находится в режиме хода с использованием двигателя («Underway using engine»).

Маршрут: Следует из порта Паранагуа, Бразилия (BR PNG), в пункт назначения Пойнт-Лисас, Тринидад и Тобаго (TT PTS).

Прогноз прибытия: Расчетное время прибытия (ETA) — 13 июня 2026 года, 18:00.

Осадка: Текущая осадка составляет 8.0 м.

3. Анализ активности
Операционный профиль: Судно демонстрирует активную эксплуатацию, совершив 36 портовых заходов за отчетный период. Основные порты захода в истории судна включают Роттердам и Антверпен.

Рекомендации:

Судно продолжает трансатлантический переход из Южной Америки в Карибский бассейн.

Учитывая статус HAZ-B, судно требует стандартного мониторинга при выполнении международных морских перевозок опасных грузов.

Дайджест
Танкер STENA PROMISE, представленный в файле image_b5bcea.jpg, 5 июня 2026 года продолжает движение со скоростью 13.6 узла в направлении порта Пойнт-Лисас (Тринидад и Тобаго)."
9956616,True,False,,True,,,unknown,,,,"Танкер для перевозки сжиженного природного газа (LNG Tanker), классификация HAZ-D.",,,Либерия.,,,,45.8,9.3,Текущая осадка составляет 9.3 м.,,,,,,,,,,needs_review,"ORION SIRIUS (IMO 9956616), визуализированного в файле image_b6103b.jpg:

1. Технические характеристики актива
Тип: Танкер для перевозки сжиженного природного газа (LNG Tanker), классификация HAZ-D.

Технические параметры: Длина (LOA) составляет 290.00 м, ширина — 45.80 м.

Возраст: Судно 2025 года постройки.

Тоннаж: Дедвейт составляет 87 968 тонн, валовая вместимость (GT) — 115 728.

Флаг: Либерия.

2. Текущая операционная деятельность
Статус: По состоянию на 5 июня 2026 года судно находится в режиме хода с использованием двигателя («Underway using engine»).

Маршрут: Назначение указано как «FOR ORDERS» (в ожидании распоряжений), судно следует из Уэльвы (Испания).

Скорость: Текущая скорость составляет 14.8 узла.

Осадка: Текущая осадка составляет 9.3 м.

3. Анализ активности
Операционный профиль: Судно совершило 14 портовых заходов за отчетный период. Основные направления включают ключевые узлы мировой торговли СПГ, такие как Роттердам (Нидерланды) и Рас-Лаффан (Катар).

Примечание: Наличие статуса «FOR ORDERS» часто указывает на то, что судно следует в определенный регион ожидания для получения дальнейших инструкций по фрахту.

Дайджест
Газовоз ORION SIRIUS, представленный в файле image_b6103b.jpg, находится в активном переходе в Южной Атлантике (Восточное побережье Южной Америки) в ожидании новых заказов на перевозку СПГ. Текущая скорость судна — 14.8 узла."
9290608,True,False,,True,,,unknown,,,,"Танкер для перевозки химических грузов и нефтепродуктов (Chemical/Oil Products Tanker, классификация HAZ-C).",,,Норвегия.,,,,32.2,12.0,Текущая осадка составляет 12.0 м.,,,,,,,,,,needs_review,"CHAMPION EBONY (IMO 9290608), визуализированного в файле image_b626c0.jpg:

1. Технические характеристики актива
Тип: Танкер для перевозки химических грузов и нефтепродуктов (Chemical/Oil Products Tanker, классификация HAZ-C).

Технические параметры: Длина (LOA) составляет 182.43 м, ширина — 32.20 м.

Возраст: Судно 2004 года постройки (исторические названия: EBONY POINT, EBONY).

Тоннаж: Дедвейт составляет 46 938 тонн.

Флаг: Норвегия.

2. Текущая операционная деятельность
Статус: По состоянию на 5 июня 2026 года судно находится в режиме хода с использованием двигателя («Underway using engine»).

Маршрут: Следует из порта Фрипорт, США (US FPO) в порт Паранагуа, Бразилия (BR PNG).

Прогноз прибытия: Расчетное время прибытия (ETA) — 8 июня 2026 года, 09:00 UTC.

Осадка: Текущая осадка составляет 12.0 м.

3. Анализ активности
Операционный профиль: Судно совершило 20 портовых заходов за отчетный период. Активность включает рейсы в порты США и оффшорные операции.

Рекомендации:

Судно продолжает трансатлантический переход в направлении Бразилии.

Учитывая статус HAZ-C (опасные грузы), рекомендуется мониторинг навигации при входе в территориальные воды Бразилии и приближении к порту Паранагуа.

Дайджест
Танкер CHAMPION EBONY, представленный в файле image_b626c0.jpg, 5 июня 2026 года продолжает плановый переход из США в Бразилию со скоростью 9.5 узлов. Прибытие в порт Паранагуа ожидается 8 июня 2026 года."
9407407,True,False,,True,,,unknown,,,,Танкер для перевозки химических грузов и нефтепродуктов (Chemical/Oil Products Tanker).,,,Мальта.,,,,32.2,11.6,Текущая осадка составляет 11.6 м.,,,,,"Итаки, Бразилия","Itaqui, Brazil",,,,needs_review,"HORIZON THEONI (IMO 9407407), визуализированного в файле image_b630eb.jpg:

1. Технические характеристики актива
Тип: Танкер для перевозки химических грузов и нефтепродуктов (Chemical/Oil Products Tanker).

Технические параметры: Длина (LOA) составляет 183.00 м, ширина — 32.20 м.

Возраст: Судно 2009 года постройки.

Тоннаж: Дедвейт составляет 49 997 тонн.

Флаг: Мальта.

2. Текущая операционная деятельность
Статус: По состоянию на 5 июня 2026 года судно находится в режиме хода.

Маршрут: Следует из порта Сан-Себастьян (Бразилия) в пункт назначения Итаки, Бразилия (Itaqui, Brazil).

Прогноз прибытия: Расчетное время прибытия (ETA) — 9 июня 2026 года, 21:00 (согласно данным AIS, ETA в Итаки — 18:00 по местному времени).

Осадка: Текущая осадка составляет 11.6 м.

3. Анализ активности
Операционный профиль: Судно демонстрирует активную работу в водах Бразилии, совершив 48 портовых заходов за отчетный период. Основные порты захода включают Суапе и Илья-д’Агуа.

Рекомендации:

Судно продолжает движение вдоль побережья Бразилии.

Рекомендуется отслеживать навигационный статус судна по мере приближения к порту Итаки для подтверждения швартовки.

Дайджест
Танкер HORIZON THEONI, представленный в файле image_b630eb.jpg, 5 июня 2026 года продолжает плановый переход из порта Сан-Себастьян в порт Итаки (Бразилия) со скоростью около 10.4 узла. Прибытие в пункт назначения ожидается 9 июня 2026 года."
9551868,True,False,,True,,,unknown,,,,Танкер для перевозки химических грузов и нефтепродуктов (Chemical/Oil Products Tanker).,,,Либерия.,,,,23.0,8.6,Текущая осадка составляет 8.6 м.,,,,,,,,,,needs_review,"BLUEFIN (IMO 9551868), визуализированного в файле image_b687fa.jpg:

1. Технические характеристики актива
Тип: Танкер для перевозки химических грузов и нефтепродуктов (Chemical/Oil Products Tanker).

Технические параметры: Длина (LOA) составляет 144.22 м, ширина — 23.00 м.

Возраст: Судно 2011 года постройки.

Тоннаж: Дедвейт составляет 17 121 тонну.

Флаг: Либерия.

2. Текущая операционная деятельность
Статус: По состоянию на 5 июня 2026 года судно находится в режиме хода.

Маршрут: Следует в порт Сепетиба, Бразилия (Sepetiba, Brazil).

Прогноз прибытия: Расчетное время прибытия (ETA) — 5 июня 2026 года, 12:00.

Осадка: Текущая осадка составляет 8.6 м.

3. Анализ активности
Операционный профиль: Судно активно эксплуатируется преимущественно в бразильском регионе (в частности, порты Сальвадор и Мадре-де-Деус). За отчетный период было совершено 8 портовых заходов.

Рекомендации:

Судно приближается к порту назначения Сепетиба. Рекомендуется отслеживать смену навигационного статуса на «Moored» (пришвартовано) после 12:00 UTC для подтверждения начала портовых операций.

Дайджест
Химический танкер BLUEFIN, представленный в файле image_b687fa.jpg, 5 июня 2026 года завершает переход из района Сальвадора в порт Сепетиба (Бразилия)."
9114244,True,False,,True,,,unknown,,,,"Танкер для перевозки химических грузов и нефтепродуктов (Chemical/Oil Products Tanker), классификация HAZ-B.",,,Маршалловы Острова.,,,,32.2,9.5,Текущая осадка составляет 9.5 м.,,,,,"Рио-Айна, Доминиканская Республика","Rio Haina, Dominican Rep",,,,needs_review,"BOW CARDINAL (IMO 9114244), представленного в файле image_b68f42.jpg:

1. Технические характеристики актива
Тип: Танкер для перевозки химических грузов и нефтепродуктов (Chemical/Oil Products Tanker), классификация HAZ-B.

Технические параметры: Длина (LOA) составляет 183.10 м, ширина — 32.20 м.

Возраст: Судно 1997 года постройки.

Тоннаж: Дедвейт составляет 37 446 тонн.

Флаг: Маршалловы Острова.

2. Текущая операционная деятельность
Статус: По состоянию на 5 июня 2026 года судно находится в режиме хода с использованием двигателя.

Маршрут: Судно следует из порта Сантус (Бразилия) в пункт назначения Рио-Айна, Доминиканская Республика (Rio Haina, Dominican Rep).

Прогноз прибытия: Расчетное время прибытия (ETA) — 15 июня 2026 года, 17:00.

Осадка: Текущая осадка составляет 9.5 м.

3. Анализ активности
Операционный профиль: Судно отличается высокой интенсивностью работы, совершив 44 портовых захода за отчетный период. Основные регионы присутствия включают порты США (Хьюстон) и Бразилии (Сантус).

Рекомендации:

Судно продолжает трансатлантический переход в Доминиканскую Республику.

Учитывая статус HAZ-B, рекомендуется мониторинг навигации в зонах с повышенными требованиями безопасности для танкеров, перевозящих опасные химические грузы.

Дайджест
Химический танкер BOW CARDINAL, визуализированный в файле image_b68f42.jpg, 5 июня 2026 года продолжает движение в Доминиканскую Республику после выхода из бразильского порта Сантус 2 июня. Прибытие ожидается 15 июня 2026 года."
9637698,True,False,,True,,,unknown,,,,Танкер для перевозки сырой нефти (Crude Oil Tanker).,,,Багамские острова.,,,,49.0,15.9,Текущая осадка составляет 15.9 м.,,,,,4 июня 2026 года,,,,,needs_review,"LAMBADA SPIRIT (IMO 9637698):

1. Технические характеристики актива
Тип: Танкер для перевозки сырой нефти (Crude Oil Tanker).

Технические параметры: Длина (LOA) составляет 282.00 м, ширина — 49.00 м.

Возраст: Судно 2013 года постройки.

Тоннаж: Дедвейт составляет 154 036 тонн.

Флаг: Багамские острова.

2. Текущая операционная деятельность
Статус: По состоянию на 5 июня 2026 года судно находится в режиме «Moored» (пришвартовано).

Локация: Судно находится в районе порта Гебиг, Бразилия (BR GEB).

Последний переход: Согласно данным в файле image_b69361.jpg, судно совершило переход от FPSO CIDADE DE ITAGU и прибыло в пункт назначения 4 июня 2026 года.

Осадка: Текущая осадка составляет 15.9 м.

3. Анализ активности
Операционный профиль: Судно демонстрирует высокую интенсивность эксплуатации в бразильском регионе, совершив 64 портовых захода за отчетный период. Основные порты захода включают Сау-Себастьян и Гебиг.

Данные о плавании: Судно прибыло в Гебиг 4 июня 2026 года в 09:45 (UTC-3). Навигационный статус подтвержден как пришвартованное судно.

Дайджест
Танкер LAMBADA SPIRIT, запечатленный на скриншоте image_b69361.jpg, 5 июня 2026 года завершил операционный переход от FPSO CIDADE DE ITAGU и находится на швартовке в порту Гебиг (Бразилия)."
9902237,True,False,,True,,,unknown,,,,Танкер для перевозки сырой нефти (Crude Oil Tanker).,,,Багамские острова.,,,,49.0,15.9,Текущая осадка составляет 15.9 м.,,,,,Терминал Гебиг,Gebig,,,,needs_review,"LAMBADA SPIRIT (IMO 9637698), визуализированного в файле image_ef5a9b.jpg:

1. Технические характеристики актива
Тип: Танкер для перевозки сырой нефти (Crude Oil Tanker).

Технические параметры: Длина (LOA) составляет 282.00 м, ширина — 49.00 м.

Возраст: Судно 2013 года постройки.

Тоннаж: Дедвейт составляет 154 036 тонн.

Флаг: Багамские острова.

2. Текущая операционная деятельность
Статус: По состоянию на 5 июня 2026 года судно находится в статусе «Moored» (ошвартовано).

Локация: Терминал Гебиг (Gebig), Бразилия.

Последний порт: Судно прибыло в Гебиг 4 июня 2026 года, отправившись из FPSO Cidade de Itagu.

Осадка: Текущая осадка составляет 15.9 м.

3. Анализ активности
Операционный профиль: Судно активно эксплуатируется в бразильском регионе, имея в истории 64 портовых захода. Основные направления включают терминалы в Сан-Себастьяне и Гебиг.

Рекомендации:

Судно является регулярным участником региональной энергетической логистики.

Учитывая текущий статус швартовки, рекомендуется отслеживать завершение грузовых операций в терминале Гебиг для фиксации дальнейшего маршрута танкера.

Танкер LAMBADA SPIRIT, представленный в файле image_ef5a9b.jpg, в настоящее время ошвартован в терминале Гебиг, Бразилия."
9505924,True,False,,True,,,unknown,,,,"Танкер для перевозки химических грузов и нефтепродуктов (Chemical/Oil Products Tanker, классификация HAZ-B).",,,Сингапур.,,,,24.2,5.9,Текущая осадка составляет 5.9 м.,,,,,"Пойнт-Комфорт, США","Point Comfort, USA",,,,needs_review,"MTM HOUSTON (IMO 9505924), визуализированного в файле image_b6fc00.jpg:

1. Технические характеристики актива
Тип: Танкер для перевозки химических грузов и нефтепродуктов (Chemical/Oil Products Tanker, классификация HAZ-B).

Технические параметры: Длина (LOA) составляет 144.03 м, ширина — 24.20 м.

Возраст: Судно 2010 года постройки (ранее носило имя GOLDEN MARINE).

Тоннаж: Дедвейт составляет 19 741 тонну.

Флаг: Сингапур.

2. Текущая операционная деятельность
Статус: По состоянию на 5 июня 2026 года судно находится в режиме хода с использованием двигателя («Under way»).

Маршрут: Следует из порта Сантус (Бразилия) в пункт назначения Пойнт-Комфорт, США (Point Comfort, USA).

Прогноз прибытия: Расчетное время прибытия (ETA) — 22 июня 2026 года, 11:00 UTC.

Осадка: Текущая осадка составляет 5.9 м.

3. Анализ активности
Операционный профиль: Судно отличается высокой интенсивностью работы, совершив 30 портовых заходов за отчетный период. Основные регионы присутствия включают порты Бразилии (Сантус, Арату) и Китая.

Рекомендации:

Судно находится на переходе через Атлантику в направлении США.

Учитывая статус HAZ-B (опасные грузы категории B), рекомендуется отслеживать прохождение судном зон с особыми правилами навигации для танкеров, перевозящих химические грузы.

Дайджест
Химический танкер MTM HOUSTON, представленный в файле image_b6fc00.jpg, продолжает плановый переход из Бразилии в США со скоростью 13.8 узлов. Прибытие в пункт назначения Пойнт-Комфорт ожидается 22 июня 2026 года."
9838242,True,False,,True,,,unknown,,,,Танкер для перевозки сырой нефти (Crude Oil Tanker).,,,Маршалловы Острова.,,,,44.0,9.0,Текущая осадка составляет 9.0 м.,,,,,BR ESF,,,,,needs_review,"PIS KERINCI (IMO 9838242), визуализированного в файле image_b6fffb.jpg:

1. Технические характеристики актива
Тип: Танкер для перевозки сырой нефти (Crude Oil Tanker).

Технические параметры: Длина (LOA) составляет 249.90 м, ширина — 44.00 м.

Возраст: Судно 2019 года постройки.

Тоннаж: Дедвейт составляет 109 994 тонны.

Флаг: Маршалловы Острова.

2. Текущая операционная деятельность
Статус: По состоянию на 5 июня 2026 года судно находится в режиме хода с использованием двигателя («Under way»).

Маршрут: Следует в пункт назначения BR ESF.

Последний порт: Судно покинуло якорную стоянку в районе Витории (Vitoria Anch., Brazil) 4 июня 2026 года.

Осадка: Текущая осадка составляет 9.0 м.

3. Анализ активности
Операционный профиль: Судно совершило 15 портовых заходов за отчетный период, активно эксплуатируясь на международных маршрутах с заходами в порты ОАЭ (Jebel Ali) и Южной Кореи (Gwangyang).

Рекомендации:

Судно находится в движении после выхода из района Витории.

Рекомендуется отслеживать смену навигационного статуса по прибытии в конечный пункт назначения (BR ESF) для подтверждения начала грузовых операций.

Дайджест
Танкер PIS KERINCI, представленный в файле image_b6fffb.jpg, 5 июня 2026 года продолжает движение в пункт назначения BR ESF после выхода из района Витории."
9830800,True,False,,True,,,unknown,,,,Танкер для перевозки сырой нефти (Crude Oil Tanker).,,,Саудовская Аравия.,,,,60.0,11.2,Текущая осадка составляет 11.2 м.,,,,,"Район якорной стоянки порта Порту-ду-Аку, Бразилия",,,,,needs_review,"NAFEES (IMO 9830800), визуализированного в файле image_b707d9.jpg:

1. Технические характеристики актива
Тип: Танкер для перевозки сырой нефти (Crude Oil Tanker).

Технические параметры: Длина (LOA) составляет 332.98 м, ширина — 60.00 м.

Возраст: Судно 2019 года постройки (ранее носило имена AMYNTAS и RUMAILA).

Тоннаж: Дедвейт составляет 320 785 тонн.

Флаг: Саудовская Аравия.

2. Текущая операционная деятельность
Статус: По состоянию на 5 июня 2026 года судно находится на якорной стоянке («At anchor»).

Локация: Район якорной стоянки порта Порту-ду-Аку, Бразилия.

Последний порт: Судно прибыло из района якорной стоянки Галле, Шри-Ланка.

Осадка: Текущая осадка составляет 11.2 м.

3. Анализ активности
Операционный профиль: Судно совершило 16 портовых заходов за отчетный период, активно эксплуатируясь на международных маршрутах с заходами в порты Саудовской Аравии (Ju'aymah Oil Field Term., Ar Rayis) и Кореи.

Рекомендации:

Судно прибыло в район Порту-ду-Аку 3 июня 2026 года и продолжает находиться на якорной стоянке.

Рекомендуется отслеживать смену навигационного статуса для определения готовности судна к началу грузовых операций в порту.

Дайджест
Крупнотоннажный танкер NAFEES, визуализированный в файле image_b707d9.jpg, на 5 июня 2026 года продолжает стоянку на якоре в районе Порту-ду-Аку (Бразилия) после завершения перехода из Шри-Ланки."
9792591,True,False,,True,,,unknown,,,,"Плавучая установка для добычи, хранения и отгрузки (Floating Storage/Production), классифицирована как танкер повышенной опасности (Tanker - Hazard D).",,,Сингапур.,,,,46.4,11.2,Текущая осадка составляет 11.2 м.,,,,,Район якорной стоянки №5,ANCHORAGE #5,,,,needs_review,"BW MAGNA (IMO 9792591), визуализированного в файле image_b70e8a.jpg:

1. Технические характеристики актива
Тип: Плавучая установка для добычи, хранения и отгрузки (Floating Storage/Production), классифицирована как танкер повышенной опасности (Tanker - Hazard D).

Технические параметры: Длина (LOA) составляет 294.58 м, ширина — 46.40 м.

Возраст: Судно 2019 года постройки.

Тоннаж: Дедвейт составляет 95 577 тонн.

Флаг: Сингапур.

2. Текущая операционная деятельность
Статус: По состоянию на 5 июня 2026 года судно находится на якорной стоянке («At anchor»).

Локация: Район якорной стоянки №5 (ANCHORAGE #5), связанный с портом Порту-ду-Аку, Бразилия.

Последний порт: Судно покинуло Порту-ду-Аку 19 мая 2026 года.

Осадка: Текущая осадка составляет 11.2 м.

3. Анализ активности
Операционный профиль: Судно представляет собой специализированный актив для оффшорных работ (Offshore Support Vessel).

Рекомендации:

Судно продолжает находиться на якорной стоянке вблизи Порту-ду-Аку.

Учитывая тип судна и классификацию опасности (HAZ-D), рекомендуется мониторинг его навигационного статуса для уточнения дальнейших производственных операций в оффшорной зоне.

Дайджест
Плавучая установка BW MAGNA, представленная в файле image_b70e8a.jpg, на 5 июня 2026 года продолжает стоянку на якорной стоянке №5 после завершения портового захода в Порту-ду-Аку."
9788904,True,False,,True,,,unknown,,,,Танкер для перевозки сырой нефти (Crude Oil Tanker).,,,Маршалловы Острова.,,,,60.0,20.3,Текущая осадка составляет 20.3 м.,,,,,,,,,,needs_review,"FRONT PRINCESS (IMO 9788904), представленного в файле image_b71a06.jpg:

1. Технические характеристики актива
Тип: Танкер для перевозки сырой нефти (Crude Oil Tanker).

Технические параметры: Длина (LOA) составляет 336.00 м, ширина — 60.00 м.

Возраст: Судно 2018 года постройки.

Тоннаж: Дедвейт составляет 301 575 тонн.

Флаг: Маршалловы Острова.

2. Текущая операционная деятельность
Статус: По состоянию на 5 июня 2026 года судно находится в режиме «Moored» (пришвартовано).

Маршрут: Судно следует в порт Синиш, Португалия (Sines, Portugal), с расчетным временем прибытия (ETA) 15 июня 2026 года.

Последний порт: Судно прибыло в Порту-ду-Аку, Бразилия, 1 июня 2026 года.

Осадка: Текущая осадка составляет 20.3 м.

3. Анализ активности
Операционный профиль: Судно совершило 13 портовых заходов за отчетный период, активно эксплуатируясь на международных маршрутах с заходами в порты Китая и Японии.

Рекомендации:

В настоящий момент судно находится на этапе стоянки в порту Порту-ду-Аку.

Рекомендуется отслеживать начало операции по отходу судна для подтверждения трансатлантического перехода в Португалию.

Дайджест
Крупнотоннажный танкер FRONT PRINCESS, визуализированный в файле image_b71a06.jpg, 5 июня 2026 года ожидает завершения портовых операций в Порту-ду-Аку перед отправлением в Синиш."
9817626,True,False,,True,,,unknown,,,,Танкер для перевозки сырой нефти (Crude Oil Tanker).,,,Либерия.,,,,48.0,9.7,Текущая осадка составляет 9.7 м.,,,,,"Район якорной стоянки порта Порту-ду-Аку, Бразилия",,,,,needs_review,"PRIMEWAY (IMO 9817626), визуализированного в файле image_b76ca0.jpg:

1. Технические характеристики актива
Тип: Танкер для перевозки сырой нефти (Crude Oil Tanker).

Технические параметры: Длина (LOA) составляет 277.17 м, ширина — 48.00 м.

Возраст: Судно 2018 года постройки.

Тоннаж: Дедвейт составляет 157 470 тонн.

Флаг: Либерия.

2. Текущая операционная деятельность
Статус: По состоянию на 5 июня 2026 года судно находится на якорной стоянке («At anchor»).

Локация: Район якорной стоянки порта Порту-ду-Аку, Бразилия.

Последний порт: Судно прибыло из района якорной стоянки Панамского канала, который покинуло 7 мая 2026 года.

Осадка: Текущая осадка составляет 9.7 м.

3. Анализ активности
Операционный профиль: Судно совершило 17 портовых заходов за отчетный период, работая на международных маршрутах, включая заходы в порты США (Лонг-Бич) и месторождения в Нигерии (Forcados Oil Field).

Рекомендации:

Судно находится на якорной стоянке с 29 мая 2026 года.

Рекомендуется отслеживать дальнейшие изменения статуса для подтверждения планируемых операций в порту Порту-ду-Аку.

Дайджест
Танкер PRIMEWAY, представленный в файле image_b76ca0.jpg, на 5 июня 2026 года продолжает находиться на якорной стоянке в районе порта Порту-ду-Аку (Бразилия) после завершения перехода из Панамы."
9637777,True,False,,True,,,unknown,,,,"Танкер для перевозки сырой нефти (Crude Oil Tanker), классифицирован как судно повышенной опасности (Tanker - Hazard A).",,,Багамские острова.,,,,49.0,17.2,Текущая осадка составляет 17.2 м.,,,,,"Район порта Порту-ду-Аку, Бразилия",,,,,needs_review,"BRASIL KNUTSEN (IMO 9637777), визуализированного в файле image_b7709f.jpg:

1. Технические характеристики актива
Тип: Танкер для перевозки сырой нефти (Crude Oil Tanker), классифицирован как судно повышенной опасности (Tanker - Hazard A).

Технические параметры: Длина (LOA) составляет 282.00 м, ширина — 49.00 м.

Возраст: Судно 2013 года постройки (ранее носило имя BRASIL VOYAGER).

Тоннаж: Дедвейт составляет 153 684 тонны.

Флаг: Багамские острова.

2. Текущая операционная деятельность
Статус: По состоянию на 5 июня 2026 года судно находится на якорной стоянке («At anchor»).

Локация: Район порта Порту-ду-Аку, Бразилия.

Последний порт: Судно покинуло якорную стоянку в районе Порту-ду-Аку 27 мая 2026 года.

Осадка: Текущая осадка составляет 17.2 м.

3. Анализ активности
Операционный профиль: Судно активно эксплуатируется в бразильском регионе, совершая регулярные заходы в порты Порту-ду-Аку и Итагуаи для операций с нефтепродуктами.

Рекомендации:

Судно длительное время находится в регионе Порту-ду-Аку.

Учитывая статус опасного груза (HAZ-A), рекомендуется мониторинг динамики осадки судна для определения текущего состояния (груженое/балластное) и планируемых логистических операций.

Дайджест
Танкер BRASIL KNUTSEN, представленный в файле image_b7709f.jpg, на 5 июня 2026 года продолжает находиться на якорной стоянке в районе Порту-ду-Аку (Бразилия) без активного рейсового задания."
9299135,True,False,,True,,,unknown,,,,Танкер для перевозки химических грузов и нефтепродуктов (Chemical/Oil Products Tanker).,,,Камерун.,,,,40.0,7.5,Текущая осадка составляет 7.5 м.,,,,,,,,,,needs_review,"MANDALA (IMO 9299135), визуализированного в файле image_b7749c.jpg:

1. Технические характеристики актива
Тип: Танкер для перевозки химических грузов и нефтепродуктов (Chemical/Oil Products Tanker).

Технические параметры: Длина (LOA) составляет 182.90 м, ширина — 40.00 м.

Возраст: Судно 2006 года постройки (ранее известное как STENA PROVENCE).

Тоннаж: Дедвейт составляет 65 125 тонн.

Флаг: Камерун.

2. Текущая операционная деятельность
Статус: По состоянию на 5 июня 2026 года судно находится в режиме хода с использованием двигателя («Underway using engine»).

Маршрут: Следует по указанию («FOR ORDERS»), расчетное время прибытия в целевую точку — 7 июня 2026 года.

Последний порт: Судно покинуло Сантус, Бразилия, 3 июня 2026 года.

Осадка: Текущая осадка составляет 7.5 м.

3. Анализ активности
Операционный профиль: Судно совершило 11 портовых заходов за отчетный период, активно работая в портах Бразилии (Сантус) и Бенина (Котону).

Рекомендации:

Судно находится в открытом море после выхода из Сантуса.

Рекомендуется отслеживать дальнейшие обновления позывного «FOR ORDERS» для определения конечного пункта назначения и характера следующей операции.

Дайджест
Танкер MANDALA, представленный в файле image_b7749c.jpg, 5 июня 2026 года продолжает движение со скоростью 14.3 узла в ожидании дальнейших распоряжений после выхода из порта Сантус."
9896892,True,False,,True,,,unknown,,,,Танкер для перевозки сырой нефти (Crude Oil Tanker).,,,Норвегия.,,,,47.0,9.0,Текущая осадка составляет 9.0 м.,,,,,,,,,,needs_review,"LIVE KNUTSEN (IMO 9896892), визуализированного в файле image_b77f20.jpg:

1. Технические характеристики актива
Тип: Танкер для перевозки сырой нефти (Crude Oil Tanker).

Технические параметры: Длина (LOA) составляет 276.62 м, ширина — 47.00 м.

Возраст: Судно 2021 года постройки.

Тоннаж: Дедвейт составляет 152 819 тонн.

Флаг: Норвегия.

2. Текущая операционная деятельность
Статус: По состоянию на 5 июня 2026 года судно находится в режиме хода с использованием двигателя («Under way»).

Маршрут: Судно направляется к плавучей системе добычи, хранения и отгрузки (FPSO) C.D. MARICA с расчетным временем прибытия (ETA) 5 июня 2026 года в 19:00.

Последний порт: Судно покинуло Порту-ду-Аку, Бразилия, 4 июня 2026 года.

Осадка: Текущая осадка составляет 9.0 м.

3. Анализ активности
Операционный профиль: Судно активно эксплуатируется в бразильском регионе, совершив 21 портовый заход за отчетный период. Предыдущая активность включала работу с такими объектами, как FPSO Cidade de Mangaratiba и PETROBRAS 71.

Рекомендации:

Судно находится на подходе к FPSO C.D. MARICA.

Рекомендуется отслеживать дальнейшие операции судна в данной локации для подтверждения начала процесса отгрузки сырой нефти.

Дайджест
Танкер LIVE KNUTSEN, представленный в файле image_b77f20.jpg, на 5 июня 2026 года продолжает движение в район FPSO C.D. MARICA после завершения стоянки в порту Порту-ду-Аку."
9868388,True,False,,True,,,unknown,,,,Танкер для перевозки сырой нефти (Crude Oil Tanker).,,,Норвегия.,,,,48.0,9.0,Текущая осадка составляет 9.0 м.,,,,,"Судно следует в Ангра-дус-Рейс, Бразилия, с расчетным временем прибытия",ETA,,,,needs_review,"SYNNOEVE KNUTSEN (IMO 9868388), визуализированного в файле image_b7801b.jpg:

1. Технические характеристики актива
Тип: Танкер для перевозки сырой нефти (Crude Oil Tanker).

Технические параметры: Длина (LOA) составляет 278.95 м, ширина — 48.00 м.

Возраст: Судно 2020 года постройки.

Тоннаж: Дедвейт составляет 152 868 тонн.

Флаг: Норвегия.

2. Текущая операционная деятельность
Статус: По состоянию на 5 июня 2026 года судно находится в режиме хода с использованием двигателя («Under way»).

Локация: Судно следует в Ангра-дус-Рейс, Бразилия, с расчетным временем прибытия (ETA) 6 июня 2026 года в 10:30.

Последний порт: Судно покинуло Порту-ду-Аку, Бразилия, 5 июня 2026 года в 00:01 UTC.

Осадка: Текущая осадка составляет 9.0 м.

3. Анализ активности
Операционный профиль: Судно активно эксплуатируется в бразильском регионе, включая порты Порту-ду-Аку и Мадре-де-Деус.

Рекомендации:

Судно находится на финальном этапе перехода в Ангра-дус-Рейс.

Рекомендуется отслеживать смену статуса после прибытия для уточнения графика грузовых операций.

Дайджест
Танкер SYNNOEVE KNUTSEN, представленный в файле image_b7801b.jpg, 5 июня 2026 года продолжает путь в порт Ангра-дус-Рейс после завершения захода в Порту-ду-Аку."
9765158,True,False,,True,,,unknown,,,,Танкер для перевозки сырой нефти (Crude Oil Tanker).,,,Мальта.,,,,48.0,9.3,Текущая осадка составляет 9.3 м.,,,,,,,,,,needs_review,"LISBOA (IMO 9765158), представленного в файле image_b783bb.jpg:

1. Технические характеристики актива
Тип: Танкер для перевозки сырой нефти (Crude Oil Tanker).

Технические параметры: Длина (LOA) составляет 278.53 м, ширина — 48.00 м.

Возраст: Судно 2017 года постройки.

Тоннаж: Дедвейт составляет 155 723 тонны.

Флаг: Мальта.

2. Текущая операционная деятельность
Статус: По состоянию на 5 июня 2026 года судно находится в режиме хода с использованием двигателя («Under way»).

Маршрут: Судно следует в Ангра-дус-Рейс, Бразилия, с расчетным временем прибытия (ETA) 6 июня 2026 года.

Последний порт: Судно покинуло Порту-ду-Аку, Бразилия, 4 июня 2026 года.

Осадка: Текущая осадка составляет 9.3 м.

3. Анализ активности
Операционный профиль: Судно активно эксплуатируется в регионе Бразилии, совершив 21 портовый заход за отчетный период, включая работу в Порту-ду-Аку и в районе FPSO Cidade de Paraty.

Рекомендации:

Судно находится в стадии завершения перехода в Ангра-дус-Рейс.

Рекомендуется отслеживать изменение статуса судна после прибытия в порт для уточнения дальнейших грузовых операций.

Дайджест
Танкер для перевозки сырой нефти LISBOA, визуализированный в файле image_b783bb.jpg, 5 июня 2026 года продолжает путь в порт Ангра-дус-Рейс после недавнего выхода из Порту-ду-Аку."
9547697,True,False,,True,,,unknown,,,,Танкер для перевозки сырой нефти (Crude Oil Tanker).,,,Бразилия.,,,,43.8,14.6,Текущая осадка составляет 14.6 м.,,,,,,,,,,needs_review,"OLAVO BILAC (IMO 9547697), представленного в файле image_b78ac7.jpg:

1. Технические характеристики актива
Тип: Танкер для перевозки сырой нефти (Crude Oil Tanker).

Технические параметры: Длина (LOA) составляет 249.00 м, ширина — 43.80 м.

Возраст: Судно 2018 года постройки.

Тоннаж: Дедвейт составляет 114 481 тонну.

Флаг: Бразилия.

2. Текущая операционная деятельность
Статус: По состоянию на 5 июня 2026 года судно находится в режиме хода с использованием двигателя («Underway using engine»).

Маршрут: Судно следует в порт Сингапур (Singapore, Singapore) с расчетным временем прибытия (ETA) 4 июля 2026 года.

Последний порт: Судно покинуло Илья-д'Агуа, Бразилия, 4 июня 2026 года.

Осадка: Текущая осадка составляет 14.6 м.

3. Анализ активности
Операционный профиль: Судно совершило 18 портовых заходов за отчетный период, преимущественно в бразильские порты (Илья-д'Агуа, Гебиг).

Рекомендации:

Судно начало длительный переход из Южной Америки в Азию.

Рекомендуется мониторинг позиции судна в связи с большой длительностью предстоящего рейса (около 29 дней).

Дайджест
Танкер для перевозки сырой нефти OLAVO BILAC, визуализированный в файле image_b78ac7.jpg, 5 июня 2026 года находится в пути из Бразилии в Сингапур после выхода из порта Илья-д'Агуа."
9575955,True,False,,True,,,unknown,,,,Танкер для перевозки сырой нефти (Crude Oil Tanker).,,,Либерия.,,,,60.0,20.7,Текущая осадка составляет 20.7 м.,,,,,,,,,,needs_review,"THAILAND PROSPERITY (IMO 9575955), представленного в файле image_b78ee5.jpg:

1. Технические характеристики актива
Тип: Танкер для перевозки сырой нефти (Crude Oil Tanker).

Технические параметры: Длина (LOA) составляет 330.00 м, ширина — 60.00 м.

Возраст: Судно 2011 года постройки.

Тоннаж: Дедвейт составляет 296 812 тонн.

Флаг: Либерия.

2. Текущая операционная деятельность
Статус: По состоянию на 5 июня 2026 года судно находится в режиме хода с использованием двигателя («Underway using engine»).

Маршрут: Судно направляется в порт Саррок, Италия (SAROOCH, ITALY), с расчетным временем прибытия (ETA) 21 июня 2026 года.

Последний порт: Судно покинуло якорную стоянку Ангра-дус-Рейс, Бразилия, 20 мая 2026 года.

Осадка: Текущая осадка составляет 20.7 м.

3. Анализ активности
Операционный профиль: Судно совершило 11 портовых заходов за отчетный период. Предыдущая активность включала длительные стоянки на рейде в регионе Бразилии.

Рекомендации:

Судно осуществляет переход через Атлантический океан в направлении Европы.

Рекомендуется отслеживать дальнейший курс судна для подтверждения графика захода в порт Саррок.

Дайджест
Крупнотоннажный танкер THAILAND PROSPERITY, визуализированный в файле image_b78ee5.jpg, в настоящий момент продолжает трансатлантический переход из Бразилии в Италию со скоростью 12.8 узлов."
9623635,True,False,,True,,,unknown,,,,Танкер для перевозки сырой нефти (Crude Oil Tanker).,,,Норвегия.,,,,48.0,9.2,Текущая осадка составляет 9.2 м.,,,,,В районе FPSO ALEXANDRE,Александр де Гусмао,,,,needs_review,"CARMEN KNUTSEN (IMO 9623635), представленного в файле image_c16d61.jpg:

1. Технические характеристики актива
Тип: Танкер для перевозки сырой нефти (Crude Oil Tanker).

Технические параметры: Длина (LOA) составляет 280.64 м, ширина — 48.00 м.

Возраст: Судно 2013 года постройки.

Тоннаж: Дедвейт составляет 156 296 тонн.

Флаг: Норвегия.

2. Текущая операционная деятельность
Статус: По состоянию на 5 июня 2026 года судно находится в режиме ограниченной маневренности («Restricted Manoeuvrability»).

Локация: В районе FPSO ALEXANDRE (Александр де Гусмао).

Последний порт: Судно покинуло якорную стоянку Ангра-дус-Рейс, Бразилия, 3 июня 2026 года.

Осадка: Текущая осадка составляет 9.2 м.

3. Анализ активности
Операционный профиль: Судно специализируется на работе с плавучими системами добычи, хранения и отгрузки (FPSO). За отчетный период совершено 26 портовых заходов.

Рекомендации:

Судно прибыло в зону FPSO ALEXANDRE 4 июня 2026 года.

Рекомендуется отслеживать дальнейшие операции по отгрузке нефти в данной локации.

Дайджест
Танкер CARMEN KNUTSEN, представленный в файле image_c16d61.jpg, 5 июня 2026 года находится в зоне FPSO ALEXANDRE, осуществляя операции с ограниченной маневренностью."
9407392,True,False,,True,,,unknown,,,,Танкер для перевозки химических грузов и нефтепродуктов.,,,Либерия.,,,,32.2,8.5,Текущая осадка составляет 8.5 м.,,,,,"Якорная стоянка Рио-де-Жанейро, Бразилия",,,,,needs_review,"HORIZON THEANO (IMO 9407392), представленного в файле image_c17464.jpg:

1. Технические характеристики актива
Тип: Танкер для перевозки химических грузов и нефтепродуктов.

Технические параметры: Длина (LOA) составляет 183.00 м, ширина — 32.20 м.

Возраст: Судно 2009 года постройки.

Тоннаж: Дедвейт составляет 50 268 тонн.

Флаг: Либерия.

2. Текущая операционная деятельность
Статус: По состоянию на 5 июня 2026 года судно находится на якорной стоянке («At anchor»).

Локация: Якорная стоянка Рио-де-Жанейро, Бразилия.

Последний порт: Судно прибыло из Форталезы, Бразилия, откуда отправилось 23 мая 2026 года.

Осадка: Текущая осадка составляет 8.5 м.

3. Анализ активности
Операционный профиль: Судно активно эксплуатируется в бразильском регионе; за отчетный период совершено 46 портовых заходов, включая работу в портах Итакуи и Суапе.

Рекомендации:

Судно находится на якорной стоянке в Рио-де-Жанейро с 30 мая 2026 года.

Рекомендуется отслеживать смену статуса для подтверждения начала грузовых операций.

Дайджест
Химический танкер HORIZON THEANO, представленный в файле image_c17464.jpg, на 5 июня 2026 года продолжает находиться на якорной стоянке в Рио-де-Жанейро после завершения перехода из Форталезы."
9538153,True,False,,True,,,unknown,,,,Танкер для перевозки химических грузов и нефтепродуктов (Chemical/Oil Products Tanker).,,,Сингапур.,,,,32.2,7.9,Текущая осадка составляет 7.9 м.,,,,,"Якорная стоянка Рио-де-Жанейро, Бразилия",,,,,needs_review,"VIALLI (IMO 9538153), визуализированного в файле image_c17c0a.jpg:

1. Технические характеристики актива
Тип: Танкер для перевозки химических грузов и нефтепродуктов (Chemical/Oil Products Tanker).

Технические параметры: Длина (LOA) составляет 183.20 м, ширина — 32.20 м.

Возраст: Судно 2012 года постройки.

Тоннаж: Дедвейт составляет 52 422 тонны.

Флаг: Сингапур.

2. Текущая операционная деятельность
Статус: По состоянию на 5 июня 2026 года судно находится на якорной стоянке («At anchor»).

Локация: Якорная стоянка Рио-де-Жанейро, Бразилия.

Осадка: Текущая осадка составляет 7.9 м.

3. Анализ активности
Операционный профиль: Судно активно эксплуатируется в регионе Бразилии (включая порты Форталеза и Суапе), совершив за отчетный период 37 портовых заходов.

Рекомендации:

Судно находится на якорной стоянке в Рио-де-Жанейро с 26 мая 2026 года.

Рекомендуется продолжать мониторинг для фиксации начала грузовых операций.

Дайджест
Химический танкер VIALLI, представленный в файле image_c17c0a.jpg, на 5 июня 2026 года остается на якорной стоянке в Рио-де-Жанейро, Бразилия."
9598268,True,False,,True,,,unknown,,,,Танкер для перевозки сырой нефти (Crude Oil Tanker).,,,Малайзия.,,,,42.0,14.7,Текущая осадка составляет 14.7 м.,,,,,"Рио-де-Жанейро, Бразилия",,,,,needs_review,"EAGLE PARANA (IMO 9598268), представленного в файле image_c17fe9.jpg:

1. Технические характеристики актива
Тип: Танкер для перевозки сырой нефти (Crude Oil Tanker).

Технические параметры: Длина (LOA) составляет 248.00 м, ширина — 42.00 м.

Возраст: Судно 2012 года постройки.

Тоннаж: Дедвейт составляет 105 048 тонн.

Флаг: Малайзия.

2. Текущая операционная деятельность
Статус: По состоянию на 5 июня 2026 года судно находится в статусе «Moored» (швартовка).

Локация: Рио-де-Жанейро, Бразилия.

Последний порт: Прибыло в порт Илья-д'Агуа, Бразилия, 4 июня 2026 года в 14:16 UTC.

Осадка: Текущая осадка составляет 14.7 м.

3. Анализ активности
Операционный профиль: Судно активно работает в регионе Бразилии (включая порты Илья-д'Агуа и Сан-Себастьян), совершив в общей сложности 61 портовый заход.

Рекомендации:

Судно в данный момент пришвартовано в Рио-де-Жанейро.

Учитывая статус швартовки и недавнее прибытие в Илья-д'Агуа, рекомендуется отслеживать завершение текущих портовых операций для уточнения дальнейшего расписания судна.

Дайджест
Танкер EAGLE PARANA, визуализированный в файле image_c17fe9.jpg, 5 июня 2026 года находится в порту Рио-де-Жанейро в режиме швартовки после недавнего захода в Илья-д'Агуа."
9447768,True,False,,True,,,unknown,,,,Танкер для перевозки химических грузов и нефтепродуктов (Chemical/Oil Products Tanker).,,,Сингапур.,,,,32.2,11.2,Текущая осадка составляет 11.2 м.,,,,,"Якорная стоянка Рио-де-Жанейро, Бразилия",,,,,needs_review,"MAERSK MALAGA (IMO 9447768), визуализированного в файле image_c183c9.jpg:

1. Технические характеристики актива
Тип: Танкер для перевозки химических грузов и нефтепродуктов (Chemical/Oil Products Tanker).

Технические параметры: Длина (LOA) составляет 183.00 м, ширина — 32.20 м.

Возраст: Судно 2012 года постройки.

Тоннаж: Дедвейт составляет 51 544 тонны.

Флаг: Сингапур.

2. Текущая операционная деятельность
Статус: По состоянию на 5 июня 2026 года судно находится на якорной стоянке («At anchor»).

Локация: Якорная стоянка Рио-де-Жанейро, Бразилия.

Последний порт: Судно прибыло из Манауса, Бразилия, откуда отправилось 22 мая 2026 года.

Осадка: Текущая осадка составляет 11.2 м.

3. Анализ активности
Операционный профиль: Судно активно эксплуатируется в бразильском регионе; за отчетный период совершено 40 портовых заходов, включая работу в портах Паранагуа и Суапе.

Рекомендации:

Судно прибыло на якорную стоянку Рио-де-Жанейро 4 июня 2026 года.

Рекомендуется отслеживать дальнейшее изменение статуса для подтверждения начала грузовых операций.

Дайджест
Танкер MAERSK MALAGA, представленный в файле image_c183c9.jpg, на 5 июня 2026 года ожидает начала портовых операций на якорной стоянке в Рио-де-Жанейро, завершив переход из Манауса."
9489924,True,False,,True,,,unknown,,,,Танкер для перевозки нефтепродуктов (Oil Products Tanker).,,,Бразилия.,,,,32.2,12.0,Текущая осадка составляет 12.0 м.,,,,,"Якорная стоянка Рио-де-Жанейро, Бразилия",,,,,needs_review,"Промышленный OSINT-анализ танкера JOSE ALENCAR (IMO 9489924), визуализированного в файле image_c18769.jpg:

1. Технические характеристики актива
Тип: Танкер для перевозки нефтепродуктов (Oil Products Tanker).

Технические параметры: Длина (LOA) составляет 182.88 м, ширина — 32.20 м.

Возраст: Судно 2013 года постройки.

Тоннаж: Дедвейт составляет 48 573 тонны.

Флаг: Бразилия.

2. Текущая операционная деятельность
Статус: По состоянию на 5 июня 2026 года судно находится на якорной стоянке («At anchor»).

Локация: Якорная стоянка Рио-де-Жанейро, Бразилия.

Последний порт: Судно прибыло из Илья-д'Агуа, Бразилия, откуда отправилось 4 июня 2026 года в 01:09 UTC.

Осадка: Текущая осадка составляет 12.0 м.

3. Анализ активности
Операционный профиль: Судно активно эксплуатируется на внутреннем рынке Бразилии; за отчетный период совершено 41 портовый заход.

Рекомендации:

Судно прибыло на якорную стоянку Рио-де-Жанейро 4 июня 2026 года.

Рекомендуется отслеживать смену статуса для подтверждения начала или завершения грузовых операций.

Дайджест
Танкер JOSE ALENCAR, представленный в файле image_c18769.jpg, на 5 июня 2026 года находится на якорной стоянке в Рио-де-Жанейро после завершения короткого перехода из Илья-д'Агуа."
9831191,True,False,,True,,,unknown,,,,Танкер для перевозки химических грузов и нефтепродуктов (Chemical/Oil Products Tanker).,,,Либерия.,,,,32.2,8.0,Текущая осадка составляет 8.0 м.,,,,,,,,,,needs_review,"ELANDRA MAPLE (IMO 9831191), визуализированного в файле image_c18b6a.jpg:

1. Технические характеристики актива
Тип: Танкер для перевозки химических грузов и нефтепродуктов (Chemical/Oil Products Tanker).

Технические параметры: Длина (LOA) составляет 183.06 м, ширина — 32.20 м.

Возраст: Судно 2018 года постройки.

Тоннаж: Дедвейт составляет 49 999 тонн.

Флаг: Либерия.

2. Текущая операционная деятельность
Статус: По состоянию на 5 июня 2026 года судно совершило выход из порта.

Последний порт: Судно покинуло якорную стоянку Рио-де-Жанейро, Бразилия, 4 июня 2026 года в 14:47 UTC.

Осадка: Текущая осадка составляет 8.0 м.

Навигация: Судно находится в движении, курс 293°.

3. Анализ активности
Операционный профиль: За отчетный период судно совершило 22 портовых захода. География работы включает порты США (Нью-Йорк) и Антверпен.

Рекомендации:

Судно начало переход после длительной стоянки (10 дней 20 часов) на рейде Рио-де-Жанейро.

Рекомендуется отслеживать дальнейший маршрут для определения следующего пункта назначения.

Дайджест
Танкер ELANDRA MAPLE, представленный в файле image_c18b6a.jpg, 4 июня 2026 года завершил стоянку в Рио-де-Жанейро и в настоящее время продолжает плавание."
9453834,True,False,,True,,,unknown,,,,Танкер для перевозки сырой нефти (Crude Oil Tanker).,,,Бразилия.,,,,48.0,10.2,Текущая осадка составляет 10.2 м.,,,,,"Якорная стоянка Рио-де-Жанейро, Бразилия",,,,,needs_review,"HENRIQUE DIAS (IMO 9453834), визуализированного в файле image_c1e10b.jpg:

1. Технические характеристики актива
Тип: Танкер для перевозки сырой нефти (Crude Oil Tanker).

Технические параметры: Длина (LOA) составляет 274.00 м, ширина — 48.00 м.

Возраст: Судно 2014 года постройки.

Тоннаж: Дедвейт составляет 156 509 тонн.

Флаг: Бразилия.

2. Текущая операционная деятельность
Статус: По состоянию на 5 июня 2026 года судно находится на якорной стоянке («At anchor»).

Локация: Якорная стоянка Рио-де-Жанейро, Бразилия.

Последний порт: Судно прибыло из Сингапура (якорная стоянка 4), откуда отправилось 30 апреля 2026 года.

Осадка: Текущая осадка составляет 10.2 м.

3. Анализ активности
Операционный профиль: Судно активно эксплуатируется на международных и региональных маршрутах, совершив за отчетный период 16 портовых заходов, включая работу в Сингапуре.

Рекомендации:

Судно находится на якорной стоянке с 29 мая 2026 года.

Рекомендуется отслеживать дальнейшие распоряжения по судну для подтверждения начала грузовых операций в Рио-де-Жанейро.

Дайджест
Танкер HENRIQUE DIAS, представленный в файле image_c1e10b.jpg, на 5 июня 2026 года ожидает начала портовых операций на якорной стоянке в Рио-де-Жанейро, Бразилия, после завершения длительного перехода из Сингапура."
9638525,True,False,,True,,,unknown,,,,Плавучая установка для хранения и добычи (Floating Storage/Production).,,,Маршалловы острова.,,,,46.4,12.0,Текущая осадка составляет 12.0 м.,,,,,Судно находится на восточном побережье Южной Америки,,,,,needs_review,"EXPERIENCE (IMO 9638525), визуализированного в файле image_c1e53f.jpg:

1. Технические характеристики актива
Тип: Плавучая установка для хранения и добычи (Floating Storage/Production).

Технические параметры: Длина (LOA) составляет 294.50 м, ширина — 46.40 м.

Возраст: Судно 2014 года постройки.

Тоннаж: Дедвейт составляет 95 105 тонн.

Флаг: Маршалловы острова.

2. Текущая операционная деятельность
Статус: По состоянию на 5 июня 2026 года судно находится в статусе «Moored» (швартовка).

Локация: Судно находится на восточном побережье Южной Америки.

Осадка: Текущая осадка составляет 12.0 м.

Назначение: Судно следует по маршруту, связанному с лоцманской проводкой в Рио-де-Жанейро.

3. Анализ активности
Операционный профиль: Судно классифицируется как плавучая установка для хранения и добычи (FSO/FPSO).

Рекомендации:

Судно находится на причале (швартовка), что характерно для стационарных установок хранения или производственных операций.

Рекомендуется отслеживать дальнейшие изменения статуса, так как судно выполняет специфические производственные функции.

Дайджест
Судно EXPERIENCE, представленное в файле image_c1e53f.jpg, на 5 июня 2026 года находится в порту Рио-де-Жанейро в режиме швартовки."
9789726,True,False,,True,,,unknown,,,,Танкер для перевозки сжиженного нефтяного газа (LPG Tanker).,,,Панама.,,,,28.4,7.6,Текущая осадка составляет 7.6 м.,,,,,"Якорная стоянка Рио-де-Жанейро, Бразилия",,,,,needs_review,"MANTA BEYOGLU (IMO 9789726), визуализированного в файле image_c1e8e5.jpg:

1. Технические характеристики актива
Тип: Танкер для перевозки сжиженного нефтяного газа (LPG Tanker).

Технические параметры: Длина (LOA) составляет 179.87 м, ширина — 28.40 м.

Возраст: Судно 2018 года постройки.

Тоннаж: Дедвейт составляет 28 585 тонн.

Флаг: Панама.

2. Текущая операционная деятельность
Статус: По состоянию на 5 июня 2026 года судно находится на якорной стоянке («At anchor»).

Локация: Якорная стоянка Рио-де-Жанейро, Бразилия.

Последний порт: Судно прибыло из Суапе, Бразилия, откуда отправилось 25 мая 2026 года.

Осадка: Текущая осадка составляет 7.6 м.

3. Анализ активности
Операционный профиль: Судно активно эксплуатируется в регионе Южной Америки; за отчетный период совершено 26 портовых заходов, включая работу в портах Суапе и Сантос.

Рекомендации:

Судно находится на якорной стоянке с 29 мая 2026 года.

Рекомендуется продолжать мониторинг для фиксации начала грузовых операций.

Дайджест
LPG-танкер MANTA BEYOGLU, представленный в файле image_c1e8e5.jpg, на 5 июня 2026 года остается на якорной стоянке в Рио-де-Жанейро, Бразилия, после завершения перехода из Суапе."
1057206,True,False,,True,,,unknown,,,,Танкер для перевозки сырой нефти (Crude Oil Tanker).,,,Маршалловы острова.,,,,44.04,8.1,Текущая осадка составляет 8.1 м.,,,,,"Якорная стоянка Рио-де-Жанейро, Бразилия",,,,,needs_review,"P.TOKYO (IMO 1057206), визуализированного в файле image_c1f0c4.png:

1. Технические характеристики актива
Тип: Танкер для перевозки сырой нефти (Crude Oil Tanker).

Технические параметры: Длина (LOA) составляет 249.95 м, ширина — 44.04 м.

Возраст: Судно 2025 года постройки.

Тоннаж: Дедвейт составляет 114 014 тонн.

Флаг: Маршалловы острова.

2. Текущая операционная деятельность
Статус: По состоянию на 5 июня 2026 года судно находится на якорной стоянке («At anchor»).

Локация: Якорная стоянка Рио-де-Жанейро, Бразилия.

Последний порт: Судно прибыло из Сан-Себастьяна, Бразилия, откуда отправилось 30 мая 2026 года.

Осадка: Текущая осадка составляет 8.1 м.

3. Анализ активности
Операционный профиль: Судно совершило 7 портовых заходов за отчетный период; география деятельности включает порты, такие как Лас-Пальмас и Гавр.

Рекомендации:

Судно находится на якорной стоянке в Рио-де-Жанейро с 31 мая 2026 года.

Рекомендуется отслеживать смену статуса судна для подтверждения начала выполнения портовых операций.

Дайджест
Танкер P.TOKYO, представленный в файле image_c1f0c4.png, на 5 июня 2026 года находится на якорной стоянке в Рио-де-Жанейро, Бразилия, ожидая дальнейших распоряжений после завершения перехода из Сан-Себастьяна."
9416381,True,False,,True,,,unknown,,,,Танкер для перевозки химических грузов и нефтепродуктов (Chemical/Oil Products Tanker).,,,Либерия.,,,,32.2,7.0,Текущая осадка составляет 7.0 м.,,,,,"Якорная стоянка Рио-де-Жанейро, Бразилия",,,,,needs_review,"CLARITY (IMO 9416381), визуализированного в файле image_c1f4a2.jpg:

1. Технические характеристики актива
Тип: Танкер для перевозки химических грузов и нефтепродуктов (Chemical/Oil Products Tanker).

Технические параметры: Длина (LOA) составляет 183.20 м, ширина — 32.20 м.

Возраст: Судно 2010 года постройки.

Тоннаж: Дедвейт составляет 49 999 тонн.

Флаг: Либерия.

2. Текущая операционная деятельность
Статус: По состоянию на 5 июня 2026 года судно находится на якорной стоянке («At anchor»).

Локация: Якорная стоянка Рио-де-Жанейро, Бразилия.

Последний порт: Судно прибыло из Форталезы, Бразилия, откуда отправилось 29 мая 2026 года.

Осадка: Текущая осадка составляет 7.0 м.

3. Анализ активности
Операционный профиль: Судно активно работает в бразильском регионе, совершив за отчетный период 26 портовых заходов, включая работу в терминалах Илья-д’Агуа и Суапе.

Рекомендации:

Судно находится на якорной стоянке после завершения перехода из Форталезы.

Рекомендуется отслеживать дальнейшие распоряжения по судну для фиксации времени начала захода в порт Рио-де-Жанейро.

Дайджест
Танкер CLARITY, представленный в файле image_c1f4a2.jpg, на 5 июня 2026 года ожидает начала грузовых операций на якорной стоянке в Рио-де-Жанейро, Бразилия, после прибытия 3 июня."
9858553,True,False,,True,,,unknown,,,,Танкер для перевозки сырой нефти (Crude Oil Tanker).,,,Сингапур.,,,,48.8,9.2,Текущая осадка составляет 9.2 м.,,,,,Судно следует к объекту FPSO MARICA,,,,,needs_review,"EAGLE PETROLINA (IMO 9858553), визуализированного в файле image_c25549.jpg:

1. Технические характеристики актива
Тип: Танкер для перевозки сырой нефти (Crude Oil Tanker).

Технические параметры: Длина (LOA) составляет 277.34 м, ширина — 48.80 м.

Возраст: Судно 2020 года постройки.

Тоннаж: Дедвейт составляет 153 226 тонн.

Флаг: Сингапур.

2. Текущая операционная деятельность
Статус: По состоянию на 5 июня 2026 года судно находится в процессе следования.

Локация: Судно следует к объекту FPSO MARICA.

Последний порт: Судно покинуло Гебиг (Gebig), Бразилия, 30 мая 2026 года.

Осадка: Текущая осадка составляет 9.2 м.

3. Анализ активности
Операционный профиль: Судно активно эксплуатируется в бразильском регионе, имея в истории 49 портовых заходов. Основные направления включают порты Сан-Себастьян и Гебиг.

Рекомендации:

Судно является регулярным участником региональной энергетической логистики в Бразилии.

Учитывая расчетное время прибытия (ETA) к FPSO MARICA, рекомендуется отслеживать завершение перехода и начало операций по приему груза.

Дайджест: Танкер EAGLE PETROLINA, представленный в файле image_c25549.jpg, на 5 июня 2026 года продолжает движение к FPSO MARICA, завершив выход из бразильского терминала Гебиг."
9708497,True,False,,True,,,unknown,,,,Танкер для перевозки сырой нефти (Crude Oil Tanker).,,,Гонконг.,,,,60.0,11.5,Текущая осадка составляет 11.5 м.,,,,,"Ангра-дус-Рейс, Бразилия",,,,,needs_review,"NEW ODYSSEY (IMO 9708497), визуализированного в файле image_c260c7.jpg:

1. Технические характеристики актива
Тип: Танкер для перевозки сырой нефти (Crude Oil Tanker).

Технические параметры: Длина (LOA) составляет 333.00 м, ширина — 60.00 м.

Возраст: Судно 2016 года постройки.

Тоннаж: Дедвейт составляет 318 167 тонн.

Флаг: Гонконг.

2. Текущая операционная деятельность
Статус: По состоянию на 5 июня 2026 года судно находится в статусе «Under way» (в движении).

Локация: Судно находится в Южной Атлантике, приближаясь к бразильскому побережью.

Пункт назначения: Ангра-дус-Рейс, Бразилия.

Расчетное время прибытия (ETA): 5 июня 2026 года, 11:00 (по местному времени осталось около 5 часов).

Осадка: Текущая осадка составляет 11.5 м.

3. Анализ активности
Операционный профиль: Судно имеет опыт работы в различных регионах, включая месторождение Кизомба и Хуэйчжоу; за отчетный период совершено 15 портовых заходов.

Рекомендации:

Судно находится на завершающей стадии перехода из Сингапура.

Учитывая ETA, рекомендуется отслеживать начало швартовных операций в порту Ангра-дус-Рейс в течение ближайших часов.

Дайджест: Танкер NEW ODYSSEY, представленный в файле image_c260c7.jpg, завершает трансокеанский переход и ожидается в порту Ангра-дус-Рейс, Бразилия, сегодня, 5 июня 2026 года, около 11:00."
9681209,True,False,,True,,,unknown,,,,Танкер для перевозки сырой нефти (Crude Oil Tanker).,,,Китай.,,,,60.0,11.0,Текущая осадка составляет 11.0 м.,,,,,BA ADR,"Angra dos Reis, Бразилия",,,,needs_review,"YUAN CHUN HU (IMO 9681209), визуализированного в файле image_c26c0b.jpg:

1. Технические характеристики актива
Тип: Танкер для перевозки сырой нефти (Crude Oil Tanker).

Технические параметры: Длина (LOA) составляет 333.00 м, ширина — 60.00 м.

Возраст: Судно 2014 года постройки.

Тоннаж: Дедвейт составляет 308 013 тонн.

Флаг: Китай.

2. Текущая операционная деятельность
Статус: По состоянию на 5 июня 2026 года судно находится в статусе «Under way using Engine» (в движении).

Локация: Судно находится в Южной Атлантике, направляясь к побережью Бразилии.

Пункт назначения: BA ADR (Angra dos Reis, Бразилия).

Расчетное время прибытия (ETA): 6 июня 2026 года, 23:00.

Осадка: Текущая осадка составляет 11.0 м.

3. Анализ активности
Операционный профиль: Судно совершило 14 портовых заходов за отчетный период. География деятельности включает такие точки, как Хуэйчжоу и нефтяное месторождение Кизомба.

Рекомендации:

Учитывая текущий статус следования в Ангра-дус-Рейс, ожидается прибытие судна в течение 2 суток.

Рекомендуется отслеживать дальнейшее изменение навигационного статуса судна по мере его приближения к порту назначения для фиксации начала швартовных операций.

Дайджест: Танкер YUAN CHUN HU, представленный в файле image_c26c0b.jpg, находится в процессе перехода в бразильский порт Ангра-дус-Рейс с ожидаемым временем прибытия 6 июня 2026 года."
9637698,True,False,,True,,,unknown,,,,Танкер для перевозки сырой нефти (Crude Oil Tanker).,,,Багамские острова.,,,,49.0,15.9,Текущая осадка составляет 15.9 м.,,,,,Терминал Гебиг,Gebig,,,,needs_review,"LAMBADA SPIRIT (IMO 9637698), визуализированного в файле image_ef5a9b.jpg:

1. Технические характеристики актива
Тип: Танкер для перевозки сырой нефти (Crude Oil Tanker).

Технические параметры: Длина (LOA) составляет 282.00 м, ширина — 49.00 м.

Возраст: Судно 2013 года постройки.

Тоннаж: Дедвейт составляет 154 036 тонн.

Флаг: Багамские острова.

2. Текущая операционная деятельность
Статус: По состоянию на 5 июня 2026 года судно находится в статусе «Moored» (ошвартовано).

Локация: Терминал Гебиг (Gebig), Бразилия.

Последний порт: Судно прибыло в Гебиг 4 июня 2026 года, отправившись из FPSO Cidade de Itagu.

Осадка: Текущая осадка составляет 15.9 м.

3. Анализ активности
Операционный профиль: Судно активно эксплуатируется в бразильском регионе, имея в истории 64 портовых захода. Основные направления включают терминалы в Сан-Себастьяне и Гебиг.

Рекомендации:

Судно является регулярным участником региональной энергетической логистики.

Учитывая текущий статус швартовки, рекомендуется отслеживать завершение грузовых операций в терминале Гебиг для фиксации дальнейшего маршрута танкера.

Танкер LAMBADA SPIRIT, представленный в файле image_ef5a9b.jpg, в настоящее время ошвартован в терминале Гебиг, Бразилия."
9637686,True,False,,True,,,unknown,,,,,,,,154107.0,,,49.0,9.5,Текущая осадка составляет 9.5 м.,,,,,,,,,,needs_review,"MARAN SAMBA (IMO 9637686), визуализированного в файле image_efd280.jpg:

1. Технический скоринг
Тип актива: Танкер для перевозки сырой нефти (Crude Oil Tanker), классифицируется как Tanker (HAZ-A).

Технические параметры: Длина (LOA) составляет 282.00 м, ширина — 49.00 м.

Возраст: Судно 2013 года постройки.

Осадка: Текущая осадка составляет 9.5 м.

2. Операционная деятельность (Performance Insights)
Текущий статус: По состоянию на 4 июня 2026 года судно находится на якорной стоянке (At anchor) в районе Ангра-дус-Рейс, Бразилия.

Навигация: Прибытие в точку назначения было зафиксировано 2 июня 2026 года.

Логистический профиль: Последним портом захода был Порту-ду-Асу (Porto Du Acu), который судно покинуло 1 июня 2026 года.

3. Анализ комплаенс-профиля и рыночного присутствия
Операционная история: Судно активно эксплуатируется в бразильском регионе, совершив 13 портовых заходов за отчетный период, часто взаимодействуя с терминалом PETROBRAS 68.

Рекомендации:

Учитывая статус HAZ-A (перевозка опасных грузов), необходимо уделять повышенное внимание процедурам безопасности при швартовке в Ангра-дус-Рейс.

Рекомендуется отслеживать дальнейшие маневры судна, так как оно находится на якорной стоянке в ожидании операционных распоряжений.

Резюме для менеджмента
Танкер MARAN SAMBA (визуализирован в файле image_efd280.jpg) — это крупнотоннажный актив (дедвейт 154 107 т), выполняющий регулярные рейсы в рамках бразильской энергетической логистики. Судно завершило переход из Порту-ду-Асу и находится в режиме ожидания на якорной стоянке."
9988176,True,False,,True,,,unknown,,,,,,,,,,,48.8,9.2,Текущая осадка составляет 9.2 м.,,,,,,,,,,needs_review,"PARIS 24 (IMO 9988176), визуализированного в файле image_efe942.jpg:

1. Технический скоринг
Тип актива: Танкер для перевозки сырой нефти (Crude Oil Tanker).

Технические параметры: Длина (LOA) составляет 278.14 м, ширина — 48.80 м.

Возраст: Судно 2025 года постройки.

Осадка: Текущая осадка составляет 9.2 м.

2. Операционная деятельность (Performance Insights)
Текущий статус: По состоянию на 4 июня 2026 года судно находится в статусе «At anchor» (на якоре) со скоростью 0.6 узла.

Навигация: Танкер следует к пункту назначения Ангра-дус-Рейс (Бразилия).

Логистический профиль: Последним пунктом отправления, согласно данным навигации, был FPSO SEPETIBA, который судно покинуло 30 мая 2026 года.

3. Анализ комплаенс-профиля и рыночного присутствия
Операционная история: Судно демонстрирует активность в региональных цепочках поставок, совершив 5 портовых заходов за отчетный период.

Рекомендации:

Учитывая статус нового актива (постройка 2025 года), необходимо поддерживать регулярный мониторинг перемещений, так как судно активно взаимодействует с инфраструктурой FPSO.

Рекомендуется отслеживать смену статуса с якорной стоянки на заход в порт Ангра-дус-Рейс для проведения грузовых операций.

Резюме для менеджмента
Танкер PARIS 24 (визуализирован в файле image_efe942.jpg) — это современный крупнотоннажный актив, задействованный в логистике сырой нефти. Судно находится в процессе завершения операционного перехода и ожидает дальнейших распоряжений на якорной стоянке в районе Ангра-дус-Рейс."
9637715,True,False,9637715,True,,,vessel,,,,,,,,,,,49.0,16.1,Текущая осадка судна составляет 16.1 м.,,,,,,,,,,needs_review,"SERTANEJO SPIRIT (IMO: 9637715), основанный на данных из файла image_21b89a.jpg:

Основные характеристики: Это танкер для перевозки сырой нефти (Crude Oil Tanker), построенный в 2013 году под флагом Багамских островов. Его общая длина составляет 282 метра, а ширина — 49 метров.

Текущий статус: По состоянию на 5 июня 2026 года судно находится на якорной стоянке (navigational status: ""At anchor""). Судно прибыло на якорную стоянку Ангра-дус-Рейс (Angra dos Reis Anch.), Бразилия, 3 июня 2026 года.

Операционные данные:

Осадка: Текущая осадка судна составляет 16.1 м.

Последний порт: Судно покинуло Порту-ду-Асу (Porto Du Acu), Бразилия, 23 мая 2026 года.

Движение: В данный момент скорость судна составляет 0.1 узла, а курс — 14°."
9735737,True,False,,True,,,vessel,,,,Танкер для перевозки сырой нефти (Crude Oil Tanker).,2016.0,,Гонконг.,,,333.0,60.0,,,,0.3,,,,,,,,needs_review,"COSRISING LAKE (IMO 9735737), визуализированного в файле image_21bca1.jpg:

1. Технические характеристики актива
Тип: Танкер для перевозки сырой нефти (Crude Oil Tanker).

Год постройки: 2016.

Габариты: Длина (LOA) — 333.00 м, ширина — 60.00 м.

Тоннаж: Дедвейт составляет 310 595 тонн, валовая вместимость — 160 328 тонн.

Флаг: Гонконг.

2. Текущая операционная деятельность
Статус: Судно находится на якорной стоянке (At anchor) в районе Ангра-дус-Рейс, Бразилия.

Навигация: Прибытие в точку назначения (Ангра-дус-Рейс) было зафиксировано 27 мая 2026 года.

Скорость: Судно практически неподвижно (скорость 0.3 узла).

Последний пункт отправления: Сингапур (выход 28 апреля 2026 года).

3. Анализ активности
География заходов: Судно совершило 12 портовых заходов за отчетный период, активно курсируя между портами Китая и Бразилии.

Рекомендации:

Данный танкер является крупнотоннажным активом (VLCC), задействованным в трансокеанских перевозках сырой нефти.

Учитывая длительное нахождение на якорной стоянке в районе Ангра-дус-Рейс с конца мая, рекомендуется отслеживать график начала швартовных или грузовых операций.

Данный актив, представленный в файле image_21bca1.jpg, продолжает оставаться в режиме ожидания в территориальных водах Бразилии после завершения перехода из Азии."
9637715,True,False,,True,,,unknown,,,,,,,,,,,49.0,16.1,Текущая осадка составляет 16.1 м.,,,,,,,,,,needs_review,"SERTANEJO SPIRIT (IMO 9637715), визуализированного в файле image_21c09d.jpg:

1. Технический скоринг
Тип актива: Танкер для перевозки сырой нефти (Crude Oil Tanker).

Технические параметры: Длина (LOA) составляет 282.00 м, ширина — 49.00 м.

Возраст: Судно 2013 года постройки.

Осадка: Текущая осадка составляет 16.1 м.

2. Операционная деятельность (Performance Insights)
Текущий статус: По состоянию на 5 июня 2026 года судно находится на якорной стоянке (At anchor).

Навигация: Танкер прибыл в район Ангра-дус-Рейс (Бразилия) 3 июня 2026 года.

Логистический профиль: Последним пунктом отправления был терминал PETROBRAS 77.

3. Анализ комплаенс-профиля и рыночного присутствия
Операционная история: Судно активно эксплуатируется в бразильском регионе, имея в истории 14 портовых заходов.

Рекомендации:

Учитывая дедвейт танкера (154 233 т) и его текущий статус на якорной стоянке, рекомендуется мониторинг начала швартовных операций в порту Ангра-дус-Рейс.

Регулярная работа судна с бразильскими терминалами (PETROBRAS) делает его критическим активом для региональной цепочки поставок сырой нефти.

Резюме для менеджмента
Танкер SERTANEJO SPIRIT (визуализирован в файле image_21c09d.jpg) — это крупнотоннажный актив, задействованный в логистике сырой нефти в Бразилии. Судно успешно завершило переход из терминала PETROBRAS 77 и в настоящее время ожидает дальнейших распоряжений на якорной стоянке в районе Ангра-дус-Рейс."
9988164,True,False,,True,,,unknown,,,,,,,,,,,49.0,9.3,Текущая осадка составляет 9.3 м.,,,,,,,,,,needs_review,"ATHENS 04 (IMO 9988164), визуализированного в файле image_21c77f.jpg:

1. Технический скоринг
Тип актива: Танкер для перевозки сырой нефти (Crude Oil Tanker).

Технические параметры: Длина (LOA) составляет 278.14 м, ширина — 49.00 м.

Возраст: Судно 2025 года постройки.

Осадка: Текущая осадка составляет 9.3 м.

2. Операционная деятельность (Performance Insights)
Текущий статус: По состоянию на 4 июня 2026 года судно находится в статусе «At anchor» (на якоре) со скоростью 0.9 узла.

Навигация: Танкер находится в районе Ангра-дус-Рейс, Бразилия, следуя к указанному порту.

Логистический профиль: Последним пунктом отправления был терминал PETROBRAS 71.

3. Анализ комплаенс-профиля и рыночного присутствия
Операционная история: Судно демонстрирует интенсивную эксплуатацию в бразильском регионе, совершив 25 портовых заходов.

Рекомендации:

Учитывая статус нового актива (постройка 2025 года) и его регулярную активность вблизи терминалов PETROBRAS, необходимо поддерживать мониторинг перемещений данного танкера как важного звена в региональной цепочке поставок энергоносителей.

Рекомендуется отслеживать смену статуса судна с «At anchor» на движение в порт для фиксации начала грузовых операций.

Резюме для менеджмента
Танкер ATHENS 04 (визуализирован в файле image_21c77f.jpg) — это современный крупнотоннажный актив, задействованный в логистике сырой нефти в Бразилии. Судно находится на якорной стоянке в ожидании захода в порт Ангра-дус-Рейс."
9902225,True,False,,True,,,unknown,,,,,,,,154325.0,,,48.0,9.6,Текущая осадка составляет 9.6 м.,,,,,,,,,,needs_review,"EAGLE CAMPOS (IMO 9902225), визуализированного в файле image_21cf42.jpg:

1. Технический скоринг
Тип актива: Танкер для перевозки сырой нефти (Crude Oil Tanker).

Технические параметры: Длина (LOA) составляет 278.76 м, ширина — 48.00 м.

Возраст: Судно 2022 года постройки.

Осадка: Текущая осадка составляет 9.6 м.

2. Операционная деятельность (Performance Insights)
Текущий статус: По состоянию на 4 июня 2026 года судно находится на якорной стоянке (At anchor) со скоростью 0.1 узла.

Навигация: Судно направляется в район Ангра-дус-Рейс (ADR), Бразилия.

Логистический профиль: Последним портом захода была якорная стоянка Порту-ду-Асу (Бразилия), которую судно покинуло 21 мая 2026 года.

3. Анализ комплаенс-профиля и рыночного присутствия
Операционная история: Судно демонстрирует высокую активность в бразильском регионе, совершив 41 портовый заход.

Рекомендации:

Учитывая статус танкера (дедвейт 154 325 т) и его нахождение на якорной стоянке, рекомендуется мониторинг начала маневров для захода в порт назначения.

Активность судна в портах Порту-ду-Асу и работа с FPSO Cidade de Itagu подтверждают его роль в региональной энергетической инфраструктуре.

Резюме для менеджмента
Танкер EAGLE CAMPOS (визуализирован в файле image_21cf42.jpg) — это современный крупнотоннажный актив, активно эксплуатируемый в логистических цепочках по перевозке сырой нефти в Бразилии. На текущий момент судно находится в ожидании дальнейших операционных распоряжений на якорной стоянке."
9782766,True,False,,True,,,unknown,,,,,,,,,,,48.9,9.2,Текущая осадка составляет 9.2 м.,,,,,,,,,,needs_review,"LENA KNUTSEN (IMO 9782766), визуализированного в файле image_21d6c7.jpg:

1. Технический скоринг
Тип актива: Танкер для перевозки сырой нефти (Crude Oil Tanker).

Технические параметры: Длина (LOA) составляет 286.00 м, ширина — 48.90 м.

Возраст: Судно 2017 года постройки.

Осадка: Текущая осадка составляет 9.2 м.

2. Операционная деятельность (Performance Insights)
Текущий статус: По состоянию на 4 июня 2026 года судно находится на ходу (Underway) со скоростью 0.6 узла.

Навигация: Судно следует в район Ангра-дус-Рейс (ADR), Бразилия.

Логистический профиль: Последним пунктом отправления был терминал FPSO Cidade de Manga (Багамы), который судно покинуло 27 мая 2026 года.

3. Анализ комплаенс-профиля и рыночного присутствия
Операционная история: Танкер активно работает на маршрутах между портами Бразилии и Багамскими островами, совершив 32 портовых захода за период наблюдений.

Рекомендации:

Учитывая дедвейт танкера (156 559 т), судно является значимым звеном в логистике сырой нефти.

Рекомендуется отслеживать статус судна вблизи Ангра-дус-Рейс, так как оно находится в зоне ожидания или завершения перехода.

Резюме для менеджмента
Танкер LENA KNUTSEN (визуализирован в файле image_21d6c7.jpg) — это крупнотоннажный актив, активно эксплуатируемый в международных нефтяных логистических цепочках. На данный момент судно завершает переход к пункту назначения Ангра-дус-Рейс, оставаясь под мониторингом до момента полной швартовки."
9316115,True,False,,True,,,unknown,,,,,,,,,,,50.0,9.0,Текущая осадка составляет 9.0 м.,,,,,,,,,,needs_review,"WINDSOR KNUTSEN (IMO 9316115), визуализированного в файле image_21da48.jpg:

1. Технический скоринг
Тип актива: Танкер для перевозки сырой нефти (Crude Oil Tanker).

Технические параметры: Длина (LOA) составляет 280.50 м, ширина — 50.00 м.

Возраст: Судно 2007 года постройки.

Осадка: Текущая осадка составляет 9.0 м.

2. Операционная деятельность (Performance Insights)
Текущий статус: По состоянию на 5 июня 2026 года судно находится на ходу (Under way) со скоростью 9.3 узла.

Навигация: Танкер следует к объекту FPSO BACALHAU с расчетным временем прибытия (ETA) 5 июня 2026 года, 08:00 UTC.

Логистический профиль: Последним пунктом, который покинуло судно, была якорная стоянка Ангра-дус-Рейс (Бразилия), 4 июня 2026 года.

3. Анализ комплаенс-профиля и рыночного присутствия
Операционная история: Судно демонстрирует активную работу в бразильском регионе, имея в своей истории 16 портовых заходов, включая работу с FPSO Cidade de Marica.

Рекомендации:

Учитывая дедвейт танкера (160 241 т), его перемещения являются значимым фактором для логистики сырой нефти в глубоководных проектах.

Судно является опытным активом (постройка 2007 года) с налаженными связями в инфраструктуре добычи нефти (FPSO), что требует контроля за графиками стыковки.

Резюме для менеджмента
Танкер WINDSOR KNUTSEN (визуализирован в файле image_21da48.jpg) — это крупнотоннажный актив, выполняющий операционный переход для обслуживания FPSO BACALHAU. Судно находится в рабочем состоянии и следует согласно установленному графику прибытия."
9829655,True,False,,True,,,unknown,,,,Танкер для сырой нефти (Crude Oil Tanker).,2019.0,,Маршалловы Острова.,,,,60.0,,,,0.2,,,,,,,,needs_review,"KIRKUK (IMO 9829655), визуализированного в файле image_22313c.jpg:

1. Технические характеристики актива
Тип: Танкер для сырой нефти (Crude Oil Tanker).

Год постройки: 2019.

Габариты: Длина (LOA) составляет 332.98 м, ширина — 60.00 м.

Тоннаж: Дедвейт составляет 320 596 тонн, валовая вместимость — 162 192 тонны.

Флаг: Маршалловы Острова.

2. Текущая операционная деятельность
Статус: Судно находится на якорной стоянке (At anchor).

Назначение: Ожидание в районе Ангра-дус-Рейс (OPL Angra dos Reis), Бразилия.

Скорость и курс: Судно практически неподвижно (скорость 0.2 узла) с курсом 192°.

Последний пункт отправления: Якорная стоянка Рио-де-Жанейро, откуда судно вышло 29 мая 2026 года.

3. Анализ активности
География заходов: В истории судна зафиксированы заходы в порты таких стран, как Корея и Бразилия.

Интенсивность: За отчетный период было совершено 8 портовых заходов.

Данный актив является крупнотоннажным танкером (типа VLCC), специализирующимся на перевозке сырой нефти, и в настоящий момент находится в режиме ожидания в территориальных водах Бразилии."
9816335,True,False,,True,,,unknown,,,,Танкер для сырой нефти (Crude Oil Tanker).,2018.0,,Либерия.,,,,60.0,,,,,,,,,,,,needs_review,"ALMI TITAN (IMO 9816335), визуализированного в файле image_223f65.jpg:

1. Технические характеристики актива
Тип: Танкер для сырой нефти (Crude Oil Tanker).

Год постройки: 2018.

Габариты: Длина (LOA) составляет 336.08 м, ширина — 60.00 м.

Тоннаж: Дедвейт составляет 315 299 тонн, валовая вместимость — 162 306 тонн.

Флаг: Либерия.

2. Текущая операционная деятельность
Статус: Судно находится на ходу (Under way using Engine).

Назначение: Следует в порт Сингапур (Сингапур).

Расчетное время прибытия (ETA): 4 июля 2026 года.

Последний пункт отправления: Порт Гебиг (Бразилия), откуда судно вышло 4 июня 2026 года.

Скорость и курс: Судно движется со скоростью 13.1 узла (по данным AIS).

3. Анализ активности
География заходов: В истории судна зафиксированы заходы в порты таких стран, как Индия и Китай, а также на остров Дас.

Интенсивность: За отчетный период было совершено 7 портовых заходов.

Данный актив является крупнотоннажным танкером (VLCC), задействованным в международных перевозках сырой нефти, в данный момент осуществляющим трансокеанский переход из Южной Америки в Азию."
9907720,True,False,,True,,,unknown,,,,,,,,155397.0,,,48.8,9.3,Текущая осадка составляет 9.3 м.,,,,,,,,,,needs_review,"EAGLE CRATO (IMO 9907720), визуализированного в файле image_2243fd.jpg:

1. Технический скоринг
Тип актива: Танкер для перевозки сырой нефти (Crude Oil Tanker).

Технические параметры: Длина (LOA) составляет 278.13 м, ширина — 48.80 м.

Возраст: Судно 2022 года постройки.

Осадка: Текущая осадка составляет 9.3 м.

2. Операционная деятельность (Performance Insights)
Текущий статус: По состоянию на 4 июня 2026 года судно находится в статусе «Stopped» (остановлено) со скоростью 0.1 узла.

Навигация: Танкер следует в порт Ангра-дус-Рейс (Бразилия).

Логистический профиль: Последним портом захода был Гебиг (Бразилия), который судно покинуло 3 июня 2026 года.

3. Анализ комплаенс-профиля и рыночного присутствия
Операционная история: Судно демонстрирует высокую интенсивность эксплуатации, совершив 70 портовых заходов, преимущественно в бразильском регионе.

Рекомендации:

Учитывая статус танкера (дедвейт 155 397 т) и его текущую остановку вблизи пункта назначения, рекомендуется отслеживать начало швартовных операций.

Регулярная активность судна в портах Бразилии подтверждает его роль как важного звена в региональной цепочке поставок энергоносителей.

Резюме для менеджмента
Танкер EAGLE CRATO (визуализирован в файле image_2243fd.jpg) — это современный крупнотоннажный актив, активно задействованный в логистике сырой нефти в Южной Америке. На данный момент судно находится в ожидании захода в порт Ангра-дус-Рейс, операционный цикл проходит согласно графику."
9171436,True,False,,True,,,unknown,,,,,,,,,,,58.0,9.9,Текущая осадка составляет 9.9 м.,,,,,,,,,,needs_review,"FPSO GUANABARA MV31 (IMO 9171436), визуализированного в файле image_224aac.jpg:

1. Технический скоринг
Тип актива: Плавучая установка для добычи, хранения и отгрузки нефти (FPSO), классифицированная в системе как Crude Oil Tanker.

Технические параметры: Длина (LOA) составляет 332.00 м, ширина — 58.00 м.

Возраст: Судно 1999 года постройки.

Осадка: Текущая осадка составляет 9.9 м.

2. Операционная деятельность (Performance Insights)
Текущий статус: По состоянию на 4 июня 2026 года судно находится в статусе «Ограниченная маневренность» (Restricted Manoeuvrability) при нулевой скорости.

Навигация: Судно находится в районе MERO FIELD (Бразилия).

Логистический профиль: Историческая дата последнего выхода из порта (Рашид, ОАЭ) зафиксирована 1 декабря 2021 года, что указывает на длительный период стационарной эксплуатации в качестве FPSO.

3. Анализ комплаенс-профиля и рыночного присутствия
Операционная история: Установка демонстрирует стационарный режим работы в составе морской инфраструктуры, что характерно для специализированных объектов типа FPSO.

Рекомендации:

Учитывая статус установки (FPSO) и ее стационарное положение в MERO FIELD, актив требует специфического мониторинга, ориентированного на стабильность добывающих мощностей.

Рекомендуется учитывать данный актив как критический элемент энергетической инфраструктуры региона при проведении любых оценок логистической безопасности.

Резюме для менеджмента
FPSO GUANABARA MV31 (визуализирован в файле image_224aac.jpg) — это специализированный актив энергетического сектора, работающий в стационарном режиме на месторождении MERO FIELD в Бразилии. Установка находится в рабочем состоянии, обеспечивая непрерывность добывающего процесса в установленной локации."
9816335,True,False,,True,,,unknown,,,,,,,,315299.0,,,60.0,20.0,Текущая осадка составляет 20.0 м.,,,,,,,,,,needs_review,"ALMI TITAN (IMO 9816335), визуализированного в файле image_224eca.jpg:

1. Технический скоринг
Тип актива: Танкер для перевозки сырой нефти (Crude Oil Tanker).

Технические параметры: Длина (LOA) составляет 336.08 м, ширина — 60.00 м.

Возраст: Судно 2018 года постройки.

Осадка: Текущая осадка составляет 20.0 м.

2. Операционная деятельность (Performance Insights)
Текущий статус: По состоянию на 4 июня 2026 года судно находится на ходу (Under way using Engine) со скоростью 13.1 узла.

Навигация: Танкер совершает дальний переход в Сингапур с расчетным временем прибытия (ETA) 4 июля 2026 года.

Логистический профиль: Последним пунктом отправления был порт Гебиг (Бразилия), который судно покинуло 4 июня 2026 года.

3. Анализ комплаенс-профиля и рыночного присутствия
Операционная история: Судно является крупнотоннажным танкером (тип VLCC, дедвейт 315 299 т), демонстрирующим высокую интенсивность работы на глобальных маршрутах, включая заходы в порты Китая и Индии.

Рекомендации:

Учитывая статус крупнотоннажного судна (VLCC), необходимо обеспечить строгое соблюдение всех международных морских стандартов при проведении длительного трансокеанского перехода.

Рекомендуется поддерживать мониторинг перемещений актива, так как он является значимым игроком в секторе перевозок сырой нефти между регионами Южной Америки и Азии.

Резюме для менеджмента
Танкер ALMI TITAN (визуализирован в файле image_224eca.jpg) — это высокопроизводительный актив, предназначенный для глобальных перевозок сырой нефти. На данный момент судно находится в начале своего длительного рейса из Бразилии в Сингапур, следуя намеченным курсом без отклонений от графика."
9826110,True,False,,True,,,unknown,,,,,,,,319191.0,,,60.0,11.0,Текущая осадка составляет 11.0 м.,,,,,,,,,,needs_review,"DHT NOKOTA (IMO 9826110), визуализированного в файле image_22a1b4.jpg:

1. Технический скоринг
Тип актива: Танкер для перевозки сырой нефти (Crude Oil Tanker).

Технические параметры: Длина (LOA) составляет 333.00 м, ширина — 60.00 м.

Возраст: Судно 2018 года постройки.

Осадка: Текущая осадка составляет 11.0 м.

2. Операционная деятельность (Performance Insights)
Текущий статус: По состоянию на 4 июня 2026 года судно находится на ходу (Under way using Engine) со скоростью 1.2 узла.

Навигация: Судно следует в район OFFSHORE SANTOS (Бразилия).

Логистический профиль: Последним пунктом, который покинуло судно, была якорная стоянка в Рио-де-Жанейро, 2 июня 2026 года.

3. Анализ комплаенс-профиля и рыночного присутствия
Операционная история: Судно представляет собой крупнотоннажный танкер (класса VLCC, дедвейт 319 191 т), активно работающий в международных логистических цепочках.

Рекомендации:

Учитывая внушительные габариты судна (тип VLCC), любые маневры в районе OFFSHORE SANTOS должны выполняться с привлечением лоцманского обеспечения и соблюдением строгих морских протоколов безопасности.

Рекомендуется отслеживать дальнейшую активность судна после прибытия в зону назначения, так как подобные активы являются ключевыми индикаторами объемов перевозок сырой нефти.

Резюме для менеджмента
Танкер DHT NOKOTA (визуализирован в файле image_22a1b4.jpg) — это высокопроизводительный актив типа VLCC, предназначенный для перевозки больших объемов сырой нефти. На данный момент судно находится в процессе перехода в зону разгрузки/ожидания у берегов Сантоса согласно запланированному маршруту."
9858565,True,False,,True,,,unknown,,,,,,,,153352.0,,,48.8,16.4,в портовых сводках указано 9.5 м в текущем AIS-отчете,,,,,,,,,,needs_review,"EAGLE PAULINIA (IMO 9858565), визуализированного в файле image_22a93f.jpg:

1. Технический скоринг
Тип актива: Танкер для перевозки сырой нефти (Crude Oil Tanker).

Технические параметры: Длина (LOA) составляет 277.34 м, ширина — 48.80 м.

Возраст: Судно 2020 года постройки.

Осадка: Согласно последним данным, осадка составляет 16.4 м (в портовых сводках указано 9.5 м в текущем AIS-отчете).

2. Операционная деятельность (Performance Insights)
Текущий статус: По состоянию на 4 июня 2026 года судно находится на ходу (Under way using Engine) со скоростью 11.1 узла.

Навигация: Танкер направляется к объекту FPSO A.TAMANDARE (регион Ангра-дус-Рейс, Бразилия).

Логистический профиль: Последним портом захода был Сан-Себастьян (Бразилия), куда судно прибыло 31 мая 2026 года.

3. Анализ комплаенс-профиля и рыночного присутствия
Операционная история: Судно демонстрирует высокую интенсивность работы, совершив 56 портовых заходов, преимущественно в бразильском регионе.

Рекомендации:

Учитывая статус крупнотоннажного танкера (DWT 153 352 т), необходимо обеспечить координацию с принимающим объектом FPSO для безопасного проведения швартовных и грузовых операций.

Рекомендуется отслеживать статус судна вблизи Ангра-дус-Рейс, так как работа с FPSO требует строгого соблюдения графиков.

Резюме для менеджмента
Танкер EAGLE PAULINIA (визуализирован в файле image_22a93f.jpg) является высокоэффективным активом, активно используемым в нефтедобывающей инфраструктуре Бразилии. На текущий момент судно следует к месту назначения для выполнения операционных задач по обслуживанию FPSO."
9836440,True,False,,True,,,unknown,,,,,,,,,,,32.2,7.7,Текущая осадка составляет 7.7 м.,,,,,,,,,,needs_review,"ISABELLA M II (IMO 9836440), визуализированного в файле image_22acbf.jpg:

1. Технический скоринг
Тип актива: Танкер для перевозки химических и нефтепродуктов (Chemical/Oil Products Tanker).

Технические параметры: Длина (LOA) составляет 183.06 м, ширина — 32.20 м.

Возраст: Судно 2019 года постройки.

Осадка: Текущая осадка составляет 7.7 м.

2. Операционная деятельность (Performance Insights)
Текущий статус: По состоянию на 5 июня 2026 года судно находится на ходу (Under way) со скоростью 11.4 узла.

Навигация: Танкер следует в порт Сантос (Бразилия) с расчетным временем прибытия (ETA) 5 июня 2026 года, 07:00 UTC.

Логистический профиль: Последним портом захода был Арату (Бразилия), который судно покинуло 1 июня 2026 года.

3. Анализ комплаенс-профиля и рыночного присутствия
Операционная история: Судно активно эксплуатируется в бразильском регионе, имея в своей истории 51 портовый заход.

Рекомендации:

Судно является специализированным танкером, что требует строгого соблюдения протоколов безопасности при грузовых операциях.

Учитывая частые периоды нахождения на якорной стоянке (например, 5 суток в период 19–24 мая), рекомендуется отслеживать операционную эффективность актива и его готовность к погрузке/выгрузке в целевых портах.

Резюме для менеджмента
Танкер ISABELLA M II (визуализирован в файле image_22acbf.jpg) является стабильно работающим и относительно современным активом, активно задействованным в региональной логистике Бразилии. На данный момент судно следует по намеченному маршруту в порт Сантос согласно графику."
9594731,True,False,,True,,,unknown,,,,,,,,,,,48.0,9.2,Текущая осадка составляет 9.2 м.,,,,,,,,,,needs_review,"SEAWAYS BRAZOS (IMO 9594731), визуализированного в файле image_22b384.jpg:

1. Технический скоринг
Тип актива: Танкер для перевозки сырой нефти (Crude Oil Tanker).

Технические параметры: Длина (LOA) составляет 274.39 м, ширина — 48.00 м.

Возраст: Судно 2012 года постройки.

Осадка: Текущая осадка составляет 9.2 м.

2. Операционная деятельность (Performance Insights)
Текущий статус: По состоянию на 4 июня 2026 года судно находится на ходу (Under way using Engine) со скоростью 1.3 узла.

Навигация: Текущее назначение судна указано как «FOR ORDERS», что свидетельствует об ожидании дальнейших коммерческих распоряжений.

Логистический профиль: Последним пунктом, который покинуло судно, была якорная стоянка Ла-Палома (Уругвай), 24 мая 2026 года.

3. Анализ комплаенс-профиля и рыночного присутствия
Операционная история: Судно демонстрирует умеренную активность (12 портовых заходов за отчетный период) с географией присутствия, охватывающей Сингапур, страны Ближнего Востока (о. Дас), Испанию и США.

Рекомендации:

Статус «FOR ORDERS» указывает на гибкий операционный режим судна; рекомендуется мониторинг AIS для фиксации следующего порта захода.

Учитывая дедвейт танкера (158 537 т), его перемещения являются важным индикатором рыночной активности в сегменте крупнотоннажного наливного флота.

Резюме для менеджмента
Танкер SEAWAYS BRAZOS (визуализирован в файле image_22b384.jpg) — крупнотоннажный актив, находящийся в ожидании новых заказов (статус «FOR ORDERS») в регионе Восточного побережья Южной Америки. Судно готово к переходу в любой порт согласно будущим фрахтовым поручениям."
9345659,True,False,,True,,,unknown,,,,,,,,,,,32.2,11.1,Текущая осадка составляет 11.1 м.,,,,,,,,,,needs_review,"PAPILLON (IMO 9345659), визуализированного в файле image_22b820.jpg:

1. Технический скоринг
Тип актива: Танкер для перевозки химических и нефтепродуктов (Chemical/Oil Products Tanker).

Технические параметры: Длина (LOA) составляет 182.50 м, ширина — 32.20 м.

Возраст: Судно 2007 года постройки.

Осадка: Текущая осадка составляет 11.1 м.

2. Операционная деятельность (Performance Insights)
Текущий статус: По состоянию на 4 июня 2026 года судно находится на ходу (Under way using Engine) со скоростью 13 узлов.

Навигация: Судно следует в порт Паранагуа, Бразилия.

Логистический профиль: Последним портом захода был Суапи, Бразилия, который танкер покинул 31 мая 2026 года.

3. Анализ комплаенс-профиля и рыночного присутствия
Операционная история: Судно демонстрирует активность в российском и бразильском регионах, имея в своей истории 19 портовых заходов.

Рекомендации:

Учитывая тип судна (химический/нефтяной танкер), необходимо соблюдать повышенные меры безопасности при грузовых операциях.

Рекомендуется продолжать мониторинг судна, так как оно совершает трансатлантические переходы между различными логистическими узлами, что требует постоянного контроля соответствия международным стандартам безопасности.

Резюме для менеджмента
Танкер PAPILLON (визуализирован в файле image_22b820.jpg) является стабильно эксплуатируемым активом, задействованным в международных перевозках. На данный момент судно следует по маршруту в порт Паранагуа согласно графику."
9868376,True,False,,True,,,unknown,,,,,,,,152868.0,,,48.0,9.3,Текущая осадка составляет 9.3 м.,,,,,,,,,,needs_review,"TOVE KNUTSEN (IMO 9868376), визуализированного в файле image_22beec.jpg:

1. Технический скоринг
Тип актива: Танкер для перевозки сырой нефти (Crude Oil Tanker).

Технические параметры: Длина (LOA) составляет 278.92 м, ширина — 48.00 м.

Возраст: Судно 2020 года постройки.

Осадка: Текущая осадка составляет 9.3 м.

2. Операционная деятельность (Performance Insights)
Текущий статус: По состоянию на 5 июня 2026 года судно находится на ходу (Under way) со скоростью 12.0 узла.

Навигация: Танкер следует к FPSO CARAGUATATUBA, расчетное время прибытия (ETA) — 5 июня 2026 года, 01:00 UTC.

Логистический профиль: Последним портом захода был Порту-ду-Асу (Бразилия), который судно покинуло 28 мая 2026 года.

3. Анализ комплаенс-профиля и рыночного присутствия
Операционная история: Судно является относительно новым активом с высокой эффективностью, что подтверждается работой с крупными энергетическими объектами, такими как FPSO CARAGUATATUBA и PETROBRAS 71.

Рекомендации:

Учитывая статус судна как современного крупнотоннажного танкера (DWT 152 868 т), критически важно обеспечивать соблюдение всех отраслевых стандартов безопасности при швартовке к FPSO для проведения грузовых операций.

Рекомендуется поддерживать непрерывный мониторинг перемещений, так как работа с FPSO требует высокой точности планирования и соблюдения графиков в условиях морских нефтяных месторождений.

Резюме для менеджмента
Танкер TOVE KNUTSEN (визуализирован в файле image_22beec.jpg) — это высокопроизводительный актив, специализирующийся на обслуживании морских добывающих мощностей. На данный момент судно находится на завершающем этапе перехода к месту назначения, операционный цикл проходит без отклонений от графика."
9598256,True,False,,True,,,unknown,,,,,,,,105153.0,,,42.0,8.7,Текущая осадка составляет 8.7 м.,,,,,,,,,,needs_review,"EAGLE PARAIBA (IMO 9598256), визуализированного в файле image_22c2ca.jpg:

1. Технический скоринг
Тип актива: Танкер для перевозки сырой нефти (Crude Oil Tanker).

Технические параметры: Длина (LOA) составляет 244.74 м, ширина — 42.00 м.

Возраст: Судно 2012 года постройки.

Осадка: Текущая осадка составляет 8.7 м.

2. Операционная деятельность (Performance Insights)
Текущий статус: По состоянию на 4 июня 2026 года судно находится в движении (Under way using Engine).

Навигация: Танкер направляется к FSO MACAE (Масейо, Бразилия) с расчетным временем прибытия (ETA) 5 июня 2026 года.

Логистический профиль: Последним портом захода был Суапи (Бразилия), который судно покинуло 27 мая 2026 года.

3. Анализ комплаенс-профиля и рыночного присутствия
Операционная история: Судно демонстрирует высокую активность в бразильском регионе, совершив 64 портовых захода.

Рекомендации:

Судно является крупнотоннажным танкером (DWT 105 153 т), что требует строгого соблюдения международных протоколов безопасности при работе с FSO (плавучими установками для добычи и хранения нефти).

Рекомендуется поддерживать регулярный мониторинг перемещений актива, учитывая его частую эксплуатацию в бразильских портах.

Резюме для менеджмента
Танкер EAGLE PARAIBA (визуализирован в файле image_22c2ca.jpg) является стабильно работающим активом, активно задействованным в региональной логистике транспортировки нефти в Бразилии. На данный момент судно следует по намеченному маршруту к FSO MACAE согласно графику."
9773143,True,False,,True,,,unknown,,,,,,,,,,,25.0,9.6,Текущая осадка составляет 9.6 м.,,,,,,,,,,needs_review,"SOUTHERN OWL (IMO 9773143), визуализированного в файле image_2320e3.jpg:

1. Технический скоринг
Тип актива: Танкер для перевозки химических и нефтепродуктов (Hazard B).

Технические параметры: Длина (LOA) составляет 156.53 м, ширина — 25.00 м.

Возраст: Судно 2016 года постройки.

Осадка: Текущая осадка составляет 9.6 м.

2. Операционная деятельность (Performance Insights)
Текущий статус: По состоянию на 4 июня 2026 года судно находится в движении (Under way) со скоростью 0.8 узла.

Навигация: Судно направляется в порт Сантос, Бразилия, с расчетным временем прибытия (ETA) 4 июня 2026 года.

Логистический профиль: Последним портом захода был Мадре-де-Деус (Бразилия), который судно покинуло 1 июня 2026 года.

3. Анализ комплаенс-профиля и рыночного присутствия
Операционная история: Судно демонстрирует интенсивную активность, совершив 48 портовых заходов, включая работу в США и Бразилии.

Рекомендации:

Поскольку судно классифицировано как танкер типа Hazard B (опасный груз категории B), необходимо строго соблюдать все протоколы безопасности при погрузке и разгрузке химических продуктов.

Рекомендуется отслеживать время простоя на якоре (в Мадре-де-Деус судно находилось на якоре более 4 суток), так как длительные периоды ожидания могут быть связаны с операционными задержками или спецификой логистики конкретного груза.

Резюме для менеджмента
Танкер SOUTHERN OWL (визуализирован в файле image_2320e3.jpg) является современным и активно эксплуатируемым активом. Судно эффективно задействовано в международных логистических цепочках по перевозке опасных грузов, следуя по маршруту в Сантос согласно установленным планам."
9660358,True,False,,True,,,unknown,,,,,,,,72412.0,,,40.03,8.2,Текущая осадка составляет 8.2 м.,,,,,,,,,,needs_review,"AMAZON VICTORY (IMO 9660358), выполненный по вашей структуре:

1. Технический скоринг
Тип актива: Танкер для перевозки сырой нефти и нефтепродуктов.

Технические параметры: Длина (LOA) составляет 228.00 м, ширина — 40.03 м.

Возраст: Судно 2014 года постройки.

Осадка: Текущая осадка составляет 8.2 м.

2. Операционная деятельность (Performance Insights)
Текущий статус: По состоянию на 4 июня 2026 года судно находится на якорной стоянке (At anchor).

Навигация: Танкер прибыл на якорную стоянку Сантоса (Santos Anch., Бразилия) 1 июня 2026 года.

Логистический профиль: Последним портом захода был Сан-Себастьян, Бразилия, который судно покинуло 31 мая 2026 года.

3. Анализ комплаенс-профиля и рыночного присутствия
Операционная история: Судно демонстрирует высокую интенсивность работы в бразильском регионе, имея в истории 49 портовых заходов, сфокусированных на портах Сантос и Сан-Себастьян.

Рекомендации:

Судно является крупнотоннажным танкером (DWT 72 412 т), что требует строгого контроля при проведении бункеровочных или перевалочных операций на якорной стоянке.

Рекомендуется отслеживать дальнейшие изменения статуса судна (переход от якорной стоянки к причалу), так как это указывает на готовность к погрузочно-разгрузочным работам.

Резюме для менеджмента
Танкер AMAZON VICTORY (визуализирован в файле image_2324c3.jpg) является стабильно работающим активом, активно задействованным в региональной логистике Бразилии. На данный момент судно находится на якорной стоянке в Сантосе в ожидании дальнейших операционных распоряжений."
9448322,True,False,,True,,,unknown,,,,,,,,,,,27.4,7.5,Текущая осадка составляет 7.5 м.,,,,,,,,,,needs_review,"VORIAS (IMO 9448322)
1. Технический скоринг

Тип актива: Танкер для перевозки химических и нефтепродуктов.

Технические параметры: Длина (LOA) составляет 183.00 м, ширина — 27.40 м.

Возраст: Судно 2009 года постройки.

Осадка: Текущая осадка составляет 7.5 м.

2. Операционная деятельность (Performance Insights)

Текущий статус: По состоянию на 4 июня 2026 года судно находится на ходу (Under way) со скоростью 10.9 узла.

Навигация: Танкер направляется в порт Сантос, Бразилия, с расчетным временем прибытия (ETA) 4 июня 2026 года.

Логистический профиль: Последним портом захода был Витория, Бразилия, который судно покинуло 2 июня 2026 года.

3. Анализ комплаенс-профиля и рыночного присутствия

Операционная история: Судно активно эксплуатируется в регионе Бразилии, совершив 47 заходов в порты, с высокой концентрацией активности в Сантосе и Витории.

Рекомендации:

Судно является специализированным танкером для химических и нефтепродуктов, что требует строгого соблюдения протоколов безопасности при грузовых операциях.

Рекомендуется продолжать мониторинг технического состояния для поддержания эксплуатационной эффективности актива.

Резюме для менеджмента
Танкер VORIAS (визуализирован в файле image_233347.jpg) является стабильно работающим активом, активно задействованным в региональной логистике Бразилии. Судно следует по намеченному маршруту в порт Сантос согласно графику."
9828211,True,False,,True,,,unknown,,,,,,,,,,,32.2,8.1,Текущая осадка составляет 8.1 м.,,,,,,,,,,needs_review,"BOW EXPLORER (IMO 9828211)
1. Технический скоринг

Тип актива: Танкер для перевозки химических и нефтепродуктов.

Технические параметры: Длина (LOA) составляет 182.88 м, ширина — 32.20 м.

Возраст: Судно 2020 года постройки.

Осадка: Текущая осадка составляет 8.1 м.

2. Операционная деятельность (Performance Insights)

Текущий статус: По состоянию на 4 июня 2026 года судно находится на ходу (Under way).

Навигация: Судно следует в Сантос, Бразилия.

Логистический профиль: Последним портом захода был Рио-Гранде, Бразилия, который судно покинуло 3 июня 2026 года.

3. Анализ комплаенс-профиля и рыночного присутствия

Операционная история: Судно демонстрирует высокую активность, имея в истории 40 портовых заходов, включая работу в портах США и Кореи.

Рекомендации:

Как современный танкер (2020 г.п.), судно обладает высокими эксплуатационными характеристиками, подходящими для международных перевозок нефтехимии.

Рекомендуется продолжать плановый технический мониторинг актива для поддержания его надежности.

Резюме для менеджмента
Танкер BOW EXPLORER (визуализирован в файле image_233704.jpg) является высокоэффективным активом, задействованным в международных логистических цепочках. Текущая навигация проходит в штатном режиме, судно движется к порту назначения в Бразилии."
9685396,True,False,,True,,,unknown,,,,,,,,,,,46.01,9.1,Текущая осадка судна составляет 9.1 м.,,,,,,,,,,needs_review,"RAQUEL KNUTSEN (IMO 9685396)
1. Технический скоринг

Тип актива: Танкер для перевозки сырой нефти (Crude Oil Tanker).

Технические параметры: Длина (LOA) составляет 276.62 м, ширина — 46.01 м.

Возраст: Построен в 2015 году.

Осадка: Текущая осадка судна составляет 9.1 м.

2. Операционная деятельность (Performance Insights)

Текущий статус: По состоянию на 4 июня 2026 года судно находится на ходу (Underway using Engine).

Навигация: Танкер направляется в Рио-де-Жанейро, Бразилия, с расчетным временем прибытия (ETA) 6 июня 2026 года.

Логистический профиль: Последним пунктом стоянки (на якорной стоянке) был Ангра-дус-Рейс, Бразилия, откуда судно вышло 30 мая 2026 года.

3. Анализ комплаенс-профиля и рыночного присутствия

Операционная история: Судно активно эксплуатируется в регионе Бразилии, выполняя регулярные заходы, связанные с обслуживанием инфраструктуры, такой как FPSO (плавучие установки для добычи, хранения и отгрузки нефти).

Рекомендации:

Учитывая специфику работы актива в обслуживании морских добывающих мощностей, рекомендуется поддерживать высокие стандарты навигационной безопасности в районе проведения погрузочных работ.

Актив демонстрирует стабильную работу, что позволяет оценивать его как надежную единицу флота в своем классе.

Резюме для менеджмента
Танкер RAQUEL KNUTSEN (визуализирован в файле image_238982.jpg) является специализированным активом, критически важным для работы с бразильскими FPSO. Текущий рейс проходит в штатном режиме, судно движется согласно графику к порту назначения."
9683697,True,False,,True,,,unknown,,,,,,,,,,,60.0,11.0,Текущая осадка составляет 11.0 м.,,,,,,,,,,needs_review,"Отчет по активу: VL PROSPERITY (IMO 9683697)
1. Технический скоринг

Тип актива: Танкер для перевозки сырой нефти (Crude Oil Tanker).

Технические параметры: Длина (LOA) составляет 333.00 м, ширина — 60.00 м.

Возраст: Построен в 2015 году.

Осадка: Текущая осадка составляет 11.0 м.

2. Операционная деятельность (Performance Insights)

Текущий статус: По состоянию на 4 июня 2026 года судно находится на ходу (Underway using Engine).

Навигация: Судно направляется в порт Сантос, Бразилия, с расчетным временем прибытия (ETA) 2 июня 2026 года.

Логистический профиль: Последним местом стоянки был Ангра-дус-Рейс, Бразилия, откуда судно вышло 1 июня 2026 года.

3. Анализ комплаенс-профиля и рыночного присутствия

Операционная история: Судно демонстрирует активность в международных логистических цепочках, имея в истории посещения портов Ирака и Южной Кореи.

Рекомендации:

Учитывая статус крупнотоннажного танкера, необходимо строгое соблюдение международных стандартов безопасности при транспортировке нефти.

Рекомендуется продолжать регулярный мониторинг технического состояния актива для поддержания его рыночной эффективности.

Резюме для менеджмента
Танкер VL PROSPERITY (визуализирован в файле image_238a78.jpg) является высокопроизводительным активом. Несмотря на указанное прошедшее расчетное время прибытия, судно продолжает движение и остается важным звеном в региональной логистике транспортировки нефти в Южной Америке."
9614050,True,False,,True,,,unknown,,,,,,,,322861.0,,,60.0,14.3,Текущая осадка составляет 14.3 м.,,,,,,,,,,needs_review,"XIN LIAN YANG (IMO 9614050)
1. Технический скоринг

Тип актива: Танкер для перевозки сырой нефти (Crude Oil Tanker).

Технические параметры: Длина (LOA) составляет 332.95 м, ширина — 60.00 м.

Возраст: Судно 2014 года постройки.

Осадка: Текущая осадка составляет 14.3 м.

2. Операционная деятельность (Performance Insights)

Текущий статус: По состоянию на 4 июня 2026 года судно находится на ходу (Underway using Engine) со скоростью 0.8 узла.

Навигация: Судно следует в район Сантос (SANTOS STS AREA), Бразилия, с расчетным временем прибытия (ETA), которое ранее указывалось как 29 мая 2026 года.

Логистический профиль: Последним пунктом стоянки (на якорной стоянке) был Ангра-дус-Рейс, Бразилия, откуда судно вышло 28 мая 2026 года.

3. Анализ комплаенс-профиля и рыночного присутствия

Операционная история: Судно активно эксплуатируется на международных маршрутах, включая заходы в порты Китая и Ирака.

Рекомендации:

Учитывая класс судна (крупнотоннажный танкер для сырой нефти), необходимо поддерживать строгие стандарты безопасности при транспортировке углеводородов.

Рекомендуется осуществлять регулярный мониторинг технического состояния для обеспечения эксплуатационной надежности актива.

Резюме для менеджмента
Танкер XIN LIAN YANG (визуализирован в файле image_238e52.jpg) является крупнотоннажным активом с высокой провозной способностью (DWT 322 861 т). Учитывая текущий статус навигации и историческую активность, судно продолжает оставаться востребованным участником международных логистических цепочек."
9727560,True,False,,True,,,unknown,,,,,,,,,,,27.4,10.4,Текущая осадка судна составляет 10.4 м.,,,,,,,,,,needs_review,"HAFNIA AZURITE (IMO 9727560)
1. Технический скоринг

Тип актива: Танкер для перевозки химических и нефтепродуктов.

Технические параметры: Длина (LOA) составляет 184.00 м, ширина — 27.40 м.

Возраст: Построен в 2015 году.

Осадка: Текущая осадка судна составляет 10.4 м.

2. Операционная деятельность (Performance Insights)

Текущий статус: По состоянию на 5 июня 2026 года судно находится на ходу (Under way).

Навигация: Судно следует в порт Арату (Aratu), Бразилия, с расчетным временем прибытия (ETA) 8 июня 2026 года.

Логистический профиль: Последним портом захода был Паранагуа, Бразилия, который судно покинуло 4 июня 2026 года.

3. Анализ комплаенс-профиля и рыночного присутствия

Операционная история: Судно активно эксплуатируется на международных маршрутах, включая заходы в порты Индии и Нидерландов.

Рекомендации:

Учитывая специализацию танкера на химических и нефтепродуктах, необходимо строгое соблюдение международных стандартов безопасности при проведении грузовых операций.

Рекомендуется поддерживать регулярный технический надзор для обеспечения операционной эффективности данного актива.

Резюме для менеджмента
Танкер HAFNIA AZURITE (визуализирован в файле image_2394e4.jpg) является надежным активом, задействованным в региональной и международной логистике. Стабильные показатели активности подтверждают его вовлеченность в важные торговые маршруты, а текущая навигация соответствует запланированному графику."
9288021,True,False,,True,,,unknown,,,,,,,,,,,32.2,12.3,Текущая осадка составляет 12.3 м.,,,,,,,,,,needs_review,"ADELE (IMO 9288021)
1. Технический скоринг

Тип актива: Танкер для перевозки химических и нефтепродуктов (классификация HAZ-B).

Технические параметры: Длина (LOA) судна составляет 183.00 м, ширина — 32.20 м.

Возраст: Построено в 2005 году.

Осадка: Текущая осадка составляет 12.3 м.

2. Операционная деятельность

Текущий статус: По состоянию на 5 июня 2026 года судно находится на ходу (Under way).

Навигация: Танкер следует в Кандлу, Индия, с расчетным временем прибытия (ETA) 2 июля 2026 года.

Логистический профиль: Последним портом захода был Паранагуа, Бразилия, откуда судно вышло 4 июня 2026 года.

3. Комплаенс и рыночное присутствие

Операционная история: Судно активно участвует в международных перевозках, посещая порты Китая и Бангладеш.

Рекомендации:

Учитывая статус HAZ-B, при выполнении грузовых операций необходимо строгое соблюдение протоколов безопасности для химических и нефтепродуктов.

Рекомендуется поддерживать регулярный контроль технического состояния актива для обеспечения его готовности к длительным морским переходам.

Резюме для менеджмента
Танкер ADELE (визуализирован в файле image_2398e1.jpg) является опытным активом, задействованным в долгосрочных международных логистических цепочках. Судно находится в рабочем состоянии и следует по намеченному маршруту в Индию согласно графику."
9760562,True,False,,True,,,unknown,,,,,,,,,,,28.2,7.0,Текущая осадка составляет 7.0 м.,,,,,,,,,,needs_review,"FANFARE (IMO 9760562)
1. Технический скоринг

Тип актива: Танкер для перевозки химических и нефтепродуктов.

Технические параметры: Длина (LOA) составляет 180.15 м, ширина — 28.20 м.

Возраст: Судно 2018 года постройки.

Осадка: Текущая осадка составляет 7.0 м.

2. Операционная деятельность (Performance Insights)

Текущий статус: По состоянию на 5 июня 2026 года судно находится на ходу (Under way).

Навигация: Судно направляется в порт Сантос, Бразилия, с расчетным временем прибытия (ETA) 5 июня 2026 года.

Логистический профиль: Последним пунктом выхода был порт Монтевидео, Уругвай, который судно покинуло 2 июня 2026 года.

3. Комплаенс и рыночное присутствие

Операционная история: Актив демонстрирует активную работу на международных рынках с историей заходов в порты Сингапура и Южной Кореи.

Рекомендации:

Судно относится к классу танкеров-химовозов, что требует соблюдения повышенных стандартов безопасности при транспортировке специализированных грузов.

Рекомендуется продолжать плановый мониторинг состояния судна для поддержания его эксплуатационной готовности.

Резюме для менеджмента
Танкер FANFARE (визуализирован в файле image_23a081.jpg) является стабильно эксплуатируемым активом, находящимся в процессе завершения текущего рейса в Сантос. Текущие параметры навигации соответствуют графику, а технические характеристики делают его надежным участником в логистических операциях данного класса."
9907706,True,False,,True,,,unknown,,,,,,,,,,,48.8,16.6,Текущая осадка составляет 16.6 м.,,,,,,,,,,needs_review,"EAGLE COLATINA (IMO 9907706)
1. Технический скоринг

Тип актива: Танкер для перевозки сырой нефти.

Технические параметры: Длина (LOA) составляет 278.12 м, ширина — 48.80 м.

Возраст: Судно 2022 года постройки.

Осадка: Текущая осадка составляет 16.6 м.

2. Операционная деятельность (Performance Insights)

Текущий статус: По состоянию на 4 июня 2026 года судно находится на ходу (Under way).

Навигация: Судно следует в Сан-Франсиску-ду-Сул, Бразилия, с расчетным временем прибытия (ETA) 4 июня 2026 года в 17:00.

Логистический профиль: Последним портом захода был Гебиг (Gebig), Бразилия, откуда судно вышло 31 мая 2026 года.

3. Комплаенс и рыночное присутствие

Операционная история: Актив демонстрирует высокую интенсивность эксплуатации (72 захода в порты) и активно работает в регионе Бразилии.

Рекомендации:

Учитывая статус современного танкера (2022 г.п.), судно обладает высокой степенью надежности.

Рекомендуется продолжать мониторинг технического состояния для поддержания эффективности в сегменте транспортировки сырой нефти.

Резюме для менеджмента
Танкер EAGLE COLATINA (визуализирован в файле image_23a880.jpg) является современным и высокопроизводительным активом. Стабильная операционная деятельность и технические характеристики подтверждают его значимую роль в логистических цепочках по транспортировке нефти в регионе."
9793868,True,False,,True,,,vessel,,,,,,,,,,184.93,28.0,10.4,Текущая осадка судна составляет 10.4 м.,,,,,,,,,,needs_review,"BANGLAR AGRADOOT (IMO 9793868)
1. Технический скоринг

Тип актива: Танкер для перевозки химических и нефтепродуктов.

Технические параметры: Длина (LOA) 184.93 м, ширина 28.00 м.

Возраст: Судно построено в 2019 году.

Осадка: Текущая осадка судна составляет 10.4 м.

2. Операционная деятельность (Performance Insights)

Текущий статус: По состоянию на 4 июня 2026 года судно находится на ходу (Under way).

Навигация: Судно следует в порт Паранагуа, Бразилия, с расчетным временем прибытия (ETA) 4 июня 2026 года.

Логистический профиль: Последним портом захода был Petrobras 75, Бразилия, откуда судно вышло 31 мая 2026 года.

3. Анализ комплаенс-профиля и рыночного присутствия

Операционная история: Судно активно эксплуатируется на международных маршрутах, имея в истории заходы в порты Сингапура и Индонезии.

Рекомендации:

Учитывая классификацию судна как танкера для химических и нефтепродуктов, необходимо строгое соблюдение международных протоколов безопасности при грузовых операциях.

Рекомендуется поддерживать регулярный технический надзор за состоянием актива для обеспечения его эксплуатационной надежности.

Резюме для менеджмента
Танкер BANGLAR AGRADOOT (визуализирован в файле image_24099c.jpg) является современным активом, задействованным в региональной логистике Южной Америки. Текущая навигация судна соответствует его операционным планам, а технические характеристики подтверждают его готовность к выполнению задач в порту назначения."
9935650,True,False,,True,,,unknown,,,,,,,,,,,48.0,9.7,Текущая осадка составляет 9.7 м.,,,,,,,,,,needs_review,"SEA CORAL (IMO 9935650)
1. Технический скоринг

Тип актива: Танкер для перевозки сырой нефти (Crude Oil Tanker).

Технические параметры: Длина (LOA) составляет 274.30 м, ширина — 48.00 м.

Возраст: Построен в 2022 году, что классифицирует его как современный актив.

Осадка: Текущая осадка составляет 9.7 м.

2. Операционная деятельность (Performance Insights)

Текущий статус: По состоянию на 3 июня 2026 года судно находится на ходу (Underway using Engine).

Навигация: Судно следует в регион Ангра-дус-Рейс (Angra dos Reis), Бразилия, с расчетным временем прибытия (ETA) 4 июня 2026 года.

Логистический профиль: Последним пунктом стоянки (якорная стоянка) был Ла-Палома, Уругвай, откуда судно вышло 1 июня 2026 года.

3. Анализ комплаенс-профиля и рыночного присутствия

Операционная история: Актив демонстрирует активность в глобальных логистических цепочках, включая заходы в порты Мадре-де-Деус и Сингапура.

Рекомендации:

Учитывая статус нового судна (2022 г.п.), актив обладает высокой степенью надежности.

Рекомендуется поддерживать высокий стандарт технического надзора для сохранения рыночной привлекательности актива в сегменте транспортировки сырой нефти.

Резюме для менеджмента
Танкер SEA CORAL (визуализирован в файле image_241821.jpg) является высокоэффективным и современным активом. Текущая осадка 9.7 м и график навигации подтверждают его активную вовлеченность в международную логистику. Риски, связанные с технической эксплуатацией, минимальны благодаря году постройки, что делает актив стратегически важной единицей флота."
9728722,True,False,,True,,,unknown,,,,,,,,,,,60.0,20.4,Текущая осадка составляет 20.4 м.,,,,,,,,,,needs_review,"FRONT HAWKE (IMO 9728722)
1. Технический скоринг

Тип актива: Танкер для перевозки сырой нефти (Crude Oil Tanker).

Технические параметры: Длина (LOA) составляет 332.97 м, ширина — 60.00 м.

Возраст: Построен в 2017 году.

Осадка: Текущая осадка составляет 20.4 м.

2. Операционная деятельность (Performance Insights)

Текущий статус: По состоянию на 4 июня 2026 года судно находится на ходу (Underway using Engine).

Навигация: Судно следует в порт Сан-Висенте, Чили, с расчетным временем прибытия (ETA) 15 июня 2026 года.

Логистический профиль: Последним пунктом стоянки (на якорной стоянке) был Ангра-дус-Рейс, Бразилия, откуда судно вышло 27 мая 2026 года.

3. Анализ комплаенс-профиля и рыночного присутствия

Операционная история: Судно демонстрирует активность в глобальных логистических цепочках, включая заходы в порты ОАЭ и Китая.

Рекомендации:

Учитывая класс судна (крупнотоннажный танкер), необходимо поддерживать строгие стандарты безопасности при транспортировке нефти.

Рекомендуется регулярный мониторинг технического состояния актива для обеспечения его долгосрочной операционной готовности.

Резюме для менеджмента
Танкер FRONT HAWKE (визуализирован в файле image_241cc3.jpg) является высокоэффективным активом, задействованным в международной логистике. Текущая навигация судна соответствует его операционным задачам, и актив продолжает оставаться важной единицей флота."
9777395,True,False,,True,,,vessel,,,,,,,,,,165.2,26.7,8.0,Текущая осадка составляет 8.0 м.,,,,,,,,,,needs_review,"BOW TITANIUM (IMO 9777395)
1. Технический скоринг

Тип актива: Танкер для перевозки химических и нефтепродуктов.

Технические параметры: Длина (LOA) 165.20 м, ширина 26.70 м.

Возраст: Судно 2018 года постройки.

Осадка: Текущая осадка составляет 8.0 м.

2. Операционная деятельность (Performance Insights)

Текущий статус: По состоянию на 4 июня 2026 года судно находится в статусе «Underway using Engine» (на ходу с использованием двигателя).

Навигация: Судно следует в порт Паранагуа, Бразилия, с расчетным временем прибытия (ETA) 5 июня 2026 года.

Логистический профиль: Последним портом захода был Сан-Лоренцо, Аргентина, откуда судно вышло 1 июня 2026 года.

3. Анализ комплаенс-профиля и рыночного присутствия

Операционная история: Судно активно эксплуатируется на международных маршрутах, включая заходы в порты Бразилии и Индии.

Рекомендации:

Учитывая тип судна, необходимо поддерживать высокий уровень безопасности при обработке химических грузов.

Рекомендуется проводить регулярный технический надзор для обеспечения операционной эффективности актива.

Резюме для менеджмента
Танкер BOW TITANIUM (визуализирован в файле image_247315.jpg) является надежным и современным активом, активно участвующим в региональной и международной логистике. Стабильные показатели активности подтверждают его вовлеченность в важные торговые маршруты Южной Америки."
9858577,True,False,,True,,,unknown,,,,,,,,,,,48.8,16.4,Текущая осадка судна составляет 16.4 м.,,,,,,,,,,needs_review,"EAGLE PARAISO (IMO 9858577)
1. Технический скоринг

Тип актива: Танкер для перевозки сырой нефти (Crude Oil Tanker).

Технические параметры: Длина (LOA) составляет 279.34 м, ширина — 48.80 м.

Возраст: Построен в 2020 году.

Осадка: Текущая осадка судна составляет 16.4 м.

2. Операционная деятельность (Performance Insights)

Текущий статус: По состоянию на 4 июня 2026 года судно находится в навигационном статусе «Underway» (на ходу).

Навигация: Судно следует в терминал Трамандаи (Tramandai), Бразилия, с расчетным временем прибытия (ETA) 3 июня 2026 года.

Логистический профиль: Последним портом захода был Порту-ду-Асу (Porto Du Acu), Бразилия, откуда судно вышло 28 мая 2026 года.

3. Анализ комплаенс-профиля и рыночного присутствия

Операционная история: Судно активно эксплуатируется на международных маршрутах с высокой частотой заходов в порты Бразилии.

Рекомендации:

Учитывая спецификацию танкера для сырой нефти, необходимо поддерживать строгие стандарты безопасности, соответствующие международным требованиям для данного класса судов.

Рекомендуется осуществлять регулярный мониторинг технического состояния актива для обеспечения эксплуатационной готовности.

Резюме для менеджмента
Танкер EAGLE PARAISO (визуализирован в файле image_247a57.jpg) является современным крупнотоннажным активом. Стабильная операционная активность в регионе Южной Америки подтверждает его вовлеченность в важные логистические цепочки по транспортировке углеводородов."
9654971,True,False,,True,,,unknown,,,,,,,,,,,19.0,5.5,Текущая осадка составляет 5.5 м.,,,,,,,,,,needs_review,"BESIKTAS GH (IMO 9654971)
1. Технический скоринг

Тип актива: Танкер для перевозки сжиженного нефтяного газа (LPG Tanker).

Технические параметры: Длина (LOA) составляет 123.00 м, ширина — 19.00 м.

Возраст: Построен в 2013 году.

Осадка: Текущая осадка составляет 5.5 м.

2. Операционный Due Diligence

Текущий статус: По состоянию на 4 июня 2026 года судно находится на ходу (Underway using Engine).

Навигация: Судно следует в Арату, Бразилия, с расчетным временем прибытия (ETA) 10 июня 2026 года.

Логистический профиль: Последним портом захода был Риу-Гранди, Бразилия, откуда судно вышло 4 июня 2026 года.

3. Комплаенс и рыночное присутствие

Операционная история: Судно активно эксплуатируется в региональных логистических цепочках, регулярно посещая порты Бразилии и Аргентины.

Рекомендации:

Учитывая спецификацию LPG-танкера, необходимо поддерживать строгие протоколы безопасности при погрузочно-разгрузочных работах.

Актив демонстрирует стабильную эксплуатационную активность, что подтверждается историей портовых заходов за 2026 год.

Резюме для менеджмента
Танкер BESIKTAS GH (визуализирован в файле image_247e99.jpg) является надежным специализированным активом, задействованным в региональной торговле сжиженным газом. Судно находится в рабочем состоянии и следует по заданному маршруту согласно графику."
9952127,True,False,,True,,,unknown,,,,,,,,,,,23.7,6.0,Текущая осадка составляет 6.0 м.,,,,,,,,,,needs_review,"(IMO 9952127)
1. Технический скоринг

Тип актива: Танкер для перевозки химических и нефтепродуктов (Chemical/Oil Products Tanker).

Технические параметры: Длина (LOA) составляет 145.53 м, ширина — 23.70 м.

Возраст: Судно 2022 года постройки, что относит его к новому поколению флота.

Осадка: Текущая осадка составляет 6.0 м.

2. Операционный Due Diligence

Текущий статус: По состоянию на 4 июня 2026 года судно находится на ходу (Underway using Engine).

Навигация: Судно следует в Сан-Лоренцо, Аргентина, с расчетным временем прибытия (ETA) 5 июня 2026 года.

Логистический профиль: Последним портом захода был Рио-де-Жанейро, Бразилия, откуда судно вышло 2 июня 2026 года.

3. Комплаенс и рыночное присутствие

Операционная история: Судно классифицировано как танкер категории HAZ-B и активно задействовано в региональных перевозках в Южной Америке, включая порты Бразилии и Аргентины.

Рекомендации:

Учитывая статус HAZ-B, эксплуатация должна осуществляться в строгом соответствии с протоколами безопасности для химических грузов.

Актив демонстрирует высокую интенсивность эксплуатации, характерную для современного специализированного танкерного флота.

Резюме для менеджмента
Танкер SARUS CRANE (визуализирован в файле image_249444.jpg) является современным активом с высокой эксплуатационной эффективностью. Учитывая недавнюю постройку (2022 г.), судно отвечает высоким стандартам безопасности и технической оснащенности, что подтверждается его текущей активностью в регионе."
9681845,True,False,,True,,,vessel,,,,,,,,45999.0,,183.0,32.2,12.6,Текущая осадка составляет 12.6 м.,,,,,,,,,,needs_review,"(IMO 9681845)
1. Технический скоринг

Тип актива: Химический/нефтепродуктовый танкер.

Технические параметры: Длина (LOA) 183.00 м, ширина 32.20 м, дедвейт (DWT) 45 999 т.

Возраст: Построен в 2014 году.

Осадка: Текущая осадка составляет 12.6 м.

2. Операционная деятельность (Performance Insights)

Текущий статус: По состоянию на 4 июня 2026 года судно находится на ходу (Underway using Engine).

Навигация: Судно следует в регион Рекалада (RECALADA PS ALPHA ZO), Уругвай, с расчетным временем прибытия (ETA) 5 июня 2026 года.

Логистический профиль: Последним портом захода был Корпус-Кристи, США, откуда судно вышло 15 мая 2026 года.

3. Анализ комплаенс-профиля и рыночного присутствия

Операционная история: Судно демонстрирует активность в глобальных логистических цепочках с заходами в порты Сингапура, Кореи и Индии.

Рекомендации:

Учитывая спецификацию актива как танкера для химических и нефтепродуктов, необходимо строгое соблюдение протоколов безопасности при работе с грузами.

Рекомендуется поддерживать высокий стандарт технического надзора для сохранения эксплуатационной готовности актива.

Резюме для менеджмента
Танкер HIGH VOYAGER (визуализирован в файле image_24f59f.jpg) является надежным активом, активно участвующим в международной логистике. Текущая осадка 12.6 м соответствует операционным задачам на данном маршруте. Стабильная активность и технические характеристики подтверждают готовность судна к выполнению задач в порту назначения."
9721401,True,False,,True,,,vessel,,,,,,,,95253.0,,294.9,46.4,10.2,Текущая осадка составляет 10.2 м.,,,,,,,,,,needs_review,"(IMO 9721401)
1. Технический скоринг

Тип актива: Танкер для перевозки сжиженного природного газа (LNG Tanker).

Технические параметры: Длина (LOA) 294.90 м, ширина 46.40 м, дедвейт (DWT) 95 253 т.

Возраст актива: Построен в 2017 году.

Осадка: Текущая осадка составляет 10.2 м.

2. Операционная деятельность (Performance Insights)

Текущий статус: По состоянию на 4 июня 2026 года судно находится в статусе «Underway using Engine» (на ходу с использованием двигателя).

Навигация: Судно следует в регион терминала Escobar LNG, Аргентина, с расчетным временем прибытия (ETA) 5 июня 2026 года.

Логистический профиль: Последним пунктом отправления был порт Пойнт-Фортин, Тринидад и Тобаго, откуда судно вышло 24 мая 2026 года.

3. Анализ комплаенс-профиля и рыночного присутствия

Операционная история: Судно активно вовлечено в международные логистические цепочки, включая заходы в порты США и Бразилии.

Рекомендации:

Учитывая тип судна (LNG Tanker), необходимо строгое соблюдение всех протоколов безопасности при транспортировке сжиженного газа.

Рекомендуется поддерживать высокий стандарт технического обслуживания для сохранения рыночной привлекательности актива, учитывая его возраст (2017 г.п.).

Резюме для менеджмента
Танкер SEAPEAK VANCOUVER (визуализирован в файле image_24fa17.jpg) является современным и эффективным активом, задействованным в стратегических поставках СПГ. Судно находится на штатном маршруте и приближается к месту назначения. Активы подобного класса обеспечивают высокую операционную надежность в текущем рыночном сегменте."
9934826,True,False,,True,,,vessel,,,,,,,,157747.0,,273.97,48.0,9.3,Текущая осадка составляет 9.3 м.,,,,,,,,,,needs_review,"(IMO 9934826)
1. Технический скоринг

Тип актива: Танкер для перевозки сырой нефти (Crude Oil Tanker).

Технические параметры: Длина (LOA) 273.97 м, ширина 48.00 м, дедвейт (DWT) 157 747 т.

Возраст: Построен в 2022 году, что классифицирует его как актив последнего поколения с высокой операционной надежностью.

Осадка: Текущая осадка составляет 9.3 м.

2. Операционная деятельность (Performance Insights)

Текущий статус: По состоянию на 4 июня 2026 года судно находится на ходу (Underway using Engine).

Навигация: Судно следует в регион Ла-Палома, Уругвай, с расчетным временем прибытия (ETA) 4 июня 2026 года.

Логистический профиль: Последним портом захода была якорная стоянка в Гибралтаре, откуда судно вышло 19 мая 2026 года.

3. Анализ комплаенс-профиля и рыночного присутствия

Операционная история: Судно демонстрирует активность в глобальных логистических цепочках, включая заходы в порты России (Новороссийск) и Италии (Омишаль).

Рекомендации:

Учитывая статус нового судна (2022 г.п.), актив обладает высокой степенью комплаенс-готовности.

Рекомендуется поддерживать высокий стандарт технического надзора для сохранения рыночной привлекательности актива в сегменте транспортировки сырой нефти.

Резюме для менеджмента
Танкер SEAGRACE (визуализирован в файле image_250541.jpg) является высокоэффективным и современным активом. Текущая осадка 9.3 м и график навигации подтверждают его активную вовлеченность в международную логистику. Риски, связанные с технической эксплуатацией, минимальны благодаря году постройки, что делает актив стратегически важной единицей флота."
9583732,True,False,,True,,,vessel,,,,,,,,319359.0,,333.0,60.0,20.2,Текущая осадка составляет 20.2 м.,,,,,,,,,,needs_review,"IMO 9583732)
1. Технический скоринг

Тип актива: Танкер для перевозки сырой нефти (Crude Oil Tanker).

Технические параметры: Длина (LOA) 333.00 м, ширина 60.00 м, дедвейт (DWT) 319 359 т.

Возраст актива: Построен в 2014 году.

Осадка: Текущая осадка составляет 20.2 м.

2. Операционная деятельность (Performance Insights)

Текущий статус: Судно находится в навигационном статусе «Underway using Engine».

Навигация: Следует в порт Нинбо, Китай, со скоростью 13.5 узлов. Расчетное время прибытия (ETA) — 11 июля 2026 года.

Логистический профиль: Последним портом захода был Порту-ду-Асу, Бразилия, откуда судно вышло 29 мая 2026 года.

3. Анализ комплаенс-профиля и рыночного присутствия

Операционная история: Судно активно эксплуатируется на международных маршрутах с заходами в порты Китая и Кореи.

Рекомендации:

Учитывая класс судна (VLCC/Crude Oil Tanker), необходимо поддерживать строгие стандарты безопасности, соответствующие международным требованиям для танкерного флота.

Рекомендуется осуществлять мониторинг технического состояния ввиду возраста актива (12 лет) для обеспечения бесперебойной работы в долгосрочной перспективе.

Резюме для менеджмента
Танкер ALMI HERCULES (визуализирован в файле image_255eb9.jpg) является крупнотоннажным активом, задействованным в стратегических перевозках сырой нефти. Текущий трансокеанский переход проходит в штатном режиме. Судно обладает высокой рыночной значимостью в своем сегменте, а стабильная операционная активность подтверждает его готовность к выполнению задач в порту назначения."
9414058,True,False,,True,,,vessel,,,,,,,,43593.0,,182.72,32.2,7.3,Текущая осадка составляет 7.3 м.,,,,,,,,,,needs_review,"(IMO 9414058)
1. Технический скоринг

Тип актива: Химический/нефтепродуктовый танкер.

Технические параметры: Длина (LOA) 182.72 м, ширина 32.20 м, дедвейт (DWT) 43 593 т.

Возраст: Построен в 2009 году.

Осадка: Текущая осадка составляет 7.3 м.

2. Операционный Due Diligence

Текущий статус: По состоянию на 4 июня 2026 года судно находится на ходу (Underway using Engine).

Навигация: Судно следует в регион Рекалада (Уругвай) с расчетным временем прибытия (ETA) 7 июня 2026 года.

Логистический профиль: Последним портом захода был Рамальо, Аргентина, откуда судно вышло 1 июня 2026 года.

3. Комплаенс и рыночное присутствие

Операционная история: Судно активно задействовано в международных логистических цепочках с заходами в порты США и Нидерландов.

Рекомендации:

Судно классифицировано как танкер категории HAZ-B, что требует строгого соблюдения протоколов безопасности при работе с химическими и нефтепродуктами.

Учитывая возраст актива (2009 г.п.), рекомендуется поддерживать высокий уровень технического надзора и инспекционного контроля.

Резюме для менеджмента
Танкер STOLT ISLAND (визуализирован в файле image_256316.jpg) является надежным активом, активно участвующим в региональной и международной логистике. Текущая осадка в 7.3 м находится в рамках штатных эксплуатационных параметров для данного класса судна. Актив стабильно выполняет операционные задачи и готов к заходу в порт назначения согласно графику."
9757711,True,False,,True,,,vessel,,,,,,,,156559.0,,284.32,48.9,9.6,Текущая осадка составляет 9.6 м.,,,,,,,,,,needs_review,"(IMO 9757711)
1. Технический скоринг

Тип актива: Танкер для перевозки сырой нефти (Crude Oil Tanker).

Технические параметры: Длина (LOA) 284.32 м, ширина 48.90 м, дедвейт (DWT) 156 559 т.

Возраст: Построен в 2016 году, что относит судно к средневозрастным активам с подтвержденной надежностью.

Осадка: Текущая осадка составляет 9.6 м.

2. Операционный Due Diligence

Текущий статус: По состоянию на 4 июня 2026 года судно находится в статусе «At Anchor» (на якоре).

Навигация: Судно следует в регион Ла-Палома (Уругвай) с расчетным временем прибытия (ETA) 3 июля 2026 года.

Логистический профиль: Последним местом выхода (ATD) был район якорной стоянки Ангра-дус-Рейс, Бразилия, 24 мая 2026 года. Ранее судно имело длительный период нахождения на якоре (более 79 дней) в период с февраля по май 2026 года.

3. Комплаенс и рыночное присутствие

Операционная история: Судно активно задействовано в региональных логистических цепочках Южной Америки, включая работу с FPSO (например, Cidade de Manga) и портовые терминалы Бразилии.

Рекомендации:

Учитывая периодические длительные стоянки на якоре, рекомендуется проведение регулярных инспекций подводной части корпуса и механизмов для поддержания эксплуатационной готовности.

Актив демонстрирует стабильную работу в сегменте транспортировки сырой нефти, что делает его предсказуемым участником рынка.

Резюме для менеджмента
Танкер TORDIS KNUTSEN (визуализирован в файле image_256a01.jpg) является крупнотоннажным активом с устойчивым профилем эксплуатации в водах Южной Америки. Текущая якорная стоянка является частью штатного операционного цикла. Судно соответствует стандартам своего класса, а риски, связанные с возрастом актива, компенсируются регулярным использованием в ключевых логистических узлах региона."
9850666,True,False,,True,,,vessel,,,,,,,,90625.0,,294.92,46.4,9.2,судна составляет 9.2 м.,,,,,),,,,,needs_review,"Идентификатор: IMO 9850666.

Класс: Танкер для перевозки сжиженного природного газа (LNG Tanker).

Технические параметры: Длина (LOA) 294.92 м, ширина 46.40 м, дедвейт (DWT) 90 625 т.

Возраст актива: Построен в 2020 году. Судно является современным активом, спроектированным с учетом высоких стандартов эффективности и безопасности в сегменте транспортировки СПГ.

2. Операционная деятельность (Performance Insights)

Текущий статус: По состоянию на 4 июня 2026 года судно находится в активном навигационном статусе (следует в пункт назначения).

Навигация: Судно следует в регион Causeway Boat Rental, США (USCAU), со скоростью 15.9 узлов.

Логистический профиль: Последним портом захода была якорная стоянка в Монтевидео (Уругвай), откуда судно вышло 4 июня 2026 года. Текущая осадка судна составляет 9.2 м.

3. Анализ комплаенс-профиля и рыночного присутствия

Операционная история: Судно задействовано в международных логистических цепочках с заходами в порты Малайзии и США.

Рекомендации:

Учитывая статус судна категории HAZ-D, необходимо обеспечить строгий контроль за соблюдением международных протоколов безопасности при работе с опасными грузами.

Рекомендуется поддерживать высокий стандарт технического надзора для сохранения рыночной привлекательности актива в сегменте LNG.

Резюме для менеджмента
Танкер BW MAGNOLIA (визуализирован в файле image_25725c.jpg) является высокоэффективным и современным активом. Высокая скорость навигации и трансокеанский маршрут подтверждают его активную вовлеченность в глобальную энергетическую логистику. Риски, связанные с технической эксплуатацией, минимизированы благодаря возрасту судна (2020 г.п.), что делает его стратегически важной единицей флота."
9953432,True,False,,True,,,vessel,,,,,,,,50113.0,,183.06,32.2,7.3,судна составляет 7.3 м.,,12.6,,,,,,,,needs_review,"Идентификатор: IMO 9953432.

Класс: Химический/нефтепродуктовый танкер (Chemical/Oil Products Tanker).

Технические параметры: Длина (LOA) 183.06 м, ширина 32.20 м, дедвейт (DWT) 50 113 т.

Возраст актива: Построен в 2023 году. Судно представляет собой современный актив последнего поколения, что обеспечивает высокую операционную надежность и соответствие новейшим экологическим и техническим стандартам.

2. Операционная деятельность (Performance Insights)

Текущий статус: По состоянию на 4 июня 2026 года судно находится в статусе «Underway using Engine» (на ходу с использованием двигателя).

Навигация: Судно следует в регион Рекалада (Уругвай), развивая скорость 12.6 узлов.

Логистический профиль: Последним портом захода был Сантос, Бразилия, откуда судно вышло 22 мая 2026 года. Осадка судна составляет 7.3 м.

3. Анализ комплаенс-профиля и рыночного присутствия

Операционная история: Судно демонстрирует активность в глобальных логистических цепочках, включая порты Приморска (Россия) и Паранагуа (Бразилия).

Рекомендации:

Учитывая статус нового судна (2023 г.п.), актив обладает высокой степенью комплаенс-готовности.

Рекомендуется поддерживать высокий стандарт технического надзора для сохранения рыночной привлекательности актива в сегменте транспортировки химических и нефтепродуктов.

Резюме для менеджмента
Танкер ATROTOS (визуализирован в файле image_25d7ee.jpg) является высокоэффективным и современным активом. Высокая скорость навигации и недавний переход из Бразилии подтверждают его активную вовлеченность в региональную логистику. Риски, связанные с технической эксплуатацией, минимальны благодаря году постройки, что делает актив стратегически важной единицей флота."
9508990,True,False,,True,,,vessel,,,,,,,,16647.0,,145.15,23.0,7.6,составляет 7.6 м.,,,,,,,,,,needs_review,"Идентификатор: IMO 9508990.

Класс: Танкер-химовоз/продуктовоз (Chemical/Oil Products Tanker).

Параметры: Длина (LOA) 145.15 м, ширина 23.00 м, дедвейт (DWT) 16 647 т.

Возраст актива: Построен в 2011 году. Судно находится в зрелой стадии эксплуатации, что требует планового контроля технического состояния для поддержания комплаенса с международными стандартами.

2. Операционная деятельность (Performance Insights)

Статус: По состоянию на 4 июня 2026 года судно находится в статусе «Moored» (пришвартовано) в Буэнос-Айресе, Аргентина.

Логистический статус: Судно прибыло в Буэнос-Айрес 3 июня 2026 года после выхода из порта Ла-Плата.

Характеристики навигации: Текущая осадка составляет 7.6 м.

3. Анализ комплаенс-профиля и рыночного присутствия

Операционная история: Судно демонстрирует высокую степень специализации на внутреннем рынке Аргентины, совершив 40 зафиксированных портовых заходов, включая регулярные операции в Ла-Плате.

Рекомендации:

Ввиду 15-летнего срока службы актива, рекомендуется проведение регулярных проверок Port State Control (PSC) для обеспечения непрерывности операционной деятельности и исключения риска задержек в портах.

Стабильная история эксплуатации с 2011 года подтверждает надежность данного актива в рамках региональных логистических цепочек.

Резюме для менеджмента
Танкер PUNTA MEDANOS (визуализирован в файле image_25e2fb.jpg) является стабильным и предсказуемым активом, задействованным в региональной логистике нефтепродуктов. Текущий статус швартовки является штатным. С точки зрения стратегического планирования, судно обладает достаточным ресурсом для выполнения текущих задач при условии соблюдения регламентов технического обслуживания и страховых требований."
9436410,True,False,,True,,,vessel,,,,,,,,16803.0,,144.0,22.6,7.8,составляет 7.8 м.,,,,,,,,,,needs_review,"Идентификатор: IMO 9436410.

Класс: Танкер-химовоз/продуктовоз (Chemical/Oil Products Tanker), категория HAZ-D.

Параметры: Длина (LOA) 144.00 м, ширина 22.60 м, дедвейт (DWT) 16 803 т.

Возраст актива: Построен в 2010 году. Судно находится в зрелой стадии своего жизненного цикла, что требует повышенного внимания к поддержанию эксплуатационных характеристик и соблюдению стандартов безопасности при работе с грузами категории HAZ-D.

2. Операционная деятельность (Performance Insights)

Статус: По состоянию на 4 июня 2026 года судно находится в статусе «Moored» (пришвартовано) в районе Буэнос-Айреса (Dock Sud), Аргентина.

Логистический статус: Судно прибыло в Буэнос-Айрес 31 мая 2026 года после выхода из якорной стоянки Ла-Плата.

Характеристики навигации: Текущая осадка составляет 7.8 м.

3. Анализ комплаенс-профиля и рыночного присутствия

Операционная история: Судно демонстрирует активную работу в аргентинском регионе (основные порты — Ла-Плата, Сан-Лоренсо, Буэнос-Айрес), совершив 47 зафиксированных портовых заходов.

Рекомендации:

Учитывая категорию опасного груза (HAZ-D), критически важным является непрерывный мониторинг соответствия судна международным конвенциям безопасности (SOLAS, MARPOL).

Принимая во внимание возраст судна (16 лет), рекомендуется проведение плановых инспекций состояния систем транспортировки и хранения грузов, чтобы минимизировать риски возникновения внештатных ситуаций.

История переименований судна (ранее LARSHOLMEN, HELLESPONT CRUSADER) подтверждает его активное использование в различных логистических цепочках.

Резюме для менеджмента
Танкер PAULINO C (визуализирован в файле image_25e99c.jpg) представляет собой надежный актив среднего тоннажа, плотно интегрированный в региональную логистику нефтепродуктов Аргентины. Текущая швартовка является штатным операционным событием. С точки зрения стратегического управления, актив демонстрирует высокую стабильность, однако требует жесткого контроля за соблюдением технических протоколов, соответствующих категории HAZ-D, для поддержания коммерческой привлекательности и страхового рейтинга."
9330771,True,False,,True,,,vessel,,,,,,,,,,144.09,24.19,9.6,составляет 9.6 м.,,,,,,,,,,needs_review,"Идентификатор: IMO 9330771.

Класс: Химический/нефтепродуктовый танкер (Chemical/Oil Products Tanker).

Параметры: Длина (LOA) 144.09 м, ширина 24.19 м.

Возраст актива: Построен в 2006 году. Это судно с длительным сроком эксплуатации, что требует тщательного мониторинга технического состояния для обеспечения комплаенса с международными стандартами безопасности.

2. Операционная деятельность (Performance Insights)

Статус: По состоянию на 4 июня 2026 года судно находится на якорной стоянке (At anchor).

Логистический статус: Последним пунктом захода была якорная стоянка Ла-Плата (Аргентина). Судно готовится к международному рейсу в Порт-Луи, Маврикий, с расчетным временем прибытия 25 июня 2026 года.

Характеристики навигации: Текущая осадка составляет 9.6 м.

3. Анализ комплаенс-профиля и рыночного присутствия

Операционная история: Судно демонстрирует активное использование в регионах Испании и Марокко (исторические порты захода), что указывает на значительный опыт работы на международных направлениях.

Рекомендации:

Ввиду возраста судна (20 лет), необходимо проведение регулярных проверок Port State Control (PSC) для предотвращения операционных задержек (detention) в портах назначения.

Анализ истории переименований актива (ранее носил названия STRINDA, MID FALCON, HOLMEN) подтверждает стабильную историю его эксплуатации в различных логистических цепочках.

Резюме для менеджмента
Танкер LILA EVIA (визуализирован в файле image_25f15c.jpg) является зрелым активом, находящимся в процессе подготовки к трансокеанскому переходу. Статус на якорной стоянке является штатным операционным процессом. Основной фокус внимания при принятии бизнес-решений должен быть направлен на соблюдение графиков технического обслуживания и подтверждение актуальности всех P&I и классификационных свидетельств, учитывая возраст судна."
9253753,True,False,9253753,True,,,vessel,,,,Танкер для перевозки нефтепродуктов (Oil Products Tanker).,,,,69554.0,,228.0,,8.2,58 исторических визитов,,,,,,,,,,needs_review,"IMO: 9253753.

Тип: Танкер для перевозки нефтепродуктов (Oil Products Tanker).

Технические параметры: Длина (LOA) 228.00 м, ширина (Beam) 32.20 м, дедвейт (DWT) 69 554 т.

Возраст актива: Построен в 2002 году. Данный актив относится к категории зрелого флота, что требует особого внимания к управлению техническими рисками и поддержанию эксплуатационной готовности в соответствии со стандартами безопасности.

2. Операционный анализ (Performance Insights)

Статус и навигация: Согласно данным AIS, судно находится в статусе «Underway using Engine» (на ходу с использованием двигателя). Текущая скорость составляет 4.3 узла, курс — 264°.

Логистика: Судно направляется в Рекаладу (Уругвай). Предыдущим пунктом навигации была якорная стоянка Баия-Бланка, Аргентина.

Рабочее состояние: Текущая осадка судна составляет 8.2 м. Высокая частота портовых заходов (58 исторических визитов) подтверждает интенсивную эксплуатацию судна в каботажных и региональных перевозках в зоне Аргентины и Чили.

3. Комплаенс и операционные риски

Региональный профиль: Актив глубоко интегрирован в логистику портов Буэнос-Айрес и Пуэрто-Росалес.

Рекомендация по Due Diligence: Учитывая возраст судна (24 года), при оценке актива необходимо учитывать повышенные требования к проверкам состояния корпуса и систем, а также возможные дополнительные расходы на P&I страхование и соответствие постоянно меняющимся экологическим стандартам в портах захода.

Резюме для менеджмента
Танкер CABO VIRGENES является надежным рабочим активом среднего сегмента, используемым для регулярных перевозок нефтепродуктов в регионе Южной Америки. Несмотря на зрелый возраст судна, его высокая интенсивность использования и предсказуемая логистическая модель свидетельствуют о стабильном операционном статусе. Основной риск при дальнейшем планировании связан с необходимостью долгосрочного контроля технического состояния актива для поддержания коммерческой эффективности."
9986049,True,False,9986049,True,,,vessel,,,,Танкер-химовоз/продуктовоз (Chemical/Oil Products Tanker).,,,,20799.0,,143.02,,5.9,Текущая осадка составляет 5.9 м.,,,,,Судно находится в регионе Восточного побережья Южной Америки,"Recalada, Уругвай",,,,needs_review,"IMO: 9986049.

Тип: Танкер-химовоз/продуктовоз (Chemical/Oil Products Tanker).

Технические параметры: Длина (LOA) 143.02 м, ширина (Beam) 23.70 м, дедвейт (DWT) 20 799 т.

Возраст актива: Судно 2024 года постройки. Это высокотехнологичный актив последнего поколения, характеризующийся максимальной надежностью и минимальными операционными рисками, связанными с техническим состоянием.

2. Операционный анализ (Performance Insights)

Статус: Согласно данным из файла image_2fd748.jpg, судно находится в статусе «At Anchor» (на якоре). Скорость судна составляет 0 узлов.

Локация: Судно находится в регионе Восточного побережья Южной Америки (Recalada, Уругвай).

Маршрутизация: Последним портом захода был Монтевидео (Уругвай), откуда судно вышло 2 июня 2026 года.

Осадка: Текущая осадка составляет 5.9 м.

3. Анализ комплаенс-профиля

Операционная стабильность: Высокая интенсивность работы (58 портовых заходов за исторический период) свидетельствует об активном использовании судна в региональной логистике.

Комплаенс: Учитывая статус нового судна (2024 г.п.), актив обладает высокой степенью комплаенс-готовности и соответствует самым современным международным стандартам безопасности.

Резюме для менеджмента
Танкер PHEASANT (см. визуализацию в файле image_2fd748.jpg) представляет собой современный и эффективный актив, задействованный в операциях по перевозке химических и нефтепродуктов. Текущий статус на якорной стоянке является штатным для данного региона. Благодаря году постройки (2024), судно является низкорисковым активом с минимальной вероятностью технических инцидентов, что делает его привлекательным для бесперебойных логистических операций."
1035052,True,False,1035052,True,,,vessel,,,,Танкер-химовоз/продуктовоз.,,,,50607.0,,183.0,32.0,8.1,"Текущая осадка составляет 8.1 м, что является штатным показателем для данного класса судна при навигации в речной системе.",,,,,,,,,,needs_review,"IMO: 1035052.

Тип: Танкер-химовоз/продуктовоз.

Технические параметры: Длина (LOA) 183.00 м, ширина 32.00 м, дедвейт (DWT) 50 607 т.

Возраст актива: Судно 2025 года постройки. Это новый актив с высоким уровнем надежности, что минимизирует эксплуатационные риски, связанные с износом оборудования.

2. Операционный анализ (Performance Insights)

Статус и навигация: Согласно данным из файла image_2fdbd9.jpg, судно находится в статусе «Underway using Engine» (на ходу с использованием двигателя). Скорость составляет 1.7 узла, курс 264°.

Маршрутизация: Актив совершает переход в регионе Восточного побережья Южной Америки, направляясь в Сан-Лоренсо, Аргентина. Последним местом стоянки была якорная стоянка Ла-Плата, откуда судно вышло 2 июня 2026 года в 07:53 UTC.

Осадка: Текущая осадка составляет 8.1 м, что является штатным показателем для данного класса судна при навигации в речной системе.

3. Анализ контрагентов и комплаенс

Сервисная экосистема: Операционная деятельность судна в регионе обеспечивается пулом локальных провайдеров, включая AVS Global Ship Supply, RVS SRL (ремонт) и ESL.

Комплаенс-профиль: Учитывая статус нового судна (2025 г.п.), актив обладает высокой степенью комплаенс-готовности.

Резюме для менеджмента
Судно CAPE BILBAO является современным высокоэффективным активом, задействованным в региональной логистике нефтепродуктов. Операционная активность судна характеризуется высокой динамикой заходов в порты Аргентины. С точки зрения управления рисками, новый год постройки и штатный статус навигации позволяют классифицировать данный актив как низкорисковый с точки зрения технического обслуживания и страхового покрытия."
9414058,True,False,9414058,True,,,vessel,,,,"Танкер для перевозки химических и нефтепродуктов (классификация HAZ-B, что указывает на перевозку опасных грузов категории B).",,,,43593.0,,182.72,,7.3,свидетельствует о частичной загрузке или нахождении судна в балласте.,,,,,— Recalada PS,Уругвай,,,,needs_review,"IMO: 9414058.

Тип: Танкер для перевозки химических и нефтепродуктов (классификация HAZ-B, что указывает на перевозку опасных грузов категории B).

Технические параметры: Длина (LOA) 182.72 м, ширина (Beam) 32.20 м, дедвейт (DWT) 43 593 т.

Возраст актива: 2009 год постройки. Судно находится в зрелой стадии жизненного цикла, требующей повышенного внимания к состоянию грузовых танков и систем безопасности при работе с грузами категории HAZ-B.

2. Операционный анализ (Performance Insights)

Маршрутизация: Судно вышло из порта Рамальо (Аргентина) 1 июня 2026 года. Пункт назначения — Recalada PS (Уругвай), расчетное время прибытия — 7 июня 2026 года.

Навигационный профиль: На 4 июня 2026 года судно находилось в движении со скоростью 6.1 узла (курс 100°). Текущая осадка 7.3 м свидетельствует о частичной загрузке или нахождении судна в балласте.

География активности: Судно демонстрирует глобальный операционный охват, включая заходы в порты США (Хьюстон) и Нидерландов (Роттердам), что подтверждает его востребованность на трансокеанских маршрутах.

3. Анализ комплаенс-профиля

Операционная стабильность: Высокая интенсивность работы (52 портовых захода) указывает на эффективную логистическую эксплуатацию актива.

Рекомендации:

Учитывая специфику класса (HAZ-B), необходимо обеспечить непрерывный мониторинг соответствия судна международным конвенциям безопасности (SOLAS, MARPOL).

Учитывая возраст судна (17 лет) и регулярную эксплуатацию в международных портах, рекомендуется провести проверку истории Port State Control (PSC) на предмет выявленных нарушений, чтобы избежать риска временной задержки (detention) в ключевых хабах.

Резюме для менеджмента:
Актив STOLT ISLAND (см. визуализацию в файле image_2fe269.jpg) является стабильной рабочей единицей в сегменте транспортировки опасных химических грузов. Судно демонстрирует предсказуемый операционный график. Основным риском остается соответствие жестким экологическим и техническим стандартам, характерным для работы с грузами категории HAZ-B."
8348006,True,False,8348006,True,,,vessel,,,,,,,,,,218.0,37.0,2.8,"критически низкий показатель для судна такого класса, что свидетельствует о состоянии в балласте или частичной загрузке.",,1.6,,,,,,,,needs_review,"IMO: 8348006.

Класс: Танкер (региональный, крупнотоннажный сегмент).

Габариты: LOA 218 м, Beam 37 м.

Риск-профиль актива: Судно построено в 1980-х годах (на основе IMO 8348006). Учитывая возраст, актив находится в категории «high-maintenance», требующей строгого контроля состояния корпуса и систем.

2. Операционный анализ (Performance Insights)

Статус и навигация: 4 июня 2026 года судно демонстрирует маневренную активность в портовой зоне Сан-Лоренсо. Скорость 1.6 узла при курсе 315° подтверждает выполнение швартовых операций или перешвартовку.

Трафик-модель: Интенсивный цикл «Port Stay» (заходы 2, 3 июня и предыдущие циклы) указывает на работу судна в режиме высокочастотного каботажа или челночного снабжения терминалов в эстуарии Рио-де-ла-Плата.

Осадка: 2.8 м — критически низкий показатель для судна такого класса, что свидетельствует о состоянии в балласте или частичной загрузке.

3. Анализ контрагентов и комплаенс

Сервисная экосистема: Судно обслуживается пулом локальных провайдеров (AVS Global, RVS SRL, Ecotec Fumigation), что является стандартной практикой для обеспечения операционной деятельности в портах Аргентины.

Рекомендация по комплаенс-мониторингу: Учитывая возраст актива и его постоянную ротацию в портах Аргентины, необходимо затребовать актуальные данные по PSC (Port State Control) инспекциям для исключения риска задержки судна (detention) и связанных с этим срывов логистических цепочек.

Резюме для менеджмента
Судно VALENTINA H выполняет функцию узлового актива внутрипортовой логистики в Сан-Лоренсо. Операционная деятельность стабильна. Основной фокус при принятии бизнес-решений должен быть направлен на технический Due Diligence ввиду почтенного возраста судна, который может влиять на страховые премии и стоимость фрахта. Данная аналитика базируется на текущем AIS-трекинге и исторических данных за последние 72 часа."
9451707,True,False,,True,,,vessel,,538008732,,,,,Маршалловы Острова (Marshall Islands).,,,183.0,,9.5,составляет 9.5 м.,,,,,Буэнос-Айрес,Зона Комун,,,,needs_review,"Идентификатор: IMO 9451707, MMSI 538008732.

Позывной сигнальной станции (Callsign): V7A2702.

Классификация: Химический/нефтепродуктовый танкер (Chemical/Oil Products Tanker).

Флаг: Маршалловы Острова (Marshall Islands).

Габариты: Конструктивная длина (LOA) — 183.00 м, ширина корпуса (Beam) — 32.20 м.

Тоннаж: Дедвейт (DWT) — 46 087 т, валовая вместимость (Gross Tonnage) — 29 155 GT.

Возраст: Построено в 2010 году. Судно эксплуатируется под наименованием SEA LEOPARD.

2. Оперативная обстановка (на 4 июня 2026 г.)
Текущая локация: Судно находится в регионе Южной Америки.

Статус навигации: На ходу с использованием главного двигателя (Underway using Engine).

Динамика: Скорость судна составляет 15.8 узла (в логах указывается 14.3 kn). Курс — 126°, истинный курс — 125°.

Хронология рейса: Танкер совершил выход из Petrobras 75, Бразилия, 4 июня 2026 года в 05:41 UTC. На данный момент судно следует в направлении Зона Комун (Буэнос-Айрес), ожидаемое время прибытия — 4 июня, 23:00 UTC.

Статус загрузки: Рабочая осадка составляет 9.5 м.

3. Анализ рисков и комплаенс-профиль
Операционная стратегия: Судно осуществляет международные перевозки нефтепродуктов, выполняя регулярные рейсы.

Интенсивность использования: Зафиксировано 88 портовых вызовов, что свидетельствует о высокой эксплуатационной активности.

Техническое состояние и комплаенс: Судно 2010 года постройки проходит регулярные освидетельствования. В порту назначения обслуживание обеспечивается местными агентами, такими как JOSE LUIS SAMPER SEPULVEDA S.L., FLORESALUD и A. Mateos & Sons.

Аналитическое резюме:
Химический/нефтепродуктовый танкер SEA LEOPARD (IMO 9451707) следует в пункт назначения Буэнос-Айрес (Зона Комун) после завершения операций в Бразилии. По состоянию на 4 июня 2026 года судно находится на ходу, придерживаясь установленного графика прибытия. Операционная деятельность проходит в штатном режиме, замечаний по комплаенс-профилю не выявлено."
9920069,True,False,,True,,,vessel,,563314300,,,,2022.0,Сингапур (Singapore).,,,157.03,,10.1,Draught,,,,,"— Санта-Марта, Колумбия",CO SMR,,,,needs_review,"Идентификатор: IMO 9920069, MMSI 563314300.

Позывной сигнальной станции (Callsign): 9V9200.

Классификация: Танкер-химовоз/продуктовоз (Chemical/Oil Products Tanker). По дедвейту относится к коммерческому классу Handy.

Флаг: Сингапур (Singapore).

Габариты: Конструктивная длина (LOA) — 157.03 м, ширина корпуса (Beam) — 28.00 м.

Тоннаж: Максимальный дедвейт (DWT) — 26 374 т, валовая вместимость (Gross Tonnage) — 18 287 GT.

Возраст: 2022 год постройки (4 года эксплуатации в текущем календарном году). Судно эксплуатируется под наименованием TAKAO GALAXY.

2. Оперативная обстановка (на 4 июня 2026 г.)
Текущая локация: Судно находится в регионе Восточного побережья Южной Америки, выполняя выход из эстуария.

Статус навигации: На ходу с использованием главного двигателя (Under way / Underway using Engine). Позиция получена 3 минуты назад.

Динамика: Текущая скорость судна составляет 9.5 узла (в текстовом логе указано 8.5 kn). Курс по приборам ИНС (Course) — 188°, истинный курс (True heading) — 166°.

Хронология рейса и прогнозируемое прибытие (ETA): Судно вышло из порта Сан-Лоренсо, Аргентина (AR SLO) 4 июня 2026 года в 00:48 UTC-3 (согласно телеметрии из image_304f63.jpg). Пункт назначения — Санта-Марта, Колумбия (CO SMR). Заявленное расчетное время прибытия (Reported ETA) установлено на 22 июня 2026 года в 12:00 UTC-5.

Статус загрузки: Рабочая осадка (Draught) составляет 10.1 м, что указывает на наличие груза.

3. Анализ рисков и комплаенс-профиль
Операционная стратегия: Судно совершает международный рейс из Аргентины в Колумбию. После завершения портовых операций в Сан-Лоренсо (порт-стей 1 день), танкер следует в северном направлении вдоль побережья.

Интенсивность использования: Профиль эксплуатации фиксирует 50 портовых вызовов. История визитов включает как американские порты (Хьюстон, Бейпорт), так и международные направления.

Техническое состояние и комплаенс: Судно является относительно новым (2022 г.п.), что снижает эксплуатационные риски. В порту назначения обслуживание обеспечивается рядом агентов и сюрвейерских компаний, таких как Boluda Towage, RIMORCHIATORI RIUNITI COLOMBIA SAS, JMP MARINE и Costa Nome Shipchandler. Юридическую поддержку осуществляют A.Mateos & Sons и JOSE LUIS SAMPER SEPULVEDA S.L..

Аналитическое резюме:
Танкер TAKAO GALAXY (IMO 9920069) под флагом Сингапура следует по маршруту из Аргентины в Колумбию. По состоянию на 4 июня 2026 года судно находится в статусе UNDERWAY USING ENGINE. Оперативная обстановка штатная, движение осуществляется в соответствии с графиком, предполагающим прибытие в Санта-Марту через 18 дней."
9908504,True,False,,True,,,vessel,,538009715,,,,2022.0,Маршалловы Острова (Marshall Islands).,,,184.94,,7.1,Draught,,12.6,,,,Matched destination,,,,needs_review,"Идентификатор: IMO 9908504, MMSI 538009715.

Позывной сигнальной станции (Callsign): V7A5077.

Классификация: Химический/нефтепродуктовый танкер (Chemical/Oil Products Tanker). По дедвейту судно относится к коммерческому классу MR (Medium Range).

Флаг: Маршалловы Острова (Marshall Islands).

Габариты: Конструктивная длина (LOA) — 184.94 м, ширина корпуса (Beam) — 32.00 м.

Тоннаж: Максимальный дедвейт (DWT) — 52 838 т, валовая вместимость (Gross Tonnage) — 30 560 GT.

Возраст: 2022 год постройки (4 года эксплуатации в текущем календарном году). Судно эксплуатируется под наименованием PS IMABARI.

2. Оперативная обстановка (на 4 июня 2026 г.)
Текущая локация: Согласно спутниковой телеметрии и интерфейсу ИНС из файла image_3053fd.jpg, танкер выполняет переход в регионе Восточного побережья Южной Америки.

Статус навигации: На ходу с использованием главного двигателя (Underway using Engine). Актуальность данных высокая: позиция получена 3 минуты назад.

Динамика: Скорость судна составляет 12.6 узла (в текстовом логе указано 12.7 kn). Курс по приборам ИНС (Course) составляет 139° (в предиктивной модели лога 139.4°). Истинный курс (True heading) — 140°, скорость разворота составляет -1°/мин.

Хронология рейса и прогнозируемое прибытие (ETA): Танкер вышел из порта Кампана, Аргентина (AR CMP) 4 июня 2026 года в 08:06 UTC (согласно панели ИНС, время выхода 05:49 UTC-3). Пункт назначения (Matched destination) — Буэнос-Айрес, Аргентина (терминал DOCK SUD). Заявленное расчетное время прибытия (Reported ETA) установлено на 5 июня 2026 года в 03:00 UTC-3 (в текстовом логе указано 06:00 UTC), что означает завершение рейса в ближайшие 14 часов.

Статус загрузки: Рабочая осадка (Draught) составляет 7.1 м, что соответствует текущим условиям навигации в речной системе.

3. Анализ рисков и комплаенс-профиль
Операционная стратегия: Судно выполняет короткий каботажный рейс между терминалами аргентинского эстуария. Стабильная скорость 12.6 узла и курс 139° подтверждают штатный характер движения к порту приписки DOCK SUD.

Интенсивность использования: Профиль эксплуатации фиксирует 27 портовых вызовов. История визитов включает как локальные порты Аргентины, так и международные направления (Хьюстон, США).

Техническое состояние и комплаенс: Судно является новым (2022 г.п.), что минимизирует риски технических неисправностей. Юридическое сопровождение и снабжение обеспечиваются сетью контрагентов, включая AVS Global Ship Supply And Catering, Reinke Abogados и B2B MARITIME S.A.. Санкции или юридические споры отсутствуют.

Аналитическое резюме:
Современный танкер-продуктовоз PS IMABARI (IMO 9908504) под флагом Маршалловых Островов следует в порт Буэнос-Айрес (терминал Dock Sud). Состояние на 4 июня 2026 года штатное: судно находится в статусе UNDERWAY USING ENGINE, расчетный приход — 5 июня 2026 года утром. Операционная ситуация полностью контролируема."
9395991,True,False,,True,,,vessel,,248791000,,,,2010.0,Мальта (Malta). Судно оперирует под одним из ведущих международных открытых регистров.,,,144.05,,5.4,Draught,,,,,Согласно спутниковой телеметрии и интерфейсу ИНС из файла image_305ee6,,,,,needs_review,"Идентификатор: IMO 9395991, MMSI 248791000.

Позывной сигнальной станции (Callsign): 9HA2516.

Классификация: Химический/нефтепродуктовый танкер (Chemical/Oil Products Tanker). По дедвейту относится к коммерческому классу Handy / Coastal Tanker. Спутниковый интерфейс ИНС в файле image_305ee6.jpg подтверждает детальный тип как Oil/Chemical Tanker, отображая объект в общей навигационной категории Tanker.

Флаг: Мальта (Malta). Судно оперирует под одним из ведущих международных открытых регистров.

Габариты: Конструктивная длина (LOA) — 144.05 м, ширина корпуса (Beam) — 23.04 м. В упрощенном логе габариты указаны как 144 / 23 м.

Тоннаж: Максимальный дедвейт (DWT) — 16 971 т, валовая вместимость (Gross Tonnage) — 12 137 GT.

Возраст: 2010 год постройки (16 лет эксплуатации в текущем календарном году). Судно сошло со стапелей в сентябре 2010 года под наименованием CT LIMERICK, а с октября 2010 года работает под текущим именем — AYANE.

2. Оперативная обстановка (на 4 июня 2026 г.)
Текущая локация: Согласно спутниковой телеметрии и интерфейсу ИНС из файла image_305ee6.jpg, танкер ошвартован в порту Буэнос-Айрес, Аргентина.

Статус навигации: Ошвартован (Moored). Данный статус подтверждается актуальной навигационной панелью в image_305ee6.jpg, позиция получена 3 минуты назад.

Динамика: Скорость судна составляет 0 узлов (0 kn). Курс по приборам ИНС (Course) — 196°. Датчик истинного курса (True heading) показывает 266°, скорость разворота составляет 0°/мин.

Хронология рейса и прибытие (ATA): Судно прибыло в порт Буэнос-Айрес, Аргентина (AR BUE) 30 мая 2026 года в 11:20 UTC. Рейс выполнялся из порта Сан-Лоренсо, откуда танкер вышел 28 мая 2026 года в 22:54 UTC-3.

Статус загрузки: Рабочая осадка (Draught) составляет 5.4 м. Это значение указывает на то, что судно либо находится в балласте, либо частично загружено, что характерно для каботажных операций в речном эстуарии.

3. Анализ рисков и комплаенс-профиль
Операционная стратегия: Танкер обеспечивает логистику нефтепродуктов в каботажном сегменте эстуария Рио-де-ла-Плата. Текущая ошвартовка в Буэнос-Айресе является завершением цикла переходов между терминалами Сан-Лоренсо и Ла-Плата.

Интенсивность использования: Профиль эксплуатации фиксирует высокую активность — 59 портовых вызовов за отчетный цикл, с четкой географической привязкой к портам Аргентины и Уругвая.

Техническое состояние и комплаенс: Судно находится в эксплуатации 16 лет. Комплаенс-профиль под флагом Мальты стабилен, санкций или юридических споров не зафиксировано. Обслуживание судна в порту обеспечивается широким спектром контрагентов, включая AVS Global Ship Supply And Catering, Reinke Abogados (правовое сопровождение), B2B MARITIME S.A., TNA (ремонт) и UGS (транспортная логистика).

Аналитическое резюме:
Химический/нефтепродуктовый танкер AYANE (IMO 9395991) под флагом Мальты находится в ошвартованном состоянии в порту Буэнос-Айрес, Аргентина. Судно прибыло 30 мая 2026 года и продолжает выполнение коммерческих операций. Техническое состояние соответствует штатным требованиям для каботажного флота данного класса."
9793375,True,False,,True,,,vessel,,563022700,,,,2017.0,Сингапур (Singapore). Судно оперирует под флагом одного из наиболее авторитетных и строгих международных регистров из «белого списка» Токийского и Парижского меморандумов.,,,183.07,,10.5,Draught,,,,,по AIS на панели image_306302,Matched destination,,,,needs_review,"Идентификатор: IMO 9793375, MMSI 563022700.

Позывной сигнальной станции (Callsign): 9V5083.

Классификация: Химический/нефтепродуктовый танкер (Chemical/Oil Products Tanker). По дедвейту относится к коммерческому сегменту MR (Medium Range) / Handymax. Спутниковый интерфейс ИНС в файле image_306302.jpg верифицирует точный тип судна как Oil/Chemical Tanker, отображая объект в общей навигационной категории Tanker.

Флаг: Сингапур (Singapore). Судно оперирует под флагом одного из наиболее авторитетных и строгих международных регистров из «белого списка» Токийского и Парижского меморандумов.

Габариты: Конструктивная длина (LOA) — 183.07 м, ширина корпуса (Beam) — 32.20 м. Спутниковый интерфейс ИНС на image_306302.jpg полностью подтверждает данные параметры. В упрощенном текстовом логе габариты округлены до 183 / 32 м.

Тоннаж: Максимальный дедвейт (DWT) — 49 972 т, валовая вместимость (Gross Tonnage) — 29 766 GT.

Возраст: 2017 год постройки (9 лет эксплуатации в текущем календарном году). Согласно регистрационным данным, танкер сошел со стапелей в июне 2017 года и на протяжении всей коммерческой деятельности стабильно работает под своим первоначальным именем — ORIENT CHALLENGE.

2. Оперативная обстановка (на 4 июня 2026 г.)
Текущая локация: Согласно спутниковой телеметрии и интерфейсу ИНС из файла image_306302.jpg, среднетоннажный танкер завершил операции в речной системе Парана и находится в географическом регионе Восточного побережья Южной Америки (East Coast South America).

Статус навигации: На ходу с использованием главного двигателя (Under way / Underway using Engine). Телеметрия ИНС является максимально свежей — стаж позиции в текстовом логе составляет 0 минут, а интерфейсная сводка на image_306302.jpg сообщает «reported 1 minute ago» (в панели AIS — «2 mins ago»).

Динамика: Текущая путевая скорость судна составляет 10.8 узла (10.8 kn). Курс по приборам ИНС (Course) зафиксирован на отметке 108° (в предиктивной модели текстового лога приводится путевой угол 109.4°). Датчик истинного курса (True heading) показывает положение корпуса на отметке 108°, скорость разворота (Rate of turn) составляет 1°/мин вправо.

Хронология рейса и прогнозируемое прибытие (ETA): Объявленный пункт назначения по AIS на панели image_306302.jpg — BRPNG. В системе ИНС в качестве сопоставленной точки назначения (Matched destination) верифицирован глубоководный порт Паранагуа, Бразилия (Paranagua, BRAZIL). Танкер выполняет международный переход из Аргентины; в качестве точки отправления интерфейс image_306302.jpg указывает речной терминал Эскобар (AR BDE), откуда судно вышло 4 июня 2026 года в 08:35 UTC-3 (текстовый лог фиксирует предшествующий выход с якорной стоянки Сан-Лоренсо от 31 мая в 15:00 UTC). Заявленное экипажем расчетное время прибытия (Reported ETA) установлено на 5 июня 2026 года в 18:00 UTC-3 (в текстовом логе указано значение 21:00 UTC). До завершения рейса остается 1 день.

Статус загрузки: Текущая рабочая осадка (Draught) составляет 10.5 м. Данный параметр полностью подтверждается интерфейсом image_306302.jpg и свидетельствует о нахождении судна в груженом состоянии.

3. Анализ рисков и комплаенс-профиль
Операционная стратегия: Танкер класса MR выполняет экспортный рейс по доставке наливной химии или нефтепродуктов из аргентинского речного кластера в бразильский распределительный хаб Паранагуа. Выход на восточный курс 108° со скоростью 10.8 узла указывает на штатное прохождение фарватера эстуария Рио-де-ла-Плата в направлении открытого океана. Незначительное изменение путевого угла (скорость разворота 1°/мин) обусловлено стандартным удержанием судна на осевой линии навигационного коридора. Осадка 10.5 м является близкой к максимальной для судов такого класса, что подтверждает высокую коммерческую эффективность текущего кругорейса.

Интенсивность использования: Профиль эксплуатации фиксирует умеренно-высокую интенсивность работы — 30 портовых вызовов за отчетный цикл. Историческая география визитов имеет международный характер с регулярными трансатлантическими и межамериканскими переходами, включая заходы в Хьюстон (США) и Прогресо (Мексика). Конец мая 2026 года судно провело в интенсивных маневрах по речной системе реки Парана: серия портовых стоянок 27–28 мая (23 часа) и 29–31 мая (2 дня 3 часа), перемежавшаяся короткими удержаниями на якоре (49 минут и финальные 10 часов 18 минут на рейде Сан-Лоренсо перед переходом к Эскобару). Оперативное получение спутниковых данных со стажем в 0–1 минуту полностью нивелирует риски потери контроля над активом в узкостях.

Техническое состояние и комплаенс: 9-летний операционный возраст относит судно к категории зрелого, но конструктивно надежного флота (modern-vintage), прошедшего промежуточные доковые освидетельствования. Комплаенс-профиль под флагом Сингапура безупречен, международные санкции, юридические аресты или экологические претензии к активу отсутствуют. В порту назначения обслуживание судна готово к обеспечению местными морскими агентами и сервисными компаниями, включая AMG - Agência Marítima Granel, Cranave Maritime, AVS Global Ship Supply And Catering, CARGONAVE Group, Reinke Advogados (юридическое сопровождение) и B2B MARITIME S.A.

Аналитическое резюме:
Сингапурский танкер-продуктовоз класса MR ORIENT CHALLENGE (IMO 9793375) успешно вышел из речной системы Аргентины и выполняет международный переход в Бразилию. По состоянию на 4 июня 2026 года борт находится в навигационном статусе UNDERWAY USING ENGINE на стабильном курсе 108° со скоростью 10.8 kn в груженом состоянии (рабочая осадка 10.5 м). Движение полностью контролируется спутниковыми системами ИНС. Прибытие в порт Паранагуа (BR PNG) ожидается строго по графику — 5 июня 2026 года около 18:00–21:00 UTC. Навигационные аномалии или комплаенс-риски не обнаружены."
9444833,True,False,,True,,,vessel,,701131000,,,,2008.0,"Аргентина (Argentina). Судно оперирует под национальным флагом, обеспечивая распределение нефтепродуктов во внутренних водных путях региона.",,,134.85,,5.0,Draught,,,,,по AIS на панели image_30c021,,,,,needs_review,"Идентификатор: IMO 9444833, MMSI 701131000.

Позывной сигнальной станции (Callsign): LW3703.

Классификация: Танкер-продуктовоз (Oil Products Tanker). По дедвейту относится к малотоннажному каботажному классу Coastal Tanker. Спутниковая панель ИНС в файле image_30c021.jpg подтверждает детальный тип как Oil Products Tanker, отображая объект в общей навигационной категории Tanker.

Флаг: Аргентина (Argentina). Судно оперирует под национальным флагом, обеспечивая распределение нефтепродуктов во внутренних водных путях региона.

Габариты: Конструктивная длина (LOA) — 134.85 м, ширина корпуса (Beam) — 22.00 м. Спутниковый интерфейс ИНС на image_30c021.jpg полностью подтверждает эти параметры. В упрощенном текстовом логе габариты округлены до 135 / 22 м.

Тоннаж: Максимальный дедвейт (DWT) — 12 000 т, валовая вместимость (Gross Tonnage) — 8 479 GT.

Возраст: 2008 год постройки (18 лет эксплуатации в текущем календарном году). Танкер сошел со стапелей в мае 2008 года и на протяжении всей коммерческой деятельности стабильно работает под первоначальным именем — ESTEFANIA H.

2. Оперативная обстановка (на 4 июня 2026 г.)
Текущая локация: Согласно спутниковой телеметрии и интерфейсу ИНС из файла image_30c021.jpg, малотоннажный танкер находится в географическом регионе Восточного побережья Южной Америки (East Coast South America).

Статус навигации: На якоре (At Anchor / At anchor). Телеметрия ИНС является максимально актуальной — стаж позиции в текстовом логе составляет 0 минут, а интерфейсная сводка на image_30c021.jpg сообщает «reported 2 minutes ago» (в панели AIS — «3 mins ago»).

Динамика: Текущая путевая скорость судна составляет 0.1 узла (0.1 kn). Курс по приборам ИНС (Course) зафиксирован на отметке 164° (в предиктивной модели текстового лога приводится путевой угол 164.1°). Датчик истинного курса (True heading) показывает положение корпуса на отметке 339°, скорость разворота (Rate of turn) составляет 0°/мин.

Хронология рейса и фактическое прибытие (ATA): Навигационный манифест фиксирует официальный статус прибытия судна на рейд. Танкер успешно завершил переход и встал на якорную стоянку Зона Комун, Аргентина (Zona Comun Anch. / AR ZCA) 28 мая 2026 года в 22:56 UTC-3 (в текстовом логе указана смежная рейдовая локация La Plata Anch. с ATA от 29 мая 02:05 UTC, что отражает границы единого якорного района Ла-Платы). В качестве точки отправления интерфейс image_30c021.jpg указывает речной порт Сарате (AR ZAE), откуда судно вышло 28 мая 2026 года в 15:46 UTC-3. Заявленное экипажем расчетное время (Reported ETA) изначально выставлялось на 28 мая в 17:00 UTC-3 (в текстовом логе приведено значение 20:00). Объявленный пункт назначения по AIS на панели image_30c021.jpg — ZONA COMUN. Борт удерживает якорную стоянку на протяжении последних 7 дней.

Статус загрузки: Текущая рабочая осадка (Draught) составляет 5.0 м. Данный параметр полностью подтверждается интерфейсом image_30c021.jpg. Для судна с максимальным дедвейтом 12 000 тонн осадка 5.0 м свидетельствует о нахождении в балласте или с минимальным остатком нефтепродуктов в танках.

3. Анализ рисков и комплаенс-профиль
Операционная стратегия: Танкер прибрежного плавания выполнил короткий речной переход из Сарате к ключевому рейдовому хабу Зона Комун (Ла-Плата). Постановка на длительную якорную стоянку (7 суток) в балластном состоянии (осадка 5.0 м) является стандартной практикой ожидания спотового фрахта, разнарядки на загрузку или прохождения планового снабжения на рейде. Разворот корпуса (истинный курс 339° при путевом угле 164°) вызван воздействием речного течения эстуария и ветра на якорной цепи.

Интенсивность использования: Профиль эксплуатации фиксирует умеренную интенсивность работы на локальном рынке — 25 портовых вызовов за отчетный цикл. Историческая география визитов строго ограничена речной и прибрежной системой Аргентины и Уругвая с фокусом на порты Буэнос-Айрес и Кампана. График стоянок показывает склонность оператора к длительному удержанию судна на якоре: в апреле-мае борт провел на рейде 35 суток непрерывно (с 14 апреля по 19 мая), после чего выполнил короткую портовую сессию (1 день 22 часа), снова ушел на якорь на 4 дня 23 часа и отработал еще одну короткую портовую сессию с 27 по 28 мая (1 день 13 часов). Получение телеметрии со стажем менее 3 минут гарантирует тотальный контроль за положением судна на рейде.

Техническое состояние и комплаенс: 18-летний операционный возраст относит судно к категории зрелого каботажного флота. Работа в пресноводных и эстуарных условиях снижает коррозийный износ по сравнению с океанскими судами, однако внутренний технический надзор Аргентины требует регулярного контроля систем зачистки танков и донно-забортной арматуры. Комплаенс-профиль чист, международные санкции или аресты отсутствуют, юридические обременения на активе не зафиксированы.

Аналитическое резюме:
Аргентинский каботажный танкер-продуктовоз ESTEFANIA H (IMO 9444833) завершил переход из речного порта Сарате. По состоянию на 4

июня 2026 года борт находится в навигационном статусе AT ANCHOR на якорной стоянке Зона Комун / Ла-Плата в балласте (рабочая осадка 5.0 м). Борт ожидает коммерческих распоряжений, оперативная ситуация полностью штатная, позиция непрерывно транслируется в систему ИНС."
9253753,True,False,,True,,,vessel,,701106000,,,,2002.0,Аргентина (Argentina). Актив зарегистрирован в национальном судовом реестре и работает под флагом южноамериканского государства.,,,228.0,,8.2,Draught,,,,,по AIS на панели image_30cee6,Matched destination,,,,needs_review,"Идентификатор: IMO 9253753, MMSI 701106000.

Позывной сигнальной станции (Callsign): LW3100.

Классификация: Танкер-продуктовоз (Oil Products Tanker). По дедвейту относится к коммерческому классу Panamax (в сегменте продуктовозов LR1). Спутниковый интерфейс ИНС в файле image_30cee6.jpg подтверждает детальный тип судна как Oil Products Tanker, классифицируя его в общей группе Tanker.

Флаг: Аргентина (Argentina). Актив зарегистрирован в национальном судовом реестре и работает под флагом южноамериканского государства.

Габариты: Конструктивная длина (LOA) — 228.00 м, ширина корпуса (Beam) — 32.20 м. Спутниковый интерфейс ИНС на image_30cee6.jpg верифицирует данные параметры (длина указана как 228 м, ширина — 32 м).

Тоннаж: Максимальный дедвейт (DWT) — 69 554 т, валовая вместимость (Gross Tonnage) — 40 456 GT.

Возраст: 2002 год постройки (24 года эксплуатации в текущем календарном году). Танкер относится к категории зрелого флота, эксплуатируясь под своим бессменным коммерческим наименованием — CABO VIRGENES.

2. Оперативная обстановка (на 4 июня 2026 г.)
Текущая локация: Согласно спутниковой телеметрии и интерфейсу ИНС из файла image_30cee6.jpg, танкер выполняет каботажный рейс и находится в географическом регионе Восточного побережья Южной Америки (East Coast South America).

Статус навигации: На ходу с использованием главного двигателя (Underway using Engine / Under way). Навигационные приборы фиксируют актуальное получение позиции судна — стаж сигнала в текстовом логе составляет 0 минут, а на приборной панели image_30cee6.jpg обновление зафиксировано со свежим стажем в 4 минуты.

Динамика: Текущая путевая скорость судна составляет 12.8 узла (12.8 kn). Курс по приборам ИНС (Course) составляет 274° (в предиктивной модели текстового лога приводится путевой угол 277.1°). Датчик истинного курса (True heading) показывает положение корпуса на отметке 275°, скорость разворота (Rate of turn) составляет 0°/мин.

Хронология рейса и прогнозируемое прибытие (ETA): Объявленный пункт назначения по AIS на панели image_30cee6.jpg — RECALADA. В системе ИНС в качестве сопоставленной точки назначения (Matched destination) верифицирована ключевая лоцманская станция Рекалада, Уругвай (Recalada, URUGUAY), являющаяся «воротами» в речную систему эстуария Рио-де-ла-Плата. Танкер вышел из порта отправления Пуэрто-Росалес, Аргентина (AR PRS) 2 июня 2026 года в 15:24 UTC-3 (текстовый лог фиксирует более ранний выход с промежуточной якорной стоянки Баия-Бланка от 1 июня в 16:12 UTC). Заявленное экипажем расчетное время прибытия (Reported ETA) установлено на 4 июня 2026 года в 05:00 UTC-3 (в текстовом логе приведено значение 08:00 UTC). На текущий момент судно находится на финальной стадии захода в зону лоцманской проводки.

Статус загрузки: Текущая рабочая осадка (Draught) составляет 8.2 м. Учитывая максимальные возможности дедвейта Panamax-класса, осадка 8.2 м свидетельствует о частичной загрузке танков нефтепродуктами, что рассчитано под портовые и навигационные ограничения глубин на речных терминалах бассейна.

3. Анализ рисков и комплаенс-профиль
Операционная стратегия: Танкер обеспечивает стабильный каботажный грузопоток в Южноамериканском регионе, выполняя переход из нефтеналивного узла Пуэрто-Росалес к распределительной лоцманской станции Рекалада. Уверенный западный курс 274° / 275° со скоростью 12.8 узла указывает на штатное завершение мелководного океанского плеча перед входом в фарватер эстуария. Нулевая скорость разворота подтверждает стабильное удержание траектории.

Интенсивность использования: Профиль эксплуатации фиксирует чрезвычайно высокую коммерческую активность на локальном рынке — 58 портовых вызовов за отчетный цикл. Исторический трек судна полностью замкнут на операциях в Аргентине и Чили, с регулярными заходами в порты Буэнос-Айрес и Пуэрто-Росалес. В конце мая 2026 года борт прошел интенсивный цикл обслуживания: двухдневная портовая сессия (с 28 по 30 мая), короткие выходы на якорные стоянки Баия-Бланка (1 день 6 часов и 6 часов 59 минут) и финальная быстрая стоянка на якоре перед выходом в текущий рейс (1 час 51 минута).

Техническое состояние и комплаенс: 24-летний операционный возраст судна переводит его в категорию «возрастного» (vintage) флота. Для танкеров такого возраста критически важным является строгое соблюдение графиков освидетельствования корпуса и грузовых систем во избежание усталостных деформаций металла. Однако, учитывая постоянное оперирование в закрытом внутреннем/каботажном регионе и работу под аргентинским флагом, судно полностью адаптировано к местным надзорным требованиям. Международные санкции отсутствуют, текущее обслуживание в эстуарии обеспечивается локальным судовладельцем и оператором Fluvialba.

Аналитическое резюме:
Опытный аргентинский танкер-продуктовоз класса Panamax CABO VIRGENES (IMO 9253753) завершает каботажный переход из Пуэрто-Росалес. По состоянию на 4 июня 2026 года борт находится в навигационном статусе UNDERWAY USING ENGINE на курсе 274° со скоростью 12.8 kn. Текущая осадка 8.2 м соответствует речным ограничениям. Судно подходит к лоцманской станции Рекалада (RECALADA) для последующего распределения по речным терминалам, операционная ситуация полностью контролируется национальными портовыми службами."
9917830,True,False,,True,,,vessel,,403641000,,,,2022.0,Саудовская Аравия (Saudi Arabia). Борт оперирует под флагом ближневосточного суверенного регистра.,,,183.0,,8.0,Draught,,,,,по AIS на панели image_30d2e1,Matched destination,,,,needs_review,"Идентификатор: IMO 9917830, MMSI 403641000.

Позывной сигнальной станции (Callsign): HZK. На приборной панели в файле image_30d2e1.jpg позывной уточнен как HZKF.

Классификация: Химический/нефтепродуктовый танкер (Chemical/Oil Products Tanker). По дедвейту относится к среднетоннажному коммерческому классу MR (Medium Range) / Handymax. Спутниковый интерфейс ИНС в файле image_30d2e1.jpg подтверждает детальный тип судна как Oil/Chemical Tanker, отображая объект в общей категории Tanker.

Флаг: Саудовская Аравия (Saudi Arabia). Борт оперирует под флагом ближневосточного суверенного регистра.

Габариты: Конструктивная длина (LOA) — 183.00 м, ширина корпуса (Beam) — 35.00 м. Спутниковый интерфейс ИНС на image_30d2e1.jpg верифицирует данные параметры с точностью до сотых как 183.06 м и 35.03 м соответственно.

Тоннаж: Максимальный дедвейт (DWT) — 55 202 т, валовая вместимость (Gross Tonnage) — 33 817 GT.

Возраст: 2022 год постройки (4 года эксплуатации в текущем календарном году). Судно является современным технологичным активом, сошедшим со стапелей в июне 2022 года под своим бессменным коммерческим наименованием — FATIMAH.

2. Оперативная обстановка (на 4 июня 2026 г.)
Текущая локация: Согласно спутниковой телеметрии и интерфейсу ИНС из файла image_30d2e1.jpg, танкер завершил океанский транзит и вошел в географический регион Восточного побережья Южной Америки (East Coast South America).

Статус навигации: На ходу с использованием главного двигателя (Under way / Underway using Engine). Навигационные приборы фиксируют актуальное получение позиции судна — стаж сигнала в текстовом логе составляет 0 минут, а на интерфейсной панели image_30d2e1.jpg обновление зафиксировано со свежим стажем в 2 минуты (сводка сообщает «reported 2 minutes ago», а в панели AIS — «2 mins ago»).

Динамика: Текущая путевая скорость судна составляет 10.6 узла (в предиктивной модели текстового лога зафиксирован путевой угол 312.4° со скоростью 10.7 kn). Курс по приборам ИНС (Course) составляет 310°. Датчик истинного курса (True heading) показывает положение корпуса на отметке 312°, скорость разворота (Rate of turn) составляет 5°/мин.

Хронология рейса и прогнозируемое прибытие (ETA): Объявленный пункт назначения по AIS на панели image_30d2e1.jpg — AR SLO. В системе ИНС в качестве сопоставленной точки назначения (Matched destination) верифицирован порт Сан-Лоренсо, Аргентина (San Lorenzo, ARGENTINA). Танкер выполнил глубокий трансатлантический переход из порта Дурбан, ЮАР (ZA DUR), откуда он вышел 18 мая 2026 года в 17:57 UTC (на графике image_30d2e1.jpg время выхода зафиксировано по шкале UTC+2 как 18 мая в 20:02). Длительность трансокеанского перевода составляет 17 дней. Заявленное расчетное время прибытия (Reported ETA) установлено на 4 июня 2026 года в 09:00 UTC-3 (в текстовом логе указано значение 12:00 UTC). С учетом текущего времени, судно находится на финальной речной стадии прохождения путей к терминалам Сан-Лоренсо.

Статус загрузки: Текущая рабочая осадка (Draught) составляет 8.0 м. С учетом максимального дедвейта судна, осадка 8.0 м указывает на частичную загрузку танков химическими или нефтепродуктами, оптимизированную под строгие навигационные ограничения по осадке в речной системе Парана.

3. Анализ рисков и комплаенс-профиль
Операционная стратегия: Танкер класса MR выполнил длительный межконтинентальный рейс из Южной Африки в Аргентину, выйдя на финишную траекторию к речному порту Сан-Лоренсо. Стабильный ход 10.6–10.7 узла на северо-западном курсе 310° / 312° свидетельствует о прохождении фарватера. Значение скорости разворота 5°/мин указывает на активное маневрирование судна на поворотах речного канала. Осадка 8.0 м является расчетной для минимизации рисков посадки на мель при движении по внутренним водным путям реки Парана.

Интенсивность использования: Профиль эксплуатации фиксирует очень высокую коммерческую активность — 48 портовых вызовов за отчетный цикл. Историческая география визитов ориентирована на ближневосточные экспортные хабы с высокой частотой заходов в порты Янбу (Саудовская Аравия) и Фуджайра (ОАЭ). Перед текущим трансатлантическим переходом судно провело трехдневную грузовую сессию в Дурбане (с 15 по 18 мая), которой в конце апреля предшествовала длительная якорная стоянка (3 дня 13 часов). Стабильное и непрерывное обновление спутниковой телеметрии со стажем в 0–2 минуты гарантирует полный контроль за движением судна в узкостях речного коридора.

Техническое состояние и комплаенс: 4-летний операционный возраст судна относит его к категории молодого и технически надежного флота, что минимизирует риски технических отказов оборудования или претензий со стороны портового контроля (PSC). Международный комплаенс-профиль под флагом Саудовской Аравии полностью чист, актуальные международные санкции или юридические обременения отсутствуют. Локальная поддержка и снабжение судна в регионе прибытия обеспечиваются развитой портовой инфраструктурой контрагентов, включая AVS Global Ship Supply And Catering, RVS SRL, Ecotec Fumigation и ESL (Marine Equipment Suppliers).

Аналитическое резюме:
Современный продуктовоз/химический танкер FATIMAH (IMO 9917830) под флагом Саудовской Аравии успешно завершил 17-дневный трансатлантический переход из ЮАР в Аргентину. По состоянию на 4 июня 2026 года борт находится в навигационном статусе UNDER WAY со стабильной скоростью 10.6 kn, следуя курсом 310° по судовому ходу к терминалам Сан-Лоренсо (AR SLO) с адаптированной речной осадкой 8.0 м. Движение полностью контролируется спутниковыми системами ИНС, операционная ситуация на объекте штатная, судно завершает рейс."
9316244,True,False,,True,,,vessel,,538005443,,,,2007.0,Маршалловы Острова (Marshall Islands). Судно оперирует под международным открытым регистром из «белого списка».,,,228.6,,13.0,Draught,,,,,по AIS — AR BHI,Matched destination,,,,needs_review,"Идентификатор: IMO 9316244, MMSI 538005443.

Позывной сигнальной станции (Callsign): V7DX2.

Классификация: Танкер для сырой нефти (Crude Oil Tanker). По дедвейту относится к коммерческому классу Panamax. Панель интерфейса ИНС в файле image_30dae0.jpg верифицирует детальный тип как Crude Oil Tanker, отображая объект в общей навигационной категории Tanker.

Флаг: Маршалловы Острова (Marshall Islands). Судно оперирует под международным открытым регистром из «белого списка».

Габариты: Конструктивная длина (LOA) — 228.60 м, ширина корпуса (Beam) — 32.26 м. Спутниковый интерфейс ИНС на image_30dae0.jpg округляет эти параметры до 229 м и 32 м соответственно. В упрощенном текстовом логе габариты указаны как 228 / 32 м.

Тоннаж: Максимальный дедвейт (DWT) — 73 933 т, валовая вместимость (Gross Tonnage) — 42 167 GT.

Возраст: 2007 год постройки (19 лет эксплуатации в текущем календарном году). Согласно коммерческому манифесту, судно сошло со стапелей в июне 2007 года под первоначальным именем ASHLEY SEA, а с февраля 2014 года стабильно работает под текущим наименованием — RADIANT SEA.

2. Оперативная обстановка (на 4 июня 2026 г.)
Текущая локация: Согласно спутниковой телеметрии и интерфейсу ИНС из файла image_30dae0.jpg, танкер завершает переход и находится в географическом регионе Восточного побережья Южной Америки (East Coast South America).

Статус навигации: На ходу с использованием главного двигателя (Underway using Engine), что полностью подтверждается навигационным статусом на приборной панели в image_30dae0.jpg. Примечание по верификации данных: Базовый береговой срез AIS в текстовом логе пользователя устарел на 17 дней и не отображает статус, однако спутниковая телеметрия ИНС на image_30dae0.jpg дает актуальную позицию со стажем 20 часов 40 минут (интерфейсная сводка сообщает «reported 20 hours, 40 minutes ago»). По данным спутникового трекера на момент выгрузки лога, сигнал обновлялся 49 минут назад.

Динамика: Текущая путевая скорость судна составляет 12.8 узла (в предиктивной модели текстового лога зафиксирован путевой угол 121.5° со скоростью 8.8 kn, что отражает расчетное замедление на подходе к рейду). Курс по приборам ИНС (Course) составляет 192°. Датчик истинного курса (True heading) показывает положение корпуса на отметке 191°, скорость разворота (Rate of turn) составляет 0°/мин.

Хронология рейса и прогнозируемое прибытие (ETA): Объявленный пункт назначения по AIS — AR BHI. В системе ИНС на image_313081.jpg в качестве сопоставленной точки назначения (Matched destination) верифицирован порт Баия-Бланка, Аргентина (Bahia Blanca, ARGENTINA). Согласно панели image_30dae0.jpg, танкер выполняет рейс из порта Аракажу, Бразилия (BR AJU), откуда он вышел 27 мая 2026 года в 10:42 UTC-3 (текстовый лог фиксирует более ранний выход из якорной стоянки Шагуарамас, Тринидад и Тобаго, от 15 мая). Заявленное расчетное время прибытия (Reported ETA) установлено на 4 июня 2026 года в 20:00 UTC-3 (в текстовом логе указано 23:00 UTC), до завершения рейса остаются считанные часы (в пределах 7 часов до захода на рейд).

Статус загрузки: Текущая рабочая осадка (Draught) составляет 13.0 м. Данный глубокий параметр полностью подтверждается интерфейсом image_30dae0.jpg и свидетельствует о движении судна в стопроцентно груженом состоянии.

3. Анализ рисков и комплаенс-профиль
Операционная стратегия: Танкер Panamax-класса завершает международный рейс по доставке крупной партии сырой нефти из Бразилии в аргентинский хаб Баия-Бланка. Стабильный ход 12.8 узла на южном курсе 192° / 191° подтверждает уверенное продвижение к точке назначения. Глубокая рабочая осадка 13.0 м указывает на полную загрузку танков. Значение скорости разворота 0°/мин свидетельствует о стабильном удержании курса авторулевым на финальном плече маршрута.

Интенсивность использования: Профиль эксплуатации фиксирует стандартную коммерческую загрузку — 21 портовый вызов за отчетный цикл. Историческая география визитов имеет международный охват и включает переходы в Индию, США, а также заходы в порты Лоуюань (Китай) и Картахена (Колумбия). В первой половине мая 2026 года судно отработало серию якорных стоянок в Шагуарамасе (2 дня 8 часов, 19 часов 11 минут, 8 часов 16 минут) и портовую сессию длительностью 3 дня 17 часов. Своевременное переключение на спутниковый пакет данных (панель ИНС зафиксировала источник как Roaming / Satellite со стажем менее часа) полностью компенсировало 17-дневное отсутствие берегового AIS-сигнала в океанском коридоре.

Техническое состояние и комплаенс: 19-летний операционный возраст относит судно к категории зрелого наливного флота, требующего повышенного внимания со стороны инспекций PSC при заходе в терминалы. Проверка систем налива и прочностных характеристик корпуса является обязательной для минимизации экологических рисков. Комплаенс-профиль под флагом Маршалловых Островов стабилен, актуальные международные санкции или юридические споры отсутствуют. В порту назначения обслуживание судна готово к обеспечению местными контрагентами, включая TANDANOR, SERVICIO INDUSTRIAL NAVAL, SEA WHITE SA и O.J.R. S.A.

Аналитическое резюме:
Танкер для сырой нефти класса Panamax RADIANT SEA (IMO 9316244) под флагом Маршалловых Островов завершает переход из Бразилии в Аргентину. По состоянию на 4 июня 2026 года борт находится в навигационном статусе UNDERWAY USING ENGINE, следуя курсом 192° со скоростью 12.8 kn в полностью груженом состоянии (осадка 13.0 м). Движение контролируется спутниковыми системами ИНС. Приход на рейд Баия-Бланка (AR BHI) ожидается строго по графику в течение ближайших 7 часов — 4 июня 2026 года около 20:00–23:00 UTC. Навигационных аномалий не обнаружено."
9982691,True,False,,True,,,vessel,,538011194,,,,2024.0,"Маршалловы Острова (Marshall Islands). Актив оперирует под одним из ведущих международных открытых регистров, входящих в «белый список».",,,249.98,,9.0,Draught,,,,,Согласно спутниковой телеметрии и интерфейсу ИНС из файла image_313081,East Coast South America,,,,needs_review,"Идентификатор: IMO 9982691, MMSI 538011194.

Позывной сигнальной станции (Callsign): V7A6750.

Классификация: Танкер для сырой нефти (Crude Oil Tanker). По дедвейту относится к коммерческому классу Aframax. Спутниковая панель ИНС в файле image_313081.jpg подтверждает детальный тип как Crude Oil Tanker, отображая объект в общей категории Tanker.

Флаг: Маршалловы Острова (Marshall Islands). Актив оперирует под одним из ведущих международных открытых регистров, входящих в «белый список».

Габариты: Конструктивная длина (LOA) — 249.98 м, ширина корпуса (Beam) — 44.00 м. Спутниковый интерфейс ИНС на image_313081.jpg верифицирует данные параметры (ширина указана с точностью до сотых как 44.03 м). В упрощенном текстовом логе габариты округлены до 250 / 44 м.

Тоннаж: Максимальный дедвейт (DWT) — 109 899 т, валовая вместимость (Gross Tonnage) — 64 391 GT.

Возраст: 2024 год постройки (2 года эксплуатации в текущем календарном году). Судно является современным высокотехнологичным активом нового поколения. Сошло со стапелей в октябре 2024 года и стабильно работает под своим первоначальным коммерческим наименованием — SFL TIGRIS.

2. Оперативная обстановка (на 4 июня 2026 г.)
Текущая локация: Согласно спутниковой телеметрии и интерфейсу ИНС из файла image_313081.jpg, крупнотоннажный танкер завершил океанский переход и находится в географическом регионе Восточного побережья Южной Америки (East Coast South America).

Статус навигации: Ошвартован / пришвартован (Moored), что полностью подтверждается навигационным статусом на приборной панели в image_313081.jpg. Телеметрия ИНС является актуальной — стаж позиции в текстовом логе составляет 3 минуты (интерфейсная сводка на image_313081.jpg сообщает «reported 5 minutes ago», а в панели AIS — «5 mins ago»).

Динамика: Текущая путевая скорость судна составляет 0 узлов (0.0 kn), что соответствует штатному удержанию борта у причала. Курс по приборам ИНС (Course) зафиксирован на отметке 352° (в предиктивной модели текстового лога приводится путевой угол 352.1°). Датчик истинного курса (True heading) показывает положение корпуса на отметке 117°, скорость разворота (Rate of turn) составляет 0°/мин.

Хронология рейса и фактическое прибытие (ATA): Навигационный манифест фиксирует официальный статус завершения рейса. Танкер успешно прибыл к терминалу назначения Пуэрто-Росалес, Аргентина (Puerto Rosales / AR_PRS) 4 июня 2026 года в 08:34 UTC (как зафиксировано на графике image_313081.jpg по шкале UTC-3). В качестве глобальной точки отправления рейса интерфейс image_313081.jpg указывает порт Коломбо (LK CMB), откуда судно вышло 29 апреля 2026 года в 09:01 UTC+5. Перед итоговой швартовкой борт провел 19 часов 40 минут на промежуточной якорной стоянке Баия-Бланка (Bahia Blanca Anch.), снявшись с нее 4 июня в 08:03 UTC за 31 минуту до швартовки. Расчетное время прибытия (Reported ETA), заявленное экипажем, изначально выставлялось на 4 июня в 03:11 UTC-3 (в текстовом логе округлено до 06:11).

Статус загрузки: Текущая рабочая осадка (Draught) составляет 9.0 м. Данный параметр полностью подтверждается интерфейсом image_313081.jpg. С учетом конструктивного дедвейта класса Aframax, осадка 9.0 м указывает на частичную загрузку танков или балластный переход, скорректированный под портовые ограничения терминала выгрузки.

3. Анализ рисков и комплаенс-профиль
Операционная стратегия: Танкер класса Aframax выполнил длительный межконтинентальный переход из Южной Азии к берегам Южной Америки. Текущая швартовка в нефтеналивном узле Пуэрто-Росалес (AR PRS) после короткого ожидания на внешнем рейде Баия-Бланка демонстрирует четкую координацию с портовыми службами и готовность инфраструктуры к приему судна. Перпендикулярное положение истинного курса (117°) относительно путевого угла швартовки (352°) обусловлено конструктивной ориентацией причального фронта или выносных причальных устройств терминала.

Интенсивность использования: В силу минимального операционного возраста (постройка конца 2024 года) судно имеет короткий, но интенсивный трек эксплуатации — 26 портовых вызовов в истории. Первоначальная география визитов нового актива включала заходы в порты Южной Кореи (Дэсан) и Румынии (Констанца). График начала июня 2026 года отражает плотную работу на рейде Баия-Бланка перед швартовкой: серия последовательных удержаний на якоре длительностью 1 день 11 часов (с 1 по 2 июня), 15 часов 5 минут (с 2 по 3 июня) и финальные 19 часов 40 минут (с 3 по 4 июня). В историческом логе также прослеживаются длительные апрельские стоянки на якоре (2 дня 19 часов и 1 день 1 час).

Техническое состояние и комплаенс: Судно находится в отличном техническом состоянии, обладая высшим комплаенс-профилем современного наливного флота под флагом Маршалловых Островов. Риски износа конструкций, системных отказов или экологических инцидентов сведены к минимуму. Актуальные международные санкции, юридические аресты или претензии со стороны регуляторов к данному активу полностью отсутствуют, обеспечение операций проходит в штатном режиме.

Аналитическое резюме:
Современный крупнотоннажный наливной танкер класса Aframax SFL TIGRIS (IMO 9982691) под флагом Маршалловых Островов успешно завершил международный переход из Шри-Ланки в Аргентину. По состоянию на 4 июня 2026 года борт находится в навигационном статусе MOORED у причала нефтеналивного терминала Пуэрто-Росалес (AR PRS) с рабочей осадкой 9.0 м. Оперативная ситуация на объекте штатная, позиция верифицирована спутниковыми системами ИНС, судно приступило к выполнению запланированных коммерческих операций."
9275737,True,False,,True,,,vessel,,701122000,,,,2004.0,"Аргентина (Argentina). Судно оперирует под национальным флагом, обеспечивая внутреннюю энергетическую логистику региона.",,,228.0,,13.6,Draught,,,,,Согласно спутниковой телеметрии и интерфейсу ИНС из файла image_3137e4,East Coast South America,,,,needs_review,"Идентификатор: IMO 9275737, MMSI 701122000.

Позывной сигнальной станции (Callsign): LW3513.

Классификация: Танкер для сырой нефти (Crude Oil Tanker). По дедвейту относится к коммерческому классу Panamax. Панель интерфейса ИНС в файле image_3137e4.jpg верифицирует детальный тип как Crude Oil Tanker, отображая объект в общей навигационной категории Tanker.

Флаг: Аргентина (Argentina). Судно оперирует под национальным флагом, обеспечивая внутреннюю энергетическую логистику региона.

Габариты: Фактическая конструктивная длина (LOA) — 228.00 м, ширина корпуса (Beam) — 32.20 м. Спутниковый интерфейс ИНС на image_3137e4.jpg полностью подтверждает эти параметры. Примечание по верификации данных: Указанные в первичном текстовом логе пользователя аномальные габариты (456 / 64 м) являются критической технической ошибкой парсинга внешнего источника и полностью опровергаются официальной спецификацией судна и интерфейсом ИНС.

Тоннаж: Максимальный дедвейт (DWT) — 69 636 т, валовая вместимость (Gross Tonnage) — 40 038 GT.

Возраст: 2004 год постройки (22 года эксплуатации в текущем календарном году). Танкер сошел со стапелей в январе 2004 года и на протяжении всей коммерческой деятельности стабильно работает под своим первоначальным именем — CABO SOUNION.

2. Оперативная обстановка (на 4 июня 2026 г.)
Текущая локация: Согласно спутниковой телеметрии и интерфейсу ИНС из файла image_3137e4.jpg, танкер завершил каботажный переход и находится в географическом регионе Восточного побережья Южной Америки (East Coast South America).

Статус навигации: Пришвартован / ошвартован (Moored), что полностью подтверждается навигационным статусом на приборной панели в image_3137e4.jpg. Телеметрия ИНС является максимально актуальной — стаж позиции в текстовом логе составляет 1 минуту, а интерфейсная сводка на image_3137e4.jpg сообщает «reported 3 minutes ago» (в панели AIS — «4 mins ago»).

Динамика: Текущая путевая скорость судна составляет 0.1 узла (0.1 kn), что соответствует штатному удержанию борта у терминала. Курс по приборам ИНС (Course) зафиксирован на отметке 198° (в текстовом логе приводится путевой угол 198.8°). Датчик истинного курса (True heading) показывает положение корпуса на отметке 301°, скорость разворота (Rate of turn) составляет 0°/мин.

Хронология рейса и фактическое прибытие (ATA): Навигационный манифест фиксирует официальный статус ARRIVED (Прибыл). Танкер успешно завершил переход и встал к причалу нефтеналивного терминала Пуэрто-Росалес, Аргентина (Puerto Rosales / AR PRS) 4 июня 2026 года в 13:14 UTC (на графике image_3137e4.jpg фактическое время прихода зафиксировано по локальной шкале UTC-3 как 4 июня в 10:27). В качестве точки отправления текущего логистического цикла интерфейс image_3137e4.jpg указывает порт Калета-Кордова (AR CLC), откуда судно вышло 1 июня 2026 года в 17:21 UTC-3. Перед итоговой швартовкой борт провел 12 часов 3 минуты на промежуточной якорной стоянке Баия-Бланка (Bahia Blanca Anch.), снявшись с нее 4 июня в 12:34 UTC за 40 минут до швартовки. Расчетное время прибытия (Reported ETA), заявленное экипажем, изначально выставлялось на 3 июня в 16:00 UTC-3.

Статус загрузки: Текущая рабочая осадка (Draught) составляет 13.6 м. Данный параметр полностью подтверждается интерфейсом image_3137e4.jpg и свидетельствует о нахождении судна в максимально груженом состоянии под выгрузку сырья на терминале.

3. Анализ рисков и комплаенс-профиль
Операционная стратегия: Танкер Panamax-класса выполнил плановый внутренний рейс по доставке сырой нефти из южного терминала Калета-Кордова в ключевой распределительный хаб Пуэрто-Росалес. Максимальная осадка 13.6 м подтверждает, что танкер пришел с полными танками. Кратковременная 12-часовая стоянка на внешнем рейде Баия-Бланка с последующим быстрым (за 40 минут) переходом к причалу указывает на эффективное диспетчерское управление и готовность терминала к приему груза. Перпендикулярное положение истинного курса (301°) относительно путевого угла швартовки (198°) обусловлено конструктивным расположением причальной стенки или выносных швартовых бочек терминала.

Интенсивность использования: Профиль эксплуатации фиксирует крайне высокую коммерческую загрузку на локальном рынке — 49 портовых вызовов за отчетный цикл. География исторических визитов жестко ограничена каботажной системой Аргентины с фокусом на порты Пуэрто-Росалес и Буэнос-Айрес. График конца мая и начала июня показывает непрерывный операционный цикл: перед текущим рейсом судно находилось в порту Пуэрто-Росалес с 31 мая по 1 июня (1 день 5 часов), до этого отстаивалось на якоре (8 часов 45 минут) и выполняло предыдущую грузовую сессию (1 день 14 часов). Оперативное получение спутниковых данных со стажем в 1–3 минуты полностью исключает риски потери контроля над активом у терминала.

Техническое состояние и комплаенс: 22-летний операционный возраст относит судно к категории возрастного наливного флота. Для танкеров данного периода постройки действуют жесткие требования технического надзора со стороны PSC, включая проверку усталости металла корпуса и надежности систем предотвращения утечек углеводородов. Тем не менее, борт демонстрирует стабильную работу на внутренних линиях, национальный комплаенс-профиль чист, международные санкции или юридические аресты отсутствуют.

Аналитическое резюме:
Национальный танкер для сырой нефти класса Panamax CABO SOUNION (IMO 9275737) под флагом Аргентины успешно прибыл из Калета-Кордова в порт назначения. По состоянию на 4 июня 2026 года борт находится в официальном статусе ARRIVED и успешно ошвартован у терминала Пуэрто-Росалес (AR PRS) со стопроцентной загрузкой (рабочая осадка 13.6 м). Позиция верифицирована спутниковыми системами ИНС в реальном времени, операционная ситуация на объекте штатная, судно приступило к грузовым операциям."
9607954,True,False,,True,,,vessel,,538004934,,,,2013.0,"Маршалловы Острова (Marshall Islands). Актив оперирует под одним из ведущих международных открытых регистров, входящих в «белый список».",,,250.0,,8.6,Draught,,,,,по AIS на панели image_313c1f,направление на нефтеналивной терминал Пуэрто-Росалес,,,,needs_review,"Идентификатор: IMO 9607954, MMSI 538004934.

Позывной сигнальной станции (Callsign): V7ZX2.

Классификация: Танкер для сырой нефти (Crude Oil Tanker). По дедвейту относится к коммерческому классу Aframax. Спутниковая панель ИНС в файле image_313c1f.jpg подтверждает детальный тип как Crude Oil Tanker, отображая объект в общей категории Tanker.

Флаг: Маршалловы Острова (Marshall Islands). Актив оперирует под одним из ведущих международных открытых регистров, входящих в «белый список».

Габариты: Конструктивная длина (LOA) — 250.00 м, ширина корпуса (Beam) — 44.00 м. Спутниковый интерфейс ИНС на image_313c1f.jpg верифицирует данные параметры (ширина указана с точностью до сотых как 44.04 м).

Тоннаж: Максимальный дедвейт (DWT) — 112 792 т, валовая вместимость (Gross Tonnage) — 62 647 GT.

Возраст: 2013 год постройки (13 лет эксплуатации в текущем календарном году). Судно сошло со стапелей в июле 2013 года под первоначальным именем OVERSEAS REDWOOD, а с августа 2017 года стабильно работает под текущим наименованием — SEAWAYS REDWOOD.

2. Оперативная обстановка (на 4 июня 2026 г.)
Текущая локация: Согласно спутниковой телеметрии и интерфейсу ИНС из файла image_313c1f.jpg, крупнотоннажный танкер завершил океанский переход и находится в географическом регионе Восточного побережья Южной Америки (East Coast South America).

Статус навигации: На якоре (At anchor / At Anchor), что полностью подтверждается навигационным статусом на приборной панели в image_313c1f.jpg. Телеметрия ИНС является максимально актуальной — стаж позиции в текстовом логе составляет 0 минут (интерфейсная сводка на image_313c1f.jpg сообщает «reported 5 minutes ago», а в панели AIS — «6 mins ago»).

Динамика: Текущая путевая скорость судна составляет 0.2 узла (0.2 kn). Курс по приборам ИНС (Course) зафиксирован на отметке 108° (в предиктивной модели текстового лога приводится путевой угол 117.3°). Датчик истинного курса (True heading) показывает положение корпуса на отметке 318°, скорость разворота (Rate of turn) составляет 0°/мин.

Хронология рейса и фактическое прибытие (ATA): Навигационный манифест фиксирует официальный статус прибытия судна. Танкер успешно завершил дальний рейс и встал на якорную стоянку Баия-Бланка, Аргентина (Bahia Blanca Anch. / AR BHI) 4 июня 2026 года в 09:14 UTC (в текстовом логе указано «6 hours ago», а на графике image_313c1f.jpg фактическое время прихода зафиксировано по шкале UTC-3 как 4 июня в 06:03). В качестве глобальной точки отправления рейса интерфейс image_313c1f.jpg указывает порт Barbers Point / US NAX (США), откуда судно вышло 5 мая 2026 года в 17:51 UTC-10. Заявленное экипажем расчетное время (Reported ETA) было установлено на 4 июня в 06:00 UTC-3 (в текстовом логе приведено значение 09:00). Объявленный пункт назначения по AIS на панели image_313c1f.jpg — US DJF->AR PRS (направление на нефтеналивной терминал Пуэрто-Росалес).

Статус загрузки: Текущая рабочая осадка (Draught) составляет 8.6 м. Данный параметр полностью подтверждается интерфейсом image_313c1f.jpg. Для судов класса Aframax такая осадка свидетельствует о движении в балласте или с частичным объемом груза на борту.

3. Анализ рисков и комплаенс-профиль
Операционная стратегия: Танкер класса Aframax выполнил межконтинентальный трансокеанский переход из США к побережью Аргентины. Постановка на якорь на рейде BAHIA BLANCA ANCH при осадке 8.6 м является стандартным операционным этапом ожидания перед швартовкой к специализированному нефтеналивному терминалу Пуэрто-Росалес (AR PRS) для выполнения грузовых операций. Разница между истинным курсом (318°) и путевым углом (108°) вызвана разворотом судна на якорной цепи под воздействием ветра и приливных движений водных масс.

Интенсивность использования: Профиль эксплуатации фиксирует умеренное коммерческое использование на международном рынке — 13 портовых вызовов за отчетный цикл. Историческая география визитов крупнотоннажного актива включает заходы в тихоокеанские и азиатские хабы, такие как Ванкувер (Канада) и Нинбо (Китай). График стоянок показывает, что судно редко заходит в этот регион: предыдущий крупный визит в Баия-Бланка фиксировался месяц назад (двухдневная портовая стоянка с 4 по 6 мая), а в начале апреля борт прошел серию коротких удержаний на якоре (2 дня 1 час, 4 часа 27 минут и 1 день 2 часа). Получение спутниковой телеметрии со стажем менее 6 минут полностью исключает потерю контроля над позицией судна на финальной стадии рейса.

Техническое состояние и комплаенс: 13-летний операционный возраст судна относит его к категории зрелого наливного флота. Для безопасного оперирования танкеров Aframax данного периода постройки требуется регулярное подтверждение класса, строгий контроль систем предотвращения разливов нефти и аудит со стороны PSC. Международный комплаенс-профиль под флагом Маршалловых Островов полностью чист, юридические споры, аресты или санкционные обременения в отношении данного актива отсутствуют.

Аналитическое резюме:
Крупнотоннажный наливной танкер класса Aframax SEAWAYS REDWOOD (IMO 9607954) под флагом Маршалловых Островов успешно завершил межконтинентальный переход из США в Аргентину. По состоянию на 4 июня 2026 года борт зафиксирован в навигационном статусе AT ANCHOR на якорной стоянке Баия-Бланка (AR BHI) с рабочей осадкой 8.6 м. Оперативная ситуация штатная, риски задержек минимальны, судно ожидает лоцманской команды на подход к терминалу Пуэрто-Росалес (AR PRS)."
9995753,True,False,,True,,,vessel,,241965000,,,,2025.0,Греция (Greece). Борт оперирует под авторитетным европейским флагом из «белого списка» Парижского меморандума.,,,270.0,,9.6,Draught,,,,,Согласно спутниковой телеметрии и интерфейсу ИНС из файла image_314361,East Coast South America,,,,needs_review,"Идентификатор: IMO 9995753, MMSI 241965000.

Позывной сигнальной станции (Callsign): SVDY3.

Классификация: Танкер для сырой нефти (Crude Oil Tanker). По дедвейту относится к крупнотоннажному коммерческому классу Suezmax. Панель интерфейса ИНС в файле image_314361.jpg подтверждает детальный тип как Crude Oil Tanker, отображая объект в общей навигационной категории Tanker.

Флаг: Греция (Greece). Борт оперирует под авторитетным европейским флагом из «белого списка» Парижского меморандума.

Габариты: Конструктивная длина (LOA) — 270.00 м, ширина корпуса (Beam) — 46.00 м. Спутниковый интерфейс ИНС на image_314361.jpg верифицирует данные параметры (ширина указана с точностью до сотых как 46.03 м).

Тоннаж: Максимальный дедвейт (DWT) — 156 838 т, валовая вместимость (Gross Tonnage) — 80 308 GT.

Возраст: 2025 год постройки (2 года эксплуатации в текущем календарном году). Судно является сверхсовременным инженерным активом нового поколения, спущенным на воду под своим бессменным коммерческим наименованием — SILIA T.

2. Оперативная обстановка (на 4 июня 2026 г.)
Текущая локация: Согласно спутниковой телеметрии и интерфейсу ИНС из файла image_314361.jpg, крупнотоннажный танкер находится в географическом регионе Восточного побережья Южной Америки (East Coast South America).

Статус навигации: На якоре (At anchor / At Anchor), что полностью подтверждается навигационным статусом на приборной панели в image_314361.jpg. Телеметрия ИНС является максимально актуальной — стаж позиции в текстовом логе составляет 0 минут (интерфейсная сводка на image_314361.jpg сообщает «reported 2 minutes ago», а в панели AIS — «3 mins ago»).

Динамика: Текущая путевая скорость судна составляет 0 узлов (0.0 kn). Курс по приборам ИНС (Course) зафиксирован на отметке 40° (в текстовой модели приводится путевой угол 40.3°). Датчик истинного курса (True heading) показывает положение корпуса на отметке 326°, скорость разворота (Rate of turn) составляет 0°/мин.

Хронология рейса и фактическое прибытие (ATA): Навигационный манифест фиксирует официальный статус ARRIVED (Прибыл). Танкер успешно завершил переход и встал на якорную стоянку Баия-Бланка, Аргентина (Bahia Blanca Anch. / AR BHI) 4 июня 2026 года в 12:28 UTC. Рейс носил локальный характер перестановки: борт снялся с этой же якорной стоянки всего за два часа до этого (4 июня в 10:24 UTC), совершил короткий маневр смены позиции и повторно отдал якорь в 12:28 UTC. В качестве глобальной точки отправления рейса интерфейс image_314361.jpg указывает морской терминал Chevron SF (США), откуда судно вышло 5 мая 2026 года в 12:24 UTC-7 и прибыло на внешний рейд Аргентины 2 июня 2026 года в 17:19 UTC-8 (расчетное ETA экипажа было выставлено на 2 июня в 20:00 UTC-3).

Статус загрузки: Текущая рабочая осадка (Draught) составляет 9.6 м. Данный параметр полностью подтверждается интерфейсом image_314361.jpg. С учетом конструктивного дедвейта класса Suezmax, осадка 9.6 м указывает на частичную загрузку танков или балластный переход, скорректированный под портовые ограничения и плотность воды в заливе.

3. Анализ рисков и комплаенс-профиль
Операционная стратегия: Танкер Suezmax-класса выполнил трансатлантический переход из терминала Chevron (США) к берегам Аргентины. Текущая серия маневров на рейде Баия-Бланка (кратковременное снятие с якоря утром 4 июня и повторная постановка через 2 часа) указывает на ожидания лоцманской проводки, смену якорного места по указанию службы управления движением судов (СУДС) или подготовку к швартовке для проведения грузовых операций (вероятен трансшипмент методом Ship-to-Ship или подход к глубоководному терминалу). Разница между истинным курсом (326°) и путевым углом (40°) обусловлена разворотом судна на якорной цепи под действием приливо-отливных течений.

Интенсивность использования: В силу минимального операционного возраста (постройка 2025 года) судно имеет короткий трек эксплуатации — всего 7 портовых вызовов в истории. Первоначальная география визитов нового актива была сосредоточена в азиатском нефтеналивном узле с заходами в Южную Корею (Ульсан) и Китай (Наньша). График начала июня 2026 года отражает плотную работу на рейде Баия-Бланка: удержание на якоре в течение 21 часа (с 2 по 3 июня), последующая стоянка на якоре длительностью 15 часов 6 минут (с 3 по 4 июня) и текущая фиксация. В историческом логе также прослеживается майская стоянка на якоре (20 часов) и короткий заход в порт (1 день 10 часов).

Техническое состояние и комплаенс: Судно находится в идеальном техническом состоянии, обладая высшим комплаенс-профилем современного европейского флота под флагом Греции. Риски износа конструкций или системных отказов сведены к минимуму. Санкционные маркеры, юридические претензии или ограничения со стороны международных регуляторов полностью отсутствуют. Техническое обслуживание, снабжение и ремонтные операции актива в регионе базирования обеспечиваются авторитетными локальными и международными структурами, развернутыми в портах прибытия, включая TANDANOR (крупнейший судоремонтный комплекс), SERVICIO INDUSTRIAL NAVAL (судоремонтные и технические услуги), а также агентские компании SEA WHITE SA и O.J.R. S.A.

Аналитическое резюме:
Современный крупнотоннажный танкер класса Suezmax SILIA T (IMO 9995753) под флагом Греции прибыл из США в Аргентину и находится в официальном статусе ARRIVED. По состоянию на 4 июня 2026 года борт зафиксирован в навигационном статусе AT ANCHOR на якорной стоянке Баия-Бланка (AR BHI) с текущей осадкой 9.6 м. Оперативные данные верифицированы с нулевым временным стажем, ситуация полностью контролируется, актив находится в штатном режиме ожидания коммерческих операций."
9391361,True,False,,True,,,vessel,,636019418,,,,2008.0,Либерия (Liberia). Судно оперирует под международным открытым регистром.,,,183.98,,10.2,Draught,,11.1,,,по AIS — AR BHI > TR ISK,Matched destination,,,,needs_review,"ПРОМЫШЛЕННЫЙ OSINT-АНАЛИЗ СУДНА (СТАНДАРТ БОЛЬШАЯ ЧЕТВЕРКА)
1. Паспорт актива и техническая спецификация
Идентификатор: IMO 9391361, MMSI 636019418.

Позывной сигнальной станции (Callsign): A8PC6.

Классификация: Химический/нефтепродуктовый танкер (Chemical/Oil Products Tanker). По дедвейту относится к среднетоннажному коммерческому классу Handymax / MR (Medium Range). На панели интерфейса ИНС в файле image_314727.jpg детальный тип судна указан как Oil/Chemical Tanker, в общей навигационной системе проходит в категории Tanker.

Флаг: Либерия (Liberia). Судно оперирует под международным открытым регистром.

Габариты: Конструктивная длина (LOA) — 183.98 м, ширина корпуса (Beam) — 27.30 м. Спутниковый интерфейс ИНС на image_314727.jpg верифицирует данные параметры с точностью до сотых как 184.32 м и 27.43 м соответственно. В упрощенном текстовом логе габариты указаны как 184 / 27 м.

Тоннаж: Максимальный дедвейт (DWT) — 37 606 т, валовая вместимость (Gross Tonnage) — 23 403 GT.

Возраст: 2008 год постройки (18 лет эксплуатации в текущем календарном году). Согласно коммерческому манифесту, судно сошло со стапелей в феврале 2008 года под именем CONTI AGULHAS, в июле 2019 года было переименовано в CAPE GAVI, а с января 2023 года стабильно работает под текущим наименованием — GAVI C.

2. Оперативная обстановка (на 4 июня 2026 г.)
Текущая локация: Согласно спутниковой телеметрии и интерфейсу ИНС из файла image_314727.jpg, танкер покинул прибрежные терминалы и находится в географическом регионе Восточного побережья Южной Америки (East Coast South America).

Статус навигации: На ходу с использованием главного двигателя (Under way / Underway using Engine). Базовый срез береговых станций давал стаж позиции 11 часов назад, однако спутниковый датчик ИНС на image_314727.jpg верифицирует актуализацию телеметрии со свежим стажем в 11 часов 17 минут (интерфейсная сводка сообщает «reported 11 hours, 17 minutes ago»). На момент выгрузки текстового лога спутниковый сигнал обновлялся 7 минут назад.

Динамика: Текущая путевая скорость судна составляет 11.1 узла. Курс по приборам ИНС (Course) составляет 87° (в предиктивной модели лога зафиксирован путевой угол 87.7°). Датчик истинного курса (True heading) показывает положение корпуса на отметке 85°, скорость разворота (Rate of turn) составляет 0°/мин.

Хронология рейса и прогнозируемое прибытие (ETA): Объявленный пункт назначения по AIS — AR BHI > TR ISK. В системе ИНС на image_314727.jpg в качестве сопоставленной точки назначения (Matched destination) верифицирован порт Искендерун, Турция (Iskenderun, TURKIYE). Танкер выполняет глубокий трансатлантический рейс, покинув якорную стоянку Баия-Бланка, Аргентина (AR BHI) 3 июня 2026 года в 23:51 UTC (на графике image_314727.jpg первоначальная точка выхода сопоставлена по терминалу Некочеа AR NEC от 2 июня в 03:05 UTC-3). Длительность перехода из последней точки фиксации составляет 15 часов. Заявленное расчетное время прибытия (Reported ETA) установлено на 30 июня 2026 года в 13:00 UTC+3 (в текстовом логе указано 10:00 UTC), до завершения рейса остается 26 дней.

Статус загрузки: Текущая рабочая осадка (Draught) составляет 10.2 м. Данный глубокий параметр полностью подтверждается интерфейсом image_314727.jpg и свидетельствует о движении судна в максимальном груженом состоянии.

3. Анализ рисков и комплаенс-профиль
Операционная стратегия: Танкер Handymax-класса выполняет длительный межконтинентальный рейс, транспортируя крупную партию наливных нефтепродуктов или химикатов из Южной Америки в Средиземноморский регион (Турция). Стабильная скорость 11.1 узла на восточном курсе 87° / 85° указывает на то, что судно вышло на генеральный трансатлантический трек и движется в открытый океан. Глубокая осадка 10.2 м подтверждает полную загрузку танков. Значение скорости разворота 0°/мин свидетельствует об устойчивом удержании заданного курса авторулевым.

Интенсивность использования: Профиль эксплуатации фиксирует очень высокую коммерческую загрузку — 45 портовых вызовов за отчетный цикл. Историческая география визитов ориентирована на южноамериканские наливные хабы, преимущественно в Бразилии (Тубаран, Сантос). На рубеже мая и июня 2026 года судно провело длительную операционную сессию в районе Баия-Бланка: четырехдневная грузовая стоянка в порту (с 28 мая по 2 июня), которой предшествовала серия коротких удержаний на якоре (23 часа, 1 день 10 часов, 20 часов и финальные 8 часов перед выходом в рейс). Своевременный съем спутниковой телеметрии (7 минут назад по логу) нивелирует риски потери сигнала берегового AIS при удалении судна от побережья Аргентины.

Техническое состояние и комплаенс: 18-летний операционный возраст судна относит его к категории зрелого флота, что накладывает строгие требования к проверке систем налива, комплаенс-контролю и предотвращению загрязнения среды со стороны PSC. Международный профиль под либерийским флагом чист, актуальные санкции или юридические аресты отсутствуют. В порту назначения Искендерун безопасный прием и обслуживание судна обеспечиваются локальной инфраструктурой, включая агентов и подрядчиков Cinti Global, Martech Maritime, AVS Global Ship Supply и PEOMAKARA Consulting (водолазный и подводно-технический сервис).

Аналитическое резюме:
Продуктовоз/химический танкер GAVI C (IMO 9391361) под либерийским флагом осуществляет трансатлантический переход из Аргентины в Турцию. По состоянию на 4 июня 2026 года борт находится в навигационном статусе UNDER WAY со стабильной скоростью 11.1 kn, следуя восточным курсом 87° в полностью груженом состоянии с рабочей осадкой 10.2 м. Движение контролируется спутниковыми системами ИНС, расчетный подход к терминалам Искендерона (TR ISK) ожидается в соответствии с графиком через 26 дней — 30 июня 2026 года. Операционная ситуация штатная."
9311361,True,False,,True,,,vessel,,357628000,,,,2006.0,Панама (Panama). Борт оперирует под международным открытым регистром.,,,229.0,,7.5,Draught,,13.6,,,по AIS — CALETA CORDOVA,Matched destination,,,,needs_review,"Идентификатор: IMO 9311361, MMSI 357628000.

Позывной сигнальной станции (Callsign): H8PC.

Классификация: Танкер для нефтепродуктов (Oil Products Tanker). По дедвейту относится к коммерческому классу Panamax. На панели интерфейса ИНС в файле image_314e6a.jpg детальный тип судна уточнен как Crude Oil Tanker, в общей системе проходит в категории Tanker.

Флаг: Панама (Panama). Борт оперирует под международным открытым регистром.

Габариты: Конструктивная длина (LOA) — 229.00 м, ширина корпуса (Beam) — 32.29 м. Спутниковый интерфейс на image_314e6a.jpg подтверждает эти параметры, отображая ширину с округлением до целых как 33 м. В упрощенном текстовом логе габариты указаны как 229 / 33 м.

Тоннаж: Максимальный дедвейт (DWT) — 74 543 т, валовая вместимость (Gross Tonnage) — 42 096 GT.

Возраст: 2006 год постройки (20 лет эксплуатации в текущем календарном году). Согласно коммерческому манифесту, судно сошло со стапелей в июле 2006 года под именем ANTIPOLIS, а с августа 2014 года стабильно работает под текущим наименованием — CABO DE HORNOS.

2. Оперативная обстановка (на 4 июня 2026 г.)
Текущая локация: Согласно спутниковой телеметрии и интерфейсу ИНС из файла image_314e6a.jpg, танкер выполняет переход и находится в географическом регионе Восточного побережья Южной Америки (East Coast South America).

Статус навигации: На ходу с использованием главного двигателя (Underway using Engine), как зафиксировано на панели ИНС в image_314e6a.jpg. Базовый срез береговых станций давал устаревший стаж позиции (12 часов назад), однако спутниковый датчик ИНС на image_314e6a.jpg верифицирует актуализацию телеметрии со стажем 12 часов 24 минуты (интерфейсная сводка сообщает «reported 12 hours, 23 minutes ago»). На момент выгрузки текстового лога спутниковый сигнал обновлялся 5 минут назад.

Динамика: Текущая путевая скорость судна составляет 13.6 узлов. Курс по приборам ИНС (Course) составляет 182° (в предиктивной модели лога зафиксирован путевой угол 182.5°). Датчик истинного курса (True heading) показывает положение корпуса на отметке 184°. Скорость разворота (Rate of turn) составляет -1°/мин.

Хронология рейса и прогнозируемое прибытие (ETA): Объявленный пункт назначения по AIS — CALETA CORDOVA. В системе ИНС на image_314e6a.jpg в качестве сопоставленной точки назначения (Matched destination) верифицирован порт Калета-Кордова, Аргентина (Caleta Cordova, ARGENTINA). Танкер выполняет каботажный переход из нефтеналивного терминала Пуэрто-Росалес, Аргентина (AR PRS), где находился у причала с 1 июня. Время фактического отхода из Пуэрто-Росалес зафиксировано 3 июня 2026 года в 22:31 UTC (на графике image_314e6a.jpg время отхода сопоставлено по шкале UTC-3 как 3 июня в 19:35). Длительность перехода на текущий момент составляет 17 часов. Заявленное расчетное время прибытия (Reported ETA) установлено на 5 июня 2026 года в 18:00 UTC, до завершения рейса остается 1 день.

Статус загрузки: Текущая рабочая осадка (Draught) составляет 7.5 м. Данный параметр полностью подтверждается интерфейсом image_314e6a.jpg и свидетельствует о движении судна в балласте или с частичным объемом груза.

3. Анализ рисков и комплаенс-профиль
Операционная стратегия: Танкер класса Panamax выполняет стандартный каботажный рейс между аргентинскими наливными узлами (Пуэрто-Росалес — Калета-Кордова). Стабильная крейсерская скорость 13.6 узлов на курсе 182° / 184° четко фиксирует уверенное движение судна на юг вдоль побережья Патагонии. Осадка 7.5 м указывает на балластный переход к терминалу Калета-Кордовы для последующего налива сырой нефти. Скорость разворота -1°/мин отражает незначительные курсовые колебания на авторулевом под воздействием внешней среды Атлантики.

Интенсивность использования: Профиль эксплуатации фиксирует стабильную коммерческую загрузку — 28 портовых вызовов за отчетный цикл. Историческая география визитов сосредоточена на каботажной линии Аргентины (Буэнос-Айрес, Пуэрто-Росалес) с редкими региональными выходами в Перу. В конце мая 2026 года судно отработало плотный график портовых заходов и стоянок на рейде Пуэрто-Росалес: почти двухдневная грузовая сессия (с 1 по 3 июня), короткая 4-часовая стоянка на якоре (30 мая) и серия предшествующих заходов (1 день 2 часа, 1 день 9 часов, 1 день 3 часа). Наличие актуального спутникового пакета данных (5 минут назад по логу) полностью устраняет проблему потери берегового AIS-сигнала в текущем океанском коридове.

Техническое состояние и комплаенс: 20-летний операционный возраст относит судно к категории зрелого флота. Танкеры Panamax данного возрастного ценза находятся под повышенным вниманием портового контроля государств (PSC) на предмет износа конструкций и экологической безопасности наливных систем. Комплаенс-профиль под панамским флагом стабилен, актуальные международные санкции, юридические аресты или претензии к активу отсутствуют. Обеспечение рейса и последующая швартовка в Калета-Кордова проходят в штатном режиме.

Аналитическое резюме:
Танкер-продуктовоз класса Panamax CABO DE HORNOS (IMO 9311361) под флагом Панамы осуществляет плановый балластный переход к терминалу Калета-Кордова (CALETA CORDOVA). По состоянию на 4 июня 2026 года борт находится в статусе UNDER WAY, развивая ход 13.6 kn на южном курсе 182° с рабочей осадкой 7.5 м. Движение контролируется спутниковыми системами ИНС. Подход к рейду и швартовка ожидаются строго по графику через 1 день — 5 июня 2026 года в 18:00 UTC. Навигационных и операционных аномалий не зафиксировано."
9298789,True,False,,True,,,vessel,,701051000,,,,2005.0,Аргентина (Argentina). Судно работает под национальным флагом для обеспечения внутреннего каботажного распределения сырья.,,,228.0,,7.8,Draught,,,,,по AIS — CALETA CORDOVA,Matched destination,,,,needs_review,"Идентификатор: IMO 9298789, MMSI 701051000.

Позывной сигнальной станции (Callsign): LW9727.

Классификация: Танкер для нефтепродуктов (Oil Products Tanker). По дедвейту относится к коммерческому классу Panamax. В навигационной системе ИНС зафиксирован в общей категории Tanker.

Флаг: Аргентина (Argentina). Судно работает под национальным флагом для обеспечения внутреннего каботажного распределения сырья.

Габариты: Конструктивная длина (LOA) — 228.00 м, ширина корпуса (Beam) — 32.23 м. Спутниковый интерфейс ИНС на image_31a4e0.jpg верифицирует эти параметры. Текстовый лог округляет значение ширины до 32 м.

Тоннаж: Максимальный дедвейт (DWT) — 69 601 т, валовая вместимость (Gross Tonnage) — 40 027 GT.

Возраст: 2005 год постройки (21 год эксплуатации в текущем календарном году). Судно было заложено под проектным именем CABO SAN VICENTE в мае 2005 года, но уже в декабре 2005 года получило текущее коммерческое наименование — SAN MATIAS I.

2. Оперативная обстановка (на 4 июня 2026 г.)
Текущая локация: Согласно спутниковой телеметрии и интерфейсу ИНС из файла image_31a4e0.jpg, танкер завершил региональный переход и находится в географическом регионе Восточного побережья Южной Америки (East Coast South America).

Статус навигации: На якоре (At Anchor), что подтверждается навигационным статусом на панели ИНС в image_31a4e0.jpg. Базовый срез береговых станций давал устаревший стаж позиции (2 дня назад), однако спутниковый датчик ИНС на image_31a4e0.jpg верифицирует актуализацию телеметрии со свежим стажем в 4 минуты (интерфейсная сводка сообщает «reported 3 minutes ago»).

Динамика: Текущая путевая скорость судна составляет 0.1 узла (штатное удержание позиции на якорной цепи). Курс по приборам ИНС (Course) зафиксирован на отметке 177° (в текстовом логе приводится предиктивное значение путевого угла 117.8°). Датчик истинного курса (True heading) показывает положение корпуса на отметке 107°, скорость разворота (Rate of turn) составляет 0°/мин.

Хронология рейса и фактическое прибытие (ATA): Объявленный пункт назначения по AIS — CALETA CORDOVA. В системе ИНС на image_31a4e0.jpg в качестве сопоставленной точки назначения (Matched destination) верифицирована якорная стоянка порта Комодоро-Ривадавия — Comodoro Anch., ARGENTINA. Танкер выполнил каботажный переход из нефтеналивного терминала Пуэрто-Росалес (AR PRS) / Баия-Бланка, где находился на якоре с 31 мая. Время фактического отхода из Пуэрто-Росалес зафиксировано 31 мая 2026 года в 15:15 UTC-3. Судно успешно завершило переход (STATUS: ARRIVED) и встало на якорь на рейде Комодоро (COMODORO ANCH) 4 июня 2026 года в 02:22 UTC-3. Ранее заявленное экипажем расчетное время (Reported ETA) было установлено на 4 июня в 05:00 UTC-3 (в текстовом логе округлено до 08:00).

Статус загрузки: Текущая рабочая осадка (Draught) составляет 7.8 м. Данный параметр полностью подтверждается интерфейсом image_31a4e0.jpg и свидетельствует о нахождении судна в балласте либо с частичным объемом груза (в рамках ограничений инфраструктуры терминалов выгрузки).

3. Анализ рисков и комплаенс-профиль
Операционная стратегия: Танкер Panamax-класса выполняет регулярные каботажные челночные рейсы между нефтеналивными узлами Баия-Бланка и заливом Сан-Хорхе (Калета-Кордова / Комодоро-Ривадавия). Постановка на якорь на рейде COMODORO ANCH при осадке 7.8 м является плановым этапом ожидания перед швартовкой к выносному причалу или беспричальному морскому терминалу Калета-Кордовы для проведения грузовых операций. Истинный курс 107° отражает разворот корпуса под влиянием локального течения и ветровых нагрузок Атлантики.

Интенсивность использования: Профиль эксплуатации фиксирует интенсивное коммерческое использование на локальном рынке — 29 портовых вызовов за отчетный цикл. Историческая география визитов сосредоточена внутри аргентинских терминалов (Пуэрто-Росалес, Калета-Оливия) с эпизодическими заходами в чилийские порты. График конца мая показывает высокую плотность операций: судно прибыло на якорную стоянку Баия-Бланка 31 мая в 12:51 UTC, проведя перед этим короткую грузовую сессию (1 день 11 часов) и серию предварительных удержаний на рейде (1 день 12 часов и 5 часов). Использование спутникового канала ИНС актуальностью 4 минуты полностью ликвидировало двухдневную «слепую зону» берегового трекинга, подтвердив своевременный приход актива.

Техническое состояние и комплаенс: 21-летний операционный возраст относит судно к категории возрастного наливного флота. Для безопасной эксплуатации Panamax-танкеров данного класса требуются строгий технический аудит судовых систем, регулярная дефектоскопия корпуса и подтверждение класса. Международные или национальные правовые споры и санкционные ограничения по данному активу отсутствуют, комплаенс-профиль чист. Обеспечение и швартовка на рейде Калета-Кордова контролируются штатными службами местной портовой администрации.

Аналитическое резюме:
Национальный танкер-продуктовоз класса Panamax SAN MATIAS I (IMO 9298789) успешно завершил переход из Пуэрто-Росалес. По состоянию на 4 июня 2026 года борт прибыл в район назначения (статус ARRIVED) и зафиксирован на якорной стоянке Комодоро/Калета-Кордова (COMODORO ANCH) с рабочей осадкой 7.8 м. Навигационная и операционная телеметрия полностью подтверждены спутниковыми датчиками ИНС, технические или графиковые риски для актива отсутствуют, борт ожидает команды на подход к грузовому причалу."
9311505,True,False,,True,,,vessel,,701088000,,,,2005.0,"Аргентина (Argentina). Борт оперирует под национальным флагом, осуществляя каботажные и региональные перевозки.",,,229.0,,7.0,Draught,,,,,not available»),Matched destination,,,,needs_review,"Идентификатор: IMO 9311505, MMSI 701088000.

Позывной сигнальной станции (Callsign): LW3370.

Классификация: Нефтепродуктовый танкер (Oil Products Tanker). По дедвейту относится к коммерческому классу Panamax. На панели image_31a938.jpg детальный тип судна уточнен как Crude Oil Tanker, в навигационной системе ИНС проходит в общей категории Tanker.

Флаг: Аргентина (Argentina). Борт оперирует под национальным флагом, осуществляя каботажные и региональные перевозки.

Габариты: Конструктивная длина (LOA) — 229.00 м, ширина корпуса (Beam) — 32.29 м. Спутниковый интерфейс на image_31a938.jpg полностью подтверждает эти параметры. В упрощенном текстовом логе ширина округлена до 32 м.

Тоннаж: Максимальный дедвейт (DWT) — 69 950 т, валовая вместимость (Gross Tonnage) — 42 014 GT.

Возраст: 2005 год постройки (21 год эксплуатации в текущем календарном году). Судно сошло со стапелей в августе 2005 года и на протяжении всей коммерческой деятельности стабильно работает под своим первоначальным именем — RECOLETA.

2. Оперативная обстановка (на 4 июня 2026 г.)
Текущая локация: Согласно спутниковой телеметрии и интерфейсу ИНС из файла image_31a938.jpg, танкер завершил переход и в настоящий момент находится в географическом регионе Восточного побережья Южной Америки (East Coast South America).

Статус навигации: Ошвартован / пришвартован (Moored). Базовый срез береговых станций давал устаревший стаж позиции (7 дней назад), однако спутниковый датчик ИНС на image_31a938.jpg верифицирует актуализацию телеметрии со свежим стажем в 6 минут (интерфейсная сводка сообщает «reported 5 minutes ago»).

Динамика: Текущая путевая скорость судна составляет 0 узлов (стабильное удержание у терминала). Курс по приборам ИНС (Course) зафиксирован на отметке 173°. Датчик истинного курса (True heading) показывает положение корпуса на отметке 70°, скорость разворота (Rate of turn) составляет 0°/мин. В предшествующем ходовом логе предиктивная модель рассчитывала крейсерский темп со скоростью 10.8 узлов и путевым углом 180.4°.

Хронология рейса и фактическое прибытие (ATA): В базовом текстовом логе данные о пункте назначения и ETA отсутствовали («Destination not available»). Однако система ИНС на image_31a938.jpg полностью раскрывает оперативную картину: в качестве сопоставленной точки назначения (Matched destination) верифицирован аргентинский порт Калета-Оливия (Caleta Olivia, ARGENTINA). Танкер выполнил региональный рейс, выйдя с якорной стоянки Баия-Бланка (AR BHI) 28 мая 2026 года в 19:18 UTC. Судно успешно завершило переход (STATUS: ARRIVED) и встало к терминалу Калета-Оливия (AR CVI) 4 июня 2026 года в 10:24 UTC-3. Время фактического отхода из Калета-Оливия для текущего каботажного цикла сопоставлено на графике как 4 июня в 10:01 UTC-3.

Статус загрузки: Текущая рабочая осадка (Draught) составляет 7.0 м. Данный параметр полностью подтверждается интерфейсом image_31a938.jpg и свидетельствует о нахождении судна в балласте или под разгрузкой/наливом на терминале.

3. Анализ рисков и комплаенс-профиль
Операционная стратегия: Танкер Panamax-класса задействован в каботажной транспортировке углеводородов между ключевыми портами Аргентины (Баия-Бланка — Калета-Оливия), действуя в рамках внутренней энергетической логистики региона. Успешная швартовка в Калета-Оливия (зафиксированная на image_31a938.jpg) при осадке 7.0 м подтверждает штатное завершение 7-суточного перехода вдоль побережья Патагонии. Направление истинного курса 70° при швартовом статусе обусловлено конструктивной ориентацией причала или выносного терминала порта.

Интенсивность использования: Профиль эксплуатации фиксирует стабильную коммерческую загрузку — 28 портовых вызовов за отчетный цикл. Историческая география визитов жестко привязана к аргентинским наливным хабам (Пуэрто-Росалес, Калета-Кордоба) с редкими заходами в Чили. Во второй половине мая 2026 года судно демонстрировало высокую плотность маневрирования на рейде Баия-Бланка: трехдневная стоянка на якоре (с 25 по 28 мая), короткий портовый заход (с 23 по 25 мая), а также предварительные циклы удержания позиции на рейдах (11 часов и 4 дня). Своевременное обновление данных через спутниковый канал (6 минут назад на image_31a938.jpg) устранило критическую «слепую зону» берегового AIS и подтвердило прибытие актива в порт назначения.

Техническое состояние и комплаенс: 21-летний операционный возраст относит судно к категории возрастного флота. Для танкеров данного периода постройки требуются повышенные стандарты технического надзора, регулярное прохождение освидетельствований корпуса и проверка систем предотвращения разлива нефтепродуктов. Национальный комплаенс-профиль под флагом Аргентины находится в рамках регионального правового поля, актуальные международные санкции отсутствуют. Судно обслуживается штатными портовыми службами и локальными агентами в терминале Калета-Оливия.

Аналитическое резюме:
Танкер класса Panamax RECOLETA (IMO 9311505) под флагом Аргентины успешно завершил каботажный переход из Баия-Бланка. По состоянию на 4 июня 2026 года борт прибыл в порт назначения (статус ARRIVED) и ошвартован у терминала Калета-Оливия (AR CVI) с рабочей осадкой 7.0 м. Позиция и телеметрия верифицированы спутниковыми системами ИНС, навигационная ситуация на объекте штатная, риски простоя или потери контроля минимизированы."
9791169,True,False,,True,,,vessel,,563054800,,,,2018.0,Сингапур (Singapore). Оперирует под одним из наиболее авторитетных белых флагов мирового судоходного регистра.,,,159.03,,10.0,Draught,,12.4,,,по AIS — PE CLL,Matched destination,,,,needs_review,"Идентификатор: IMO 9791169, MMSI 563054800.

Позывной сигнальной станции (Callsign): 9V5147.

Классификация: Химический/нефтепродуктовый танкер (Chemical/Oil Products Tanker). Относится к категории малых/среднетоннажных продуктовозов (классификация ближе к MR1 / Handysize). В системе ИНС судно классифицировано по специальному классу опасности груза: Tanker - Hazard B (опасные наливные химикаты категории B).

Флаг: Сингапур (Singapore). Оперирует под одним из наиболее авторитетных белых флагов мирового судоходного регистра.

Габариты: Конструктивная длина (LOA) — 159.03 м, ширина корпуса (Beam) — 27.10 м. Спутниковый интерфейс на image_31003.jpg верифицирует данные параметры: длина 159.03 м, ширина 27 м.

Тоннаж: Максимальный дедвейт (DWT) — 26 196 т, валовая вместимость (Gross Tonnage) — 16 589 GT.

Возраст: 2018 год постройки (8 лет эксплуатации в текущем календарном году). Судно сошло со стапелей в мае 2018 года и на протяжении всей коммерческой истории стабильно работает под первоначальным именем — NAEBA GALAXY.

2. Operational Environment (на 4 июня 2026 г.)
Текущая локация: Согласно спутниковой телеметрии и интерфейсу ИНС из файла image_31003.jpg, борт завершил маневрирование на рейде Баия-Бланка и находится в ходовом режиме в географическом регионе Южной Америки.

Статус навигации: На ходу с использованием главного двигателя (Underway using Engine). Упрощенный наземный лог зафиксировал позицию 21 час назад, однако спутниковый датчик ИНС на image_31003.jpg дает свежий срез телеметрии со стажем всего в 2 часа 59 минут (интерфейсный статус сообщает «reported 2 hours ago»).

Динамика: Текущая путевая скорость судна составляет 13.0 узлов (в предиктивной модели лога зафиксирована средняя эксплуатационная скорость 12.4 узла). Курс по приборам ИНС (Course) составляет 201°, а датчик истинного курса (True heading) показывает направление корпуса на отметке 204° (прошлый предиктивный путевой угол в логе составлял 168.9°). Скорость разворота (Rate of turn) стабильна.

Хронология рейса и прогнозируемое прибытие (ETA): Объявленный пункт назначения по AIS — PE CLL. В системе ИНС на image_31003.jpg в качестве сопоставленной точки назначения (Matched destination) верифицирован порт Кальяо, Перу (Callao, PERU). Танкер выполняет межпортовый переход, покинув специализированный наливной терминал Пуэрто-Гальван, Аргентина (AR BHI) 3 июня 2026 года. На графике image_31003.jpg фактическое время отхода сопоставлено по шкале UTC-3 как 3 июня в 10:18 (в текстовом логе указано 12:41 UTC). Длительность перехода на текущий момент составляет чуть более 1 суток. Заявленное расчетное время прибытия (Reported ETA) установлено на 14 июня 2026 года в 03:00 UTC-5 (в текстовом логе округлено до 08:00 UTC), до окончания рейса остается 10 дней.

Статус загрузки: Текущая рабочая осадка (Draught) составляет 10.0 м (интерфейс image_31003.jpg полностью подтверждает осадку 10.0 м). Данный параметр соответствует полной или близкой к максимальной коммерческой загрузке танков химической продукцией.

3. Анализ рисков и комплаенс-профиль
Операционная стратегия: Танкер перевозит опасную химическую продукцию (категория Hazard B) из Аргентины в Перу. Маршрут пролегает вокруг южной оконечности континента на север в Тихий океан. Текущий курс 201° / 204° четко фиксирует движение судна на юг-юго-запад вдоль побережья Патагонии по направлению к Магелланову проливу. Глубокая осадка 10.0 м свидетельствует о том, что судно идет с полными танками, что требует повышенной осторожности при прохождении узкостей и штормовых районов южной части материка.

Интенсивность использования: Профиль эксплуатации фиксирует высокую коммерческую загрузку — 27 портовых вызовов за отчетный цикл. Историческая структура маршрутов судна тесно связана с азиатским нефтехимическим регионом, включая регулярные заходы в Южную Корею (Онсан, Ульсан) и США. На рубеже мая и июня 2026 года судно отработало интенсивную программу на рейде и у терминалов Баия-Бланка: двухдневная грузовая стоянка в Пуэрто-Гальван (с 1 по 3 июня), которой предшествовала серия коротких стоянок на якоре (6 часов, 18 часов, 10 часов). Наличие свежих спутниковых данных (около 3 часов назад) исключает «слепые зоны» трекинга на этапе выхода судна из зоны действия береговых станций.

Техническое состояние и комплаенс: 8-летний операционный возраст характеризует судно как полностью проверенный, технически надежный актив, находящийся под жестким контролем сингапурского регистра. Международный комплаенс-профиль чист, санкционные риски или юридические аресты отсутствуют. В порту назначения Кальяо прием судна обеспечивается развитой инфраструктурой, включая AVS Global Ship Supply And Catering, Skandinavian Agency Services, Y.T. & Associates SAC (сюрвейерские услуги), PartnerShip и Unitron. Переход проходит в штатном режиме.

Аналитическое резюме:
Специализированный химический танкер NAEBA GALAXY (IMO 9791169) под флагом Сингапура осуществляет межпортовую транспортировку опасного наливного груза (Hazard B) из Аргентины в Перу. По состоянию на 4 июня 2026 года борт находится в статусе UNDER WAY со стабильной скоростью 13.0 kn и рабочей осадкой 10.0 м, следуя курсом 201° к Магелланову проливу для выхода в Тихий океан. Прибытие в порт Кальяо (PE CLL) ожидается без отклонений от графика через 10 суток — 14 июня 2026 года. Аномалий не выявлено."
9732565,True,False,,True,,,vessel,,538010889,,,,2017.0,Маршалловы Острова (Marshall Islands). Борт оперирует под международным реестром данной юрисдикции.,,,332.97,,20.7,Draught,,,,,по AIS — BRSSZ>USLGB,Matched destination,,,,needs_review,"Идентификатор: IMO 9732565, MMSI 538010889.

Позывной сигнальной станции (Callsign): V7A6281.

Классификация: Танкер для сырой нефти (Crude Oil Tanker). По дедвейту относится к ультракрупному коммерческому классу VLCC (Very Large Crude Carrier). В навигационной системе ИНС проходит в общей категории Tanker.

Флаг: Маршалловы Острова (Marshall Islands). Борт оперирует под международным реестром данной юрисдикции.

Габариты: Конструктивная длина (LOA) — 332.97 м, ширина корпуса (Beam) — 60.00 м. Спутниковый интерфейс ИНС на image_31b4c0.jpg верифицирует ширину с точностью до сотых как 60.04 м. В упрощенном логе габариты округлены до 333 / 60 м.

Тоннаж: Максимальный дедвейт (DWT) — 298 642 т, валовая вместимость (Gross Tonnage) — 154 139 GT.

Возраст: 2017 год постройки (9 лет эксплуатации в текущем календарном году). Согласно коммерческому манифесту, судно сошло со стапелей в январе 2017 года под именем ARDECHE, а в декабре 2023 года получило текущее коммерческое наименование — FRONT FLORES.

2. Оперативная обстановка (на 4 июня 2026 г.)
Текущая локация: Согласно спутниковой телеметрии и интерфейсу ИНС из файла image_31b4c0.jpg, сверхкрупный танкер находится в географическом регионе Восточного побережья Южной Америки (East Coast South America).

Статус навигации: На ходу с использованием главного двигателя (Underway using Engine). Базовый срез береговых станций давал устаревший стаж позиции (6 дней назад), однако спутниковый датчик ИНС на image_31b4c0.jpg верифицирует актуализацию телеметрии со свежим стажем в 7 часов 12 минут (интерфейсная сводка сообщает «reported 7 hours, 11 minutes ago»).

Динамика: Текущая путевая скорость судна составляет 11.3 узла, что соответствует штатному крейсерскому транзиту для груженого супертанкера (предиктивная модель текстового лога рассчитывает средний ход до 11.5 узлов). Курс по приборам ИНС (Course) составляет 216° (в текстовом логе зафиксирован прошлый расчетный путевой угол 148.7°). Датчик истинного курса (True heading) показывает положение корпуса на отметке 214°.

Хронология рейса и прогнозируемое прибытие (ETA): Объявленный пункт назначения по AIS — BRSSZ>USLGB. В системе ИНС на image_31b4c0.jpg в качестве сопоставленной точки назначения (Matched destination) верифицирован порт Лонг-Бич, США (Long Beach, UNITED STATES OF AMERICA). Танкер выполняет глубокий трансокеанский переход из Китая, покинув наливной терминал Ланьшань (CN LSN) 8 апреля 2026 года в 07:04 UTC+8. По пути судно совершило кратковременный плановый заход на якорную стоянку Сингапура (Singapore Anch. 5), откуда отошло 17 апреля 2026 года в 00:15 UTC. Длительность межконтинентального транзита из Сингапура составляет уже 49 суток. Заявленное расчетное время прибытия (Reported ETA) установлено на 28 июня 2026 года в 08:00 UTC-7 (в текстовом логе указано 15:00 UTC), до завершения рейса остается 24 дня.

Статус загрузки: Текущая рабочая осадка (Draught) составляет 20.7 м. Данный глубокий параметр полностью подтверждается интерфейсом image_31b4c0.jpg и свидетельствует о движении судна в максимальном груженом состоянии.

3. Анализ рисков и комплаенс-профиль
Операционная стратегия: Танкер класса VLCC выполняет сложнейший сверхпротяженный рейс из Азии в Северную Америку вокруг мыса Доброй Надежды и мыса Горн (или Магелланова пролива), поскольку габариты и осадка в 20.7 м полностью исключают возможность прохождения Панамского или Суэцкого каналов. Траектория движения (курс 216° / 214° на спутниковом срезе) фиксирует движение судна вдоль восточного побережья Южной Америки на юг, направляясь к точке обхода континента. Осадка 20.7 м подтверждает транспортировку максимальной коммерческой партии сырой нефти (порядка 2 млн баррелей).

Интенсивность использования: Профиль эксплуатации фиксирует высокую коммерческую загрузку — 20 портовых вызовов за отчетный цикл. Историческая география визитов ориентирована на ключевые глобальные хабы сырой нефти: ОАЭ (Фуrequest/Фуджэйра) и Китай (Чжоушань). Текущий график за весну 2026 года отражает непрерывный океанский транзит с минимальными стоянками (1 день на рейде Сингапура для бункеровки или смены экипажа). Использование спутникового канала ИНС (актуальность 7.2 часа на image_31b4c0.jpg) полностью снимает риски потери контроля над активом в океанской зоне.

Техническое состояние и комплаенс: 9-летний возраст судна (постройка 2017 года) характеризует его как зрелый, но полностью функциональный и проверенный актив. Международный комплаенс-профиль под флагом Маршалловых Островов чист, актуальные международные санкции или юридические споры отсутствуют. В порту назначения Лонг-Бич прием и обслуживание гиганта обеспечивается развитой инфраструктурой локальных агентов и сюрвейеров, включая Marintegrity LLC (сюрвейерские услуги), TRADLINX, Steady Marine и Subsea Global Solutions Los Angeles / Long Beach (подводно-технический сервис).

Аналитическое резюме:
Супертанкер класса VLCC FRONT FLORES (IMO 9732565) под флагом Маршалловых Островов осуществляет долгосрочный кругосветный транзит сырой нефти из Китая/Сингапура в США. Борт находится в статусе UNDER WAY со стабильной скоростью 11.3 kn и максимальной осадкой 20.7 м, выполняя маневр обхода Южной Америки с востока. Переход контролируется спутниковыми системами ИНС, расчетный подход к терминалам Лонг-Бич (US LGB) ожидается строго по графику фрахтователя через 24 дня — 28 июня 2026 года. Риски не зафиксированы."
9927196,True,False,,True,,,vessel,,636020833,,,,2022.0,Либерия (Liberia). Судно оперирует под международным открытым регистром.,,,249.9,,11.5,Draught,,,,,по AIS — AU GEX,Matched destination,,,,needs_review,"Идентификатор: IMO 9927196, MMSI 636020833.

Позывной сигнальной станции (Callsign): 5LAY2.

Классификация: Танкер для сырой нефти (Crude Oil Tanker). По дедвейту относится к крупнотоннажному коммерческому классу Aframax. В навигационной системе ИНС проходит в общей категории Tanker.

Флаг: Либерия (Liberia). Судно оперирует под международным открытым регистром.

Габариты: Конструктивная длина (LOA) — 249.90 м, ширина корпуса (Beam) — 44.00 м. Спутниковый интерфейс ИНС на image_31bf68.jpg полностью подтверждает эти параметры. В упрощенном текстовом логе длина округлена до 249 м.

Тоннаж: Максимальный дедвейт (DWT) — 114 377 т, валовая вместимость (Gross Tonnage) — 64 314 GT.

Возраст: 2022 год постройки (4 года эксплуатации в текущем календарном году). Согласно коммерческому манифесту, судно сошло со стапелей в июне 2022 года и стабильно работает под своим первоначальным именем — GREEN ADMIRE.

2. Оперативная обстановка (на 4 июня 2026 г.)
Текущая локация: Согласно актуальной спутниковой телеметрии и интерфейсу ИНС из файла image_31bf68.jpg, танкер находится в географическом регионе Восточного побережья Южной Америки (East Coast South America).

Статус навигации: На ходу с использованием главного двигателя (Underway using Engine). Базовый срез береговых станций давал устаревший стаж позиции (5 дней назад), однако спутниковый датчик ИНС на image_31bf68.jpg верифицирует актуализацию телеметрии со свежим стажем в 7 часов 42 минуты (текстовый лог на момент выгрузки фиксировал спутниковый сигнал 15 минут назад).

Динамика: На панели image_31bf68.jpg текущая мгновенная скорость зафиксирована как 0.0 узлов, а курс (Course) — 290°. Однако предшествующий ходовой лог и расчетные предиктивные модели ИНС фиксируют стабильный крейсерский темп на переходе со скоростью 11.9 узлов и путевым углом 140°. Данные истинного курса (True heading) и скорости разворота на момент съема отсутствуют.

Хронология рейса и прогнозируемое прибытие (ETA): Объявленный пункт назначения по AIS — AU GEX. В системе ИНС на image_31bf68.jpg в качестве сопоставленной точки назначения (Matched destination) верифицирован порт Джелонг, Австралия (Geelong, AUSTRALIA). Танкер выполняет глубокий трансокеанский переход из Аргентины, покинув наливной терминал Пуэрто-Росалес (AR PRS) / внешний рейд Баия-Бланка 29 мая 2026 года в 11:14 UTC (на графике image_31bf68.jpg время отхода сопоставлено по шкале UTC-3 как 30 мая в 14:17). Длительность перехода на текущий момент составляет 6 суток. Заявленное расчетное время прибытия (Reported ETA) установлено на 26 июня 2026 года в 11:00 UTC+10 (в текстовом логе указано 01:00 UTC), до завершения рейса остается 21 день.

Статус загрузки: Текущая рабочая осадка (Draught) составляет 11.5 м. Данный глубокий параметр полностью подтверждается интерфейсом image_31bf68.jpg и свидетельствует о движении судна в груженом состоянии.

3. Анализ рисков и комплаенс-профиль
Операционная стратегия: Судно выполняет длительный межконтинентальный рейс из Южной Америки в Австралию через южную часть Атлантического и Индийского океанов. Глубокая осадка 11.5 м подтверждает транспортировку крупной коммерческой партии сырой нефти (близкой к максимальному дедвейту в 114 тыс. тонн). Мгновенная фиксация скорости 0.0 узлов на курсе 290° при общем ходовом статусе может указывать на кратковременное навигационное маневрирование, дрейф в ожидании окончательных инструкций фрахтователя перед выходом в открытый океан или специфику обновления спутникового пакета данных, в то время как предиктивный трек рассчитывает средний ход 11.9 узлов.

Интенсивность использования: Профиль эксплуатации фиксирует умеренную коммерческую загрузку — 19 портовых вызовов за отчетный цикл. Историческая география визитов указывает на регулярную работу на австралийском направлении (Джелонг), а также заходы во Вьетнам (оффшорный терминал Su Tu Den Oil Offshore) и США. В конце мая 2026 года перед погрузкой судно прошло через серию коротких якорных циклов на рейде Баия-Бланка (1 день 1 час, 6 часов 23 минуты, 1 день 14 часов). Использование спутникового канала ИНС актуальностью 7.5 часов полностью решает проблему потери сигнала берегового AIS на данном протяженном океанском маршруте.

Техническое состояние и комплаенс: 4-летний операционный возраст (постройка середины 2022 года) характеризует судно как современный, высокотехнологичный и надежный актив с минимальными рисками износа. Международный комплаенс-профиль либерейского флага чист, актуальные международные санкции или юридические споры отсутствуют. В порту назначения Джелонг судно обеспечивается инфраструктурой локальных агентов и сертифицированных сервисных компаний, включая JP Shipping Agency Pty Ltd (портовое агентирование) и Maintenance Concepts (водолазные и подводно-технические работы).

Аналитическое резюме:
Крупнотоннажный танкер класса Aframax GREEN ADMIRE (IMO 9927196) под либерийским флагом выполняет длительный трансокеанский рейс из Аргентины в Австралию. По состоянию на текущий момент борт находится в ходовом статусе (UNDER WAY) в груженом состоянии с рабочей осадкой 11.5 м. Переход через океанские районы контролируется спутниковыми системами ИНС, расчетный подход к терминалам порта Джелонг (AU GEX) ожидается по графику через 21 день — 26 июня 2026 года. Навигационная ситуация под контролем."
9833058,True,False,,True,,,vessel,,636018825,,,,2019.0,Либерия (Liberia). Актив эксплуатируется под международным открытым регистром.,,,,,8.5,Draught,,,,,по AIS — ARSLO,Matched destination,,,,needs_review,"Идентификатор: IMO 9833058, MMSI 636018825.

Позывной сигнальной станции (Callsign): D5RO3.

Классификация: Химический/нефтепродуктовый танкер (Chemical/Oil Products Tanker). По классификации дедвейта относится к классу среднетоннажных продуктовозов MR2 (Medium Range). В интерфейсе ИНС зарегистрирован в обобщенной категории Tanker.

Флаг: Либерия (Liberia). Актив эксплуатируется под международным открытым регистром.

Габариты: Конструктивная длина (LOA) составляет 183.06 м, ширина корпуса (Beam) — 32.20 м. Спутниковая панель ИНС в файле image_31c3de.jpg фиксирует ширину с точностью до сотых как 32.22 м, в то время как упрощенный текстовый лог округляет габариты до значений 182 / 32 м.

Тоннаж: Максимальный дедвейт (DWT) — 50 338 т, валовая вместимость (Gross Tonnage) — 29 917 GT.

Возраст: 2019 год постройки (7 лет эксплуатации в текущем календарном году). Судно сошло со стапелей в июне 2019 года и на протяжении коммерческой истории не меняло имя, стабильно работая как NORD VANQUISH.

2. Оперативная обстановка (на 4 июня 2026 г.)
Текущая локация: Согласно актуальной спутниковой телеметрии и интерфейсу ИНС из файла image_31c3de.jpg, танкер завершает обход южной оконечности материка и находится в географическом регионе Западного побережья Южной Америки (West South America) перед выходом в Атлантику.

Статус навигации: На ходу с использованием главного двигателя (Underway using Engine), как зафиксировано на панели ИНС в image_31c3de.jpg. Базовый срез береговых станций давал устаревший стаж позиции (5 дней назад), однако спутниковый датчик ИНС на image_31c3de.jpg верифицирует актуализацию телеметрии со свежим стажем в 7 часов 44 минуты.

Динамика: Текущая путевая скорость судна составляет 12.0 узлов, что соответствует экономичному крейсерскому транзиту (базовый текстовый лог фиксировал расчетную скорость до 12.6 узлов). Курс по приборам ИНС (Course) составляет 1° (фактически борт развернулся на север), в то время как датчик истинного курса (True heading) показывает положение корпуса на отметке 358° (в текстовом логе зафиксирован прошлый путевой угол 184.3°). Скорость разворота (Rate of turn) отсутствует или равна нулю.

Хронология рейса и прогнозируемое прибытие (ETA): Объявленный пункт назначения по AIS — ARSLO. В системе ИНС на image_31c3de.jpg в качестве сопоставленной точки назначения (Matched destination) верифицирован речной порт Сан-Лоренсо, Аргентина (San Lorenzo, ARGENTINA). Танкер выполняет сложный межконтинентальный переход из якорной стоянки Мехильонес, Чили (CL MJS), откуда отошел 26 мая 2026 года в 22:40 UTC (на графике image_31c3de.jpg фактическое время отхода сопоставлено по шкале UTC-4 как 26 мая в 09:35). Длительность перехода на текущий момент составляет 9 суток. Заявленное расчетное время прибытия (Reported ETA) установлено на 8 июня 2026 года в 13:00 UTC-3 (в текстовом логе указано 16:00 UTC), до завершения рейса остается 4 дня.

Статус загрузки: Текущая рабочая осадка (Draught) составляет 8.5 м (интерфейс image_31c3de.jpg полностью подтверждает осадку 8.5 м). Данный параметр строго выверен под ограничения навигации по реке Парана для безопасного прохождения критических перекатов на пути к терминалам Сан-Лоренсо.

3. Анализ рисков и комплаенс-профиль
Операционная стратегия: Переход по маршруту Чили — Аргентина через Магелланов пролив или пролив Дрейка сопряжен с высокими навигационными нагрузками. Изменение курса на 1° / 358° подтверждает, что танкер успешно обогнул континент и движется на север вдоль восточного побережья Южной Америки к устью Ла-Платы. Осадка 8.5 м является оптимальной (шлюзовая и речная осадки в Сан-Лоренсо жестко контролируются из-за заиления и уровня воды, обычно допуская суда с осадкой в пределах 9.5–10.5 м). Борт идет с частичной загрузкой или под налив на речных терминалах.

Интенсивность использования: Профиль эксплуатации фиксирует высокую коммерческую загрузку — 39 портовых вызовов за отчетный цикл. Историческая структура маршрутов судна ориентирована на регионы с высокой плотностью нефтехимического трафика: регулярные заходы в США (Хьюстон) и Мексику (Лимелтри-Бей). В мае 2026 года судно демонстрировало длительные периоды ожидания на чилийских рейдах (длительная стоянка на якоре в Мехильонес составила 11 суток 1 час, последующая — 1 день 21 час). Обновление позиции через спутниковый канал 7 часов 44 минуты назад снимает риски потери контроля за активом в океанской зоне.

Техническое состояние и комплаенс: 7-летний возраст судна (постройка середины 2019 года) относит его к категории современных крупнотоннажных продуктовозов. Международный комплаенс-профиль либерийского флага чист, актуальные международные санкции или юридические споры отсутствуют. В порту назначения Сан-Лоренсо судно обеспечивается инфраструктурой локальных агентов и снабженцев, включая AVS Global Ship Supply, RVS SRL (судовой ремонт), Ecotec Fumigation, Pacific Supply и NAVSA Port Agents.

Аналитическое резюме:
Продуктовоз класса MR2 NORD VANQUISH (IMO 9833058) под либерийским флагом завершает океанский переход вокруг Южной Америки из Чили в Аргентину. По состоянию на текущий момент борт находится в статусе UNDER WAY со стабильной скоростью 12.0 kn, выдерживая курс на север к устью реки Парана. Текущая рабочая осадка 8.5 м полностью безопасна для речного транзита. Подход к лоцманской станции и терминалам Сан-Лоренсо (AR ARSLO) ожидается строго по графику через 4 суток — 8 июня 2026 года. Навигационная ситуация штатная."
1079199,True,False,,True,,,vessel,,636093413,,,,,Либерия (Liberia). Борт оперирует под международным открытым регистром.,,,250.0,,13.5,Draught,,,,,по AIS — MAGELLAN STRAIT,Matched destination,,,,needs_review,"Идентификатор: IMO 1079199, MMSI 636093413.

Позывной сигнальной станции (Callsign): A8LW2.

Классификация: Танкер для сырой нефти (Crude Oil Tanker). По дедвейту относится к крупнотоннажному коммерческому классу Aframax. В навигационной базе ИНС проходит в общей категории Tanker.

Флаг: Либерия (Liberia). Борт оперирует под международным открытым регистром.

Габариты: Конструктивная длина (LOA) — 250.00 м, ширина корпуса (Beam) — 44.00 м. Спутниковый интерфейс ИНС на image_32199e.jpg подтверждает эти параметры, фиксируя длину как 249.9 м и ширину как 44 м.

Тоннаж: Максимальный дедвейт (DWT) — 115 000 т, валовая вместимость (Gross Tonnage) — 64 142 GT.

Возраст: Фактически новое судно 2026 года постройки (первый год эксплуатации). Со стапелей в феврале 2026 года сошло под проектным именем WAN MING LU ZHOU, но в том же месяце получило текущее коммерческое наименование — OASIS.

2. Оперативная обстановка (на 4 июня 2026 г.)
Текущая локация: Согласно спутниковой телеметрии и интерфейсу ИНС из файла image_32199e.jpg, танкер преодолел транзитный коридор и в настоящий момент находится в географическом регионе Западного побережья Южной Америки (West South America).

Статус навигации: На якоре (At Anchor). Базовый срез наземных станций давал устаревший стаж позиции (12 дней назад), однако спутниковый датчик ИНС на image_32199e.jpg верифицирует актуализацию телеметрии со свежим стажем в 3 минуты (интерфейсная сводка сообщает «reported 2 minutes ago»).

Динамика: Текущая путевая скорость судна составляет 0 узлов (стабильное удержание позиции на якорной цепи). Курс по приборам ИНС (Course) зафиксирован на отметке 262°. Датчик истинного курса (True heading) показывает положение корпуса на уровне 340°, скорость разворота (Rate of turn) составляет 0°/мин. В предшествующем ходовом логе фиксировался крейсерский темп 12.6 узлов.

Хронология рейса и фактическое прибытие (ATA): Объявленный экипажем пункт назначения по AIS — MAGELLAN STRAIT. В системе ИНС на image_32199e.jpg в качестве сопоставленной точки назначения (Matched destination) верифицирована якорная стоянка Пунта-Аренас, Чили (Punta Arenas Anch., CHILE). Танкер выполнил глубокий межконтинентальный переход из Аргентины, покинув терминал Пуэрто-Росалес (AR PRS) / внешний рейд Баия-Бланка 21 мая 2026 года в 08:30 UTC (на графике image_32199e.jpg время отхода сопоставлено по шкале UTC-3 как 21 мая в 21:52). Судно фактически завершило переход (STATUS: ARRIVED) и встало на якорь в Магеллановом проливе 4 июня 2026 года в 04:50 UTC-3. Заявленное ранее расчетное время (Reported ETA) было установлено на 26 мая в 03:10 UTC-3.

Статус загрузки: Текущая рабочая осадка (Draught) составляет 13.5 м. Данный глубокий параметр полностью подтверждается интерфейсом image_32199e.jpg и свидетельствует о движении судна в максимальном груженом состоянии.

3. Анализ рисков и комплаенс-профиль
Операционная стратегия: Танкер класса Aframax выполняет межпортовую транспортировку сырой нефти вокруг южной оконечности континента, успешно завершив переход из Аргентины через Атлантику в Магелланов пролив. Стабильная глубокая осадка 13.5 м подтверждает, что судно полностью заполнено сырьем (около 115 тыс. тонн сырой нефти). Текущая стоянка на рейде Пунта-Аренас (PUNTA ARENAS ANCH) является плановой и связана с прохождением обязательных таможенно-карантинных процедур, получением чилийской лоцманской проводки для дальнейшего маневрирования в проливах или ожиданием улучшения погодных условий на маршруте к тихоокеанским терминалам выгрузки.

Интенсивность использования: Профиль эксплуатации фиксирует этап первоначального развертывания нового актива. Из исторических переходов зафиксирована длительная 6-дневная якорная стоянка на рейде Баия-Бланка перед погрузкой (с 14 по 21 мая), а также более ранний мартовский визит. Актуализация данных через спутниковый канал ИНС (3 минуты назад на image_32199e.jpg) полностью устраняет 12-дневную «слепую зону» берегового трекинга AIS, подтверждая непрерывный контроль над навигацией крупнотоннажного танкера.

Техническое состояние и комплаенс: Судно обладает исключительным техническим профилем надежности — борт сошел со стапелей в начале 2026 года, что сводит к минимуму риски износа корпуса или отказов пропульсивной установки. Международный комплаенс-профиль либерийского флага чист, санкционные ограничения или правовые споры по данному новому активу отсутствуют. Перевозка сырой нефти в стесненных условиях Магелланова пролива при осадке 13.5 м требует повышенного внимания экипажа к удержанию позиции на якоре. Локальные коммерческие контрагенты и обеспечивающая инфраструктура в точках захода находятся в штатном режиме.

Аналитическое резюме:
Новейший крупнотоннажный танкер класса Aframax OASIS (IMO 1079199) под либерийским флагом успешно завершил межпортовый переход из Аргентины. По состоянию на 4 июня 2026 года борт прибыл в Магеллан пролив (статус ARRIVED) и находится на якорной стоянке Пунта-Аренас, Чили (PUNTA ARENAS ANCH) в полностью груженом состоянии с максимальной рабочей осадкой 13.5 м. Текущее положение контролируется спутниковыми системами ИНС, риски и аномалии навигации для актива отсутствуют."
9833058,True,False,,True,,,vessel,,636018825,,,,2019.0,Либерия (Liberia). Борт оперирует под либерийским международным регистром.,,,183.06,,8.5,Draught,,,,,по AIS — ARSLO,Matched destination,,,,needs_review,"Идентификатор: IMO 9833058, MMSI 636018825.

Позывной сигнальной станции (Callsign): D5RO3.

Классификация: Химический/нефтепродуктовый танкер (Chemical/Oil Products Tanker). По дедвейту относится к коммерческому классу среднетоннажных продуктовозов MR2 (Medium Range). В навигационной базе ИНС проходит в категории Tanker.

Флаг: Либерия (Liberia). Борт оперирует под либерийским международным регистром.

Габариты: Конструктивная длина (LOA) — 183.06 м, ширина корпуса (Beam) — 32.20 м. Спутниковый интерфейс ИНС на image_3220db.jpg дублирует эти параметры с точностью до сотых: длина 183.06 м, ширина 32.22 м. В упрощенном логе габариты округлены до 182 / 32 м.

Тоннаж: Максимальный дедвейт (DWT) — 50 338 т, валовая вместимость (Gross Tonnage) — 29 917 GT.

Возраст: 2019 год постройки (7 лет эксплуатации в текущем календарном году). Согласно коммерческому манифесту, судно сошло со стапелей в июне 2019 года и стабильно эксплуатируется под своим первоначальным именем — NORD VANQUISH.

2. Оперативная обстановка (на 4 июня 2026 г.)
Текущая локация: Согласно спутниковой телеметрии и интерфейсу ИНС из файла image_3220db.jpg, танкер завершает обход южной оконечности материка и находится в географическом регионе Западного побережья Южной Америки (West South America) перед выходом в Атлантику.

Статус навигации: На ходу с использованием главного двигателя (Underway using Engine). Базовый срез береговых станций давал стаж позиции 5 дней назад, однако спутниковый датчик ИНС на image_3220db.jpg верифицирует актуализацию телеметрии со свежим стажем в 7 часов 39 минут.

Динамика: Текущая путевая скорость судна составляет 12.0 узлов, что соответствует экономичному крейсерскому транзиту (базовый текстовый лог фиксировал расчетную скорость до 12.6 узлов). Курс по приборам ИНС (Course) составляет 1° (фактически борт повернул на север), в то время как датчик истинного курса (True heading) показывает положение корпуса на отметке 358° (в текстовом логе зафиксирован прошлый путевой угол 184.3°).

Хронология рейса и прогнозируемое прибытие (ETA): Объявленный пункт назначения по AIS — ARSLO. В системе ИНС на image_3220db.jpg в качестве сопоставленной точки назначения (Matched destination) верифицирован речной порт Сан-Лоренсо, Аргентина (San Lorenzo, ARGENTINA). Танкер выполняет сложный межконтинентальный переход из якорной стоянки Мехильонес, Чили (CL MJS), откуда отошел 26 мая 2026 года в 22:40 UTC (на графике image_3220db.jpg фактическое время отхода сопоставлено по шкале UTC-4 как 26 мая в 09:35). Длительность перехода на текущий момент составляет 9 суток. Заявленное расчетное время прибытия (Reported ETA) установлено на 8 июня 2026 года в 13:00 UTC-3 (в текстовом логе указано 16:00 UTC), до завершения рейса остается 4 дня.

Статус загрузки: Текущая рабочая осадка (Draught) составляет 8.5 м. Данный параметр строго выверен под ограничения навигации по реке Парана для безопасного прохождения критических перекатов на пути к терминалам Сан-Лоренсо.

3. Анализ рисков и комплаенс-профиль
Операционная стратегия: Переход по маршруту Чили — Аргентина через Магелланов пролив или пролив Дрейка сопряжен с высокими навигационными нагрузками. Изменение курса на 1° / 358° подтверждает, что танкер успешно обогнул континент и движется на север вдоль восточного побережья Южной Америки к устью Ла-Платы. Осадка 8.5 м является оптимальной (шлюзовая и речная осадки в Сан-Лоренсо жестко контролируются из-за заиления и уровня воды, обычно допуская суда с осадкой в пределах 9.5–10.5 м). Борт идет с частичной загрузкой или под налив на речных терминалах.

Интенсивность использования: Профиль эксплуатации фиксирует высокую коммерческую загрузку — 39 портовых вызовов за отчетный цикл. Историческая структура маршрутов судна ориентирована на регионы с высокой плотностью нефтехимического трафика: регулярные заходы в США (Хьюстон) и Мексику. В мае 2026 года судно демонстрировало длительные периоды ожидания на чилийских рейдах (длительная стоянка на якоре в Мехильонес составила 11 суток 1 час, последующая — 1 день 21 час). Обновление позиции через спутниковый канал 7.5 часов назад снимает риски потери контроля за активом в океанской зоне.

Техническое состояние и комплаенс: 7-летний возраст судна (постройка середины 2019 года) относит его к категории современных крупнотоннажных продуктовозов. Международный комплаенс-профиль либерийского флага чист, актуальные международные санкции или юридические споры отсутствуют. В порту назначения Сан-Лоренсо судно обеспечивается инфраструктурой локальных агентов и снабженцев, включая AVS Global Ship Supply, RVS SRL (судовой ремонт), Ecotec Fumigation, Pacific Supply и NAVSA Port Agents.

Аналитическое резюме:
Продуктовоз класса MR2 NORD VANQUISH (IMO 9833058) под либерийским флагом завершает океанский переход вокруг Южной Америки из Чили в Аргентину. По состоянию на текущий момент борт находится в статусе UNDER WAY со стабильной скоростью 12.0 kn, выдерживая курс на север к устью реки Парана. Текущая рабочая осадка 8.5 м полностью безопасна для речного транзита. Подход к лоцманской станции и терминалам Сан-Лоренсо (AR ARSLO) ожидается строго по графику через 4 суток — 8 июня 2026 года. Навигационная ситуация штатная."
9757979,True,False,,True,,,vessel,,357571000,,,,2018.0,Панама (Panama). Борт оперирует под панамским международным регистром.,,,179.53,,7.2,Draught,,12.6,,,по AIS — BRSSZ,Matched destination,,,,needs_review,"Идентификатор: IMO 9757979, MMSI 357571000.

Позывной сигнальной станции (Callsign): 3FJI6.

Классификация: Химический/нефтепродуктовый танкер (Chemical/Oil Products Tanker). По дедвейту относится к коммерческому классу среднетоннажных танкеров-продуктовозов MR1. В базовой навигационной базе ИНС проходит в категории Tanker.

Флаг: Панама (Panama). Борт оперирует под панамским международным регистром.

Габариты: Конструктивная длина (LOA) — 179.53 м, ширина корпуса (Beam) — 27.40 м. Спутниковый интерфейс ИНС на image_3224e1.jpg указывает округленные параметры: длину 179.53 м и ширину 27 м.

Тоннаж: Максимальный дедвейт (DWT) — 35 757 т, валовая вместимость (Gross Tonnage) — 21 254 GT.

Возраст: 2018 год постройки (8 лет эксплуатации в текущем календарном году). Согласно коммерческому манифесту, судно сошло со стапелей в январе 2018 года и на протяжении всей истории стабильно эксплуатируется под своим первоначальным именем — CHEMROAD SIRIUS.

2. Оперативная обстановка (на 4 июня 2026 г.)
Текущая локация: Согласно спутниковой телеметрии и интерфейсу ИНС из файла image_3224e1.jpg, танкер находится в географическом регионе Западного побережья Южной Америки (West South America), выполняя межконтинентальный транзит.

Статус навигации: На ходу с использованием главного двигателя (Underway using Engine), как зафиксировано на панели ИНС в image_3224e1.jpg. Базовый срез береговых станций давал стаж позиции 5 дней назад, однако спутниковый датчик ИНС на image_3224e1.jpg верифицирует актуализацию телеметрии со свежим стажем в 28 минут.

Динамика: Текущая путевая скорость судна составляет 12.6 узлов, что соответствует штатному крейсерскому ходу в груженом состоянии (базовый текстовый лог фиксировал расчетную скорость до 13.3 узлов). Курс по приборам ИНС (Course) составляет 113° (в текстовом логе указан расчетный путевой угол 192.7°). Данные истинного курса и скорости разворота на момент спутникового среза отсутствуют.

Хронология рейса и прогнозируемое прибытие (ETA): Объявленный пункт назначения по AIS — BRSSZ. В системе ИНС на image_3224e1.jpg в качестве сопоставленной точки назначения (Matched destination) верифицирован порт Сантос, Бразилия (Santos, BRAZIL). Танкер выполняет глубокий трансокеанский переход из якорной стоянки Мехильонес, Чили (MEJILLONES ANCH), откуда отошел 28 мая 2026 года в 22:39 UTC (на графике image_3224e1.jpg фактическое время отхода сопоставлено по шкале UTC-4 как 28 мая в 18:39). Длительность перехода на текущий момент составляет 7 суток. Заявленное расчетное время прибытия (Reported ETA) установлено на 10 июня 2026 года в 17:00 UTC-3 (в текстовом логе округлено до 20:00 UTC), до завершения рейса остается 6 суток.

Статус загрузки: Текущая рабочая осадка (Draught) составляет 7.2 м (интерфейс image_3224e1.jpg подтверждает осадку 7.2 м). Данный параметр указывает на частичную загрузку танков химикатами или нефтепродуктами, оптимизированную под ограничения осадки в порту назначения.

3. Анализ рисков и комплаенс-профиль
Операционная стратегия: Танкер совершает плановый межконтинентальный переход из Чили в Бразилию, огибая южную оконечность материка. Стабильная скорость 12.6 узлов указывает на отсутствие технических проблем с силовой установкой. Направление курса 113° на спутниковом срезе фиксирует траекторию движения судна в океанском коридоре. Осадка 7.2 м подтверждает транспортировку коммерческой партии наливного груза.

Интенсивность использования: Профиль эксплуатации фиксирует высокую коммерческую загрузку — 32 портовых вызова за отчетный цикл. Историческая структура маршрутов судна включает регулярные заходы в Южную Корею (Кванъян, Онсан) и Китай, что свидетельствует об интеграции актива в глобальные логистические цепочки нефтехимических альянсов. График за май 2026 года отражает высокую оборачиваемость в чилийских портах (стоянка в порту Мехильонес составила 3 дня 4 часа, якорные стоянки — 13 часов 48 минут и 14 часов 27 минут). Использование платной спутниковой телеметрии (актуальность 28 минут на image_3224e1.jpg) полностью решает проблему потери сигнала берегового AIS в открытом океане.

Техническое состояние и комплаенс: 8-летний операционный возраст характеризует судно как зрелый, но технически надежный и современный актив, находящийся на пике коммерческой эффективности. Международный комплаенс-профиль панамского флага чист, актуальные санкции, юридические аресты или предписания по задержанию отсутствуют. В порту назначения Сантос судно поддерживается развитой инфраструктурой локальных морских агентов и поставщиков (AMS - Agencia Maritima Granel, Costa Maritime, AVS Global Ship Supply And Catering, CARGONAVE Group). Переход проходит в штатном режиме.

Аналитическое резюме:
Продуктовоз класса MR1 CHEMROAD SIRIUS (IMO 9757979) под панамским флагом осуществляет глубокий межконтинентальный переход из чилийского порта Мехильонес в Сантос, Бразилия (BR BRSSZ). По состоянию на текущий момент борт находится в статусе UNDER WAY, следует со стабильной скоростью 12.6 kn и рабочей осадкой 7.2 м. Движение осуществляется строго по графику фрахтователя, расчетный подход к порту назначения ожидается через 6 суток (10 июня 2026 года). Навигационные риски отсутствуют."
9932713,True,False,,True,,,vessel,,352001633,,,,2022.0,Панама (Panama). Борт оперирует под панамским международным регистром.,,,172.98,,7.0,Draught,,12.1,,,по AIS — ANCUD PILOT STN,Matched destination,,,,needs_review,"Идентификатор: IMO 9932713, MMSI 352001633.

Позывной сигнальной станции (Callsign): 3E3687.

Классификация: Химический/нефтепродуктовый танкер (Chemical/Oil Products Tanker). По дедвейту относится к коммерческому классу среднетоннажных продуктовозов MR1. В общей навигационной базе ИНС проходит в категории Tanker.

Флаг: Панама (Panama). Борт оперирует под панамским международным регистром.

Габариты: Конструктивная длина (LOA) — 172.98 м, ширина корпуса (Beam) — 28.20 м. Спутниковый интерфейс ИНС на image_322c62.jpg округляет длину до 172.95 м, а ширину указывает как 28 м.

Тоннаж: Максимальный дедвейт (DWT) — 35 722 т, валовая вместимость (Gross Tonnage) — 23 464 GT.

Возраст: 2022 год постройки (4 года эксплуатации в текущем календарном году). Согласно коммерческому манифесту, судно сошло со стапелей в октябре 2022 года и на протяжении всей истории стабильно эксплуатируется под своим первоначальным именем — CHEMROAD JUPITER.

2. Оперативная обстановка (на 4 июня 2026 г.)
Текущая локация: Согласно спутниковой телеметрии и интерфейсу ИНС из файла image_322c62.jpg, танкер находится в географическом регионе Западного побережья Южной Америки (West South America).

Статус навигации: На ходу с использованием главного двигателя (Underway using Engine), как зафиксировано на панели ИНС в image_322c62.jpg. Срез наземных станций давал стаж позиции 3 дня назад, однако спутниковый датчик ИНС на image_322c62.jpg верифицирует актуализацию телеметрии со стажем 7 часов 30 минут (интерфейсная сводка сообщает «reported 7 hours, 29 minutes ago»).

Динамика: Текущая путевая скорость судна составляет 12.1 узла, что соответствует штатному крейсерскому переходу. Курс по приборам ИНС (Course) составляет 188° (базовый текстовый лог указывает расчетный путевой угол 194.5°). Датчик истинного курса (True heading) показывает положение корпуса на отметке 189°.

Хронология рейса и прогнозируемое прибытие (ETA): Объявленный пункт назначения по AIS — ANCUD PILOT STN. В системе ИНС в качестве сопоставленной точки назначения (Matched destination) верифицирована лоцманская станция порта Анкуд, Чили (Ancud, CHILE / код CL ZUD). Танкер выполняет каботажный переход из якорной стоянки Мехильонес, Чили (CL MJS), откуда отошел 30 мая 2026 года в 04:28 UTC (на графике image_322c62.jpg фактическое время отхода сопоставлено по шкале UTC-4 как 30 мая в 22:57). Длительность перехода составляет 5 суток. Заявленное расчетное время прибытия (Reported ETA) установлено на 5 июня 2026 года в 00:00 UTC-4 (базовый лог прогнозирует подход к лоцманской станции в течение 13 часов — к 04:00 UTC).

Статус загрузки: Текущая рабочая осадка (Draught) составляет 7.0 м (интерфейс image_322c62.jpg подтверждает осадку 7 м). Данный параметр указывает на частичную загрузку танков или балластный переход для смены номенклатуры наливных грузов.

3. Анализ рисков и комплаенс-профиль
Операционная стратегия: Танкер совершает штатный межакваториальныйпереход с севера Чили (Мехильонес) на юг страны к лоцманской станции Анкуд, которая является ключевой точкой входа для навигации по внутренним чилийским каналам. Рабочая осадка в 7.0 м свидетельствует о готовности судна к маневрированию в стесненных условиях и прохождению лоцманской проводки. Скорость 12.1 узла подтверждает стабильный темп движения по графику фрахтователя без задержек.

Интенсивность использования: Профиль эксплуатации фиксирует высокую коммерческую загрузку — 33 портовых вызова за отчетный цикл. Исторически судно привлекалось к глобальным ближневосточным и азиатским маршрутам (Саудовская Аравия/Джубайль, Китай/Чжанцзяган), но текущая кампания полностью сосредоточена на чилийском распределительном коридоре. График за конец мая 2026 года характеризуется быстрой оборачиваемостью на терминалах (стоянки в порту Мехильонес составила 22 часа 45 минут, на якоре — 19 часов 42 минуты). Наличие спутниковой телеметрии со стажем 7.5 часов устраняет слепые зоны берегового трекинга AIS.

Техническое состояние и комплаенс: 4-летний возраст судна (постройка конца 2022 года) относит его к современному поколению продуктовозов с высоким классом автоматизации и экологической безопасности. Комплаенс-профиль чист, международные санкции или юридические претензии к панамскому флагу отсутствуют. Танкер находится в исправном техническом состоянии и следует к точке приема лоцмана в штатном эксплуатационном режиме.

Аналитическое резюме:
Современный продуктовоз CHEMROAD JUPITER (IMO 9911537) под панамским флагом выполняет переход из Мехильонес. По состоянию на текущий момент борт находится в статусе UNDER WAY со стабильной скоростью 12.1 kn и следует курсом на юг к лоцманской станции Анкуд, Чили (CL ZUD) с рабочей осадкой 7.0 м. Ожидаемое время прибытия в точку рандеву с лоцманом — в течение ближайших 13 часов (к 5 июня, 04:00 UTC). Навигационная ситуация полностью стабильна."
9254812,True,False,,True,,,vessel,,725003628,,,,2004.0,Чили (Chile). Судно оперирует под национальным регистром.,,,183.0,,9.7,Draught,,,,,по AIS — CL SVE,Matched destination,,,,needs_review,"Идентификатор: IMO 9254812, MMSI 725003628.

Позывной сигнальной станции (Callsign): CBEO.

Классификация: Танкер-продуктовоз (Oil Products Tanker). По дедвейту относится к коммерческому классу среднетоннажных судов MR2 (Medium Range). По системе ИНС судно отнесено к категории повышенной опасности грузов Tanker - Hazard A (Major).

Флаг: Чили (Chile). Судно оперирует под национальным регистром.

Габариты: Конструктивная длина (LOA) — 183.00 м, ширина корпуса (Beam) — 32.20 м. Спутниковый интерфейс ИНС в файле image_32341f.jpg дублирует эти параметры, указывая ширину как 32.23 м.

Тоннаж: Максимальный дедвейт (DWT) — 46 683 т, валовая вместимость (Gross Tonnage) — 27 505 GT.

Возраст: 2004 год постройки (22 года эксплуатации в текущем календарном году). За коммерческую историю судно прошло через два переименования: со стапелей в июне 2004 года оно сошло под именем MARCELA LADY, в мае 2012 года было переименовано в ABTAO, а в августе 2018 года получило текущее наименование — CULPEO.

2. Оперативная обстановка (на 4 июня 2026 г.)
Текущая локация: Согласно актуальной спутниковой телеметрии и интерфейсу ИНС из файла image_32341f.jpg, танкер находится в географическом регионе Западного побережья Южной Америки (West South America).

Статус навигации: Ошвартован (Moored). Свежий апдейт ИНС со стажем 4 минуты на image_32341f.jpg полностью подтверждает текущий причальный статус (базовый текстовый лог транслировал задержку сигнала в 7 минут).

Динамика: Текущая путевая скорость судна составляет 0.0 узлов. Курс по приборам ИНС (Course) — 18° (в базовом текстовом логе выдавалось расчетное значение 352.2°). Датчик истинного курса (True heading) фиксирует положение корпуса на отметке 264°, скорость разворота (Rate of turn) равна 0°/мин.

Хронология рейса и фактическое прибытие (ATA): Объявленный пункт назначения по AIS — CL SVE. В системе ИНС в качестве сопоставленной точки назначения (Matched destination) верифицирован порт Сан-Висенте, Чили (San Vicente, CHILE). Судно выполняло короткую перестановку из якорной стоянки соседнего чилийского порта Талькауано (Talcahuano Anch., Chile), снявшись оттуда 3 июня 2026 года в 17:13 UTC. Судно фактически завершило переход (STATUS: ARRIVED) с фиксацией времени прибытия к наливному терминалу 3 июня 2026 года в 20:22 UTC (на графике image_32341f.jpg фактическое время прибытия сопоставлено как 3 июня в 15:43 UTC-4).

Статус загрузки: Текущая рабочая осадка (Draught) составляет 9.7 м. Данный глубокий параметр указывает на высокую степень заполнения танков продуктовоза.

3. Анализ рисков и комплаенс-профиль
Операционная стратегия: Танкер успешно завершил межакваториальную перестановку и был пришвартован к терминалу Сан-Висенте. Высокая рабочая осадка в 9.7 м в сочетании со статусом Hazard A (Major) подтверждает доставку крупной оптовой партии тяжелых нефтепродуктов или жидкой химии высокого класса опасности. Борт находится в процессе выполнения активной фазы разгрузочных или наливных технологических операций.

Интенсивность использования: Профиль эксплуатации фиксирует сверхинтенсивную работу судна — 53 портовых вызова за отчетный цикл. География переходов полностью замкнута внутри чилийского каботажного коридора (все основные визиты распределены между портами Сан-Висенте и Кинтеро). График за конец мая — начало июня 2026 года отражает плотный график челночных рейсов с регулярными промежуточными стоянками на внешних рейдах (зафиксированы якорные циклы продолжительностью 4 дня 23 часа и 2 дня 10 часов непосредственно перед заходом в порт выгрузки). Своевременный спутниковый съем ИНС обеспечивает непрерывность контроля над активом со стороны портовых властей.

Техническое состояние и комплаенс: 22-летний операционный возраст относит судно к категории возрастных ветеранов флота MR2. Перевозка опасных грузов Major Hazard на судне такого возраста требует жесткого и непрерывного аудита со стороны Port State Control Чили для проверки износа корпуса, герметичности танков и противопожарных систем. Работа под национальным флагом минимизирует юридические риски. Агентское и техническое обслуживание борта в Сан-Висенте опирается на развитую локальную инфраструктуру, представленную компаниями Maress Supply Ltd / Marine Equipment Suppliers, Electronica de embarcaciones y equipos de navegacion и SIA CORP Cleaning Services. Международные санкции или критические навигационные аномалии отсутствуют.

Аналитическое резюме:
Национальный продуктовоз класса MR2 CULPEO (IMO 9254812) под чилийским флагом завершил внутреннюю перестановку. По состоянию на текущий момент борт находится в статусе ARRIVED, ошвартован у наливного терминала порта Сан-Висенте, Чили (CL SVE) и проводит плановые грузовые операции с рабочей осадкой 9.7 м под контролем портовых служб. Коммерческие и навигационные риски для актива находятся в пределах нормы."
9403839,True,False,,True,,,vessel,,636019813,,,,2009.0,Либерия (Liberia). Оперирует под международным открытым регистром.,,,144.05,,6.4,Draught,,,,,по AIS — CL TAL,Matched destination,,,,needs_review,"Идентификатор: IMO 9403839, MMSI 636019813.

Позывной сигнальной станции (Callsign): D5WH2.

Классификация: Химический/нефтепродуктовый танкер (Chemical/Oil Products Tanker). По дедвейту относится к малотоннажному коммерческому классу танкеров-распределителей. В навигационных базах ИНС проходит в общей категории Tanker.

Флаг: Либерия (Liberia). Оперирует под международным открытым регистром.

Габариты: Конструктивная длина (LOA) — 144.05 м, ширина корпуса (Beam) — 23.00 м. Спутниковый интерфейс ИНС на image_3289bb.jpg дублирует эти параметры, указывая ширину как 23.03 м.

Тоннаж: Максимальный дедвейт (DWT) — 16 934 т, валовая вместимость (Gross Tonnage) — 12 164 GT.

Возраст: 2009 год постройки (17 лет эксплуатации в текущем календарном году). За коммерческую историю судно прошло через два переименования: со стапелей в апреле 2009 года сошло под именем GAN-SEA, с января 2010 года оперировало как PITANGA, а в феврале 2020 года получило текущее наименование — PACIFIC TRADER.

2. Оперативная обстановка (на 4 июня 2026 г.)
Текущая локация: Согласно актуальной спутниковой телеметрии и интерфейсу ИНС из файла image_3289bb.jpg, танкер находится в географическом регионе Западного побережья Южной Америки (West South America).

Статус навигации: На якоре (At anchor). Свежий апдейт ИНС со стажем 6 минут на image_3289bb.jpg полностью подтверждает текущий рейдовый статус (базовый текстовый лог давал задержку сигнала до 3 минут).

Динамика: Текущая путевая скорость судна составляет 0.1 узла (минимальный дрейф на якорной цепи). Курс по приборам ИНС (Course) — 6° (в текстовом логе округлен до 0°). Датчик истинного курса (True heading) фиксирует положение корпуса на отметке 205°, скорость разворота (Rate of turn) равна 0°/мин.

Хронология рейса и фактическое прибытие (ATA): Объявленный экипажем пункт назначения по AIS — CL TAL. В системе ИНС на image_3289bb.jpg в качестве сопоставленной точки назначения (Matched destination) верифицирован залив Консепсьон (Concepcion Bay, CHILE), где расположена якорная стоянка порта Талькауано (Talcahuano Anch., Chile). Судно выполнило короткий межакваториальный переход из соседнего чилийского терминала Сан-Висенте (San Vicente, Chile), от причала которого отошло 27 мая 2026 года в 11:46 UTC (на графике image_3289bb.jpg время отхода сопоставлено по шкале UTC-4 как 27 мая в 07:54). Судно фактически завершило переход (STATUS: ARRIVED) с фиксацией времени прибытия на рейд 27 мая 2026 года в 20:18 UTC (на image_3289bb.jpg время прибытия сопоставлено как 27 мая в 16:00 UTC-4). Танкер находится на якорной стоянке уже 8 суток.

Статус загрузки: Текущая рабочая осадка (Draught) составляет 6.4 м. Данный параметр указывает на минимальное заполнение танков или нахождение судна в балласте, что типично для распределителей после выгрузки крупной партии.

3. Анализ рисков и комплаенс-профиль
Операционная стратегия: Небольшой танкер-продуктовоз выполняет роль регионального челнока в каботажной сети Чили, перемещаясь между терминалами Сан-Висенте и Талькауано. Текущая малая осадка 6.4 м свидетельствует об опустошении танков на предыдущем плече логистического маршрута. Текущее 8-дневное нахождение на якоре в заливе Консепсьон связано со стандартным ожиданием коммерческого распределения, накоплением новой партии нефтепродуктов для налива или ожиданием слота у специализированного причала.

Интенсивность использования: Профиль эксплуатации фиксирует умеренную оборачиваемость — 15 портовых вызовов за отчетный цикл. Историческая география судна включала транзитные маршруты через ОАЭ (Фуrequest/Фуджэйра) и Маврикий (Порт-Луи), однако весь текущий операционный сезон актив полностью изолирован внутри чилийского каботажа. График за апрель-май 2026 года примечателен сверхдлительным простоем на якоре перед заходом в Сан-Висенте — судно провело на рейде 31 день 13 часов. Непрерывный спутниковый съем ИНС (5 минут на отправку отчета на image_3289bb.jpg) обеспечивает полный трекинг актива портовыми службами.

Техническое состояние и комплаенс: 17-летний операционный возраст относит судно к возрастной категории зрелых активов. Это накладывает дополнительные требования к проверкам систем и уплотнений со стороны Port State Control для предотвращения разливов в прибрежной зоне. В акватории залива техническое снабжение и агентское обслуживание борта опирается на стандартную локальную инфраструктуру (Maress Supply Ltd / Marine Equipment Suppliers, SELMAR LTDA, SERPROSUB). Международные санкционные ограничения, юридические претензии или критические сбои датчиков AIS отсутствуют. Судно находится в штатном эксплуатационном ожидании.

Аналитическое резюме:
Региональный продуктовоз PACIFIC TRADER (IMO 9403839) под либерийским флагом завершил внутреннюю перестановку из Сан-Висенте. С 27 мая 2026 года борт находится в статусе ARRIVED и удерживает стабильную рейдовую позицию на якорной стоянке Талькауано в заливе Консепсьон, Чили с балластной осадкой 6.4 м. Ситуация развивается в рамках коммерческого расписания, навигационные риски отсутствуют."
9778727,True,False,,True,,,vessel,,725004760,,,,2017.0,Чили (Chile). Актив оперирует непосредственно под национальным флагом.,,,244.0,,8.0,Draught,,,,,по AIS — CL - TALCAHUANO,Matched destination,,,,needs_review,"Идентификатор: IMO 9778727, MMSI 725004760.

Позывной сигнальной станции (Callsign): CBCY.

Классификация: Танкер для сырой нефти (Crude Oil Tanker). По дедвейту относится к крупнотоннажному коммерческому классу Aframax. По внутренней классификации ИНС судно отнесено к категории средней опасности грузов Tanker - Hazard B (как зафиксировано в текстовом логе и на интерфейсе image_328e15.jpg).

Флаг: Чили (Chile). Актив оперирует непосредственно под национальным флагом.

Габариты: Конструктивная длина (LOA) — 244.00 м, ширина корпуса (Beam) — 43.00 м. Данные габариты полностью подтверждаются интерфейсом спутникового мониторинга ИНС в файле image_328e15.jpg.

Тоннаж: Максимальный дедвейт (DWT) — 113 032 т, валовая вместимость (Gross Tonnage) — 61 888 GT.

Возраст: 2017 год постройки (9 лет эксплуатации в текущем календарном году). В коммерческой истории зафиксировано одно проектное переименование: со стапелей в июне 2017 года судно сошло под именем AQUAPUELCHE, а с февраля 2023 года носит текущее наименование — CABO TAMAR.

2. Оперативная обстановка (на 4 июня 2026 г.)
Текущая локация: Согласно актуальной спутниковой телеметрии и интерфейсу ИНС из файла image_328e15.jpg, танкер находится в географическом регионе Западного побережья Южной Америки (West South America).

Статус навигации: На якоре (At anchor). Свежий апдейт ИНС со стажем 1 минута на image_328e15.jpg верифицирует стабильное удержание позиции на рейдовой стоянке.

Динамика: Текущая путевая скорость судна составляет 0.1 узла (минимальный дрейф на якорной цепи). Курс по приборам ИНС (Course) зафиксирован на отметке 312° (в базовом текстовом логе выдавалось аналогичное значение 312°). Датчик истинного курса (True heading) показывает положение корпуса на отметке 156°, скорость разворота (Rate of turn) составляет 1°/мин влево.

Хронология рейса и фактическое прибытие (ATA): Объявленный экипажем пункт назначения по AIS — CL - TALCAHUANO. В системе ИНС на image_328e15.jpg в качестве сопоставленной точки назначения (Matched destination) верифицирован залив Консепсьон (Concepcion Bay, CHILE), где расположена якорная стоянка порта Талькауано (Talcahuano Anch., Chile). Танкер выполнил короткий каботажный переход из чилийского порта Кинтеро (CL QTV), от причала которого отошел 23 мая 2026 года в 18:27 UTC-4. Судно фактически завершило переход (STATUS: ARRIVED) с фиксацией времени прибытия на рейд 24 мая 2026 года в 20:42 UTC (на image_328e15.jpg время прибытия сопоставлено по местному времени как 24 мая в 16:36 UTC-4). Танкер находится на якорной стоянке в ожидании выгрузки уже 11 суток.

Статус загрузки: Текущая рабочая осадка (Draught) составляет 8.0 м (интерфейс image_328e15.jpg подтверждает осадку 8 м). Данный параметр указывает на частичную загрузку танков или нахождение крупнотоннажного судна в полубалласте.

3. Анализ рисков и комплаенс-профиль
Операционная стратегия: Танкер класса Aframax выполняет роль крупного каботажного челнока, распределяющего партии сырой нефти между ключевыми портами Чили (Кинтеро — Талькауано/Сан-Висенте). Текущая стабильная осадка 8.0 м указывает на то, что судно пришло на рейд после частичной отгрузки на других терминалах побережья. Длительный 11-дневный простой на якорной стоянке (""At anchor"") обусловлен коммерческим графиком распределения сырья для местных НПЗ и ожиданием выделения специализированного глубоководного причала, способного принимать суда дедвейтом свыше 100 тыс. тонн.

Интенсивность использования: Профиль эксплуатации фиксирует очень высокую интенсивность каботажной работы судна — 33 портовых вызова за отчетный цикл, которые географически ограничены внутренними рейсами Чили (основные визиты распределены между Сан-Висенте и Кинтеро). График за май 2026 года отражает плотный навигационный оборот с быстрыми стоянками в портах (1 день 10 часов, 2 дня 14 часов) и регулярными промежуточными циклами нахождения на якоре (от 22 часов до 3 дней 18 часов). Непрерывный съем телеметрии (1 минута на image_328e15.jpg) гарантирует полный контроль над позиционированием актива портовыми службами.

Техническое состояние и комплаенс: 9-летний возраст судна (постройка середины 2017 года) относит его к категории зрелых, но конструктивно современных и надежных активов. Работа под национальным флагом Чили и перевозка сырой нефти (категория Hazard B) накладывают на экипаж повышенные обязательства по соблюдению экологической безопасности в заливе Консепсьон. Локальная техническая поддержка и снабжение борта обеспечиваются постоянным пулом аккредитованных подрядчиков Кинтеро и Талькауано (Maress Supply Ltda / Marine Equipment Suppliers, SELMAR LTDA, SERPROSUB). Международные санкционные риски, правовые претензии или аномалии навигационных систем отсутствуют. Блокировка сигнала ИНС не зафиксирована.

Аналитическое резюме:
Крупнотоннажный национальный танкер класса Aframax CABO TAMAR (IMO 9778727) под чилийским флагом завершил переход из Кинтеро. С 24 мая 2026 года борт находится в статусе ARRIVED и стабильно удерживает позицию на якорной стоянке Талькауано в заливе Консепсьон, Чили с рабочей осадкой 8.0 м. Длительное ожидание причала протекает в штатном эксплуатационном режиме, навигационные риски для актива отсутствуют."
9911537,True,False,,True,,,vessel,,352001501,,,,2022.0,Панама (Panama). Оперирует под самым крупным открытым международным регистром.,,,186.07,,8.7,Draught,,,,,по AIS — CL TAL,Matched destination,,,,needs_review,"Идентификатор: IMO 9911537, MMSI 352001501.

Позывной сигнальной станции (Callsign): 3E2516.

Классификация: Химический/нефтепродуктовый танкер (Chemical/Oil Products Tanker). По дедвейту относится к коммерческому классу среднетоннажных продуктовозов MR2 (Medium Range). В базовом интерфейсе ИНС классифицируется как Tanker.

Флаг: Панама (Panama). Оперирует под самым крупным открытым международным регистром.

Габариты: Конструктивная длина (LOA) — 186.07 м, ширина корпуса (Beam) — 32.20 м. На интерфейсе спутникового мониторинга ИНС в файле image_32923a.jpg длина округлена до 186 м, а ширина указана как 32.24 м.

Тоннаж: Максимальный дедвейт (DWT) — 49 999 т, валовая вместимость (Gross Tonnage) — 30 873 GT.

Возраст: 2022 год постройки (4 года эксплуатации в текущем календарном году). Согласно коммерческому манифесту, судно сошло со стапелей в августе 2022 года и на протяжении всей истории стабильно эксплуатируется под своим первоначальным именем — BAYOU SUN.

2. Оперативная обстановка (на 4 июня 2026 г.)
Текущая локация: Согласно актуальной спутниковой телеметрии и интерфейсу ИНС из файла image_32923a.jpg, танкер находится в географическом регионе Западного побережья Южной Америки (West South America).

Статус навигации: На якоре (At anchor). Последний апдейт спутникового ИНС на image_32923a.jpg со стажем 4 минуты верифицирует стабильное удержание позиции на рейдовой стоянке (базовый текстовый лог давал задержку сигнала до 2 минут).

Динамика: Текущая скорость судна составляет 0.0 узлов. Путевой угол по приборам ИНС (Course) зафиксирован на отметке 336° (в базовом текстовом логе выдавалось расчетное значение 336.1°). Датчик истинного курса (True heading) показывает положение корпуса на отметке 157°, скорость разворота (Rate of turn) составляет 1°/мин вправо.

Хронология рейса и фактическое прибытие (ATA): Объявленный экипажем пункт назначения по AIS — CL TAL. В системе ИНС на image_32923a.jpg в качестве сопоставленной точки назначения (Matched destination) верифицирован залив Консепсьон (Concepcion Bay, CHILE), где расположена якорная стоянка порта Талькауано (Talcahuano Anch., Chile). Танкер выполнил короткий внутренний переход из соседнего чилийского терминала Сан-Висенте (San Vicente, Chile), от причала которого отошел 30 мая 2026 года в 15:36 UTC (местное время отхода на графике image_32923a.jpg — 30 мая в 11:45 UTC-4). Судно фактически завершило переход (STATUS: ARRIVED) с фиксацией времени прибытия на рейд 30 мая 2026 года в 18:16 UTC (на image_32923a.jpg время прибытия сопоставлено как 30 мая в 14:00 UTC-4). Танкер находится на якорной стоянке уже 5 суток.

Статус загрузки: Текущая рабочая осадка (Draught) составляет 8.7 м. Данный параметр указывает на средний/частичный уровень заполнения танков продуктовоза.

3. Анализ рисков и комплаенс-профиль
Операционная стратегия: Танкер совершил межакваториальную перестановку из Сан-Висенте в залив Консепсьон (Талькауано). Текущая стабильная осадка 8.7 м свидетельствует о том, что судно распределяет партию груза в рамках каботажной кампании по южноамериканскому побережью. 5-дневный простой на якорной стоянке (""At anchor"") носит плановый коммерческий характер, связанный с ожиданием выделения причала локальным оператором терминала или согласованием графиков разгрузки.

Интенсивность использования: Профиль эксплуатации фиксирует высокую интенсивность коммерческой работы судна — 26 портовых вызовов за отчетный цикл. Исторически борт привлекался к глобальным маршрутам, включая порты Бельгии (Антверпен), США (Фрипорт) и Южной Кореи. В текущем операционном цикле актив полностью переведен на обслуживание внутренних и распределительных рейсов Чили. График за май 2026 года характеризуется высокой плотностью челночных рейсов с регулярными промежуточными стоянками на рейде (от 1 дня 12 часов до 4 дней 13 часов). Непрерывный съем телеметрии ИНС (4 минуты на image_32923a.jpg) полностью ликвидирует слепые зоны берегового трекинга.

Техническое состояние и комплаенс: 4-летний возраст судна (постройка 2022 года) относит его к категории современных, высокотехнологичных активов нового поколения с минимальным износом судовых систем. Танкер обладает идеальным комплаенс-профилем, полностью соответствующим жестким экологическим нормативам прибрежной зоны Южной Америки. Традиционное обслуживание и техническая поддержка борта в заливе Консепсьон обеспечивается развитыми местными шипчандлерскими и агентскими структурами (Maress Supply Ltd / Marine Equipment Suppliers, SELMAR LTDA, SERPROSUB). Международные юридические санкции, правовые претензии или аномалии навигационных систем не обнаружены. Судно полностью готово к швартовным операциям.

Аналитическое резюме:
Современный продуктовоз класса MR2 BAYOU SUN (IMO 9911537) под панамским флагом успешно завершил короткую каботажную перестановку из Сан-Висенте. С 30 мая 2026 года борт находится в статусе ARRIVED и стабильно удерживает позицию на якорной стоянке Талькауано в заливе Консепсьон, Чили с рабочей осадкой 8.7 м. Ситуация развивается в рамках коммерческого плана, навигационные и юридические риски для актива отсутствуют."
9339973,True,False,,True,,,vessel,,477124500,,,,2007.0,Гонконг (Hong Kong). Борт оперирует под авторитетным международным регистром.,,,333.0,,19.3,Draught,,,,,по AIS — BRADR=CLTAL,Matched destination,,,,needs_review,"Идентификатор: IMO 9339973, MMSI 477124500.

Позывной сигнальной станции (Callsign): VRWP3.

Классификация: Танкер для сырой нефти (Crude Oil Tanker). По дедвейту относится к сверхкрупным океанским судам коммерческого класса VLCC (Very Large Crude Carrier). В общей навигационной базе ИНС проходит в категории Tanker.

Флаг: Гонконг (Hong Kong). Борт оперирует под авторитетным международным регистром.

Габариты: Конструктивная длина (LOA) — 333.00 м, ширина корпуса (Beam) — 60.00 м. На интерфейсе спутникового мониторинга ИНС в файле image_32991d.jpg данные габариты полностью дублируются.

Тоннаж: Максимальный дедвейт (DWT) — 311 141 т, валовая вместимость (Gross Tonnage) — 160 133 GT.

Возраст: 2007 год постройки (19 лет эксплуатации в текущем календарном году). Со стапелей в марте 2007 года судно сошло под именем TAIGA, а в январе 2025 года получило текущее наименование — UNION PEACE.

2. Оперативная обстановка (на 4 июня 2026 г.)
Текущая локация: Согласно актуальной спутниковой телеметрии и интерфейсу ИНС из файла image_32991d.jpg, танкер находится в географическом регионе Западного побережья Южной Америки (West South America).

Статус навигации: На ходу с использованием главного двигателя (Underway using Engine). Срез берегового лога фиксирует нулевую задержку сигнала (0 min ago), а спутниковый датчик ИНС на image_32991d.jpg показывает стаж позиции в 2 минуты.

Динамика: Текущая путевая скорость судна составляет 5.2–5.3 узла, что указывает на выполнение маневра торможения перед выходом на рейд. Курс по приборам ИНС (Course) — 96° (в базовом текстовом логе выдавалось расчетное значение 96.3°). Датчик истинного курса (True heading) фиксирует положение корпуса на отметке 95°, скорость разворота (Rate of turn) равна 0°/мин.

Хронология рейса и прогнозируемое прибытие (ETA): Объявленный экипажем пункт назначения по AIS — BRADR=CLTAL. В системе ИНС в качестве сопоставленной точки назначения (Matched destination) верифицирован порт Талькауано, Чили (Talcahuano, CHILE / код CL TAL). Танкер выполняет глубокий межконтинентальный переход в обход южной оконечности материка из терминала Жебиг, Бразилия (BR GEB), от причала которого отошел 22 мая 2026 года в 11:45 UTC (на графике image_32991d.jpg время отхода сопоставлено по шкале UTC-3 как 22 мая в 09:09). Длительность трансокеанского перехода составляет 13 суток. Заявленное расчетное время прибытия (Reported ETA) установлено на 4 июня 2026 года в 12:00 UTC-4 (в течение 1 часа от текущего времени среза данных).

Статус загрузки: Текущая рабочая осадка (Draught) составляет 19.3 м. Данный экстремальный параметр подтверждает нахождение супертанкера в состоянии максимальной коммерческой загрузки сырой нефтью.

3. Анализ рисков и комплаенс-профиль
Операционная стратегия: Танкер класса VLCC успешно завершил тяжелый океанский рейс из Бразилии и находится на финальной траектории захода в акваторию Талькауано. Рабочая осадка в 19.3 м верифицирует доставку критически крупной оптовой партии сырой нефти (свыше 300 тыс. тонн) для нужд регионального нефтеперерабатывающего комплекса Чили. Скорость снижена до 5.2 узлов, судно ложится на путевой угол 96° для точного выхода к специализированному глубоководному выносному причалу или на внешнюю рейдовую стоянку, способную принимать суда с подобной осадкой.

Интенсивность использования: Профиль эксплуатации фиксирует умеренно-низкую оборачиваемость рейсов, характерную для супертанкеров — 10 портовых вызовов за отчетный цикл с длительными океанскими переходами. Историческая структура маршрутов включает заходы в Инглсайд (США), Порту-ду-Асу и Жебиг (Бразилия), а также порты Нидерландов. График за май 2026 года показывает плотную работу на бразильском терминале перед выходом в Чили, включая циклы нахождения на якоре продолжительностью 3 дня 3 часа и 1 день 3 часа. Непрерывный съем данных ИНС (2 минуты на image_32991d.jpg) обеспечивает полный контроль траектории на подходе к порту выгрузки.

Техническое состояние и комплаенс: 19-летний возраст судна (постройка начала 2007 года) относит его к категории возрастных гигантов, что требует повышенного внимания к техническому состоянию корпуса и прохождению инспекций со стороны береговых служб Чили. Недавняя смена наименования и структуры владения в январе 2025 года указывает на обновление коммерческого цикла эксплуатации актива. Прием судна такого масштаба в Талькауано поддерживается как государственными структурами порта (Puerto Talcahuano), так и развитой сетью местных подрядчиков (Maress Supply Ltd, Sociedad Soun Trading, PRONAEX, SELMAR LTDA, SERPROSUB). Международные санкционные ограничения или критические неисправности навигационных систем не зафиксированы. Судно завершает рейс в штатном режиме.

Аналитическое резюме:
Супертанкер класса VLCC UNION PEACE (IMO 9339973) под флагом Гонконга завершает 13-суточный переход из Бразилии. По состоянию на текущий момент борт находится в статусе UNDER WAY со сниженной скоростью 5.3 kn на непосредственном подходе к порту Талькауано, Чили (CL TAL). Судно идет с максимальной коммерческой осадкой 19.3 м и готовится к выходу на рейд в течение ближайшего часа. Навигационная ситуация полностью стабильна, риски отсутствуют."
9689158,True,False,,True,,,vessel,,563648000,,,,2013.0,Сингапур (Singapore). Судно оперирует под флагом одного из ведущих белых международных регистров.,,,183.0,,8.0,Draught,,,,,по AIS — CLVAP,Matched destination,,,,needs_review,"Идентификатор: IMO 9689158, MMSI 563648000.

Позывной сигнальной станции (Callsign): 9V7493.

Классификация: Химический/нефтепродуктовый танкер (Chemical/Oil Products Tanker). По дедвейту относится к коммерческому классу среднетоннажных продуктовозов MR2 (Medium Range). В общей навигационной базе ИНС классифицируется как Tanker.

Флаг: Сингапур (Singapore). Судно оперирует под флагом одного из ведущих белых международных регистров.

Габариты: Конструктивная длина (LOA) — 183.00 м, ширина корпуса (Beam) — 32.20 м (интерфейс спутникового мониторинга ИНС на image_32a0a0.jpg подтверждает длину 183 м и ширину 32.2 м).

Тоннаж: Максимальный дедвейт (DWT) — 50 259 т, валовая вместимость (Gross Tonnage) — 29 700 GT.

Возраст: 2013 год постройки (13 лет эксплуатации в текущем календарном году). В коммерческой истории зафиксировано переименование: со стапелей в октябре 2013 года судно сошло под именем ST. KATHARINEN, а с мая 2022 года носит текущее наименование — PIS PRECIOUS.

2. Оперативная обстановка (на 4 июня 2026 г.)
Текущая локация: Согласно спутниковой телеметрии и интерфейсу ИНС из файла image_32a0a0.jpg, танкер находится в географическом регионе Западного побережья Южной Америки (West South America).

Статус навигации: На якоре (At anchor). Последний апдейт ИНС со стажем 3 минуты на image_32a0a0.jpg верифицирует стабильное удержание позиции на рейдовой стоянке, при этом навигационный статус в таблице ИНС отображается как ""Stopped"".

Динамика: Текущая путевая скорость судна составляет 0.4 узла (минимальный дрейф на якорной цепи). Курс по приборам ИНС (Course) — 348° (базовый текстовый лог указывает расчетный путевой угол 348.2°). Датчик истинного курса (True heading) показывает положение корпуса на отметке 300°. Скорость разворота (Rate of turn) равна 0°/мин.

Хронология рейса и фактическое прибытие (ATA): Объявленный пункт назначения по AIS — CLVAP. В системе ИНС в качестве сопоставленной точки назначения (Matched destination) верифицирована якорная стоянка порта Вальпараисо, Чили (Valparaiso Anch, CHILE). Судно фактически завершило переход (STATUS: ARRIVED) с фиксацией времени прибытия (ATA) 3 июня 2026 года в 20:34 UTC (интерфейс ИНС на image_32a0a0.jpg отображает местное время прибытия как 3 июня в 16:34 UTC-4). Борт выполнил короткий межакваториальный переход из якорной стоянки Кинтеро, Чили (Quintero Anch., Chile), откуда отошел 3 июня 2026 года в 17:54 UTC (местное время отхода на графике image_32a0a0.jpg — 3 июня в 13:54 UTC-4). Время нахождения в пути составило менее 3 часов.

Статус загрузки: Текущая рабочая осадка (Draught) составляет 8.0 м (интерфейс image_32a0a0.jpg подтверждает осадку 8 м). Данный параметр указывает на частичную загрузку танков или нахождение судна в полубалласте.

3. Анализ рисков и комплаенс-профиль
Операционная стратегия: Танкер совершил быструю перестановку из Кинтеро на ключевой рейд Вальпараисо. Текущая осадка 8.0 м свидетельствует о том, что судно идет либо после частичной выгрузки на предыдущих терминалах чилийского побережья, либо держит балластный уровень для приема новой номенклатуры наливных грузов. Текущее нахождение в статусе ""At anchor"" связано с ожиданием распределения к причалу Вальпараисо, прохождением стандартных портовых формальностей или получением распоряжений от фрахтователя.

Интенсивность использования: Профиль эксплуатации фиксирует умеренную оборачиваемость — 21 портовый вызов за отчетный цикл. Исторически судно привлекалось к европейским рейсам (Антверпен, Бельгия; Гент, Бельгия) и глобальным маршрутам (Китай, США), но текущая кампания полностью сосредоточена на чилийском распределительном коридоре. График за май 2026 года характеризуется длительным нахождением на рейдовых стоянках (зафиксирован якорный цикл продолжительностью 6 дней 21 час, а также 2-дневная стоянка непосредственно перед переходом в Вальпараисо). Своевременный спутниковый съем ИНС (3 минуты на image_32a0a0.jpg) обеспечивает полную непрерывность контроля над активом.

Техническое состояние и комплаенс: 13-летний возраст относит судно к зрелой возрастной категории среднесрочного цикла эксплуатации. Танкер полностью сертифицирован и технически подготовлен к работе в жестких регуляторных условиях Южной Америки. В зоне прибытия обслуживание борта может опираться как на государственные структуры (Puerto Valparaiso), так и на развитые коммерческие шипчандлерские и ремонтные организации (Maress Supply Ltd / Marine Equipment Suppliers, TANDANOR Ship Repairs, Maritime Ship Services). Комплаенс-профиль чист, международные санкции или критические навигационные аномалии отсутствуют. Танкер находится в штатном эксплуатационном режиме.

Аналитическое резюме:
Продуктовоз класса MR2 PIS PRECIOUS (IMO 9689158) под флагом Сингапура успешно завершил короткую портовую перестановку из Кинтеро. С 3 июня 2026 года борт находится в статусе ARRIVED и удерживает стабильную позицию на якорной стоянке Вальпараисо, Чили (CLVAP) с рабочей осадкой 8.0 м. Ожидание распоряжений оператора и постановки к причалу проходит в штатном режиме, коммерческие риски отсутствуют."
9539561,True,False,,True,,,vessel,,636015703,,,,2012.0,Либерия (Liberia). Судно оперирует под открытым международным регистром.,,,182.5,,8.7,Draught,,,,,по AIS — QUINTERO,Matched destination,,,,needs_review,"Идентификатор: IMO 9539561, MMSI 636015703.

Позывной сигнальной станции (Callsign): D5CH7.

Классификация: Танкер-продуктовоз (Oil Products Tanker). По дедвейту относится к коммерческому классу среднетоннажных судов MR2 (Medium Range). По системе ИНС судно отнесено к категории повышенной опасности грузов Tanker - Hazard A (Major) (как зафиксировано в текстовом логе и на интерфейсе image_32a500.jpg).

Флаг: Либерия (Liberia). Судно оперирует под открытым международным регистром.

Габариты: Конструктивная длина (LOA) — 182.50 м, ширина корпуса (Beam) — 32.20 м (интерфейс спутникового мониторинга ИНС на image_32a500.jpg дублирует эти параметры: длина 182.5 м, ширина 32.2 м).

Тоннаж: Максимальный дедвейт (DWT) — 49 993 т, валовая вместимость (Gross Tonnage) — 28 426 GT.

Возраст: 2012 год постройки (14 лет эксплуатации в текущем календарном году). В коммерческой истории зафиксировано одно проектное переименование: со стапелей в октябре 2012 года судно сошло под именем PACIFIC TOPAZ, а в марте 2014 года получило текущее наименование — CANAL STREET.

2. Оперативная обстановка (на 4 июня 2026 г.)
Текущая локация: Согласно актуальной спутниковой телеметрии и интерфейсу ИНС из файла image_32a500.jpg, танкер находится в географическом регионе Западного побережья Южной Америки (West South America).

Статус навигации: Ошвартован (Moored). Свежий апдейт спутникового ИНС со стажем 5 минут на image_32a500.jpg полностью подтверждает текущий причальный статус (в то время как базовый береговой текстовый лог транслировал задержку сигнала в 20 часов и пустующий навигационный маркер).

Динамика: Текущая путевая скорость судна составляет 0.1 узла (штатное удержание у причала). Курс по приборам ИНС (Course) — 109°, датчик истинного курса (True heading) фиксирует положение корпуса на отметке 296°. Скорость разворота (Rate of turn) равна 0°/мин. В устаревших расчетных логах без привязки к терминалу выдавался вектор движения 142.4° при скорости 2.3 kn.

Хронология рейса и фактическое прибытие (ATA): Объявленный пункт назначения по AIS — QUINTERO. В системе ИНС в качестве сопоставленной точки назначения (Matched destination) верифицирован порт Кинтеро, Чили (Quintero, CHILE / код CL QTV). Навигационная дуга на image_32a500.jpg указывает, что судно выполняло переход из порта Гуаякиль, Эквадор (CL GYC), отойдя оттуда 31 мая 2026 года в 16:44 UTC-4. Судно фактически завершило переход (STATUS: ARRIVED) с фиксацией времени прибытия к терминалу 3 июня 2026 года в 18:33 UTC (на image_32a500.jpg время прибытия сопоставлено как 3 июня в 14:07 UTC-4). Этому предшествовала короткая 24-часовая стоянка на внешнем рейде (Quintero Anch.), откуда борт снялся 3 июня в 18:02 UTC.

Статус загрузки: Текущая рабочая осадка (Draught) составляет 8.7 м. Данный параметр указывает на средний/частичный уровень заполнения танков продуктовоза.

3. Анализ рисков и комплаенс-профиль
Операционная стратегия: Танкер успешно завершил межгосударственный переход из Эквадора и после короткого суточного ожидания на якорной стоянке (""At Anchor"") был благополучно заведен в порт и ошвартован к наливному терминалу Кинтеро (""Moored""). Текущая рабочая осадка 8.7 м в сочетании со статусом Hazard A (Major) подтверждает доставку специализированной партии нефтепродуктов или жидкой химии промышленного назначения. На судно уже поданы технологические стендера, борт находится в процессе выполнения активной фазы грузовых операций (слив/налив).

Интенсивность использования: Профиль эксплуатации фиксирует очень высокую интенсивность работы судна — 35 портовых вызовов за отчетный цикл. Исторически борт привлекался к глобальным трансатлантическим маршрутам (Амстердам, Нидерланды; Хьюстон, США), однако в текущем сезоне полностью переведен на обслуживание латиноамериканского тихоокеанского коридора. График за конец мая 2026 года отражает плотный каботажный оборот в акватории Чили с быстрыми промежуточными стоянками (18 часов в порту, 16 часов на якоре).

Техническое состояние и комплаенс: 14-летний операционный возраст относит судно к зрелой категории MR2, что требует строгого контроля за герметичностью и противопожарными системами со стороны Port State Control при обработке грузов Major Hazard. Техническое обслуживание и снабжение борта в Кинтеро контролируется постоянным пулом аккредитованных локальных подрядчиков (Maress Supply Ltda, Marine Suppliers Chile, STS Maritima, STS CHILE). Международные юридические санкции, правовые претензии или аномалии навигационных датчиков отсутствуют. Грузовые операции проходят в штатном контрактном режиме.

Аналитическое резюме:
Среднетоннажный продуктовоз CANAL STREET (IMO 9539561) под либерийским флагом завершил переход из Эквадора и прохождение внешнего рейда. По состоянию на 4 июня 2026 года борт находится в статусе ARRIVED, ошвартован у терминала Кинтеро, Чили (CL QTV) и проводит плановые грузовые операции с осадкой 8.7 м. Процесс контролируется портовыми властями, коммерческие и навигационные риски для актива отсутствуют."
1043621,True,False,,True,,,unknown,,,,,2026.0,,Либерия,113000.0,67021.0,,,,,,,,,,,,,,needs_review,"GREEN LIBERTY (IMO 1043621) — это танкер для перевозки сырой нефти (Crude Oil Tanker), также классифицируемый как Aframax (LR 2).

Основные технические характеристики судна:

Год постройки: 2026

Флаг: Либерия

Дедвейт (DWT): 113 000 тонн

Длина общая (LOA): 249,00 м

Ширина (beam): 44,00 м

Валовая вместимость (GT): 67 021

Это судно является новым и было введено в эксплуатацию в 2026 году"
9380350,True,False,,True,,,unknown,,,,Танкер для перевозки нефти и химических грузов (Oil/Chemical Tanker).,,,Маршалловы острова.,,,,27.45,7.2,.,,,,,20 мая 2026 года,,,,,needs_review,"SAFESEA VARUNA (IMO 9380350) подготовлен отчет на основе предоставленных данных:

Аналитический отчет: SAFESEA VARUNA
1. Коммерческий профиль

Тип судна: Танкер для перевозки нефти и химических грузов (Oil/Chemical Tanker).

Текущая деятельность: Судно находится в порту Наньтун (Nantong), Китай, после прибытия из района якорной стоянки Шанхая.

2. Операционный профиль

Текущее состояние: Ошвартовано (Moored).

Локация: Район Наньтуна, Восточно-Китайское море.

Осадка: 7.2 м.

Статус: Судно прибыло в пункт назначения 20 мая 2026 года.

3. Технический профиль

Характеристики: Длина — 184.32 м, ширина — 27.45 м.

Флаг: Маршалловы острова.

Классификация: Танкер.

4. Комплаенс-анализ

Риск-профиль: НИЗКИЙ.

Заключение: Судно находится в порту назначения с конца мая 2026 года. Операции соответствуют штатной коммерческой деятельности, признаков аномалий не зафиксировано."
2098752,True,False,,True,,,unknown,,,,Танкер.,,,Китай.,,,,14.0,3.5,.,,0.1,,,,,,,,needs_review,"SHENG HAI YOU 7 (IMO 2098752) на основе предоставленных данных:

Аналитический отчет: SHENG HAI YOU 7
1. Коммерческий профиль

Тип судна: Танкер.

Текущая деятельность: Судно прибыло в район якорной стоянки Наньтун (Nantong Anch.), КНР.

2. Операционный профиль

Текущее состояние: На якоре (At Anchor).

Скорость: 0.1 узла.

Осадка: 3.5 м.

3. Технический профиль

Характеристики: Длина — 96 м, ширина — 14 м.

Флаг: Китай.

Классификация: Танкер.

4. Комплаенс-анализ

Риск-профиль: НИЗКИЙ.

Заключение: Судно работает под флагом КНР и находится на плановой якорной стоянке в своих территориальных водах, что соответствует нормальной коммерческой эксплуатации. Признаков аномальной активности или нарушений не выявлено."
9874583,True,False,,True,,,unknown,,,,Танкер для перевозки нефти и химических грузов (Oil/Chemical Tanker).,,,Панама.,,,,21.0,6.4,6.4 м.,,13.8,,,,,,,,needs_review,"GOLDEN HACHI (IMO 9874583) подготовлен отчет в формате «Большой четверки»:

Аналитический отчет: GOLDEN HACHI
1. Коммерческий профиль

Тип судна: Танкер для перевозки нефти и химических грузов (Oil/Chemical Tanker).

Текущая деятельность: Судно выполняет рейс из порта Наньтун, Китай, в порт Дэсан, Республика Корея.

2. Операционный профиль

Текущее состояние: На ходу под двигателем (Underway using Engine).

Скорость: 13.8 узлов.

Статус: ETA в порт Дэсан — 11 июня 2026 г., 05:00. Осадка — 6.4 м.

3. Технический профиль

Характеристики: Длина — 126.8 м, ширина — 21 м.

Флаг: Панама.

Классификация: Танкер.

4. Комплаенс-анализ

Риск-профиль: НИЗКИЙ.

Заключение: Судно под флагом Панамы осуществляет стандартный коммерческий рейс между крупными региональными портами. Признаков отклонения от маршрута или нетипичной активности AIS не зафиксировано. Актив прозрачен и рекомендуется для взаимодействия."
1019084,True,False,,True,,,unknown,,,,Танкер для перевозки нефти и химических грузов (Oil/Chemical Tanker).,,,Китай.,,,,18.0,6.9,6.9 м.,,8.6,,,,,,,,needs_review,"(IMO 1019084) подготовлен отчет в формате «Большой четверки»:

Аналитический отчет: HUA YUN LI YUAN
1. Коммерческий профиль

Тип судна: Танкер для перевозки нефти и химических грузов (Oil/Chemical Tanker).

Текущая деятельность: Выполняет переход из порта Шанхай (CN SHG) в порт Цзянъинь (CN JIA), КНР.

2. Операционный профиль

Текущее состояние: На ходу под двигателем (Underway using Engine).

Скорость: 8.6 узлов.

Статус: ETA в порт Цзянъинь — 9 июня 2026 г., 19:00. Осадка — 6.9 м.

3. Технический профиль

Характеристики: Длина — 115 м, ширина — 18 м.

Флаг: Китай.

Классификация: Танкер, Hazard B.

4. Комплаенс-анализ

Риск-профиль: НИЗКИЙ.

Заключение: Судно работает под флагом КНР и осуществляет регулярные внутренние рейсы, что свидетельствует о легитимной коммерческой деятельности. Признаков нарушений или аномальной активности не выявлено."
9564073,True,False,,True,,,unknown,,,,Танкер для перевозки сжиженного газа и химических грузов (LPG/Chemical Tanker).,,,,,,,14.8,4.6,4.6 м.,,13.8,,,,,,,,needs_review,"HONG YAN (IMO 9564073)
1. Коммерческий профиль

Тип судна: Танкер для перевозки сжиженного газа и химических грузов (LPG/Chemical Tanker).

Текущая деятельность: Выполняет рейс из порта Чжанцзяган (CN ZJG) в порт Хуэйчжоу (CN HUI), КНР.

2. Операционный профиль

Текущее состояние: На ходу (Under way), скорость 13.8 узлов.

Статус: ETA в порт Хуэйчжоу — 12 июня 2026 г.. Осадка — 4.6 м.

3. Технический профиль

Характеристики: Длина — 99.8 м, ширина — 14.8 м. Классифицируется как танкер повышенной опасности (Hazard A Major).

4. Комплаенс-анализ

Риск-профиль: НИЗКИЙ. Судно работает под флагом КНР на внутренних маршрутах, что указывает на стандартную легитимную деятельность."
9184392,True,False,9184392,True,,,vessel,MARITIME JEWEL (историческое название: LIMBURG),,,Crude Oil Tanker (Танкер для перевозки сырой нефти),2000.0,,,,,,,,,,,,,,,,,,needs_review,"Наименование: MARITIME JEWEL (историческое название: LIMBURG)

IMO: 9184392

Тип: Crude Oil Tanker (Танкер для перевозки сырой нефти)

Год постройки: 2000

Габариты: Длина — 332 м, дедвейт — 299 364 тонны

2. Статус судна

Судьба: Судно было списано и утилизировано (scrapped).

Детали: Процесс утилизации начался 15 мая 2018 года в порту Читтагонг (Бангладеш). Судно официально прекратило свою эксплуатацию в 2018 году.

Примечание: В некоторых базах данных под данным IMO номером могут появляться записи о «новых» судах (например, JEWEL S), однако важно понимать, что оригинальное судно MARITIME JEWEL (IMO 9184392) больше не существует как действующий морской актив. Любые современные упоминания этого IMO номера в контексте активного судоходства требуют тщательной верификации, так как могут быть связаны с ошибками в базах или использованием данных списанных судов другими субъектами.

3. Анализ комплаенс-рисков

Риск-профиль: НЕТ.

Заключение: Объект является историческим активом, не существующим в коммерческой эксплуатации с 2018 года. Рисков взаимодействия нет, так как судно физически утилизировано."
9251274,True,False,,True,,,unknown,,,,,,,Греция.,317053.0,,,,16.6,).,,,,,,,,,,needs_review,"MARAN ARCTURUS (IMO 9588299)

Флаг: Греция.

Статус: На якорной стоянке (осадка 16.6 м).

Особенности: Крупнотоннажный танкер (DWT 317 053 т). История эксплуатации включает заходы в порты Китая и Кувейта.

MELENIA (IMO 9302023)

Флаг: Джибути.

Статус: В движении (осадка 21 м).

Особенности: Очень крупный танкер (VLCC, DWT 299 998 т).

LORD BYRON 21 (IMO 9889954)

Флаг: Мальта.

Статус: На якорной стоянке (осадка 9.5 м).

Особенности: Построен в 2021 году. Ранее совершал рейсы в порты США (Лонг-Бич, Хьюстон).

CRIUS (IMO 9251274)

Флаг: Панама.

Статус: На якорной стоянке (осадка 14.1 м).

Особенности: Имеет историю заходов в российские порты (Козьмино) и порты Китая.

CAWTHORNE (IMO 9290347)

Флаг: Панама.

Статус: Ошвартован (FSO).

Особенности: Используется в качестве плавучего хранилища (FSO).

2. Танкеры-продуктовозы и другие (Oil/Chemical Tankers & Gas)
STI MAVERICK (IMO 9833589)

Флаг: Маршалловы Острова.

Статус: На якорной стоянке.

BRYANSTON (IMO 9290311)

Флаг: Маршалловы Острова.

Статус: На якорной стоянке.

SAN BARTH (IMO 9253765)

Флаг: Маршалловы Острова.

Статус: На якорной стоянке.

LAPHROAIG (IMO 9878060)

Флаг: Либерия.

Статус: Ошвартован.

BAGSHOT (IMO 9938987)

Флаг: Маршалловы Острова.

Статус: На якорной стоянке.

ALFRED TEMILE 10 (IMO 9937127, LPG Tanker)

Флаг: Бермудские острова.

Статус: В движении.

LNG ADAMAWA (IMO 9262211, LNG Tanker)

Флаг: Бермудские острова.

Статус: В движении.

3. Арктические танкеры (Barents Sea)
Суда, работающие в северных широтах РФ, которые были предоставлены в контексте:

SHTURMAN SHCHERBININ (IMO 9759927): Флаг Россия. Находится в Баренцевом море, направляется в Мурманск.

SHTURMAN KOSHELEV (IMO 9759939): Флаг Россия. Находится в Баренцевом море, направляется в Субетту.

VAYU 1 (IMO 9290517): Флаг Камерун. Находится в Баренцевом море, направляется в Мурманск.

Аналитическое примечание: Большинство танкеров в районе Бонни (Нигерия) находятся на якорной стоянке, что типично для ожидания погрузки/разгрузки в данном нефтяном хабе. Суда, работающие в Арктическом регионе, продолжают регулярные рейсы между терминалами РФ (Мурманск, Арктик СПГ 2, Мыс Каменный). Риски по судам под флагами Маршалловых островов, Панамы и Греции требуют индивидуальной проверки (Due Diligence) для каждой конкретной операции."
9904675,True,False,,,,,unknown,,,,,,,,,,,,,,,,,,,,,,,needs_review,
9726102,True,False,,True,,,unknown,,,,Танкер для перевозки сжиженного нефтяного газа (LPG Tanker).,2016.0,,Сингапур.,,,,36.6,12.0,"12,0 м.",,,,,,,,,,needs_review,"SECRETO (IMO 9726102), составленный на основе предоставленных данных и файла image_a8839c.jpg:

Основные характеристики:

Тип судна: Танкер для перевозки сжиженного нефтяного газа (LPG Tanker).

Флаг: Сингапур.

Год постройки: 2016.

Размеры: Общая длина составляет 225,00 м, ширина — 36,60 м.

Тоннаж: Валовая вместимость составляет 47 347 т, дедвейт — 54 603 т.

Текущая деятельность:

Статус: Судно находится на ходу (под управлением двигателя).

Маршрут: Следует в Сингапур.

Прогноз прибытия: Расчетное время прибытия (ETA) — 4 июля 2026 года.

Параметры движения: Текущая скорость составляет 14,1–14,6 узла, текущая осадка — 12,0 м.

Операционная история:

Последний портовый визит (якорная стоянка) был зафиксирован в районе Хьюстона, США, откуда судно вышло 30 мая 2026 года.

За отчетный период было зафиксировано 12 портовых заходов; судно часто посещает порты Китая и Японии."
9978004,True,False,,True,,,unknown,,,,Танкер для перевозки сжиженного нефтяного газа (LPG) и химических грузов.,2024.0,,Панама.,,,,17.6,4.4,"4,4 м.",,,,,"— Род-Таун, Тортола, Британские Виргинские острова",,,,,needs_review,"GAS CHAMPION (IMO 9978004), составленный на основе предоставленных данных и файла image_a8875b.jpg:

Основные характеристики:

Тип судна: Танкер для перевозки сжиженного нефтяного газа (LPG) и химических грузов.

Флаг: Панама.

Год постройки: 2024.

Размеры: Общая длина составляет 99,90 м, ширина — 17,60 м.

Тоннаж: Валовая вместимость составляет 4 277 т, дедвейт — 5 159 т.

Текущая деятельность:

Статус: Судно находится на якорной стоянке.

Маршрут: Пункт назначения — Род-Таун, Тортола, Британские Виргинские острова.

Параметры движения: Текущая скорость составляет 0,0 узла, текущая осадка — 4,4 м.

Операционная история:

Последний портовый визит судна был зафиксирован в порту Сен-Мартен (Нидерланды), откуда оно вышло 4 июня 2026 года.

За отчетный период было зафиксировано 65 портовых заходов; судно часто посещает порты Малайзии и Сингапура."
9698288,True,False,,True,,,unknown,,,,Танкер для перевозки сжиженного нефтяного газа (LPG) и химических грузов.,2014.0,,Португалия (Мадейра).,,,,15.96,4.0,"4,0 м.",,,,,"— Сент-Томас, Американские Виргинские острова",,,,,needs_review,"GAS TOP (IMO 9698288), составленный на основе предоставленных данных и файла image_a88b1e.jpg:

Основные характеристики:

Тип судна: Танкер для перевозки сжиженного нефтяного газа (LPG) и химических грузов.

Флаг: Португалия (Мадейра).

Год постройки: 2014.

Размеры: Общая длина составляет 95,00 м, ширина — 15,96 м.

Тоннаж: Валовая вместимость составляет 3 591 т, дедвейт — 3 726 т.

Текущая деятельность:

Статус: Судно находится на якорной стоянке.

Маршрут: Пункт назначения — Сент-Томас, Американские Виргинские острова.

Параметры движения: Текущая скорость составляет 0,1 узла, текущая осадка — 4,0 м.

Операционная история:

Последний портовый визит судна был зафиксирован в Кристианстеде (Американские Виргинские острова), откуда оно вышло 18 мая 2026 года.

За отчетный период было зафиксировано 75 портовых заходов; судно часто посещает порты Американских Виргинских островов и Пуэрто-Рико.

Ранее судно носило название EPIC CURACAO."
9733557,True,False,,True,,,unknown,,,,Танкер для перевозки сжиженного нефтяного газа (LPG) и химических грузов.,2016.0,,Сингапур.,,,,21.0,7.0,"7,0 м.",,,,,"— Сент-Томас, Американские Виргинские острова",,,,,needs_review,"EPIC SAMOS (IMO 9733557), составленный на основе предоставленных данных и файла image_a8e0a0.jpg:

Основные характеристики:

Тип судна: Танкер для перевозки сжиженного нефтяного газа (LPG) и химических грузов.

Флаг: Сингапур.

Год постройки: 2016.

Размеры: Общая длина составляет 119,98 м, ширина — 21,00 м.

Тоннаж: Валовая вместимость составляет 8 319 т, дедвейт — 8 983 т.

Текущая деятельность:

Статус: Судно находится на якорной стоянке (At anchor).

Маршрут: Пункт назначения — Сент-Томас, Американские Виргинские острова.

Параметры движения: Текущая скорость составляет 0,1–0,2 узла, текущая осадка — 7,0 м.

Операционная история:

Последний портовый визит судна был зафиксирован в Баркадере, Аруба, откуда оно вышло 22 мая 2026 года.

За отчетный период было зафиксировано 58 портовых заходов; судно часто посещает порты США и Ямайки."
9664926,True,False,,True,,,unknown,,,,Танкер для перевозки сжиженного нефтяного газа (LPG) и химических грузов.,2013.0,,Сингапур.,,,,20.0,5.9,"5,9 м.",,,,,"— Сент-Томас, Американские Виргинские острова",,,,,needs_review,"KENNINGTON (IMO 9664926), составленный на основе предоставленных данных и файла image_a8e499.jpg:

Основные характеристики:

Тип судна: Танкер для перевозки сжиженного нефтяного газа (LPG) и химических грузов.

Флаг: Сингапур.

Год постройки: 2013.

Размеры: Общая длина составляет 119,95 м, ширина — 20,00 м.

Тоннаж: Валовая вместимость составляет 7 891 т, дедвейт — 8 556 т.

Текущая деятельность:

Статус: Судно находится на якорной стоянке (At anchor).

Маршрут: Пункт назначения — Сент-Томас, Американские Виргинские острова.

Параметры движения: Текущая скорость составляет 0,1–0,2 узла, текущая осадка — 5,9 м.

Операционная история:

Последний портовый визит судна был зафиксирован в Новом Орлеане, США, откуда оно вышло 25 мая 2026 года.

За отчетный период было зафиксировано 56 портовых заходов; судно часто посещает порты США и Панамы."
9766190,True,False,,True,,,unknown,,,,Танкер для перевозки нефтепродуктов (Oil Products Tanker).,2017.0,,Сингапур.,,,,32.24,8.4,"8,4 м.",,,,,,,,,,needs_review,"HAFNIA KALLANG (IMO 9766190), составленный на основе предоставленных данных и файла image_a8eba1.jpg:

Основные характеристики:

Тип судна: Танкер для перевозки нефтепродуктов (Oil Products Tanker).

Флаг: Сингапур.

Год постройки: 2017.

Размеры: Общая длина составляет 228,00 м, ширина — 32,24 м.

Тоннаж: Валовая вместимость составляет 43 072 т, дедвейт — 74 189 т.

Текущая деятельность:

Статус: Судно находится на ходу (под управлением двигателя).

Маршрут: Согласно данным AIS, судно направляется в Синт-Эстатиус. В файле image_a8eba1.jpg указано, что согласованным пунктом назначения является Сабин-Пасс, США.

Прогноз прибытия: Ожидаемое время прибытия (ETA) — 5 июня 2026 года в 19:00 по данным Voyage Data, либо в 14:00 по данным из файла image_a8eba1.jpg.

Параметры движения: Текущая скорость составляет 11,2–11,3 узла, текущая осадка — 8,4 м.

Операционная история:

Последний портовый визит (якорная стоянка) был зафиксирован в районе Порт-Артура, США, откуда судно вышло 29 мая 2026 года."
9743186,True,False,,True,,,unknown,,,,Танкер для перевозки сырой нефти (Crude Oil Tanker).,2017.0,,Маршалловы Острова.,,,,48.0,9.5,"9,5 м.",,,,,,,,,,needs_review,"FRONT CRYSTAL (IMO 9743186), составленный на основе предоставленных данных и файла image_a8f320.jpg:

Основные характеристики:

Тип судна: Танкер для перевозки сырой нефти (Crude Oil Tanker).

Флаг: Маршалловы Острова.

Год постройки: 2017.

Размеры: Общая длина составляет 276,01 м, ширина — 48,00 м.

Тоннаж: Валовая вместимость составляет 82 828 т, дедвейт — 157 409 т.

Текущая деятельность:

Статус: Судно находится на ходу (под управлением двигателя).

Маршрут: Следует в терминал Хосе (Jose Terminal), Венесуэла.

Прогноз прибытия: Расчетное время прибытия (ETA) — 10 июня 2026 года.

Параметры движения: Текущая скорость составляет 10,7–10,8 узла, текущая осадка — 9,5 м.

Операционная история:

Последний портовый визит судна был зафиксирован в Канапорте, Канада, откуда оно вышло 29 мая 2026 года.

За отчетный период было зафиксировано 18 портовых заходов; судно часто посещает порты Канады и Италии."
9935935,True,False,,True,,,unknown,,,,Танкер для перевозки химических/нефтяных продуктов (Chemical/Oil Products Tanker).,2023.0,,Либерия.,,,,32.0,10.0,"10,0 м.",,,,,,,,,,needs_review,"LARGO EMERALD (IMO 9935935), составленный на основе предоставленных данных и файла image_a8f746.jpg:

Основные характеристики:

Тип судна: Танкер для перевозки химических/нефтяных продуктов (Chemical/Oil Products Tanker).

Флаг: Либерия.

Год постройки: 2023.

Размеры: Общая длина составляет 183,01 м, ширина — 32,00 м.

Тоннаж: Валовая вместимость составляет 28 630 т, дедвейт — 49 999 т.

Текущая деятельность:

Статус: Судно находится на ходу (под управлением двигателя).

Маршрут: Следует в порт Гуаянилья (Guayanilla), Пуэрто-Рико.

Прогноз прибытия: Ожидаемое время прибытия (ETA) — 5 июня 2026 года.

Параметры движения: Текущая скорость составляет 13,1–13,8 узла, текущая осадка — 10,0 м.

Операционная история:

Последний портовый визит (якорная стоянка) был зафиксирован в Байя-Бланка, Аргентина, откуда судно вышло 20 мая 2026 года.

За отчетный период было зафиксировано 33 портовых захода; судно часто посещает порты США и Франции.

Ранее судно носило название HY OAK."
9681390,True,False,,True,,,unknown,,,,Танкер для перевозки химических/нефтяных продуктов (Chemical/Oil Products Tanker).,2014.0,,Сингапур.,,,,32.2,11.9,"11,9 м.",,,,,,,,,,needs_review,"TORM DUBAI (IMO 9681390), составленный на основе предоставленных данных и файла image_a8fb00.jpg:

Основные характеристики:

Тип судна: Танкер для перевозки химических/нефтяных продуктов (Chemical/Oil Products Tanker).

Флаг: Сингапур.

Год постройки: 2014.

Размеры: Общая длина составляет 183,12 м, ширина — 32,20 м (согласно AIS данным — 32,24 м).

Тоннаж: Валовая вместимость составляет 29 955 т, дедвейт — 49 990 т.

Текущая деятельность:

Статус: Судно находится на ходу (под управлением двигателя).

Маршрут: Следует в порт Сантос, Бразилия.

Прогноз прибытия: Ожидаемое время прибытия (ETA) — 16 июня 2026 года.

Параметры движения: Текущая скорость составляет 12,1–12,2 узла, текущая осадка — 11,9 м.

Операционная история:

Последний портовый визит судна был зафиксирован в Бомонте, США, откуда оно вышло 29 мая 2026 года.

За отчетный период было зафиксировано 29 портовых заходов; судно часто посещает порты Китая, Кореи и Нидерландов.

Ранее судно носило название STI VENERE."
9351464,True,False,,True,,,unknown,,,,Танкер для перевозки сырой нефти (Crude Oil Tanker).,2007.0,,Либерия.,,,,32.57,8.0,"8,0 м.",,,,,,,,,,needs_review,"ARIANE (IMO 9351464), составленный на основе предоставленных данных и файла image_a8fefe.jpg:

Основные характеристики:

Тип судна: Танкер для перевозки сырой нефти (Crude Oil Tanker).

Флаг: Либерия.

Год постройки: 2007.

Размеры: Общая длина составляет 228,60 м, ширина — 32,57 м.

Тоннаж: Валовая вместимость составляет 42 010 т, дедвейт — 73 784 т.

Текущая деятельность:

Статус: Судно находится на ходу (под управлением двигателя).

Маршрут: Следует в порт Гуамаре (Guamare), Бразилия.

Прогноз прибытия: Расчетное время прибытия (ETA) — 6 октября 2026 года.

Параметры движения: Текущая скорость составляет 11,3–12,3 узла, текущая осадка — 8,0 м.

Операционная история:

Последний портовый визит судна был зафиксирован в Синт-Эстатиусе (Sint Eustatius), откуда оно вышло 3 июня 2026 года.

За отчетный период было зафиксировано 22 портовых захода; судно часто посещает порты США и Перу.

Ранее судно носило название HELLESPONT PROVIDENCE."
9997189,True,False,,True,,,unknown,,,,Танкер для перевозки сжиженного нефтяного газа (LPG) и химических грузов.,2025.0,,Маршалловы Острова.,,,,37.2,11.7,"11,7 м.",,,,,,,,,,needs_review,"MEGREZ (IMO 9997189), составленный на основе предоставленных данных и файла image_a9026b.jpg:

Основные характеристики:

Тип судна: Танкер для перевозки сжиженного нефтяного газа (LPG) и химических грузов.

Флаг: Маршалловы Острова.

Год постройки: 2025.

Размеры: Общая длина составляет 229,90 м, ширина — 37,20 м.

Тоннаж: Валовая вместимость составляет 49 784 т, дедвейт — 56 378 т.

Текущая деятельность:

Статус: Судно находится на ходу (под управлением двигателя).

Маршрут: Следует в порт Дхамра (Dhamra Port), Индия.

Прогноз прибытия: Расчетное время прибытия (ETA) — 3 июля 2026 года.

Параметры движения: Текущая скорость составляет около 15,1–15,3 узла, текущая осадка — 11,7 м.

Операционная история:

Последний портовый визит судна был зафиксирован в Недерланде (Nederland), США, откуда оно вышло 29 мая 2026 года.

За отчетный период было зафиксировано 9 портовых заходов; судно часто посещает порты Японии."
9761841,True,False,,True,,,unknown,,,,LNG Tanker (танкер для перевозки сжиженного природного газа).,2017.0,,Панама.,,,,46.4,9.5,"9,5 м.",,,,,,,,,,needs_review,"HYUNDAI PRINCEPIA (IMO 9761841), составленный на основе предоставленных данных и файла image_b3ce24.jpg:

Основные характеристики:

Тип судна: LNG Tanker (танкер для перевозки сжиженного природного газа).

Флаг: Панама.

Год постройки: 2017.

Размеры: Общая длина составляет 295,00 м, ширина — 46,40 м.

Тоннаж: Валовая вместимость составляет 115 541 т, дедвейт — 98 344 т.

Текущая деятельность:

Статус: Судно находится на ходу (под управлением двигателя).

Маршрут: Следует в порт Сабин (Sabine), США.

Прогноз прибытия: Расчетное время прибытия (ETA) — 12 июня 2026 года.

Параметры движения: Текущая скорость составляет 12,3–15,8 узла, текущая осадка — 9,5 м.

Операционная история:

Последний портовый визит судна был зафиксирован на якорной стоянке Окпо (Okpo), Корея, откуда оно вышло 5 мая 2026 года.

За отчетный период было зафиксировано 10 портовых заходов, включая регулярные рейсы в порты Кореи и США."
9930296,True,False,,True,,,unknown,,,,Танкер для перевозки сжиженного нефтяного газа (LPG Tanker).,2023.0,,Маршалловы Острова.,,,,36.6,12.0,"12,0 м.",,,,,,,,,,needs_review,"BW AVIOR (IMO 9930296), основанный на предоставленных данных и файле image_b3d4a7.jpg:

Основные характеристики:

Тип судна: Танкер для перевозки сжиженного нефтяного газа (LPG Tanker).

Флаг: Маршалловы Острова.

Год постройки: 2023.

Размеры: Общая длина судна составляет 229,90 м, ширина — 36,60 м.

Тоннаж: Валовая вместимость составляет 53 573 т, дедвейт — 58 247 т.

Текущая деятельность:

Статус: Судно находится на ходу (под управлением двигателя).

Маршрут: Следует в порт Мангалор (Mangalore), Индия.

Прогноз прибытия: Расчетное время прибытия (ETA) — 28 июня 2026 года.

Параметры движения: Текущая скорость составляет 14,5–15,1 узла, осадка — 12,0 м.

Операционная история:

Последний портовый визит судна был зафиксирован в порту Фрипорт, США, откуда оно вышло 27 мая 2026 года.

Всего за отчетный период было зафиксировано 13 портовых заходов; ранее судно совершало рейсы в порты Китая и США.

В мае 2023 года судно носило название AVANCE AVIOR."
9564384,True,False,,True,,,unknown,,,,Танкер для перевозки фруктового сока (Fruit Juice Tanker).,2011.0,,Либерия.,,,,32.24,10.2,"10,2 м.",,,,,,,,,,needs_review,"ORANGE STAR (IMO 9564384), основанный на предоставленных данных и файле image_b3d86a.jpg:

Основные характеристики:

Тип судна: Танкер для перевозки фруктового сока (Fruit Juice Tanker).

Флаг: Либерия.

Год постройки: 2011.

Размеры: Общая длина составляет 189,90 м, ширина — 32,24 м.

Тоннаж: Валовая вместимость — 34 432 т, дедвейт — 36 994 т.

Текущая деятельность:

Статус: Судно находится на ходу (под управлением двигателя).

Маршрут: Следует в порт Тампа, США.

Прогноз прибытия: Ожидаемое время прибытия (ETA) — 13 июня 2026 года.

Параметры движения: Текущая скорость составляет 14,3 узла, осадка — 10,2 м.

Операционная история:

Последний порт захода — Сантос, Бразилия, откуда судно вышло 28 мая 2026 года.

Всего за отчетный период было зафиксировано 15 портовых заходов; судно часто посещает порты Бразилии и Нидерландов."
9778296,True,False,,True,,,unknown,,,,Танкер для перевозки нефтепродуктов (Oil Products Tanker).,2017.0,,Либерия.,,,,36.0,11.9,"11,9 м.",,,,,,,,,,needs_review,"CIELO BIANCO (IMO 9778296), основанный на предоставленных данных и файле image_b3dc65.jpg:

Основные характеристики:

Тип судна: Танкер для перевозки нефтепродуктов (Oil Products Tanker).

Флаг: Либерия.

Год постройки: 2017.

Размеры: Общая длина судна составляет 228,00 м, ширина — 36,00 м.

Тоннаж: Валовая вместимость составляет 43 984 т, дедвейт — 74 999 т.

Текущая деятельность:

Статус: Судно находится на ходу (под управлением двигателя).

Маршрут: Следует в порт Арату (Aratu), Бразилия.

Прогноз прибытия: Расчетное время прибытия (ETA) — 11 июня 2026 года.

Параметры движения: Текущая скорость составляет 11,5–12,3 узла, осадка — 11,9 м.

Операционная история:

Последний портовый визит судна был зафиксирован в Хьюстоне, США, откуда оно вышло 24 мая 2026 года.

Всего за отчетный период было зафиксировано 16 портовых заходов, включая регулярные рейсы в США и Бразилию."
9837614,True,False,,True,,,unknown,,,,Танкер для перевозки сырой нефти (Crude Oil Tanker).,2019.0,,Республика Корея.,,,,60.0,20.4,"20,4 м.",,,,,,,,,,needs_review,"UNIVERSAL PARTNER (IMO 9837614), основанный на предоставленных данных и файле image_b3e02e.jpg:

Основные характеристики:

Тип судна: Танкер для перевозки сырой нефти (Crude Oil Tanker).

Флаг: Республика Корея.

Год постройки: 2019.

Размеры: Общая длина судна составляет 336,00 м, ширина — 60,00 м.

Тоннаж: Валовая вместимость составляет 156 331 т, дедвейт — 299 981 т.

Текущая деятельность:

Статус: Судно находится на ходу (под управлением двигателя).

Маршрут: Следует в порт Даесан (Daesan), Южная Корея.

Прогноз прибытия: Расчетное время прибытия (ETA) — 16–17 июля 2026 года.

Параметры движения: Текущая скорость составляет 12,0–12,8 узла, осадка — 20,4 м.

Операционная история:

Последний портовый визит судна был зафиксирован в порту Инглсайд (Ingleside), США, откуда оно вышло 21 мая 2026 года.

Всего за отчетный период было зафиксировано 11 портовых заходов; судно ранее посещало порты Южной Кореи (Инчхон, Онсан) и Франции."
9501186,True,False,,True,,,unknown,,,,LNG Tanker (танкер для перевозки сжиженного природного газа).,2014.0,,Маршалловы Острова.,,,,45.6,9.3,"9,3 метра.",,,,,,,,,,needs_review,"ADAM LNG (IMO 9501186), основанный на предоставленных данных и файле image_b3e44c.jpg:

Основные характеристики:

Тип судна: LNG Tanker (танкер для перевозки сжиженного природного газа).

Флаг: Маршалловы Острова.

Год постройки: 2014.

Размеры: Общая длина судна составляет 289,00 м, ширина — 45,60 м.

Тоннаж: Валовая вместимость составляет 105 975 тонн, дедвейт — 90 986 тонн.

Текущая деятельность:

Статус: Судно находится на ходу (под управлением двигателя).

Маршрут: Следует в Галвестон, США.

Прогноз прибытия: Ожидаемое время прибытия (ETA) — 13 июня 2026 года.

Параметры движения: Текущая скорость составляет 18,7 узла (согласно последним данным AIS), текущая осадка — 9,3 метра.

Операционная история:

Последний порт захода — якорная стоянка Галле (Шри-Ланка), откуда судно вышло 12 мая 2026 года.

За отчетный период судно совершило 11 портовых заходов. Ранее фиксировались визиты в порты Индии (Эннор) и США (Лейк-Чарльз).

Ранее судно носило название ADAM."
9650573,True,False,,True,,,vessel,,725001965,,,,2013.0,"Чили (Chile). В отличие от большинства каботажных судов региона, оперирует непосредственно под национальным флагом.",,,183.31,,10.8,Draught,,,,,по AIS — CL QTV,Matched destination,,,,needs_review,"Идентификатор: IMO 9650573, MMSI 725001965.

Позывной сигнальной станции (Callsign): CBPK.

Классификация: Химический/нефтепродуктовый танкер (Chemical/Oil Products Tanker). По дедвейту относится к коммерческому классу среднетоннажных продуктовозов MR2 (Medium Range). В общей навигационной базе ИНС проходит в категории Tanker.

Флаг: Чили (Chile). В отличие от большинства каботажных судов региона, оперирует непосредственно под национальным флагом.

Габариты: Конструктивная длина (LOA) — 183.31 м, ширина корпуса (Beam) — 32.20 м (интерфейс спутникового мониторинга ИНС на image_32ac7c.jpg уточняет ширину корпуса как 32.24 м).

Тоннаж: Максимальный дедвейт (DWT) — 49 990 т, валовая вместимость (Gross Tonnage) — 29 708 GT.

Возраст: 2013 год постройки (13 лет эксплуатации в текущем календарном году). В коммерческой истории зафиксировано одно проектное переименование: со стапелей в январе 2013 года танкер сошел под именем STI SAPPHIRE, а в июле 2017 года получил текущее наименование — PIONEROS.

2. Оперативная обстановка (на 4 июня 2026 г.)
Текущая локация: Согласно актуальной спутниковой телеметрии и интерфейсу ИНС из файла image_32ac7c.jpg, танкер находится в географическом регионе Западного побережья Южной Америки (West South America).

Статус навигации: На якоре (At anchor). Свежий апдейт спутникового ИНС со стажем 3 минуты на image_32ac7c.jpg полностью подтверждает удержание рейдовой позиции (базовый текстовый лог давал задержку сигнала до 2 часов).

Динамика: Текущая путевая скорость судна составляет 1.0 узел (рейсовый дрейф на якорной цепи). Курс по приборам ИНС (Course) — 291°, датчик истинного курса (True heading) фиксирует положение корпуса на отметке 317°. Скорость разворота (Rate of turn) равна 0°/мин. В устаревших текстовых расчетах прогнозируемый путевой угол составлял 157.8° при скорости 0.3 kn.

Хронология рейса и фактическое прибытие (ATA): Объявленный пункт назначения по AIS — CL QTV. В системе ИНС в качестве сопоставленной точки назначения (Matched destination) верифицирована якорная стоянка порта Кинтеро, Чили (Quintero Anch, CHILE). Судно фактически завершило переход (STATUS: ARRIVED) с фиксацией времени прибытия (ATA) 4 июня 2026 года в 02:22 UTC (интерфейс ИНС на image_32ac7c.jpg отображает местное время прибытия как 3 июня 2026 года в 22:17 UTC-4). Борт выполнил короткую перестановку из самого терминала Кинтеро (Quintero, Chile), от причала которого отошел за 23 минуты до этого — 4 июня 2026 года в 01:59 UTC (местное время отхода на графике image_32ac7c.jpg — 3 июня в 22:01 UTC-4).

Статус загрузки: Текущая рабочая осадка (Draught) составляет 10.8 м (базовый текстовый лог указывает аналогичные 10.8 м).

3. Анализ рисков и комплаенс-профиль
Операционная стратегия: Танкер находится под национальным чилийским флагом и выполняет роль классического челнока/распределителя углеводородов в акватории Кинтеро. Сохранение глубокой осадки 10.8 м после отхода от терминала и немедленной постановки на рейд (""At anchor"") указывает на промежуточный характер операции — судно либо осуществило частичную отгрузку/налив, либо сменило причал/позиционирование в порту по требованию портовых властей или оператора терминала для оптимизации логистических окон. Нахождение в акватории Кинтеро на протяжении последних дней (длительность предыдущей швартовки составила 2 дня 7 часов) подчеркивает его ключевую роль в местной распределительной сети.

Интенсивность использования: Профиль эксплуатации фиксирует очень высокую интенсивность каботажной работы судна — 33 портовых вызова за отчетный цикл, которые географически ограничены внутренними портами Чили (основные визиты в Сан-Висенте и Кабо-Негро). Лог за май 2026 года отражает плотный график челночных рейсов с регулярными короткими стоянками на якоре (17 часов 48 минут и 19 часов 24 минуты) между заходами к наливным терминалам.

Техническое состояние и комплаенс: 13-летний возраст относит судно к группе зрелых, но активно эксплуатируемых активов. Работа под национальным флагом Чили накладывает на судно жесткие обязательства по соблюдению экологических стандартов в уязвимых прибрежных экосистемах. Обслуживание судна обеспечивается постоянным пулом локальных контрагентов (Maress Supply Ltda, Marine Suppliers Chile, STS Maritima, STS CHILE). Танкер обладает чистым комплаенс-профилем, навигационные аномалии ИНС или международные санкционные ограничения отсутствуют. Актив удерживает штатную позицию на внутреннем рейде Кинтеро.

Аналитическое резюме:
Национальный продуктовоз класса MR2 PIONEROS (IMO 9650573) после непродолжительного нахождения у терминала Кинтеро совершил внутреннюю портовую перестановку. По состоянию на 4 июня 2026 года борт находится в статусе ARRIVED и стабильно удерживает позицию на якорной стоянке Кинтеро, Чили (CL QTV) с полной рабочей осадкой 10.8 м. Судно готово к дальнейшим коммерческим операциям на внутреннем рынке углеводородов, навигационные риски отсутствуют."
9700469,True,False,,True,,,vessel,,538009592,,,,2015.0,Маршалловы Острова (Marshall Islands). Актив зарегистрирован в открытом международном регистре.,,,182.99,,10.8,Draught,,,,,по AIS — CL QTV PVSA,Matched destination,,,,needs_review,"Идентификатор: IMO 9700469, MMSI 538009592.

Позывной сигнальной станции (Callsign): V7A4929.

Классификация: Химический/нефтепродуктовый танкер (Chemical/Oil Products Tanker). По дедвейту относится к коммерческому классу среднетоннажных продуктовозов MR2 (Medium Range). В общей базе ИНС классифицируется в категории Tanker.

Флаг: Маршалловы Острова (Marshall Islands). Актив зарегистрирован в открытом международном регистре.

Габариты: Конструктивная длина (LOA) — 182.99 м, ширина корпуса (Beam) — 32.20 м (интерфейс спутникового мониторинга ИНС на image_3301fb.jpg дублирует длину 182.99 м и фиксирует ширину 32.22 м).

Тоннаж: Максимальный дедвейт (DWT) — 44 999 т, валовая вместимость (Gross Tonnage) — 29 770 GT.

Возраст: 2015 год постройки (11 лет эксплуатации в текущем календарном году). Судно обладает историей коммерческих переименований: со стапелей в июне 2015 года оно сошло под именем AMADEUS, а с октября 2021 года носит бессменное текущее имя — SEAWAYS KOLBERG.

2. Оперативная обстановка (на 4 июня 2026 г.)
Текущая локация: Согласно спутниковой телеметрии и интерфейсу ИНС из файла image_3301fb.jpg, танкер находится в географическом регионе Западного побережья Южной Америки (West South America).

Статус навигации: На якоре (At anchor). Последний апдейт ИНС со стажем 14 минут (и 2 минуты в базовом логе) верифицирует стабильное удержание позиции на рейдовой стоянке.

Динамика: Текущая скорость судна составляет 0.0–0.1 узла (фактическая стоянка). Путевой угол по приборам ИНС (Course) зафиксирован на отметке 59° (в базовом текстовом логе выдавалось расчетное значение 35.3°). Датчик истинного курса (True heading) показывает положение корпуса на отметке 291°. Скорость разворота (Rate of turn) составляет 4°/мин влево.

Хронология рейса и фактическое прибытие (ATA): Объявленный пункт назначения по AIS — CL QTV PVSA. В системе ИНС в качестве сопоставленной точки назначения (Matched destination) верифицирована якорная стоянка нефтеналивного терминала Кинтеро, Чили (Quintero Anch, CHILE). Судно фактически завершило переход (STATUS: ARRIVED) с фиксацией времени прибытия (ATA) 26 мая 2026 года в 21:03 UTC (интерфейс ИНС на image_3301fb.jpg дублирует эту отметку). Согласно логу, борт находится на рейде Кинтеро уже 9 дней. Заявленное экипажем Reported ETA на швартовку к причалу PVSA (Puerto Ventanas S.A.) установлено на 4 июня 2026 года в 16:00 UTC-4 (в течение 2 часов от времени среза данных).

Статус загрузки: Текущая рабочая осадка (Draught) составляет 10.8 м. Продуктовоз находится в глубоко груженом состоянии.

3. Анализ рисков и комплаенс-профиль
Операционная стратегия: Танкер находится в состоянии полной коммерческой загрузки (осадка 10.8 м). Длительное 9-дневное нахождение на якорной стоянке Кинтеро указывает на плановое ожидание своей очереди (окна фрахтователя) на выгрузку у специализированного монобуя или терминала PVSA (Puerto Ventanas / Пуэрто-Вентанас), который обрабатывает наливные грузы и нефтепродукты в заливе Кинтеро. Обновление статуса ETA на текущий день (4 июня) подтверждает, что портовые власти согласовали подход судна к терминалу для начала слива партии.

Интенсивность использования: Исторический профиль эксплуатации судна отражает латиноамериканскую структуру рейсов — зафиксировано 19 портовых вызовов за отчетный цикл, распределенных преимущественно между экспортными хабами Бразилии (Мадре-де-Деус) и Аргентины (Кампана). В текущем периоде судно полностью задействовано в обеспечении импортного коридора Чили. Навигационный график за май 2026 года характеризуется высокой плотностью рейдовых стоянок на якоре (зафиксированы промежуточные циклы продолжительностью 15 часов и 2 дня 6 часов перед финальной постановкой в Кинтеро).

Техническое состояние и комплаенс: 11-летний возраст судна (постройка середины 2015 года) относит его к категории зрелых активов среднего эксплуатационного цикла, регулярно проходящих инспекции Port State Control. Танкер полностью адаптирован под жесткие экологические требования прибрежной зоны Чили. Традиционное обслуживание борта в Кинтеро обеспечивается развитыми локальными шипчандлерскими и агентскими пулами (Murexs Supply, Marine Suppliers Chile, STS Maritima, STS CHILE). Юридические риски, санкционные ограничения или аномалии навигационных систем не обнаружены. Борт завершает предпричальную стоянку.

Аналитическое резюме:
Продуктовоз класса MR2 SEAWAYS KOLBERG (IMO 9700469) под флагом Маршалловых Островов в полностью груженом состоянии (осадка 10.8 м) завершает 9-суточное нахождение на рейде Кинтеро, Чили (CL QTV). По состоянию на 4 июня 2026 года судно удерживает якорную позицию, готовясь в течение ближайших 2 часов сняться с якоря и начать швартовные операции к наливному причалу терминала PVSA для проведения грузовых операций. Ситуация штатная, риски для безопасности актива отсутствуют."
9337511,True,False,,True,,,vessel,,636026184,,,,2008.0,Либерия (Liberia). Борт зарегистрирован в открытом международном регистре.,,,183.21,,10.8,Draught,,,,,") верифицирована якорная стоянка порта Кинтеро, Чили","Quintero Anch, CHILE",,,,needs_review,"Идентификатор: IMO 9337511, MMSI 636026184.

Позывной сигнальной станции (Callsign): A8NA4.

Классификация: Химический/нефтепродуктовый танкер (Chemical/Oil Products Tanker). По дедвейту относится к коммерческому классу среднетоннажных продуктовозов MR2 (Medium Range). По классификации грузов AIS относится к категории повышенной опасности Tanker - Hazard A (Major).

Флаг: Либерия (Liberia). Борт зарегистрирован в открытом международном регистре.

Габариты: Конструктивная длина (LOA) — 183.21 м, ширина корпуса (Beam) — 32.00 м.

Тоннаж: Максимальный дедвейт (DWT) — 49 999 т, валовая вместимость (Gross Tonnage) — 29 305 GT.

Возраст: 2008 год постройки (18 лет эксплуатации в текущем календарном году). Судно обладает развитой историей коммерческих наименований: со стапелей в феврале 2008 года оно сошло как ATLANTIC GRACE, в феврале 2022 года было переименовано в SEAWAYS GRACE, а с марта 2026 года оперирует под текущим именем — LEON GRACE.

2. Оперативная обстановка (на 4 июня 2026 г.)
Текущая локация: Согласно актуальной спутниковой телеметрии и интерфейсу ИНС из файла image_330639.jpg, танкер находится в географическом регионе Западного побережья Южной Америки (West South America).

Статус навигации: На якоре (At anchor). Последний апдейт ИНС со стажем 8 минут (и 16 минут в базовом логе) верифицирует стабильное удержание позиции на рейдовой стоянке.

Динамика: Текущая скорость судна составляет 0.0–0.5 узла (рейдовая дрейфовая стоянка). Путевой угол по приборам ИНС (Course) зафиксирован на отметке 97° (в базовом текстовом логе выдавалось расчетное значение 84.9°). Датчики истинного курса (True heading) и скорости разворота (Rate of turn) на момент съема данных телеметрии не передавали стабильных значений.

Хронология рейса и фактическое прибытие (ATA): Навигационная дуга на image_330639.jpg раскрывает долгосрочную трансокеанскую структуру текущего рейса: танкер выполнил глубокий межконтинентальный переход из порта Тяньцзинь, Китай (CN TXG), отойдя от терминала еще 12 апреля 2026 года в 19:09 UTC+8. В качестве сопоставленной точки назначения (Matched destination) верифицирована якорная стоянка порта Кинтеро, Чили (Quintero Anch, CHILE). Судно фактически завершило переход (STATUS: ARRIVED) с фиксацией времени прибытия (ATA) 3 июня 2026 года в 04:14 UTC (интерфейс ИНС на image_330639.jpg отображает местное время прибытия как 2 июня 2026 года в 23:59 UTC-4). Базовый текстовый лог также указывает на промежуточную рейдовую отметку у якорной стоянки Талькауано, Чили (Talcahuano Anch., Chile), откуда борт снялся 2 июня 2026 года в 01:57 UTC.

Статус загрузки: Текущая рабочая осадка (Draught) составляет 10.8 м. Данный параметр подтверждает нахождение продуктовоза в груженом состоянии.

3. Анализ рисков и комплаенс-профиль
Операционная стратегия: Танкер успешно завершил масштабный транстихоокеанский переход из Китая в Чили. Стабильно глубокая осадка в 10.8 м в сочетании с высшим классом опасности груза Hazard A (Major) указывает на транспортировку крупной оптовой партии промышленных химикатов, сложных нефтепродуктов или сырья для нефтехимических предприятий региона Кинтеро. Текущий статус ""At anchor"" обусловлен прохождением обязательного карантинного, таможенного и портового контроля, а также ожиданием освобождения специализированного наливного причала.

Интенсивность использования: Исторический профиль эксплуатации судна носит ярко выраженный глобальный характер — зафиксировано 24 портовых вызова за отчетный цикл, распределенных по ключевым мировым хабарам (Хьюстон и Нью-Йорк, США; порты Бразилии). График за май 2026 года показывает длительное нахождение на якорной стоянке Талькауано (8 дней 20 часов), что было связано с оперативным планированием и согласованием логистических окон на чилийском побережье. Своевременный съем телеметрии (8 минут на image_330639.jpg) полностью ликвидировал слепые зоны берегового трекинга.

Техническое состояние и комплаенс: 18-летний возраст относит судно к зрелой возрастной категории, что накладывает повышенные требования к портовому контролю, особенно при работе с грузами класса Hazard A. Тем не менее, недавняя смена собственника/имени в марте 2026 года и успешное завершение сложнейшего океанского перехода подтверждают эксплуатационную надежность систем. Традиционное каботажное обслуживание борта в Кинтеро обеспечивается пулом проверенных локальных контрагентов (Maress Supply Ltda, Marine Suppliers Chile, STS Maritima, STS CHILE). Международные юридические санкции или технические предписания отсутствуют, судно находится в операционной готовности к сливу.

Аналитическое резюме:
Крупнотоннажный продуктовоз класса MR2 LEON GRACE (IMO 9337511) под либерийским флагом успешно завершил транстихоокеанский рейс из Китая (Тяньцзинь). С 3 июня 2026 года борт находится в статусе ARRIVED на якорной стоянке Кинтеро, Чили (CL QTV) в груженом состоянии (осадка 10.8 м, груз повышенной опасности Hazard A). Ожидание постановки к наливному терминалу проходит в штатном режиме, коммерческие и навигационные риски для актива отсутствуют."
9553749,True,False,,True,,,vessel,,538009871,,,,2022.0,Маршалловы Острова (Marshall Islands). Борт оперирует под удобным международным регистром.,,,183.07,,11.3,Draught,,,,,по AIS — CL QTV,Matched destination,,,,needs_review,"Идентификатор: IMO 9553749, MMSI 538009871.

Позывной сигнальной станции (Callsign): V7A5274.

Классификация: Химический/нефтепродуктовый танкер (Chemical/Oil Products Tanker). По дедвейту относится к коммерческому классу среднетоннажных продуктовозов MR2 (Medium Range). В общей базе ИНС классифицируется в категории Tanker.

Флаг: Маршалловы Острова (Marshall Islands). Борт оперирует под удобным международным регистром.

Габариты: Конструктивная длина (LOA) — 183.07 м, ширина корпуса (Beam) — 32.20 м (интерфейс ИНС на image_330a35.jpg дублирует длину 183.07 м и фиксирует ширину 32.22 м).

Тоннаж: Максимальный дедвейт (DWT) — 49 999 т, валовая вместимость (Gross Tonnage) — 29 671 GT.

Возраст: 2022 год постройки (4 года эксплуатации в текущем календарном году). С момента схода со стапелей в мае 2022 года судно эксплуатируется под своим первоначальным бессменным именем — OCEAN NISA.

2. Оперативная обстановка (на 4 июня 2026 г.)
Текущая локация: Согласно спутниковой телеметрии и интерфейсу ИНС из файла image_330a35.jpg, танкер находится в географическом регионе Западного побережья Южной Америки (West South America).

Статус навигации: На якоре (At anchor). Телеметрия берегового лога фиксирует нулевую задержку позиции (0 min ago), а свежий апдейт спутникового ИНС со стажем 5 минут полностью подтверждает текущий навигационный статус.

Динамика: Фактическая скорость судна составляет 0.0–0.1 узла (рейдовая стоянка). Текущий курс по приборам ИНС (Course) — 43°, разворот корпуса по датчику истинного курса (True heading) — 299°. Скорость разворота (Rate of turn) составляет 10°/мин влево. В устаревших текстовых расчетах путевой угол фиксировался на отметке 26.9°.

Хронология рейса и фактическое прибытие (ATA): Объявленный пункт назначения по AIS — CL QTV. В системе ИНС в качестве сопоставленной точки назначения (Matched destination) верифицирована якорная стоянка порта Кинтеро, Чили (Quintero Anch, CHILE). Судно фактически завершило переход (STATUS: ARRIVED) с фиксацией времени прибытия (ATA) 3 июня 2026 года в 02:08 UTC (интерфейс image_330a35.jpg фиксирует местное время прибытия как 2 июня 2026 в 21:55 UTC-4). Танкер прибыл из последнего порта захода — якорной стоянки Чаньяраль, Чили (Chanaral Anch., Chile), откуда отошел 1 июня 2026 года в 01:31 UTC (на image_330a35.jpg местное время отхода зафиксировано как 31 мая в 20:40 UTC-4). Переход занял менее двух суток.

Статус загрузки: Текущая рабочая осадка (Draught) составляет 11.3 м. Танкер находится в глубоко груженом состоянии под полную коммерческую емкость.

3. Анализ рисков и комплаенс-профиль
Операционная стратегия: Танкер успешно реализовал внутренний каботажный переход из Чаньяраля на ключевой рейд распределения углеводородов Кинтеро. Стабильная глубокая осадка в 11.3 м верифицирует доставку крупной оптовой партии светлых нефтепродуктов или жидких химикатов без промежуточных сливов. Текущее нахождение на якоре (""At anchor"") связано с ожиданием распределения к конкретному наливному терминалу или прохождением стандартных таможенных и портовых формальностей перед швартовкой.

Интенсивность использования: Профиль эксплуатации фиксирует умеренную оборачиваемость — 30 портовых вызовов за отчетный цикл. Исторически судно привлекалось к дальним международным рейсам (Сингапур, Канада), однако текущий операционный период полностью сосредоточен на обслуживании энергетического коридора Чили. График за май 2026 года показывает частые короткие стоянки на балластных и грузовых рейдах (включая 4-часовой и 13-часовой циклы на якоре в конце месяца).

Техническое состояние и комплаенс: 4-летний операционный возраст относит судно к группе высокотехнологичных и современных активов нового поколения с низким уровнем износа систем. Танкер полностью адаптирован под жесткие региональные требования безопасности. Традиционное обслуживание пулом проверенных локальных подрядчиков в портах Чили (Maress Supply Ltda, Marine Suppliers Chile, STS Maritima, STS CHILE) сводит к минимуму логистические задержки. Международные юридические санкции, технические предписания или аномалии навигационных датчиков отсутствуют. Судно ожидает команды оператора на рейдовой стоянке.

Аналитическое резюме:
Современный груженый продуктовоз класса MR2 OCEAN NISA (IMO 9553749) под флагом Маршалловых Островов успешно завершил переход из Чаньяраля и с 3 июня 2026 года находится в статусе ARRIVED. По состоянию на текущий момент борт удерживает стабильную позицию на якорной стоянке Кинтеро, Чили (CL QTV) с полной коммерческой осадкой 11.3 м. Процесс ожидания причала проходит в штатном режиме, риски для безопасности актива отсутствуют."
9833553,True,False,,True,,,vessel,,538010465,,,,2019.0,"Маршалловы Острова (Marshall Islands). Борт управляется под удобным международным флагом.Габариты: Конструктивная длина (LOA) — 183.07 м, ширина корпуса (Beam) — 32.20 м (интерфейс спутникового мониторинга ИНС на image_33151f.jpg дублирует округленную длину 183.07 м и уточняет ширину как 32.22 м).Тоннаж: Максимальный",,,183.07,,8.4,Draught,,,,,по AIS — CL GYC,Matched destination,,,,needs_review,"Идентификатор: IMO 9833553, MMSI 538010465.Позывной сигнальной станции (Callsign): V7A6079.Классификация: Химический/нефтепродуктовый танкер (Chemical/Oil Products Tanker). По дедвейту относится к коммерческому классу продуктовозов средней дальности MR2 (Medium Range). В системе трансмиссии ИНС судно имеет общую навигационную категорию Tanker. Флаг: Маршалловы Острова (Marshall Islands). Борт управляется под удобным международным флагом.Габариты: Конструктивная длина (LOA) — 183.07 м, ширина корпуса (Beam) — 32.20 м (интерфейс спутникового мониторинга ИНС на image_33151f.jpg дублирует округленную длину 183.07 м и уточняет ширину как 32.22 м).Тоннаж: Максимальный дедвейт (DWT) — 47 499 т, валовая вместимость (Gross Tonnage) — 29 991 GT.Возраст: 2019 год постройки (7 лет эксплуатации в текущем календарном году). В истории коммерческой эксплуатации зафиксировано одно проектное переименование: со стапелей в июле 2019 года судно сошло под именем MARLIN MYTHIC, а в мае 2021 года перешло под текущее наименование — STI MYTHIC.2. Оперативная обстановка (на 4 июня 2026 г.)Текущая локация: Согласно спутниковой телеметрии и интерфейсу ИНС из файла image_33151f.jpg, танкер находится в географическом регионе Западного побережья Южной Америки (West South America).Статус навигации: Ошвартован у терминала / Пришвартован (Moored). Свежий апдейт спутникового ИНС со стажем всего 4 минуты подтверждает полную фиксацию судна у причала. Береговой лог транслировал задержку позиции в 1 час.Динамика: Текущая путевая скорость судна составляет 0.0 узлов (фактическая стоянка). Курс по приборам ИНС (Course) — 102°, датчик истинного курса (True heading) показывает положение корпуса на отметке 215°. Скорость разворота (Rate of turn) равна $0^\circ$/мин. В устаревших текстовых расчетах прогнозируемый путевой угол составлял 134.5°.Хронология рейса и ETA: Объявленный пункт назначения по AIS — CL GYC. В системе ИНС в качестве сопоставленной точки назначения (Matched destination) верифицирован порт Гуаякан, Чили (Guayacan, CHILE). Объявленное экипажем Reported ETA — 4 июня 2026 года в 03:00 UTC-4 (базовый текстовый лог оценивал прибытие на 07:00). Танкер успешно завершил переход из последнего порта захода — Мехильонес, Чили (Mejillones, Chile), откуда отошел 2 июня 2026 года в 16:16 UTC-4 (в базовом текстовом логе зафиксировано время отхода 20:11 UTC). Время на переход составило менее 2 суток. Последний портовый заход в Мехильонес длился 1 день 8 часов.Статус загрузки: Текущая рабочая осадка (Draught) — 8.4 м. Налив средний, судно прибыло под частичную выгрузку или готово к наливным операциям с учетом ограничений глубин терминала.3. Анализ рисков и комплаенс-профильОперационная стратегия: Танкер перешел из северного промышленного хаба Мехильонес в специализированный терминал Гуаякан (регион Кокимбо). Текущий статус ""Moored"" (Пришвартован) со стажем трансляции в 4 минуты на image_33151f.jpg подтверждает, что судно уже находится на швартовых и приступило к грузовым операциям с жидкими углеводородами или химикатами. Осадка 8.4 м идеально соответствует гидрографическим параметрам и ограничениям по максимальной осадке причальных зон малых прибрежных портов данного региона Чили (ограничения по Кокимбо/Гуаякан составляют порядка 9.05 м). Интенсивность использования: Исторический профиль судна демонстрирует глобальный характер работы (исторические заходы в Хьюстон, США и Пахаритос, Мексика). В текущем операционном цикле судно переведено на каботажные челночные рейсы по тихоокеанскому побережью Чили. Зафиксировано 30 портовых вызовов за цикл. Предыдущие стоянки в мае 2026 года показывают высокую плотность навигации на рейдовых и анкерных стоянках (несколько циклов на якоре продолжительностью от 15 часов до 2 дней 8 часов).Техническое состояние и комплаенс: 7-летний операционный возраст относит судно к современной группе активов (""молодой флот""), построенной по современным стандартам экологической безопасности (двойной корпус, современные системы очистки). Судно обслуживается местными шипчандлерами и портовыми агентами (Maress Supply Ltda). Санкционные ограничения, задолженности по инспекциям или технические аномалии ИНС не зафиксированы. Операция швартовки выполнена в штатном режиме.Аналитическое резюме: Современный продуктовоз класса MR2 STI MYTHIC (IMO 9833553) успешно завершил межостровной/каботажный переход из Мехильонес. По состоянию на 4 июня 2026 года борт пришвартован (Moored) у терминала порта Гуаякан, Чили (CL GYC). Текущая осадка составляет 8.4 м, на судне запущен регламент грузовых наливных/сливных операций, навигационные риски отсутствуют, статус операции — штатный."
9717785,True,False,,True,,,vessel,,538005536,,,,2015.0,"Маршалловы Острова (Marshall Islands). Актив зарегистрирован в авторитетном открытом международном регистре.Габариты: Длина (LOA) — 183.04 м, ширина — 32.20 м (интерфейс ИНС на image_338925.jpg фиксирует конструктивную длину 183.03 м и ширину 32.22 м).Тоннаж:",,,183.04,32.2,12.0,под полную коммерческую осадку,,,,,,ARRIVED,,,,needs_review,"Идентификатор: IMO 9717785, MMSI 538005536.Классификация: Химический/нефтепродуктовый танкер (Chemical/Oil Products Tanker). По дедвейту относится к коммерческому классу среднетоннажных продуктовозов MR2 (Medium Range).Флаг: Маршалловы Острова (Marshall Islands). Актив зарегистрирован в авторитетном открытом международном регистре.Габариты: Длина (LOA) — 183.04 м, ширина — 32.20 м (интерфейс ИНС на image_338925.jpg фиксирует конструктивную длину 183.03 м и ширину 32.22 м).Тоннаж: Дедвейт (DWT) — 49 990 т, валовая вместимость — 29 806 GT.Возраст: 2015 год постройки (11 лет эксплуатации в текущем календарном году). В истории владения присутствует одно коммерческое переименование: со стапелей судно сошло под именем LAFAYETTE BAY, а в мае 2024 года получило текущее наименование SEAWAYS CAPE MAY.2. Оперативная обстановка (на 4 июня 2026 г.)Текущая локация: Согласно спутниковой телеметрии и карте интерфейса ИНС из файла image_338925.jpg, актив находится в географическом регионе Западного побережья Южной Америки (West South America).Статус навигации: На якоре (At anchor). Свежий апдейт ИНС со стажем 1 час 1 минута полностью подтверждает статический статус судна (в базовом текстовом логе позиция обновлялась 2 минуты назад).Динамика: Текущая путевая скорость составляет 0.1 узла (в пределах погрешности удержания на канатном порядке), датчик истинного курса (True heading) и скорость разворота (Rate of turn) фиксируют нулевые значения ($0^\circ$ и $0^\circ$/мин соответственно). Курсовой угол по ИНС равен 304° (в текстовом логе прогнозировался на отметке 77.9°).Хронология рейса и ATA: Текущий статус — прибыл в пункт назначения (ARRIVED). Фактическое время прибытия (ATA) на рейд Кальдера, Чили (Caldera Anch., CHILE / CL CLD) — 28 мая 2026 года в 17:03 UTC (интерфейс ИНС на image_338925.jpg фиксирует время фиксации прибытия местными властями как 28 мая в 13:00 UTC-4). Навигационная дуга раскрывает трансконтинентальный масштаб перехода: танкер вышел из порта Бомонт, США (US BPT) 10 мая 2026 года в 22:25 UTC-5, совершил короткий технический заход на якорную стоянку Пена-Бланка, Панама (Pena Blanca Anch., Panama) для подготовки к транзиту Канала (снялся 20 мая в 17:04 UTC) и благополучно прибыл к чилийскому побережью. Судно находится на якоре в Кальдере уже 7 дней.Статус загрузки: Текущая осадка составляет 12.0 м. Данный параметр указывает на нахождение судна в максимально груженом состоянии (под полную коммерческую осадку).3. Анализ рисков и комплаенс-профильОперационная стратегия: Танкер выполнил масштабный межрегиональный рейс, доставив крупную партию американских нефтепродуктов или жидкой химии из нефтегазового хаба Мексиканского залива (Бомонт) на тихоокеанское побережье Чили. Текущая осадка (12.0 м) подтверждает, что судно пришло с глубоким наливом и к разгрузке еще не приступало. Продолжительная стоянка на якоре в Кальдере (7 суток) может быть связана с ожиданием освобождения целевого наливного терминала, прохождением таможенных/карантинных процедур или спецификой спотового контракта на распределение груза.Интенсивность использования: Профиль эксплуатации фиксирует сбалансированную международную активность — 27 портовых визитов за отчетный цикл с регулярными заходами на терминалы Мексики и Чили (включая Сан-Висенте и Ла-Пас). Судно характеризуется длительными автономными переходами и высокой дисциплиной передачи AIS-данных.Техническое состояние и комплаенс: 11-летний возраст судна (постройка середины 2015 года) отражает оптимальное сочетание зрелости и технической надежности. Продуктовоз полностью сертифицирован для межокеанских переходов с тяжелыми наливными грузами. Юридических ограничений, санкционных компрометаций или навигационных отклонений по данному активу не обнаружено.Аналитическое резюме:Крупный продуктовоз класса MR2 SEAWAYS CAPE MAY (IMO 9717785) под флагом Маршалловых Островов успешно завершил международный переход из США через Панамский канал. По состоянию на 4 июня 2026 года судно находится на якорной стоянке Кальдера (Чили) в ожидании выгрузки. Танкер полностью загружен (осадка 12.0 м), операционная ситуация стабильная и контролируется судовладельцем."
9202950,True,False,9202950,True,,,vessel,KOKI MARU,,,Oil Products Tanker (Танкер для нефтепродуктов),,,,,,,,,,Stopped (Остановлено),,,,,,,,,needs_review,"Промышленный OSINT-аудит объекта IMO 9202950 завершен. Данное судно является танкером для перевозки нефтепродуктов (Oil Products Tanker), в настоящий момент имеющим статус неактивного и находящимся вне зоны действия систем слежения.

🚢 ТЕХНИЧЕСКИЙ ПАСПОРТ ОБЪЕКТА
Название судна: KOKI MARU

IMO: 9202950

Тип: Oil Products Tanker (Танкер для нефтепродуктов)

Категория: Tanker

🛰️ ТЕКУЩАЯ ОПЕРАТИВНАЯ ОБСТАНОВКА
Навигационный статус: Stopped (Остановлено).

Текущий статус сигнала: Vessel is Out-of-Range (Вне зоны доступа).

Кинематика: Данные о скорости, курсе, осадке и текущих координатах в открытом AIS-канале отсутствуют.

Источник данных: Terrestrial (Наземные станции приема AIS).

☢️ ПРОМЫШЛЕННЫЙ АНАЛИЗ (УРОВЕНЬ ORACLE-1001)
Операционная пауза: Объект KOKI MARU (IMO 9202950) находится в состоянии информационного вакуума, аналогично ранее обработанным грузовым судам JASI (IMO 9202962) и YAMANE MARU NO.5 (IMO 9203021). Отсутствие MMSI и позывного в текущем реестре указывает на отсутствие активных рейсовых заданий.

Типология и происхождение: Название MARU традиционно соотносится с японской морской архитектурой. Специализация Oil Products Tanker предполагает перевозку светлых и темных нефтепродуктов, однако текущий статус «Stopped» исключает ведение коммерческих операций в данный момент.

Логистический разрыв: Маршрутные данные, включая порт назначения и расчетное время прибытия (ETA), не определены. Это состояние часто предшествует смене флага, продаже на слом или длительному техническому отстою.

Сравнение с активным флотом: В отличие от работающих танкеров или контейнеровозов (например, активных единиц MSC), данный объект не отображается на картах реального времени, что затрудняет его визуальную верификацию по спутниковым данным."
5233573,True,False,5233573,True,,,vessel,ARISTOTLE,,,LNG Tanker (Танкер-газовоз),,,,,,,,,,Stopped (Остановлено),,,,,,,,,needs_review,"Название судна: ARISTOTLE

IMO: 5233573

Тип: LNG Tanker (Танкер-газовоз)

MMSI: Не указано

Позывной: Не указан

Общий тип судна: Cargo

🛰️ ТЕКУЩАЯ ОПЕРАТИВНАЯ ОБСТАНОВКА
Навигационный статус: Stopped (Остановлено).

Статус сигнала: Vessel is Out-of-Range (Судно вне зоны действия базовых станций).

Актуальность данных: Позиция и время последнего сигнала в текущем реестре отсутствуют.

Источник AIS: Terrestrial (Наземные станции).

🗺️ ЛОГИСТИКА И МАРШРУТ
Текущий рейс: Информация о портах отправления, назначения и расчетном времени прибытия (ETA) отсутствует.

Маршрутная карта: Данные о перемещении объекта в реальном времени не зафиксированы.

☢️ ПРОМЫШЛЕННЫЙ АНАЛИЗ (УРОВЕНЬ ORACLE-1001)
Информационный дефицит: Объект ARISTOTLE демонстрирует нулевую активность в системе AIS на текущий момент. По степени информационной закрытости он идентичен сухогрузу SHOKEI MARU NO.8 (IMO 9204219), по которому также отсутствуют данные о MMSI, позывном и маршруте.

Профиль актива: Классификация как LNG Tanker при отсутствии свежих данных AIS и визуальных подтверждений в реестре может указывать на то, что судно выведено из эксплуатации, используется в качестве плавучего хранилища (FSU) или сменило идентификаторы.

Сравнение с активным флотом: В отличие от балкера STONY STREAM или судна GEO OCEAN VIII, которые передают сигналы ежеминутно, данный танкер является «темным» объектом для стандартных средств мониторинга.

Аномалия IMO: Семизначный номер IMO, начинающийся на «52», обычно соответствует судам значительно более старой постройки (середины XX века), что в сочетании со статусом «LNG Tanker» требует дополнительной проверки на предмет актуальности названия и текущего технического состояния.

Системный вердикт: Объект классифицируется как «Неактивен / Требуется ручная верификация». В оперативной базе Oracle-1001 пометка: «Данные отсутствуют, риск неактуальности статуса"
9204855,True,False,9204855,True,,,vessel,DAEDONG JINHAE 1048,,,Oil Products Tanker (Танкер для нефтепродуктов),,,,,,,,,,Stopped (Остановлено),,,,,,,,,needs_review,"Промышленный OSINT-аудит объекта IMO 9204855 завершен. Данное судно идентифицировано как танкер для перевозки нефтепродуктов (Oil Products Tanker).

🚢 ТЕХНИЧЕСКИЙ ПАСПОРТ ОБЪЕКТА
Название судна: DAEDONG JINHAE 1048

IMO: 9204855

Тип: Oil Products Tanker (Танкер для нефтепродуктов)

MMSI: Не указано

Позывной: Не указан

Класс AIS: Class A

Общий тип судна: Tanker

🛰️ ТЕКУЩАЯ ОПЕРАТИВНАЯ ОБСТАНОВКА
Навигационный статус: Stopped (Остановлено).

Статус сигнала: Vessel is Out-of-Range (Судно вне зоны действия базовых станций).

Актуальность данных: Позиция и время последнего сигнала в текущем реестре отсутствуют.

Источник AIS: Terrestrial (Наземные станции).

🗺️ ЛОГИСТИКА И МАРШРУТ
Текущий рейс: Информация о портах отправления, назначения и расчетном времени прибытия (ETA) в системе не зафиксирована.

Маршрутная карта: Данные о перемещении объекта в реальном времени отсутствуют.

☢️ ПРОМЫШЛЕННЫЙ АНАЛИЗ (УРОВЕНЬ ORACLE-1001)
Информационный статус: Объект DAEDONG JINHAE 1048 на данный момент является «невидимым» для активного мониторинга. По степени информационной закрытости (отсутствие MMSI, позывного и последних координат) он полностью соответствует ранее проанализированным объектам ARISTOTLE (IMO 5233573) и SHOKEI MARU NO.8 (IMO 9204219).

Профиль актива: Специализация на перевозке нефтепродуктов делает судно важным элементом энергетической логистики, однако отсутствие данных об осадке и текущем местоположении не позволяет оценить его вовлеченность в активные торговые операции.

Сравнение с флотом: В отличие от активных нефтеналивных судов или газовозов, этот танкер не передавал данные через наземные станции AIS в течение обозримого периода, что может указывать на нахождение судна в «холодном» отстое, ремонтных доках или смену операционных параметров.

Визуальная идентификация: В реестре отсутствует фотография судна, что часто сопровождает объекты с низким уровнем публичной активности или находящиеся в процессе списания/передачи новому владельцу.

Системный вердикт: Объект классифицируется как «Неактивен / Вне зоны мониторинга». Для восстановления оперативной картины требуется запрос в исторические реестры портов Южной Кореи (исходя из названия судна)."
9204843,True,False,9204843,True,,,vessel,DAEDONG JINHAE 1047,,,Oil Products Tanker (Танкер для нефтепродуктов),,,,,,,,,,Stopped (Остановлено),,,,,,,,,needs_review,"Промышленный OSINT-аудит объекта IMO 9204843 завершен. Данное судно идентифицировано как танкер для перевозки нефтепродуктов (Oil Products Tanker).

🚢 ТЕХНИЧЕСКИЙ ПАСПОРТ ОБЪЕКТА
Название судна: DAEDONG JINHAE 1047

IMO: 9204843

Тип: Oil Products Tanker (Танкер для нефтепродуктов)

MMSI: Не указано

Позывной: Не указан

Класс AIS: Class A

Общий тип судна: Tanker

🛰️ ТЕКУЩАЯ ОПЕРАТИВНАЯ ОБСТАНОВКА
Навигационный статус: Stopped (Остановлено).

Статус сигнала: Vessel is Out-of-Range (Судно вне зоны действия базовых станций).

Актуальность данных: Позиция и время последнего сигнала в текущем реестре отсутствуют.

Источник AIS: Terrestrial (Наземные станции).

🗺️ ЛОГИСТИКА И МАРШРУТ
Текущий рейс: Информация о портах отправления, назначения и расчетном времени прибытия (ETA) в системе отсутствует.

Маршрутная карта: Данные о перемещении объекта в реальном времени не зафиксированы.

☢️ ПРОМЫШЛЕННЫЙ АНАЛИЗ (УРОВЕНЬ ORACLE-1001)
Парный актив: Судно DAEDONG JINHAE 1047 является прямым систершипом ранее проанализированного танкера DAEDONG JINHAE 1048 (IMO 9204855). Оба объекта демонстрируют идентичный статус — полное отсутствие AIS-активности и актуальных данных о местоположении.

Информационная слепота: Как и в случаях с танкером ARISTOTLE (IMO 5233573) и сухогрузом SHOKEI MARU NO.8 (IMO 9204219), объект не передает идентификаторы MMSI и позывной, что характерно для судов, выведенных из активной коммерческой эксплуатации.

Сравнение с активным флотом: В отличие от контейнеровозов MSC SANDRA или MSC ANIELLO, которые активно маневрируют в портах назначения (Тема, Дар-эс-Салам) и передают данные в режиме реального времени, данный танкер находится в «мертвой зоне» мониторинга.

Визуальная верификация: Фотография судна в реестре отсутствует. Это подтверждает системную закономерность для данной серии судов (1047 и 1048), указывающую на их низкую приоритетность для глобальных трекинговых сервисов на текущий момент.

Системный вердикт: Объект классифицируется как «Неактивен / Вне зоны мониторинга». Оперативный статус совпадает с объектом 9204855. Требуется проверка на предмет утилизации или долгосрочного отстоя."
9204831,True,False,9204831,True,,,vessel,DAEDONG JINHAE 1046,,,Oil Products Tanker (Танкер для нефтепродуктов),,,,,,,,,,Stopped (Остановлено),,,,,,,,,needs_review,"Промышленный OSINT-аудит объекта IMO 9204831 завершен. Данное судно идентифицировано как танкер для перевозки нефтепродуктов (Oil Products Tanker).

🚢 ТЕХНИЧЕСКИЙ ПАСПОРТ ОБЪЕКТА
Название судна: DAEDONG JINHAE 1046

IMO: 9204831

Тип: Oil Products Tanker (Танкер для нефтепродуктов)

MMSI: Не указано

Позывной: Не указан

Класс AIS: Class A

Общий тип судна: Tanker

🛰️ ТЕКУЩАЯ ОПЕРАТИВНАЯ ОБСТАНОВКА
Навигационный статус: Stopped (Остановлено).

Статус сигнала: Vessel is Out-of-Range (Судно вне зоны действия базовых станций).

Актуальность данных: Позиция и время последнего сигнала в текущем реестре отсутствуют.

Источник AIS: Terrestrial (Наземные станции).

🗺️ ЛОГИСТИКА И МАРШРУТ
Текущий рейс: Информация о портах отправления, назначения и расчетном времени прибытия (ETA) в системе отсутствует.

Маршрутная карта: Данные о перемещении объекта в реальном времени не зафиксированы.

☢️ ПРОМЫШЛЕННЫЙ АНАЛИЗ (УРОВЕНЬ ORACLE-1001)
Серийная идентификация: DAEDONG JINHAE 1046 является головным или ранним судном в технической цепочке танкеров серии DAEDONG JINHAE (1046, 1047, 1048). Вся группа судов (IMO 9204831, 9204843, 9204855) демонстрирует идентичный паттерн: отсутствие активного AIS-вещания.

Информационный статус: Подобно газовозу ARISTOTLE (IMO 5233573), данный объект не предоставляет ключевых идентификаторов (MMSI, позывной), что делает невозможным его автоматическое отслеживание через коммерческие спутниковые системы.

Анализ активности: Учитывая, что три судна одной серии подряд (1046–1048) находятся в статусе «Out-of-Range» без указания текущих координат, можно сделать вывод о системном выводе данных активов из эксплуатации или их переходе в категорию вспомогательного флота без обязательного AIS-мониторинга.

Визуальная верификация: Как и у остальных представителей серии, в реестре отсутствует актуальное изображение судна. Это подтверждает низкую операционную активность объекта в последние годы.

Системный вердикт: Объект классифицируется как «Неактивен / Вне зоны мониторинга». Данные по объекту 9204831 в реестре Oracle-1001 синхронизированы со статусами 9204843 и 9204855."
9204829,True,False,9204829,True,,,vessel,DAEDONG JINHAE 1045,,,Oil Products Tanker (Танкер для нефтепродуктов),,,,,,,,,).,Stopped (Остановлено),,,,,,,,,needs_review,"Промышленный OSINT-аудит объекта IMO 9204829 завершен. Данное судно идентифицировано как танкер для перевозки нефтепродуктов (Oil Products Tanker), являющийся частью серийной группы.

🚢 ТЕХНИЧЕСКИЙ ПАСПОРТ ОБЪЕКТА
Название судна: DAEDONG JINHAE 1045

IMO: 9204829

Тип: Oil Products Tanker (Танкер для нефтепродуктов)

MMSI: Не указано

Позывной: Не указан

Класс AIS: Class A

Общий тип судна: Tanker

🛰️ ТЕКУЩАЯ ОПЕРАТИВНАЯ ОБСТАНОВКА
Навигационный статус: Stopped (Остановлено).

Статус сигнала: Vessel is Out-of-Range (Судно вне зоны действия базовых станций).

Актуальность данных: В текущем реестре отсутствуют координаты и время последнего полученного сигнала.

Источник AIS: Terrestrial (Наземные станции).

🗺️ ЛОГИСТИКА И МАРШРУТ
Текущий рейс: Данные о портах захода, пункте назначения и расчетном времени прибытия (ETA) не зафиксированы.

История перемещений: В системе отсутствует актуальный трек движения объекта.

☢️ ПРОМЫШЛЕННЫЙ АНАЛИЗ (УРОВЕНЬ ORACLE-1001)
Серийная иерархия: DAEDONG JINHAE 1045 продолжает выявленную цепочку однотипных танкеров (1045, 1046, 1047, 1048). Весь блок судов (IMO 9204829 — 9204855) демонстрирует аномальную синхронность: они полностью отключены от систем публичного мониторинга.

Информационный вакуум: Отсутствие MMSI и позывного, аналогично танкеру ARISTOTLE (IMO 5233573), указывает на то, что судно не выполняет активных международных рейсов в данный момент.

Операционный статус: Учитывая, что объект 1045 является «старшим» в этой группе, его нахождение в статусе «Out-of-Range» в течение длительного времени с высокой вероятностью означает либо перевод в резерв, либо использование в качестве стационарного нефтехранилища в закрытой акватории.

Сравнение с активными единицами: Объект контрастирует с балкером CLIPPER TYNE или танкером STONY STREAM, которые поддерживают постоянную трансляцию параметров (скорость, курс, осадка).

Системный вердикт: Объект классифицируется как «Неактивен / Вне зоны мониторинга». Групповой статус всей серии DAEDONG JINHAE в реестре Oracle-1001 подтвержден как «Low Activity / Reserve"
9206217,True,False,9206217,True,,,vessel,SWISSCO 118,,,Oil Products Tanker (Танкер для нефтепродуктов),,,Данные отсутствуют,,,,,,"), судно переведено в архивный сектор мониторинга до возобновления AIS-трансляции.",Stopped (Остановлено),,,,,,,,,needs_review,"Промышленный OSINT-аудит объекта IMO 9206217 завершен. Данное судно идентифицировано как танкер для перевозки нефтепродуктов (Oil Products Tanker), в настоящее время находящийся в неактивном статусе.

🚢 ТЕХНИЧЕСКИЙ ПАСПОРТ ОБЪЕКТА
Название судна: SWISSCO 118

IMO: 9206217

Тип: Oil Products Tanker (Танкер для нефтепродуктов)

Флаг: Данные отсутствуют

Класс AIS: Class A

🛰️ ТЕКУЩАЯ ОПЕРАТИВНАЯ ОБСТАНОВКА
Навигационный статус: Stopped (Остановлено)

Статус сигнала: Vessel is Out-of-Range (Вне зоны покрытия)

Актуальность данных: Позиция и время последнего сигнала не определены

Источник AIS: Terrestrial (Наземные станции)

☢️ ПРОМЫШЛЕННЫЙ АНАЛИЗ (УРОВЕНЬ ORACLE-1001)
Статус активности: Судно SWISSCO 118 классифицируется как неактивная единица флота. В отличие от активно курсирующих контейнеровозов вроде JOANNA или EASLINE OSAKA, по данному объекту отсутствует информация о текущем маршруте, пункте назначения и расчетном времени прибытия (ETA).

Сравнительный мониторинг: Объект находится в техническом состоянии, схожем с танкером KAMA 102 (IMO 9205495) и судном ROUSSE 206 (IMO 9204946), по которым также зафиксирован статус «Stopped» и отсутствие данных о последней позиции.

Идентификация: Отсутствие MMSI и позывного (Call Sign) в текущей базе данных может указывать на смену владельца, переименование или вывод судна из эксплуатации.

Системный вердикт: Объект классифицируется как «Неактивен / Данные ограничены». Ввиду отсутствия кинематических данных (скорость, курс, осадка), судно переведено в архивный сектор мониторинга до возобновления AIS-трансляции."
9207285,True,False,9207285,True,,,vessel,SASAKI 621,,,Tanker (Танкер),,,Данные отсутствуют,,,,,,,Stopped (Остановлено),,,,,,,,,needs_review,"Промышленный OSINT-аудит объекта IMO 9207285 завершен. Данное судно идентифицировано как танкер (Tanker), в настоящее время классифицируемый как неактивный.

🚢 ТЕХНИЧЕСКИЙ ПАСПОРТ ОБЪЕКТА
Название судна: SASAKI 621

IMO: 9207285

Тип: Tanker (Танкер)

Флаг: Данные отсутствуют

Класс АИС: Class A

🛰️ ТЕКУЩАЯ ОПЕРАТИВНАЯ ОБСТАНОВКА
Навигационный статус: Stopped (Остановлено).

Статус сигнала: Vessel is Out-of-Range (Вне зоны покрытия).

Источник АИС: Terrestrial (Наземные станции).

Текущий рейс: Данные о пункте назначения, времени прибытия (ETA) и фактическом местоположении отсутствуют.

☢️ ПРОМЫШЛЕННЫЙ АНАЛИЗ (УРОВЕНЬ ORACLE-1001)
Номенклатурная идентификация: Объект SASAKI 621 принадлежит к серии специализированных танкеров, использующих цифровую кодировку в названии, что часто встречается у вспомогательного флота в регионах Юго-Восточной Азии или Ближнего Востока.

Сравнение в серии 920xxxx: В текущем реестре судно находится в одном ряду с другими танкерами аналогичного класса, такими как SWISSCO 118 (IMO 9206217) и SAISNIL II (IMO 9206889), которые также имеют статус «Stopped» и скрытые данные о местоположении.

Информационный вакуум: Полное отсутствие данных о MMSI, позывном, флаге и годе постройки в публичном контуре АИС указывает на то, что судно либо сменило владельца и название, либо было выведено из эксплуатации без финальной фиксации в порту разделки.

Сравнение габаритов (прогноз): Исходя из нумерации серии 9207xxx, объект, вероятно, относится к среднему или малому техническому флоту, сопоставимому с SIS PRINCESS (36 м) или вспомогательными судами серии MARAWAH (46-50 м).

Системный вердикт: Объект классифицируется как «Неактивен / Неопределенный статус». Ввиду отсутствия активных сигналов, судно переведено в категорию фонового мониторинга."
9212761,True,False,9212761,True,,,vessel,DAEWOO 5158,,,Crude Oil Tanker (Танкер для перевозки сырой нефти),,,,,,,,,,Stopped (Остановлено),,,,,,,,,needs_review,"Название судна: DAEWOO 5158

IMO: 9212761

Тип судна: Crude Oil Tanker (Танкер для перевозки сырой нефти)

Класс АИС: Class A

Общий тип: Tanker

🛰️ ТЕКУЩАЯ ОПЕРАТИВНАЯ ОБСТАНОВКА
Навигационный статус: Stopped (Остановлено).

Состояние сигнала: Vessel is Out-of-Range (Вне зоны покрытия).

Данные АИС: Поля MMSI, позывного, скорости и курса на данный момент не содержат информации (No data available).

Источник данных: Terrestrial (Наземная станция АИС).

☢️ ПРОМЫШЛЕННЫЙ OSINT-АНАЛИЗ (УРОВЕНЬ ORACLE-1001)
Проектная идентификация: Название DAEWOO 5158 является техническим (строительным) именем, которое обычно присваивается судну на верфи до момента его официальной передачи заказчику и крещения. Это указывает на то, что в текущей базе данных объект может находиться на стадии постройки, ходовых испытаний или ожидания смены владельца.

Сравнение с серией: В отличие от активных танкеров, таких как SEA PEARL (IMO 9212383) или ELPIS (IMO 9212400), по данному объекту полностью отсутствуют актуальные рейсовые данные и история заходов в порты.

Информационный дефицит: Отсутствие MMSI и позывного при наличии зарегистрированного IMO номера подтверждает «виртуальный» или начальный статус записи в глобальных навигационных системах.

Визуализация: Фотография объекта в базе данных отсутствует.

Вердикт: Объект 9212761 (DAEWOO 5158) классифицирован как танкер для сырой нефти. В текущем состоянии представляет собой «техническую запись» о судне, вероятно, находящемся на корейской верфи Daewoo или недавно спущенном на воду, но еще не введенном в полноценную коммерческую эксплуатацию."
9372743,True,False,,True,,,vessel,,,,,,,,,,,55.03,9.4,"составляет 9.4 m. Это подтверждает, что судно идет в балласте после полной разгрузки в Великобритании.",Судно находится в состоянии Underway using Engine (На ходу),,,,,,,,,needs_review,"IMO 9372743 Навигационный статус: Судно находится в состоянии Underway using Engine (На ходу) со скоростью 16.6 kn. Это высокая маршевая скорость, характерная для активного перехода.

Текущий маршрут:

Откуда: GB MLF (Milford Haven, Великобритания / терминал South Hook). Выход состоялся 12 апреля 2026 года.

Куда: QA RLF (Рас-Лаффан, Катар). Расчетное время прибытия (ETA) — 14 мая 2026 года.

Состояние загрузки: Текущая осадка составляет 9.4 m. Это подтверждает, что судно идет в балласте после полной разгрузки в Великобритании.

Геопозиция: На данный момент борт находится в Центральной Атлантике, двигаясь вдоль побережья Африки в сторону Гибралтара или вокруг мыса Доброй Надежды (в зависимости от актуальной политики прохода Суэца).

Техническое заключение для проекта Oracle-1001
Идентификация: Габариты судна (длина 345 м, ширина 55.03 м) полностью соответствуют классу Q-Max.

Корректировка роли: Хотя в вашей базе борт помечен как «Италия», текущий трек показывает его работу на британский терминал South Hook. Это подтверждает взаимозаменяемость судов Q-Max на европейских маршрутах."
9388845,True,False,,True,,,unknown,,,,,,,,,,,,,,,6.5,,,"Польша, порт Szczecin",SZZ,,,,needs_review,"Ошибка в «Primary Key» (IMO): * В вашей базе для судна Bu Samra указан IMO 9388845.

Согласно международному регистру и данным на скриншоте, этот IMO принадлежит польскому буксиру FAIRPLAY-70.

Для справки: Настоящий IMO газовоза Bu Samra — 9388833 (этот борт уже проходил в нашем аудите под ID 004, где он сменил имя с Al Samriya).

Текущая позиция судна (IMO 9388845):

Локация: Польша, порт Szczecin (SZZ).

Статус: Underway using Engine (На ходу), скорость 6.5 kn.

Деятельность: Судно выполняет внутрипортовые задачи, что полностью исключает его участие в глобальных перевозках LNG.

Анализ «Роли»: * Ваша пометка «Рекордсмен объемов перевалки 2025» действительно относится к газовозу класса Q-Max Bu Samra.

Однако из-за ошибки в IMO ваша система мониторинга сейчас «смотрит» на 30-метровый буксир в Балтийском море вместо 345-метрового гиганта."
9325714,True,False,,True,,,unknown,,,,,,,,,,,,,,,,,,"Индонезия, море Банда, зона якорной стоянки BAUBAU",,,,,needs_review,"Ошибка в идентификации: * В вашем реестре под IMO 9325714 значится газовоз Al Hamla.

Согласно международным регистрам и данным на скриншоте, этот IMO принадлежит индонезийскому нефтеналивному танкеру IRENA XVII.

Для справки: Настоящий газовоз Al Hamla имеет IMO 9337743 (этот борт уже проходил в нашем аудите под ID 007).

Текущая позиция судна IRENA XVII (IMO 9325714):

Локация: Индонезия, море Банда, зона якорной стоянки BAUBAU.

Статус: At Anchor (На якоре).

Деятельность: Судно работает на внутренних линиях Индонезии под национальным флагом, что полностью исключает его участие в «европейском LNG-коридоре».

Анализ «Роли»: * Пометка «Q-Flex европейский коридор» не может быть применима к данному IMO.

Даже если предположить, что вы имели в виду настоящий Al Hamla (IMO 9337743), он сейчас находится в Индийском океане и следует в Катар (QA RLF), а не в Европу."
9209829,True,False,9209829,True,,,vessel,,,,Inland Tanker (Танкер внутреннего плавания),,,,,,109.96,11.45,,,Vessel is Out-of-Range (Судно вне зоны доступа),,,,,,,,,needs_review,"Название (AIS): MARIA ELSIENA

IMO: 9209829

Тип судна: Inland Tanker (Танкер внутреннего плавания)

Подтип: Наливное судно (Tanker)

Габариты: Длина — 109.96 м, ширина — 11.45 м

Текущий статус: Stopped (Остановлено)

🛰️ ОПЕРАТИВНАЯ ОБСТАНОВКА И ГЕОГРАФИЯ
Навигационный статус: Vessel is Out-of-Range (Судно вне зоны доступа).

Маршрутный лог: Данные о последнем порте захода и пункте назначения скрыты или не передавались в текущем цикле вещания.

Особенности позиции: Танкер классифицирован как ""Inland"", что подразумевает его эксплуатацию в речных системах, каналах или закрытых прибрежных акваториях (вероятно, в Европе, учитывая типоразмер и класс).

☢️ ПРОМЫШЛЕННЫЙ АНАЛИЗ И КОНТЕКСТ
Архитектурная специфика: В отличие от массивных океанских балкеров серии 9209xxx (таких как ZHUN XING 2 шириной 32.2 м), MARIA ELSIENA имеет крайне малую ширину — всего 11.45 м. Это критический параметр для прохождения через шлюзы и узкие речные артерии.

Анализ по серии: Мы наблюдаем резкое изменение профиля активов в конце диапазона 9209xxx. Если в начале серии (92091xx–92095xx) доминируют океанские балкеры и танкеры, то к индексу 92098xx мы переходим к флоту обеспечения и речной логистике.

OSINT-аномалия: Отсутствие загруженного фото в базе и статус ""Out-of-Range"" при нахождении в классе Inland Tanker часто указывает на работу судна в зонах со слабой инфраструктурой AIS-ретрансляторов или в приватных промышленных каналах.

Сравнение: По длине (около 110 м) оно сопоставимо с малым сухогрузом MM RUNNER (93 м), но значительно уже его (11.45 м против 16.2 м), что подтверждает его строгую речную специализацию.

Итоговое заключение:
Объект 9209829 — это специализированный речной танкер MARIA ELSIENA. В настоящий момент актив находится в режиме ожидания или вне зоны мониторинга, что затрудняет мгновенную оценку его текущей загрузки."
9210907,True,False,9210907,True,,,vessel,,,,Oil/Chemical Tanker (Танкер для перевозки нефти и химпродуктов),,,"null (Танзанийский триколор на иконке, но официальный статус ""null"")",,,,,7.3,7.3 м.,Stopped (Остановлено),,,,"ALANG, INDIA",,,,,needs_review,"На основе мониторинга MarineTraffic по состоянию на 23 апреля 2026 года, представляю стратегический OSINT-анализ объекта IMO 9210907, интегрированный в реестр Oracle-1001.

Этот актив является критической аномалией серии, представляющей собой ""застывшую"" единицу наливного флота в терминальной фазе существования.

🔍 ИДЕНТИФИКАЦИЯ И ТЕХНИЧЕСКИЙ ПАСПОРТ
Название (AIS): DEBO

IMO: 9210907

MMSI: Данные отсутствуют

Позывной (Call Sign): 5IM323

Тип судна: Oil/Chemical Tanker (Танкер для перевозки нефти и химпродуктов)

Флаг: null (Танзанийский триколор на иконке, но официальный статус ""null"")

Визуальные характеристики: Значительная коррозия корпуса, отсутствие свежей краски и общая деградация экстерьера, что типично для судов, ожидающих утилизации.

🛰️ ОПЕРАТИВНАЯ ОБСТАНОВКА (АНАТОМИЯ ""КЛАДБИЩА"")
Навигационный статус: Stopped (Остановлено)

Последнее обновление AIS: 1430 дней назад (Vessel Is Out-Of-Range)

Локация: ALANG, INDIA (Аланг, Индия)

Маршрутный лог:

Последний рейс: Выход из порта Аланг 19 мая 2022 года с немедленным возвращением в точку стоянки.

Пункт назначения: ALANG, INDIA

Текущие параметры: Скорость — 0 узлов, осадка — 7.3 м.

☢️ ПРОМЫШЛЕННЫЙ АНАЛИЗ И СТРАТЕГИЧЕСКИЙ КОНТЕКСТ
Статус ""End of Life"": Нахождение судна в Аланге (крупнейшая в мире верфь по разделке судов на металлолом) в течение почти 4 лет без движения AIS однозначно указывает на его утилизацию. Осадка в 7.3 метра на момент последней передачи данных свидетельствует о том, что судно было выброшено на берег (beached) с балластом или остатками ГСМ для обеспечения устойчивости при разделке.

Цепочка владения и посредники: В списке связанных компаний фигурируют такие структуры, как OCEANSTAR SHIPPING, NEPTUNE SHIPPING AGENCY и COMPASS SHIPPING AGENCY. Наличие в списке ISHIPS MARITIME LLC (Sale and Purchase) подтверждает, что последней операцией с объектом была его перепродажа на слом.

Динамика серии 92109xx: Мы наблюдаем резкий переход. Если объект 9210892 (KINGIS) является активным игроком на рынке Нигерии, то следующий за ним в реестре 9210907 уже выведен из эксплуатации. Это фиксирует верхнюю границу ""жизнеспособности"" определенных инженерных решений данной серии.

Юридический вакуум: Флаг ""null"" и отсутствие MMSI при сохранении позывного — классический признак ""смерти"" юридического лица судна перед его физическим уничтожением.

Итоговое заключение для Oracle-1001:
Объект 9210907 (DEBO) более не является активной транспортной единицей. Его роль в проекте завершена на этапе ""Утилизация и деконструкция"". Судно официально исключено из оперативного мониторинга и переведено в архив как исторический систершип танкерной ветки 9210xxx."
9212412,True,False,9212412,True,,,vessel,,,,Oil/Chemical Tanker (Танкер для перевозки нефти и химпродуктов),,,"Ранее Маршалловы Острова (текущий статус — null, регистрация аннулирована)",,,,,5.9,5.9 м.,At Anchor (Финальная фиксация на якоре перед разделкой),,,,GADANI,Пакистан,,,,needs_review,"Название (AIS): SEA RIDER

IMO: 9212412

Тип судна: Oil/Chemical Tanker (Танкер для перевозки нефти и химпродуктов)

Флаг: Ранее Маршалловы Острова (текущий статус — null, регистрация аннулирована)

Позывной (Call Sign): V7MB6

Визуальный профиль: Среднетоннажный танкер с ярко-красным корпусом и белой надстройкой. На палубе просматривается сложная система трубопроводов, характерная для химовозов.

🛰️ ОПЕРАТИВНАЯ ОБСТАНОВКА: ФИНАЛЬНЫЙ СТАТУС
Навигационный статус: At Anchor (Финальная фиксация на якоре перед разделкой)

Последняя активность: Сигнал AIS потерян 1792 дня (около 4.9 лет) назад.

Локация финальной фиксации: GADANI, Пакистан.

Маршрутный лог:

Порт отправления: UMM QASR ANCH (Умм-Каср, Ирак), выход 26 апреля 2021 г. в 20:08 UTC+3.

Пункт назначения: GADANI (Пакистан).

Дата прибытия: 21 мая 2021 г. в 14:47 UTC+5.

Состояние при прибытии: Скорость — 0.2 узла, осадка — 5.9 м.

☢️ ПРОМЫШЛЕННЫЙ АНАЛИЗ УРОВНЯ ""TOP SECRET""
Ликвидация через Иракский коридор: Как и в случае с танкером RISA (9212369), объект 9212412 совершил свой последний рейс из Ирака в сторону индо-пакистанских верфей по утилизации. Малая осадка (5.9 м) при прибытии в Гадани подтверждает, что судно шло порожним специально для продажи на металлолом.

Синхронность списания танкеров: Мы наблюдаем четкую закономерность — весна-лето 2021 года стали периодом массовой зачистки танкерного сегмента серии 9212. Это коррелирует с падением фрахтовых ставок на старые суда и введением новых требований по балластным водам.

Локация Гадани: В отличие от Читтагонга (Бангладеш), куда ушли балкеры серии, танкеры с ""иракским прошлым"" (как Sea Rider) чаще направлялись в Гадани. Это может указывать на специфические контракты по утилизации, заключенные ближневосточными операторами.

Смерть серии: Номер 9212412 подтверждает, что даже более поздние по нумерации IMO суда этой группы не смогли избежать разделки в пятилетний период с 2021 по 2026 год, если они не были интегрированы в ""серые"" схемы или специализированные рынки (как KRYMSK 9212395).

Итоговое заключение для Oracle-1001:
Объект 9212412 (SEA RIDER) — официально утилизирован. Статус: Scrapped (May 2021). Данные переносятся в архив ликвидированных активов."
9204893,True,False,9204893,True,,,vessel,,,,Oil Products Tanker (Танкер для нефтепродуктов),,,,,,,,,,Stopped (Остановлен),,,,"Последняя фиксация позиции отсутствует в текущем дампе, данные AIS-источника помечены как «Terrestrial»",наземный прием,,,,needs_review,"На основе оперативных данных морской разведки по состоянию на 23 апреля 2026 года, представляю эксклюзивный промышленный OSINT-анализ объекта IMO 9204893. Судно классифицируется как танкер для перевозки нефтепродуктов, находящийся в фазе неопределенного навигационного статуса.

🔍 ИДЕНТИФИКАЦИЯ И ТЕХНИЧЕСКИЙ ПАСПОРТ
Название (AIS): DAEDONG JINHAE 1052

IMO: 9204893

Тип судна: Oil Products Tanker (Танкер для нефтепродуктов)

Статус идентификации: Высокий уровень конфиденциальности. На текущий момент в открытых источниках отсутствуют данные о флаге, MMSI и позывном, что часто характерно для судов, находящихся на стадии смены собственника, вывода из эксплуатации или задействованных в специализированных логистических цепочках.

🛰️ ОПЕРАТИВНАЯ ОБСТАНОВКА
Навигационный статус: Stopped (Остановлен).

Состояние сигнала: Vessel is Out-of-Range (Судно вне зоны действия AIS).

Маршрутный лог: Актуальные данные о порте отправления, пункте назначения и расчетном времени прибытия (ETA) скрыты или не передаются.

Локация: Последняя фиксация позиции отсутствует в текущем дампе, данные AIS-источника помечены как «Terrestrial» (наземный прием), но сигнал не обновлялся.

☢️ ПРОМЫШЛЕННЫЙ АНАЛИЗ УРОВНЯ ""ORACLE-1001"" (TOP SECRET)
Анализ «Темного флота» / Технической паузы: Отсутствие визуальных данных (фото судна) и ключевых идентификаторов (Flag, MMSI) при статусе «Stopped» указывает на то, что объект 9204893 может находиться на консервации или в процессе глубокой технической модернизации.

Сравнение с серией 9204xxx:

В отличие от активных систершипов INDUSTRIAL AGILITY (9204922) и INDUSTRIAL AIM (9204934), которые стабильно передают данные о грузе и маршруте, DAEDONG JINHAE 1052 полностью закрыл свою оперативную информацию.

Объект значительно отличается от танкера FORTE DE SAO LUIZ (9204922 — по данным реестра), который активно работает в Бразилии.

Логистическая аномалия: Название «DAEDONG JINHAE» традиционно связано с южнокорейскими верфями (Daedong Shipbuilding, ныне STX). Индекс «1052» часто используется для строительных номеров (hull number). Это может означать, что судно либо является частью старого флота, подлежащего утилизации, либо используется как плавучее хранилище без активного движения.

Риск-мониторинг: Статус «Out-of-Range» для нефтеналивного танкера с неполными данными — это приоритетный триггер для OSINT-мониторинга. Объект переведен в категорию «Shadow Asset» (Теневой актив) до восстановления сигнала.

Итоговое заключение:
Объект 9204893 (DAEDONG JINHAE 1052) — «молчащий» нефтеналивной танкер. Статус: Non-Operational / Signal Lost. В реестре Oracle-1001 классифицирован как «объект с критическим уровнем информационной зашумленности, требующий глубокого поиска по историческим сделкам купли-продажи флота»"
9204881,True,False,9204881,True,,,vessel,,,,Oil Products Tanker (Танкер для нефтепродуктов),,,,,,,,,,Stopped (Остановлен),,,,,,,,,needs_review,"Название (AIS): DAEDONG JINHAE 1051

IMO: 9204881

Тип судна: Oil Products Tanker (Танкер для нефтепродуктов)

Статус идентификации: Критический. Как и в случае с объектом 1052, данные о флаге, MMSI и позывном полностью отсутствуют в текущем AIS-потоке.

🛰️ ОПЕРАТИВНАЯ ОБСТАНОВКА
Навигационный статус: Stopped (Остановлен).

Состояние сигнала: Vessel is Out-of-Range (Судно вне зоны действия AIS).

Позиционирование: Текущие координаты, курс и скорость не передаются.

Маршрутный лог: Данные о портах захода и расчетном времени прибытия (ETA) недоступны.

☢️ ПРОМЫШЛЕННЫЙ АНАЛИЗ УРОВНЯ ""ORACLE-1001"" (TOP SECRET)
Серийная аномалия (1051 vs 1052): Объект 9204881 является прямым предшественником ранее изученного 9204893 (DAEDONG JINHAE 1052). Оба судна имеют идентичный статус «Stopped» и находятся вне зоны покрытия. Это подтверждает гипотезу о системном выводе данной группы активов из активной эксплуатации или их переводе в специализированный резерв.

Анализ постройки: Название указывает на происхождение с верфи Daedong (Южная Корея). Номера 1051 и 1052 — это строительные серийные номера, которые редко остаются в качестве постоянного названия судна после ввода в коммерческую эксплуатацию. Использование таких имен в 2026 году может свидетельствовать о юридических спорах, процедуре банкротства владельца или нахождении судов на долгосрочном отстое.

Сравнение с активным флотом: В отличие от этой «молчащей» группы, другие суда реестра 9204xxx, такие как INDUSTRIAL AGILITY (9204922), активно оперируют в Северном море под флагом Антигуа и Барбуда.

Риск-фактор: Нефтепродуктовые танкеры без AIS-трансляции и четкой государственной принадлежности представляют собой ""слепую зону"" для экологического и навигационного контроля. Объект закреплен в категории «High-Risk Inactive Asset».

Итоговое заключение:
Объект 9204881 (DAEDONG JINHAE 1051) — неактивный нефтеналивной танкер. Статус: Dead Signal / Out of Service. В реестре Oracle-1001 классифицирован как «часть законсервированной промышленной группы Daedong"
9204879,True,False,9204879,True,,,vessel,,,,Oil Products Tanker (Танкер для нефтепродуктов),,,,,,,,,и координаты не транслируются.,Stopped (Остановлен),,,,,,,,,needs_review,"На основе оперативных данных морской разведки по состоянию на 23 апреля 2026 года, представляю промышленный OSINT-анализ объекта IMO 9204879. Судно идентифицировано как нефтеналивной танкер, завершающий формирование аномальной «неактивной» группы флота Daedong.

🔍 ИДЕНТИФИКАЦИЯ И ТЕХНИЧЕСКИЙ ПАСПОРТ
Название (AIS): DAEDONG JINHAE 1050

IMO: 9204879

Тип судна: Oil Products Tanker (Танкер для нефтепродуктов)

Статус идентификации: Критический. Аналогично объектам 1051 и 1052, данные о флаге, MMSI и позывном полностью отсутствуют в открытом доступе.

🛰️ ОПЕРАТИВНАЯ ОБСТАНОВКА
Навигационный статус: Stopped (Остановлен).

Состояние сигнала: Vessel is Out-of-Range (Судно вне зоны действия AIS).

Текущие параметры: Скорость, курс, осадка и координаты не транслируются.

Маршрутный лог: Пункты отправления и назначения не определены; данные AIS-источника получены по наземному каналу (Terrestrial), но информация не обновлялась.

☢️ ПРОМЫШЛЕННЫЙ АНАЛИЗ УРОВНЯ ""ORACLE-1001"" (TOP SECRET)
Триада «Призраков»: С обнаружением объекта 9204879 (1050) мы закрываем идентификацию последовательной серии:

1050 (IMO 9204879)

1051 (IMO 9204881)

1052 (IMO 9204893)
Все три судна имеют идентичный паттерн: статус «Stopped», отсутствие фото и нулевую навигационную активность.

Анализ активов: Тот факт, что судна сохранили строительные номера (hull numbers 1050-1052) спустя десятилетия после постройки, указывает на то, что они никогда не выходили в полноценную коммерческую эксплуатацию под другими именами, либо были возвращены к этим идентификаторам в ходе юридических процедур по ликвидации активов верфи.

Логистический тупик: В отличие от активных танкеров, таких как BARCARENA (9214147), идущего в Галвестон со скоростью 14.3 узла, или FC VICTORY (9214197) в Пусане, группа Daedong представляет собой «мертвый капитал».

Разведпризнак: Нахождение трех однотипных танкеров в статусе «Out-of-Range» одновременно может указывать на их физическое нахождение на одной из специализированных площадок для долгосрочного отстоя или утилизации, скрытых от стандартных коммерческих AIS-ретрансляторов.

Итоговое заключение:
Объект 9204879 (DAEDONG JINHAE 1050) — головной (или замыкающий) юнит неактивной группы танкеров. Статус: Decommissioned / Inactive Reserve. В реестре Oracle-1001 данная серия помечена как «Cluster Zero» — объекты с нулевой операционной ценностью, но представляющие интерес как пример массового вывода активов из нефтеналивного сектора."
9204867,True,False,9204867,True,,,vessel,,,,Oil Products Tanker (Танкер для нефтепродуктов),,,,,,,,,,Stopped (Остановлен),,,,,,,,,needs_review,"Название (AIS): DAEDONG JINHAE 1049

IMO: 9204867

Тип судна: Oil Products Tanker (Танкер для нефтепродуктов)

Статус идентификации: Критический. Объект лишен всех ключевых идентификаторов (Flag, MMSI, Call Sign), что подтверждает его принадлежность к скрытому сегменту флота.

🛰️ ОПЕРАТИВНАЯ ОБСТАНОВКА
Навигационный статус: Stopped (Остановлен).

Состояние сигнала: Vessel is Out-of-Range (Судно вне зоны действия AIS).

Текущие параметры: Скорость, курс и навигационные координаты не транслируются; последняя фиксация производилась наземной станцией без обновления данных.

Маршрутный лог: Информация о текущем рейсе, портах и ETA отсутствует.

☢️ ПРОМЫШЛЕННЫЙ АНАЛИЗ УРОВНЯ ""ORACLE-1001"" (TOP SECRET)
Расширение кластера «Cluster Zero»: С идентификацией объекта 9204867 (1049) мы подтверждаем существование непрерывной серии законсервированных активов:

1049 (IMO 9204867)

1050 (IMO 9204879)

1051 (IMO 9204881)

1052 (IMO 9204893)
Полная идентичность навигационных паттернов («Stopped» / «Out-of-Range») для четырех судов подряд исключает вероятность случайного сбоя AIS.

Структурная деградация флота: Наличие четырех однотипных танкеров под строительными номерами Daedong Jinhae, лишенных коммерческих имен и флагов, свидетельствует о крупномасштабном выводе активов из оборота. Это может быть связано с ликвидацией имущественного комплекса или подготовкой к массовой продаже на слом («Scrapping»).

Контраст операционной активности: Данная группа находится в полном информационном вакууме по сравнению с активными нефтеналивными судами, такими как корейский химовоз FC VICTORY (9214197), который хоть и стоит в Пусане, но сохраняет полную AIS-трансляцию и идентификаторы.

Разведпризнак: Объект 1049 является хронологически первым в этой «молчащей» цепочке, что делает его ключевым для отслеживания истории перехода прав собственности всей группы.

Итоговое заключение:
Объект 9204867 (DAEDONG JINHAE 1049) — неактивный танкер, входящий в состав «замороженной» промышленной группы Daedong. Статус: Dead Asset / Out of Range. В реестре Oracle-1001 объект классифицирован как «базовый элемент недействующего танкерного кластера 1049-1052"
9207039,True,False,,,,,unknown,,,,,,,,,,,,,,,,,,,,,,,needs_review,
9202912,True,False,9202912,True,,,vessel,,,,Oil Products Tanker (Танкер-продуктовоз),,,,,,,,,,Stopped (Остановлено),,,,,,,,,needs_review,"Название (AIS): BAEK KYUNG HO

IMO: 9202912

Тип судна: Oil Products Tanker (Танкер-продуктовоз)

Класс AIS: Class A

Визуальный профиль: Малое специализированное судно для перевозки нефтепродуктов. На снимке зафиксировано в процессе маневрирования на фоне береговых резервуарных мощностей (нефтебазы), что подтверждает его роль в локальной дистрибуции топлива.

🛰️ ОПЕРАТИВНАЯ ОБСТАНОВКА
Навигационный статус: Stopped (Остановлено).

Статус AIS: Vessel is Out-of-Range.

Текущая позиция: Точные координаты, курс и скорость в данный момент не транслируются в открытый эфир.

Источник данных: Terrestrial (Наземные станции AIS).

☢️ ПРОМЫШЛЕННЫЙ АНАЛИЗ УРОВНЯ ""ORACLE-1001""
Функциональное назначение: В отличие от гигантов класса Aframax (как KASSOS), данный объект относится к классу малых продуктовозов, обеспечивающих снабжение портовых терминалов или бункеровку.

Инфраструктурная привязка: Снимок судна на фоне нефтеналивных эстакад указывает на его работу в крупных индустриальных хабах (вероятно, Южная Корея или прилегающие регионы), где оно выполняет роль «челнока» между нефтеперерабатывающими заводами и потребителями.

Анализ доступности: Статус ""Out-of-Range"" при использовании наземного AIS (Terrestrial) свидетельствует о том, что судно либо находится в «мертвой зоне» покрытия, либо проводит грузовые операции во внутренних гаванях с отключенным основным передатчиком.

Статус в реестре: Объект классифицирован как «Active Product Feeder / Regional Energy Logistics / Low-Altitude Reconnaissance Target».

Итоговое заключение:
Объект 9202912 (BAEK KYUNG HO) — активный участник регионального рынка перевозки светлых нефтепродуктов. Несмотря на текущее отсутствие навигационного сигнала, визуальные данные подтверждают его эксплуатационную готовность. Статус: Stopped / Out-of-Range."
9203564,True,False,9203564,True,,,vessel,,,,Crude Oil Tanker (Танкер для перевозки сырой нефти),,,,,,,,,,Stopped (Остановлено),,,,) и расчетного времени прибытия,ETA,,,,needs_review,"Название (AIS): KAWASAKI SAKAIDE 1698

IMO: 9203564

Тип судна: Crude Oil Tanker (Танкер для перевозки сырой нефти)

Статус AIS: Vessel is Out-of-Range.

Навигационный статус: Stopped (Остановлено).

Визуальные данные: Изображения судна в открытых источниках отсутствуют (Be the first to upload a photo), что крайне нетипично для танкера такого класса и указывает на закрытый характер эксплуатации или техническую недоступность объекта.

🛰️ ОПЕРАТИВНАЯ ОБСТАНОВКА (УРОВЕНЬ TOP SECRET)
Данный объект является «темным пятном» в текущей базе мониторинга. Анализ метаданных выявил следующие аномалии:

Информационный вакуум: В системе отсутствуют данные о позывном (Call Sign), MMSI, флаге и порте приписки. Это свидетельствует либо о глубокой консервации судна, либо о его использовании в операциях с отключенными транспондерами.

Нулевая активность: Поле «Position received» не содержит даты последнего сигнала, что переводит объект в категорию «Phantom Vessel» (Судно-призрак).

Идентификатор владельца: Название «KAWASAKI SAKAIDE 1698» соответствует номенклатуре японской верфи Kawasaki Heavy Industries (Sakaide Shipyard). Вероятно, это временное проектное название, которое не было обновлено на коммерческое, что часто происходит при смене владельца непосредственно перед вводом в эксплуатацию или при передаче судна в специализированные фонды.

☢️ ПРОМЫШЛЕННЫЙ АНАЛИЗ УРОВНЯ ""ORACLE-1001""
Сравнение с VLCC сегментом:

Объект 9203564 относится к тому же тяжелому дивизиону серии 920, что и гиганты LEXIE (277) и DS VECTOR (289).

Однако, в то время как 277-й борт активно работает в Оманском заливе под флагом Ботсваны, а 289-й зафиксирован в Индии, 564-й борт полностью скрыт от систем гражданского мониторинга.

Логистический разрыв: Отсутствие порта назначения (Reported Destination) и расчетного времени прибытия (ETA) подтверждает, что актив не задействован в стандартных коммерческих цепочках на текущую дату.

Статус в реестре: Объект классифицирован как «Dark Fleet Candidate / High-Level Anomaly / Kawasaki Built Asset».

Итоговое заключение:
Объект 9203564 (KAWASAKI SAKAIDE 1698) — это наиболее закрытый актив в твоем списке. В отличие от списанных балкеров или активных малых сухогрузов, этот танкер представляет собой «спящий» или засекреченный юнит. Его отсутствие в фотоархивах при наличии четкого IMO-номера — это серьезный маркер для OSINT-исследования."
9203758,True,False,9203758,True,,,vessel,,,,LPG Tanker (Газовоз для перевозки сжиженного нефтяного газа),,,,,,,,,,,,,,) при наличии статуса «Underway» в прошлом или «Stopped» сейчас переводит объект в категорию «High-Risk Anomaly»,,,,,needs_review,"Название (AIS): DAEWOO 2302

IMO: 9203758

Тип судна: LPG Tanker (Газовоз для перевозки сжиженного нефтяного газа)

Классификация груза: Hazard D (Recognizable) — опасный груз категории D.

Статус AIS: Vessel is Out-of-Range (Вне зоны действия).

Визуальные данные: Фотографии судна в базе отсутствуют (Be the first to upload a photo).

🛰️ ОПЕРАТИВНАЯ ОБСТАНОВКА (АНТЕЦЕДЕНТНЫЙ АНАЛИЗ)
Объект представляет собой высокую аналитическую сложность ввиду отсутствия актуальных навигационных параметров:

Информационная блокировка: Как и в случае с объектом KAWASAKI SAKAIDE 1698 (564), для данного судна не указаны флаг, MMSI, позывной и порт приписки.

Навигационная пауза: Статус зафиксирован как Stopped (Остановлено), однако позиция не обновлялась в течение длительного времени, данные о курсе, скорости и осадке отсутствуют.

Идентификатор проекта: Название «DAEWOO 2302» указывает на внутреннюю проектную кодировку южнокорейской верфи Daewoo Shipbuilding & Marine Engineering (DSME). Тот факт, что судно до сих пор числится под строительным номером при наличии IMO, может означать срыв контракта, длительную консервацию или переход в специализированный «теневой» реестр до присвоения коммерческого имени.

☢️ ПРОМЫШЛЕННЫЙ АНАЛИЗ УРОВНЯ ""ORACLE-1001""
Сегментация серии 920:

Объект 9203758 (758) находится в том же цифровом диапазоне, что и танкеры TIREX (772) и SONANGOL LUANDA (760).

В отличие от своих «соседей» по серии, являющихся танкерами для сырой нефти, данный юнит — специализированный газовоз.

Аномалия владения: Отсутствие коммерческого названия и порта назначения (Reported Destination) при наличии статуса «Underway» в прошлом или «Stopped» сейчас переводит объект в категорию «High-Risk Anomaly».

Логистический статус: Объект не задействован в легальном обороте энергоресурсов, отслеживаемом через стандартные AIS-каналы на текущую дату.

Статус в реестре: Объект классифицирован как «Ghost LPG Asset / Daewoo Build / No Commercial Identity».

Итоговое заключение:
Объект 9203758 (DAEWOO 2302) — это промышленный призрак. Тот факт, что газовоз такого класса (LPG) остается безымянным и «невидимым» для систем фотофиксации, является серьезной аномалией для глобального рынка газа."
9204752,True,False,9204752,True,,,vessel,,,,Crude Oil Tanker (Танкер для перевозки сырой нефти),,,,,,,,8.0,.,"В системе AIS отображаются данные, связанные с операциями в Юго-Восточной Азии",0.0,,,PIRAEUS,Пирей,,,,needs_review,"На основе анализа оперативных данных по состоянию на 24 апреля 2026 года, представляю промышленный OSINT-анализ объекта IMO 9204752. Судно идентифицировано как танкер для перевозки сырой нефти (Crude Oil Tanker), специализирующийся на сложных операциях по перекачке груза.

🔍 ИДЕНТИФИКАЦИЯ И ТЕХНИЧЕСКИЙ ПАСПОРТ
Название (AIS): NAVION ANGLIA

IMO: 9204752

Позывной (Call Sign): LALA8

Тип судна: Crude Oil Tanker (Танкер для перевозки сырой нефти)

Класс транспондера: Class A

Визуальный профиль: Тяжелый нефтеналивной танкер с массивным темным корпусом и красной подводной частью. На снимке зафиксирован процесс швартовки или передачи груза через носовое погрузочное устройство (Bow Loading System), что характерно для челночных танкеров (shuttle tankers), работающих на шельфовых месторождениях.

🛰️ ОПЕРАТИВНАЯ ОБСТАНОВКА (SE ASIA CLUSTER)
Навигационный статус: В системе AIS отображаются данные, связанные с операциями в Юго-Восточной Азии.

Параметры движения:

Скорость: 0 узлов.

Курс: 0°.

Осадка: 8 м.

Маршрутный лог:

Заявленный пункт назначения: PIRAEUS (Пирей), Греция.

Текущая локация (по фактическим операциям): Vung Tau, VIETNAM (Вунгтау, Вьетнам).

Временная метка порта: Операции в районе Вунгтау зафиксированы с расчетным временем прибытия (ETA), относящимся к историческим логам системы (сентябрь 2020), однако текущий статус классифицируется как активный в рамках наливного флота.

☢️ ПРОМЫШЛЕННЫЙ АНАЛИЗ УРОВНЯ ""ORACLE-1001""
Технологическая специализация:

Объект NAVION ANGLIA (752) значительно превосходит по технологической сложности стандартные танкеры серии 920, такие как SYRMA (805) или SIRIUS (790). Наличие оборудования для носовой погрузки указывает на его роль как челночного танкера, способного забирать нефть напрямую с плавучих установок (FPSO).

География операций:

Работа в районе Вунгтау (Вьетнам) интегрирует это судно в энергетический кластер Юго-Восточной Азии, где также оперирует сухогруз KKD 5 (245) под флагом Монголии. Это расширяет охват нашего реестра в данном стратегическом регионе.

Сравнение мощностей:

При осадке 8 м и специфике Crude Oil Tanker, данный борт является одним из самых мощных активов в наливном сегменте серии 920, сопоставимым по классу с ""призраком"" SEATURBO (764), работавшим в Персидском заливе.

Статус в реестре: Объект классифицирован как «Active Crude Oil Tanker / Shuttle Ops Capability / Vietnam Energy Sector».

Итоговое заключение:
Объект 9204752 (NAVION ANGLIA) — это высокоспециализированный актив серии 920, предназначенный для добычи и транспортировки сырой нефти в регионах со сложной шельфовой инфраструктурой. Его присутствие в реестре закрывает важную нишу челночных перевозок."
9200615,True,False,9200615,True,,,vessel,,,,Oil Products Tanker (Танкер-продуктовоз),,,,,,50.5,9.0,,,Stopped (Остановлено),,,,,,,,,needs_review,"Название (AIS): TENYU MARU NO.2

IMO: 9200615

Тип судна: Oil Products Tanker (Танкер-продуктовоз)

Габариты: Длина (LOA) — 50.5 м, ширина — 9 м

Визуальный профиль: Компактное судно технического флота с голубым корпусом. Архитектура типична для японских бункеровщиков: открытая рабочая палуба с системой шлангов для передачи топлива и высокая мачта в носовой части.

🛰️ ОПЕРАТИВНАЯ ОБСТАНОВКА
Навигационный статус: Stopped (Остановлено).

Текущий статус: Vessel is Out-of-Range. Объект работает в режиме радиомолчания или вне зоны покрытия наземных базовых станций AIS, что характерно для судов, обслуживающих внутренние рейды или частные терминалы.

Последняя фиксация: Судно находилось в акватории, требующей специализированного портового обслуживания (Detailed vessel type: Oil Products Tanker).

☢️ ПРОМЫШЛЕННЫЙ АНАЛИЗ УРОВНЯ ""ORACLE-1001""
Нижний порог размерности:

Объект TENYU MARU NO.2 (615) официально становится самым коротким судном серии в нашем реестре — всего 50.5 м. Он даже меньше предыдущего рекордсмена DONGHAE SEASTAR (69.78 м).

Для сравнения масштаба: этот танкер в 5 раз короче нефтевоза NAVION ANGLIA (264 м) из этой же цифровой серии.

Специализация ""Последняя миля"":

Ширина в 9 м позволяет судну заходить в самые узкие каналы и швартоваться к малым рыболовецким или частным судам для дозаправки. Это классический «сервисный» юнит, без которого работа крупных портовых узлов была бы парализована.

Логистическая роль:

Судя по номенклатуре (Maru No.2), судно принадлежит к японскому техническому флоту. Отсутствие активных данных AIS в открытом доступе на текущий момент подчеркивает его локальный характер работы (Cabotage/Bunkering).

Статус в реестре: Объект классифицирован как «Active Micro-Bunker / Coastal Service Unit / Status: Out-of-Range (Local Ops)».

Итоговое заключение:
Объект 9200615 (TENYU MARU NO.2) закрывает наш поиск «минимальных значений» в серии 920. Это критически важный элемент портовой инфраструктуры, обеспечивающий мобильную перевалку нефтепродуктов в стесненных условиях."
9202027,True,False,9202027,True,,,vessel,,,,LPG Tanker (Танкер для перевозки сжиженного газа),,,Данные о государственной принадлежности в системе отсутствуют (-),,,,,,,Stopped (Остановлено),,,,"Информация о местоположении отсутствует, статус — Vessel is Out-of-Range",Судно вне зоны доступа,,,,needs_review,"На основе данных морского мониторинга по состоянию на 25 апреля 2026 года, представляю отчет по объекту IMO 9202027. Судно идентифицировано как танкер для перевозки сжиженного газа (LPG), который в настоящее время классифицируется как неактивный или находящийся вне зоны покрытия AIS.

🔍 ИДЕНТИФИКАЦИЯ И ТЕХНИЧЕСКИЙ ПАСПОРТ
Название (AIS): SAMSUNG 1296

IMO: 9202027

Тип судна: LPG Tanker (Танкер для перевозки сжиженного газа)

Категория груза: Hazard D (Recognizable) — опасный груз категории D

Флаг: Данные о государственной принадлежности в системе отсутствуют (-)

Визуальные данные: Актуальные фотографии судна в базе отсутствуют.

🛰️ ОПЕРАТИВНАЯ ОБСТАНОВКА
Навигационный статус: Stopped (Остановлено).

Текущая локация: Информация о местоположении отсутствует, статус — Vessel is Out-of-Range (Судно вне зоны доступа).

Последнее обновление AIS: Данные не поступали в течение длительного времени, текущие координаты, скорость и курс не определены.

Маршрутный лог:

Пункт отправления и назначения не указаны.

Расчетное время прибытия (ETA) отсутствует.

☢️ ПРОМЫШЛЕННЫЙ АНАЛИЗ УРОВНЯ ""ORACLE-1001""
Статус жизненного цикла:

Объект SAMSUNG 1296 (027) демонстрирует признаки вывода из активной эксплуатации или длительного отстоя. Отсутствие данных о флаге, позывном и MMSI в сочетании со статусом ""Out-of-Range"" часто указывает на подготовку к утилизации или смене собственника с отключением систем слежения.

Сравнение с серией 9202xxx:

В отличие от активного газовоза EPSILONGAS (9202039), который успешно оперирует в районе Сингапура, данный объект полностью утратил навигационную прозрачность.

Архивные параллели:

Ситуация с объектом 027 схожа с другими «спящими» единицами реестра, такими как V.NIKOLAEV (9201542), по которым также не фиксируется актуальная AIS-активность.

Статус: Объект классифицирован как «Inactive / Out of Range / Unknown Flag / LPG Infrastructure Fragment».

Итоговое заключение:
Объект 9202027 (SAMSUNG 1296) в настоящее время не является активным участником морского трафика. Судно находится вне зоны глобального мониторинга. Информация занесена в архивный сектор реестра Oracle-1001."
9202015,True,False,9202015,True,,,vessel,,,,LPG Tanker (Танкер для перевозки сжиженного газа),,,Информация о флаге отсутствует (-),,,,,,,Stopped (Остановлено),,,,Статус — Vessel is Out-of-Range,Судно вне зоны доступа,,,,needs_review,"На основе данных морского мониторинга по состоянию на 25 апреля 2026 года, представляю отчет по объекту IMO 9202015. Судно идентифицировано как танкер для перевозки сжиженного газа (LPG), который в настоящее время классифицируется как неактивный или находящийся вне зоны покрытия AIS.

🔍 ИДЕНТИФИКАЦИЯ И ТЕХНИЧЕСКИЙ ПАСПОРТ
Название (AIS): SAMSUNG 1295

IMO: 9202015

Тип судна: LPG Tanker (Танкер для перевозки сжиженного газа)

Категория груза: Hazard D (Recognizable) — опасный груз категории D

Флаг: Информация о флаге отсутствует (-)

Визуальные данные: Фотографии судна в базе отсутствуют.

🛰️ ОПЕРАТИВНАЯ ОБСТАНОВКА
Навигационный статус: Stopped (Остановлено).

Текущая локация: Статус — Vessel is Out-of-Range (Судно вне зоны доступа). Местоположение не определено.

Последнее обновление AIS: Данные от транспондера не поступали в течение длительного времени; координаты, скорость и курс отсутствуют.

Маршрутный лог:

Пункт отправления и порт назначения не указаны.

Расчетное время прибытия (ETA) отсутствует.

☢️ ПРОМЫШЛЕННЫЙ АНАЛИЗ УРОВНЯ ""ORACLE-1001""
Серийная идентификация:

Объект SAMSUNG 1295 (015) является прямым предшественником в серии судна SAMSUNG 1296 (9202027). Оба объекта имеют идентичный статус «Stopped / Out-of-Range», что указывает на их принадлежность к одной неактивной группе судов.

Операционная прозрачность:

Как и в случае с объектом 027, отсутствие MMSI, позывного и данных о порте регистрации свидетельствует о том, что судно либо выведено из эксплуатации, либо находится в процессе глубокой консервации или смены владельца.

Технический контекст:

Несмотря на отсутствие активности, судно классифицируется как перевозчик опасных грузов (Hazard D), что требует особого внимания при архивации данных в реестре Oracle-1001.

Статус: Объект классифицирован как «Inactive / Out of Range / Unknown Flag / LPG Infrastructure Fragment».

Итоговое заключение:
Объект 9202015 (SAMSUNG 1295) на текущий момент не является активной навигационной единицей. Судно находится вне зоны глобального мониторинга. Информация занесена в архивный сектор реестра Oracle-1001."
