snapshot_date,imo,dwt,displacement,loa,beam,draft,speed,age,build_year,flag,vessel_type,nav_status,risk_level,origin_port,destination_port,vessel_name,mmsi,eta,route_context,ais_integrity
2026-09-09,9648714,394330.0,499167.0,488.8,74.0,19.1,0.1,9.0,2017,Австралия,"Плавучая установка для добычи, сжижения и хранения природного газа (FLNG / Offshore Support Vessel - HAZ-A)",At Anchor / На якорной стоянке,LOW,Портовые заходы стандартного типа отсутствуют (объект работает стационарно в морской зоне шельфового проекта Prelude FLNG),"Бассейн Броуз, Австралия (BROWSE BASIN AU)",PRELUDE,503000101,22 декабря 2026 г,"Плавучая установка для добычи, сжижения и хранения природного газа · флаг: Австралия · маршрут: Портовые заходы стандартного типа отсутствуют (объект работает стационарно в морской зоне шельфового проекта Prelude FLNG) → Бассейн Броуз, Австралия (BROWSE BASIN AU) · At Anchor · возраст: 9 лет",0.0
2026-09-09,9930806,320916.0,165054.0,329.9,60.0,11.5,13.0,3.0,2023,Греция (Greece) — европейский суверенный «белый» судовой реестр,Сверхкрупный танкер для перевозки сырой нефти (VLCC — Very Large Crude Carrier / Dual-Fuel LNG option),Under way using engine,EXTREME,"Ras Laffan, Qatar (QA RLF)","Incheon, South Korea (KR INC)",MARAN DIONE,241819000,"31 августа 2026 г., 09:00 UTC",Paris/Tokyo MoU White List,0.853
2026-09-09,9937127,317053.0,291689.0,409.1,68.2,16.6,10.0,5.0,2021,Греция,Crude Oil Tanker (VLCC),At Anchor / На якорной стоянке,LOW,Singapore (SG SIN),Мурманск,MARITIME 7127,239497571,"4 октября 2026 г., 17:45 UTC",флаг: Греция · следует в: Мурманск · At Anchor · возраст: 5 лет,0.0
2026-09-09,9262211,317053.0,291689.0,409.1,68.2,16.6,10.0,5.0,2021,Греция,Crude Oil Tanker (VLCC),At Anchor / На якорной стоянке,LOW,Singapore (SG SIN),Мурманск,ATLAS 2211,239106886,"12 октября 2026 г., 11:30 UTC",флаг: Греция · следует в: Мурманск · At Anchor · возраст: 5 лет,0.0
2026-09-09,9251274,317053.0,291689.0,409.1,68.2,16.6,10.0,5.0,2021,Греция,Crude Oil Tanker (VLCC),At Anchor / На якорной стоянке,LOW,"Houston, USA (US HOU)",Мурманск,MARITIME 1274,239971471,"13 октября 2026 г., 19:30 UTC",флаг: Греция · следует в: Мурманск · At Anchor · возраст: 5 лет,0.0
2026-09-09,9727194,308019.0,162542.0,333.0,60.0,19.3,10.0,10.0,2016,Гонконг,Нефтяной танкер класса VLCC (Very Large Crude Carrier),Underway using Engine / В пути,LOW,"Ras Tanura, Saudi Arabia (SA RAT)",направлении порта Джено (DJENO),COSWISDOM LAKE,477252100,8 июня 2026 г,Китай,0.0
2026-09-09,9928645,299999.0,154792.0,330.0,60.0,11.0,13.1,4.0,2022,Греция (Greece) — европейский суверенный «белый» судовой реестр,Сверхкрупный танкер для перевозки сырой нефти (VLCC — Very Large Crude Carrier / Dual-Fuel LNG option),At Anchor / На якорной стоянке,EXTREME,"Darwin LNG, Australia (AU DRW)","Barcelona Regas, Spain (ES BCN)",HELLAS FOS,241815000,"9 октября 2026 г., 21:15 UTC",Paris/Tokyo MoU White List,0.0
2026-09-09,9928023,299425.0,156673.0,336.0,60.0,11.0,13.4,3.0,2023,Либерия,"Супертанкер (VLCC — Very Large Crude Carrier), оснащен двухтопливными двигателями (LNG-ready)",На ходу (Under way),LOW,"Ras Laffan, Qatar (QA RLF)","Revithoussa, Greece (GR REV)",ARZANAH,636634364,21 июня 2026 г,Супертанкер · флаг: Либерия · На ходу (Under way) · возраст: 3 лет,0.0
2026-09-09,9723679,299364.0,275415.0,332.0,58.04,19.3,12.0,26.0,2000,Камерун,Crude Oil Tanker,На якоре,EXTREME,"Novorossiysk, Russia (RU NVS)","Ulsan, South Korea (KR USN)",MARITIME JEWEL,613472250,"5 сентября 2026 г., 11:15 UTC",Crude Oil Tanker · флаг: Камерун · На якоре · возраст: 26 лет,0.0
2026-09-09,9862346,172700.0,210694.0,280.0,5.0,11.4,11.6,26.0,2000,Мальта,LNG Tanker (Газовоз СПГ),Underway using Engine (На ходу),LOW,"TT PTF (Пойнт-Фортин, Тринидад и Тобаго)","CN SZP (Шэньчжэнь, Китай)",PEARL LNG,215573000,08 июня 2026 г. в 00:01 (UTC+8),MALTA,0.0
2026-09-09,9321732,172100.0,209962.0,283.0,43.0,9.3,0.2,20.0,2006,Мальта,Танкер для сжиженного природного газа (LNG Tanker).,At Anchor / На якорной стоянке,LOW,"Sabetta, Russia (RU SAB)",Рас-Лаффан,MILAHA QATAR,229970902,"1 ноября 2026 г., 22:45 UTC",Популярный европейский реестр с высоким уровнем соответствия международным стандартам безопасности,0.0
2026-09-09,9397327,172050.0,209901.0,315.16,50.0,12.4,14.5,11.0,2015,MARSHALL ISLANDS,LNG Tanker (Танкер для перевозки сжиженного природного газа),"Underway using Engine (На ходу, используется двигатель)",HIGH,"QA RLF (Ras Laffan, Катар)","PK BQM / Port Qasim, PAKISTAN",AL KHARAITIYAT,538003352,5 мая 2026 г. в 22:17 (UTC+5),Маршалловы Острова,0.0
2026-09-09,9948695,171350.0,209047.0,299.0,46.12,8.7,14.0,23.0,2003,MARSHALL ISLANDS,LNG Tanker (Танкер для перевозки сжиженного природного газа),At Anchor / На якорной стоянке,LOW,"ALTAMIRA ANCH (Якорная стоянка Альтамира, Мексика)","IN MRM (Мормугао, Индия)",ENERGY ENDURANCE,9948695,9 июня 2026 г,Маршалловы Острова,0.0
2026-09-09,9636723,170050.0,207461.0,294.2,44.0,11.4,16.8,6.0,2020,Мальта,Танкер для перевозки сжиженного природного газа (LNG Tanker),На ходу с использованием двигателя (Underway using Engine),LOW,"Калхат, Оман","Индийский океан, для получения приказов (INDIAN OC. FOR ORDERS)",KITA LNG,229482292,"5 сентября 2026 г., 09:15 UTC","Танкер для перевозки сжиженного природного газа · флаг: Мальта · маршрут: Калхат, Оман → Индийский океан, для получения приказов (INDIAN OC. FOR ORDERS) · На ходу с использованием двигателя (Underway using Engine)",0.0
2026-09-09,9762273,169950.0,207339.0,299.0,47.0,11.0,14.0,2.0,2024,MARSHALL ISLANDS,LNG Tanker (Танкер СПГ).,Stopped (Остановлено),LOW,"US CMU (Cameron, США)","EG AIS (Ain Sukhna, Египет)",FLEX ENTERPRISE,538010101,"27 сентября 2026 г., 17:45 UTC",Маршалловы Острова,0.0
2026-09-09,1045112,168967.0,243515.0,377.0,82.0,12.5,14.0,1.0,2025,Либерия,Плавучий завод по сжижению природного газа / FLNG (Floating Liquefied Natural Gas / Offshore Support Vessel),стационарный или находящийся на финальных этапах транспортировки / позиционирования технологический объект,LOW,"Sabine Pass LNG, USA (US SAB)","Пуэнт-Нуар, Конго (Pointe Noire, Congo)",NGUYA FLNG,636023651,26 ноября 2026 г,"Плавучий завод по сжижению природного газа / FLNG · флаг: Либерия · следует в: Пуэнт-Нуар, Конго (Pointe Noire, Congo) · стационарный или находящийся на финальных этапах транспортировки · возраст: 1 лет",0.0
2026-09-09,9750256,168800.0,205936.0,290.0,46.95,11.4,19.1,25.0,2001,Гонконг [HK],LNG Tanker (Танкер-газовоз),Underway using Engine / В пути,LOW,"US CCU (Corpus Christi, США)","Barcelona Regas, Spain (ES BCN)",ARCTIC 0256,477180400,"30 августа 2026 г., 03:15 UTC","LNG Tanker · флаг: Гонконг [HK] · отход: US CCU (Corpus Christi, США) · Underway using Engine",0.0
2026-09-09,9074640,168150.0,205143.0,289.14,48.19,9.5,13.8,32.0,1994,Либерия,Газовоз (LNG Tanker).,Underway using Engine / В пути,LOW,"Corpus Christi LNG, USA (US CRP)","Хор-Факкан (AE KLF), ОАЭ",AL HAMRA,636789443,30 июня 2026 г. в 08:04 (UTC+4),"Легитимная международная юрисдикция, высокая прозрачность флота",0.0
2026-09-09,9388821,167300.0,204106.0,345.0,55.03,9.4,0.8,10.0,2016,МАРШАЛЛОВЫ ОСТРОВА,LNG Tanker (Танкер для перевозки сжиженного природного газа),Underway using Engine (На ходу),LOW,"Янцзян (Янцзян), Китай (CN YKG)","Shanghai LNG, China (CN SHA)",AL SAMRIYA,538177482,"16 сентября 2026 г., 06:45 UTC",MARSHALL ISLANDS,0.0
2026-09-09,9333618,167100.0,203862.0,288.0,44.0,11.3,18.1,4.0,2022,МАЛЬТА,LNG Tanker (Танкер для перевозки сжиженного природного газа),Underway using Engine (На ходу),LOW,"Пойнт-Фортин, Тринидад и Тобаго (TT PTF)",PACIFIC OCEAN (Тихий океан),COOL ROVER,215673106,"14 октября 2026 г., 07:00 UTC",MALTA,0.0
2026-09-09,9431214,167000.0,203740.0,345.0,54.0,9.5,0.4,18.0,2008,Маршалловы Острова,Танкер для перевозки сжиженного природного газа (LNG Tanker),На якоре (At anchor),LOW,"Сан-Порт, Китай (CN BHX)",«FOR ORDERS» (Судно следует в ожидании коммерческих распоряжений),ZARGA,538700110,"15 октября 2026 г., 18:30 UTC","Танкер для перевозки сжиженного природного газа · флаг: Маршалловы Острова · маршрут: Сан-Порт, Китай (CN BHX) → «FOR ORDERS» (Судно следует в ожидании коммерческих распоряжений) · На якоре (At anchor)",0.0
2026-09-09,9360855,166550.0,203191.0,315.0,50.0,9.3,0.1,21.0,2005,MARSHALL ISLANDS,LNG Tanker (Танкер для перевозки СПГ / класс Q-Flex),At Anchor (На якоре),LOW,"QA RLF (Рас-Лаффан, Катар)","QA RLF (Рас-Лаффан, Катар)",AL SAHLA,9360855,"31 августа 2026 г., 21:00 UTC",Маршалловы Острова,0.0
2026-09-09,9750232,165350.0,201727.0,290.0,46.95,9.5,15.8,7.0,2019,Гонконг [HK],LNG Tanker (Танкер-газовоз),Under way using engine,LOW,"JP HIM (Химедзи, Япония)",балласте (пустым). Это подтверждает завершение разгрузки в Японии и переход к следующему циклу,GAS 0232,477142700,"12 сентября 2026 г., 23:30 UTC","LNG Tanker · флаг: Гонконг [HK] · маршрут: JP HIM (Химедзи, Япония) → балласте (пустым). Это подтверждает завершение разгрузки в Японии и переход к следующему циклу · Underway using Engine",0.854
2026-09-09,9621077,164550.0,200751.0,288.0,49.0,9.4,0.0,24.0,2002,БАГАМСКИЕ ОСТРОВА,LNG Tanker (Танкер для перевозки сжиженного природного газа),At anchor,LOW,"Йоккаити, Япония (JP YKK)",RU PGN,PACIFIC ARCADIA,311072200,26 мая 2026 г,BAHAMAS,0.419
2026-09-09,9325685,161150.0,196603.0,288.0,43.45,9.5,0.2,14.0,2012,Багамские Острова,Газовоз (LNG Tanker),На якоре (At anchor),LOW,"Рас-Лаффан, Катар (QA RLF)",«FOR ORDERS» (Судно следует в ожидании коммерческих распоряжений),AL MARROUNA,308235122,"25 октября 2026 г., 09:15 UTC",Bahamas,0.0
2026-09-09,9250713,160850.0,196237.0,276.99,43.4,11.9,14.0,6.0,2020,MALTA,LNG Tanker (Танкер для перевозки сжиженного природного газа),At Anchor (На якоре),LOW,"QA RLF (Рас-Лаффан, Катар)",INDIAN GOVT. SHIP (согласно Reported destination),DISHA,215533000,4 мая 2026 г,Мальта,0.0
2026-09-09,9953509,160350.0,195627.0,293.0,45.85,9.2,18.1,6.0,2020,Россия,Танкер-газовоз (LNG Tanker),Underway using Engine / В пути,EXTREME,"Angola LNG, Angola (AO LNG)","Shanghai LNG, China (CN SHA)",BURAN,273690662,"29 октября 2026 г., 04:00 UTC",Танкер-газовоз · флаг: Россия · Underway using Engine,0.0
2026-09-09,9388833,159750.0,194895.0,345.28,53.83,9.4,14.0,5.0,2021,Marshall Islands,LNG Tanker (Танкер для перевозки сжиженного природного газа),At Anchor (На якоре),LOW,"TH MAT (Мап-Та-Пхут, Таиланд)","MUMBAI ANCH (Мумбаи, Индия)",BU SAMRA,9388833,"1 ноября 2026 г., 07:30 UTC",Маршалловы Острова,0.0
2026-09-09,9965435,159400.0,194468.0,298.5,46.44,9.4,15.3,19.0,2007,Либерия [LR],LNG Tanker (Танкер-газовоз),Underway using Engine / В пути,LOW,SG SIN (Сингапур),балласте (пустым). После разгрузки в Юго-Восточной Азии танкер возвращается на терминал Oman LNG в Кальхате (OM QAL) для приема новой партии сжиженного газа,ENERGY 5435,636023768,01 мая 2026 г,LNG Tanker · флаг: Либерия [LR] · маршрут: SG SIN (Сингапур) → балласте (пустым). После разгрузки в Юго-Восточной Азии танкер возвращается на терминал Oman LNG в Кальхате (OM QAL) для приема новой партии сжиженного газа · Underway using Engine,0.0
2026-09-09,9972373,158200.0,193004.0,290.0,45.83,11.5,14.0,12.0,2014,LIBERIA,LNG Tanker (Танкер для перевозки сжиженного природного газа).,Moored (Пришвартовано),LOW,"US NSS (Sabine Pass, США)","US POA (Порт-Артур, США)",HL SEA EAGLE,9972373,25 мая 2026 г,Либерия,0.0
2026-09-09,1023425,157930.0,84246.0,274.0,48.0,15.8,2.2,1.0,2025,Маршалловы Острова,LNG Tanker / LNGC,At Anchor / На якорной стоянке,LOW,Singapore (SG SIN),"Fujairah, UAE (AE FUJ)",OCEAN 3425,538011161,"5 сентября 2026 г., 12:00 UTC",флаг: Маршалловы Острова · At Anchor · возраст: 1 лет,0.0
2026-09-09,9210828,154100.0,188002.0,290.0,46.28,9.0,0.0,8.0,2018,Либерия,LNG Tanker (Танкер для перевозки сжиженного природного газа),Moored,LOW,"RU PGN (Пригородное, Россия — терминал СПГ проекта «Сахалин-2»), выход 23 апреля 2026 г., 10:49 UTC+11",RU PGN,ENERGY 0828,636022142,"31 августа 2026 г., 07:15 UTC",Liberia,0.414
2026-09-09,9325697,153000.0,186660.0,288.2,43.4,9.1,12.1,25.0,2001,БАГАМСКИЕ ОСТРОВА,LNG Tanker (Танкер для перевозки сжиженного природного газа),На ходу (Underway using Engine),LOW,Адриатический СПГ-терминал (Adriatic LNG),«WAITING FOR ORDERS» (Судно следует в ожидании дальнейших распоряжений),AL AREESH,311038000,"1 сентября 2026 г., 14:00 UTC",BAHAMAS,0.0
2026-09-09,9980540,152600.0,186172.0,299.0,47.0,9.7,13.1,15.0,2011,ФРАНЦИЯ,LNG Tanker (Танкер для перевозки сжиженного природного газа),Underway using Engine (На ходу),LOW,"Йоккаити, Япония (JP YKK)",США (US XXX),ELISA ARDEA,228508816,1 июля 2026 г,FRANCE,0.0
2026-09-09,9917567,151850.0,185257.0,298.97,46.43,11.6,12.1,2.0,2024,ПАНАМА,LNG Tanker (Танкер для перевозки сжиженного природного газа),Underway using Engine (На ходу),LOW,"Китимат, Канада (CA KTM)","Пхёнтхэк, Южная Корея (KR PTK)",SM GOLDEN EAGLE,353954409,20 мая 2026 г,PANAMA,0.0
2026-09-09,9904209,146950.0,179279.0,296.87,46.43,11.3,14.0,23.0,2003,Норвегия [NO],LNG Tanker (Танкер-газовоз),Underway using Engine / В пути,LOW,"NG BON (Бонни, Нигерия)","Tianjin, China (CN TJN)",ENERGY 4209,311001093,"2 сентября 2026 г., 14:15 UTC","LNG Tanker · флаг: Норвегия [NO] · отход: NG BON (Бонни, Нигерия) · Underway using Engine",0.0
2026-09-09,9317200,146100.0,178242.0,89.23,15.3,4.5,0.2,3.0,2023,ЯПОНИЯ,LNG Tanker (Танкер для перевозки сжиженного природного газа),At anchor,LOW,"Исикари, Япония (JP ISI)",>JP ISW OFF,NORTH PIONEER,431301776,20 мая 2026 г,JAPAN,0.656
2026-09-09,9888481,145550.0,177571.0,299.0,47.0,11.4,12.3,17.0,2009,PANAMA,Tanker / LNG Tanker (Танкер для перевозки сжиженного природного газа),Underway using Engine / В пути,LOW,"US FPO (Фрипорт, Техас, США)","PA CTB (Кристобаль, Панама)",PRISM COURAGE,9888481,12 мая 2026 г,Панама,0.0
2026-09-09,9873852,145250.0,177205.0,294.9,46.4,11.3,19.0,8.0,2018,СИНГАПУР,LNG Tanker (Танкер для перевозки сжиженного природного газа),Underway using Engine (На ходу),LOW,"Пойнт-Фортин, Тринидад и Тобаго (TT PTF)","Дахедж, Индия (IN DAH)",BW HELIOS,563803048,23 мая 2026 г,SINGAPORE,0.0
2026-09-09,5233573,144900.0,176778.0,290.0,46.0,8.6,11.3,8.0,2018,Япония,LNG Tanker (Танкер для перевозки сжиженного природного газа),Underway using Engine (На ходу),LOW,"SIKKA ANCH (Сикка, Индия)",Данные о конечном порте (TBA) на момент последнего сигнала не были обновлены,LNG JAMAL,432278000,"27 октября 2026 г., 09:30 UTC",JAPAN,0.0
2026-09-09,9981427,144300.0,176046.0,299.0,47.0,9.2,11.4,8.0,2018,ФРАНЦИЯ,LNG Tanker (Танкер для перевозки сжиженного природного газа / газовоз),Under way using engine,LOW,"Ульсан, Южная Корея (KR USN)",USCMU,AL NIGYAN,228482600,20 мая 2026 г. в 10:04 (UTC+9),FRANCE,0.409
2026-09-09,9690145,143900.0,175558.0,292.0,47.8,9.3,13.8,13.0,2013,Бермудские острова,LNG Tanker (Специализированный газовоз для перевозки СПГ),Underway using Engine (На ходу),LOW,"IN DAH (Дахедж, Индия)","MU PLU (Порт-Луи, Маврикий)",LNG FINIMA II,310722000,04 мая 2026 г. в 08:30 (UTC+4),BERMUDA,0.0
2026-09-09,9864667,143150.0,174643.0,299.0,46.4,11.6,11.3,2.0,2024,Мальта,LNG Tanker (Газовоз СПГ),Underway using Engine (На ходу),LOW,"US CP6 (Коув-Пойнт, Мэриленд, США)",FOR ORDERS (Ожидает распоряжений),VIVIT AMERICAS LNG,215574000,"16 октября 2026 г., 01:30 UTC",MALTA,0.0
2026-09-09,9962421,140350.0,171227.0,299.0,47.0,9.3,12.3,6.0,2020,БЕРМУДСКИЕ ОСТРОВА,LNG Tanker (Танкер для перевозки сжиженного природного газа),Underway using Engine (На ходу),LOW,"Сакай, Япония (JP SAK)","Эшбертон, АВСТРАЛИЯ (AU ASB)",WOODSIDE JIRRUBAKURA,636152051,5 июня 2026 г,"международных энергетических перевозках. Текущая осадка (9.3 м) характерна для судна, следующего в балласте или с частичной загрузкой на длинную дистанцию",0.0
2026-09-09,9986635,137850.0,168177.0,4.0,1.0,10.7,14.0,9.0,2017,SINGAPORE,LNG Tanker (Танкер для перевозки сжиженного природного газа),At Anchor (На якоре),LOW,"QA RLF (Рас-Лаффан, Катар)",QA RLF (согласно Reported destination),MIHZEM,563274300,4 мая 2026 г,Сингапур,0.0
2026-09-09,9397303,136740.0,166823.0,345.0,53.0,9.4,1.8,17.0,2009,МАРШАЛЛОВЫ ОСТРОВА,LNG Carrier (Танкер для перевозки сжиженного природного газа),"Underway (на ходу, однако данные устарели на 17 дней)",EXTREME,"Ras Laffan, Qatar (QA RLF)",порт Сингапура. Учитывая спецификацию судна и флаг,MEKAINES,538003365,"11 сентября 2026 г., 15:30 UTC",MARSHALL ISLANDS,0.0
2026-09-09,9377547,135800.0,165676.0,285.0,43.0,9.0,0.0,15.0,2011,Мальта,LNG Tanker (Танкер для перевозки сжиженного природного газа),At anchor,LOW,"Дахедж, Индия (IN DAH)","Кочин (рейдовая стоянка), Индия (Cochin Anch, India)",ASEEM,249700000,"12 сентября 2026 г., 14:15 UTC",MALTA,0.853
2026-09-09,9862918,133400.0,162748.0,299.08,46.43,11.6,17.8,22.0,2004,GREECE,LNG Tanker (Танкер для перевозки сжиженного природного газа),Underway using Engine / В пути,LOW,"US NSS (Сабин-Пасс, США)",FOR ORDERS (Ожидание распоряжений),ARISTARCHOS,9862918,"8 октября 2026 г., 04:15 UTC",Греция,0.0
2026-09-09,9969388,132750.0,161955.0,299.0,47.0,9.0,14.0,3.0,2023,FRANCE,LNG Tanker (Танкер для перевозки сжиженного природного газа).,Underway using Engine / В пути,LOW,"Cove Point LNG, USA (US COV)","Лейк-Чарльз, США (Lake Charles, UNITED STATES OF AMERICA)",IGNACY JAN PADEREWSKI,9969388,9 мая 2026 г,Франция,0.0
2026-09-09,9834296,132700.0,161894.0,298.58,48.03,11.5,16.1,26.0,2000,HONG KONG,LNG Tanker (Танкер для перевозки сжиженного природного газа),Underway using Engine (На ходу под двигателем),LOW,"FR MTX (Монтуар, Франция)",FOR ORDERS (По распоряжению),LNG DUBHE,9834296,"30 октября 2026 г., 04:15 UTC",Гонконг,0.0
2026-09-09,9945435,132450.0,161589.0,293.0,45.83,11.2,14.1,8.0,2018,МАРШАЛЛОВЫ ОСТРОВА,LNG Tanker (Танкер для перевозки сжиженного природного газа),Underway using Engine (На ходу),LOW,"Инчхон, Южная Корея (KR INC)","PT PTF (вероятно, порт назначения в системе отслеживания)",CELSIUS GENEVA,538066585,"16 октября 2026 г., 11:00 UTC",MARSHALL ISLANDS,0.0
2026-09-09,9904704,131050.0,159881.0,299.0,47.0,9.5,0.4,20.0,2006,РОССИЯ,LNG Tanker (Танкер для перевозки сжиженного природного газа),Underway (На ходу),LOW,"Большой Камень, Россия (RU BKN)","SEATRIAL ZVEZDA-045 (Ходовые испытания, ССК «Звезда», заказ 045)",KONSTANTIN POSIET,273156011,"25 октября 2026 г., 21:30 UTC",RUSSIA,0.0
2026-09-09,9397315,130441.0,159138.0,345.28,53.8,9.4,1.3,14.0,2012,МАРШАЛЛОВЫ ОСТРОВА,LNG Tanker (Танкер для перевозки сжиженного природного газа),На ходу (Underway using Engine),LOW,"Инчхон, Южная Корея (KR INC)","Grain LNG, UK (GB GRA)",AL MAFYAR,538003357,"7 сентября 2026 г., 13:15 UTC",MARSHALL ISLANDS,0.0
2026-09-09,9443413,130208.0,163922.0,345.0,53.8,12.1,14.1,16.0,2010,Маршалловы Острова,"СПГ-танкер (LNG Tanker, Q-Max)",Underway using Engine / В пути,LOW,"Corpus Christi LNG, USA (US CRP)",порт Цаофейдянь (Caofeidian),RASHEEDA,538676936,"28 сентября 2026 г., 04:30 UTC","Примечание: в данных AIS указан Оман, однако исторически и по реестрам судно зарегистрировано под флагом Маршалловых Островов как часть катарского флота",0.0
2026-09-09,9418365,130102.0,163922.0,345.0,53.8,9.5,14.3,17.0,2009,Маршалловы Острова,"СПГ-танкер (LNG Tanker, Q-Max)",At Anchor / На якорной стоянке,LOW,"Hammerfest LNG, Norway (NO HAM)",район оперативного назначения,SHAGRA,538732362,"9 октября 2026 г., 20:30 UTC",СПГ-танкер · флаг: Маршалловы Острова · следует в: район оперативного назначения · At Anchor · возраст: 17 лет,0.0
2026-09-09,9337755,130102.0,163922.0,345.33,53.8,9.5,5.7,18.0,2008,Маршалловы Острова,"СПГ-танкер (LNG Tanker, Q-Max)",Underway using Engine / В пути,LOW,"Sabine Pass LNG, USA (US SAB)","Grain LNG, UK (GB GRA)",MOZAH,538441628,"2 сентября 2026 г., 20:30 UTC",СПГ-танкер · флаг: Маршалловы Острова · Underway using Engine · возраст: 18 лет,0.0
2026-09-09,9360843,127500.0,155550.0,314.0,50.04,9.3,17.3,16.0,2010,Маршалловы Острова,Танкер для перевозки сжиженного природного газа (LNG Tanker),На ходу с использованием двигателя,LOW,Сингапур (Singapore Anch. 1),"Рас-Лаффан, Катар (QA RLF)",AL SHEEHAN,538263067,"12 октября 2026 г., 19:45 UTC","Танкер для перевозки сжиженного природного газа · флаг: Маршалловы Острова · маршрут: Сингапур (Singapore Anch. 1) → Рас-Лаффан, Катар (QA RLF) · На ходу с использованием двигателя",0.0
2026-09-09,9994046,126150.0,153903.0,166.0,24.4,5.7,14.1,5.0,2021,СИНГАПУР,LNG Tanker (Танкер для перевозки сжиженного природного газа / Бункеровщик ЛНГ),Restricted Manoeuvrability (Ограниченная маневренность),LOW,"Самчхок, Южная Корея (KR SAM / Samcheok, South Korea)",HMD H.8395 SEA TRIAL,NEW FRONTIER 2,565951614,"29 августа 2026 г., 21:00 UTC",SINGAPORE,0.0
2026-09-09,9086734,124900.0,152378.0,297.5,45.75,10.5,14.0,26.0,2000,MARSHALL ISLANDS,LNG Tanker (Танкер для перевозки сжиженного природного газа),Underway (На ходу),LOW,"QA RLF (Рас-Лаффан, Катар)","RAS LAFFAN ANCH (Якорная стоянка Рас-Лаффан, Катар)",AL RAYYAN,538009768,4 мая 2026 г,Маршалловы Острова,0.0
2026-09-09,9397339,124700.0,152134.0,315.16,50.0,9.6,14.0,12.0,2014,MARSHALL ISLANDS,LNG Tanker (Танкер для перевозки сжиженного природного газа),At Anchor (На якоре),LOW,"CN BHX (Бэйхай, Китай)","MUMBAI ANCH (Мумбаи, Индия)",AL REKAYYAT,9397339,"10 октября 2026 г., 05:00 UTC",Маршалловы Острова,0.0
2026-09-09,9974606,124350.0,151707.0,299.0,47.0,9.3,1.1,18.0,2008,БАГАМСКИЕ ОСТРОВА,LNG Tanker (Танкер для перевозки сжиженного природного газа),Restricted Manoeuvrability (Ограниченная маневренность),LOW,"Анъён, Южная Корея (KR ANJ / Anjeong, South Korea)",SEA TRIAL HWO.2552,LAKE MODRO,308953626,"31 октября 2026 г., 15:15 UTC",BAHAMAS,0.0
2026-09-09,9373008,124150.0,151463.0,285.4,43.4,8.8,13.8,2.0,2024,ПАНАМА,LNG Tanker (Танкер для перевозки сжиженного природного газа),"Underway using Engine (В пути, под управлением главного двигателя)",LOW,"Люхэн, Китай (CN LHE / Liuheng, China)",KRJSP,K.JASMINE,372855811,"2 октября 2026 г., 13:15 UTC",PANAMA,0.0
2026-09-09,9957737,122250.0,149145.0,299.0,46.43,9.3,0.1,9.0,2017,"Либерия Габариты: Длина (LOA) — 299 м, ширина — 46.43 м 2. Оперативные данные (Контрольный блок)Навигационный статус: At anchor (На якоре) Локация: Район порта Фрипорт, США (Мексиканский залив) Скорость (Speed): 0.1 узла Осадка (Draught): 9.3 м Актуальность: Данные получены 7 июня 2026 года3. Анализ параметровАнализ состояния: Судно находится на якорной стоянке в районе порта Фрипорт, США, после завершения перехода.Операционная активность: Последний заход в порт был зафиксирован 30 мая 2026 года. Текущий статус ""At anchor"" указывает на ожидание очереди на постановку к терминалу. 4. Риск-профильСанкции: Не числится в санкционных списках.Оператор: Современное судно (год постройки — 2024), специализирующееся на перевозках СПГ. Заключение: Объект классифицируется как «Активен / Коммерческий энергетический транспорт». Судно выполняет плановую логистическую деятельность. Риск взаимодействия оценивается как низкий",LNG Tanker (Танкер для перевозки сжиженного природного газа),"At anchor (На якоре) Локация: Район порта Фрипорт, США (Мексиканский залив) Скорость (Speed): 0.1 узла Осадка (Draught): 9.3 м Актуальность: Данные получены 7 июня 2026 года3. Анализ параметровАнализ состояния: Судно находится на якорной стоянке в районе порта Фрипорт, США, после завершения перехода.Операционная активность: Последний заход в порт был зафиксирован 30 мая 2026 года. Текущий статус ""At anchor"" указывает на ожидание очереди на постановку к терминалу. 4. Риск-профильСанкции: Не числится в санкционных списках.Оператор: Современное судно (год постройки — 2024), специализирующееся на перевозках СПГ. Заключение: Объект классифицируется как «Активен / Коммерческий энергетический транспорт». Судно выполняет плановую логистическую деятельность. Риск взаимодействия оценивается как низкий",LOW,"Ras Laffan, Qatar (QA RLF)","порт был зафиксирован 30 мая 2026 года. Текущий статус ""At anchor"" указывает на ожидание очереди на постановку к терминалу. 4. Риск-профильСанкции: Не числится в санкционных списках.Оператор: Современное судно (год постройки — 2024)",APOSTOLOSIMO: 9957737,636022987,"30 августа 2026 г., 12:00 UTC","LNG Tanker · флаг: Либерия Габариты: Длина (LOA) — 299 м, ширина — 46.43 м 2. Оперативные данные (Контрольный блок)Навигационный статус: At anchor (На якоре) Локация: Район порта Фрипорт, США (Мексиканский залив) Скорость (Speed): 0.1 узла Осадка (Draught): 9.3 м Актуальность: Данные получены 7 июня 2026 года3. Анализ параметровАнализ состояния: Судно находится на якорной стоянке в районе порта Фрипорт, США, после завершения перехода.Операционная активность: Последний заход в порт был зафиксирован 30 мая 2026 года. Текущий статус ""At anchor"" указывает на ожидание очереди на постановку к терминалу. 4. Риск-профильСанкции: Не числится в санкционных списках.Оператор: Современное судно (год постройки — 2024), специализирующееся на перевозках СПГ. Заключение: Объект классифицируется как «Активен / Коммерческий энергетический транспорт». Судно выполняет плановую логистическую деятельность. Риск взаимодействия оценивается как низкий · следует в: порт был зафиксирован 30 мая 2026 года. Текущий статус ""At anchor"" указывает на ожидание очереди на постановку к терминалу. 4. Риск-профильСанкции: Не числится в санкционных списках.Оператор: Современное судно (год постройки — 2024) · At anchor (На якоре) Локация: Район порта Фрипорт, США (Мексиканский залив) Скорость (Speed): 0.1 узла Осадка (Draught): 9.3 м Актуальность: Данные получены 7 июня 2026 года3. Анализ параметровАнализ состояния: Судно находится на якорной стоянке в районе порта Фрипорт, США, после завершения перехода.Операционная активность: Последний заход в порт был зафиксирован 30 мая 2026 года. Текущий статус ""At anchor"" указывает на ожидание очереди на постановку к терминалу. 4. Риск-профильСанкции: Не числится в санкционных списках.Оператор: Современное судно (год постройки — 2024), специализирующееся на перевозках СПГ. Заключение: Объект классифицируется как «Активен",0.0
2026-09-09,9360790,122079.0,136685.0,315.0,50.0,9.1,14.0,18.0,2008,Маршалловы Острова,Танкер для перевозки сжиженного природного газа / LNG Carrier (Q-Flex),на якоре / в режиме ожидания,LOW,"Дхамра, Индия (Dhamra Port, India — прибытие 4 августа 2026 г., около 3 дней назад)","Fos-sur-Mer, France (FR FOS)",AL ORAIQ,538003072,5 августа 2026 г,"Танкер для перевозки сжиженного природного газа / LNG Carrier · флаг: Маршалловы Острова · отход: Дхамра, Индия (Dhamra Port, India — прибытие 4 августа 2026 г., около 3 дней назад) · на якоре · возраст: 18 лет",0.0
2026-09-09,9431123,122052.0,136980.0,315.0,50.0,9.5,14.0,17.0,2009,Маршалловы Острова (Marshall Islands) — первоклассный «белый» судовой реестр,Танкер-газовоз СПГ (LNG Tanker — Q-Flex class),At Anchor / На якорной стоянке,EXTREME,"Gladstone LNG, Australia (AU GLA)",FOR ORDERS (ожидание распоряжений фрахтователя / коммерческих инструкций),AL KARAANA,538003358,"24 октября 2026 г., 01:45 UTC",White List,0.0
2026-09-09,9360831,122006.0,136980.2,315.0,50.0,9.5,14.0,17.0,2009,Маршалловы Острова,LNG Tanker (газовоз для перевозки сжиженного природного газа).,"На якорной стоянке / в режиме ожидания (основано на данных AIS).История заходов: Интенсивная эксплуатация на глобальных маршрутах (включая порты Катара, Индии, Китая и Южной Кореи). Последние значимые портовые операции зафиксированы в Мумбаи, Индия.Текущее состояние: Судно находится в активной эксплуатации, используется для транспортировки СПГ в рамках долгосрочных контрактов.3. Комплаенс-профильОператор: Nakilat (Qatar Gas Transport Company) — ведущий мировой оператор в сфере транспортировки СПГ. Судно находится в управлении дочерней структуры NSQL (Nakilat Shipping Qatar Ltd). Статус: НИЗКИЙ РИСК.Санкционный статус: Судно не числится в санкционных списках (OFAC, ЕС, Великобритания).Анализ: AL SHEEHANIYA является абсолютно прозрачным промышленным активом. Судно принадлежит крупнейшей государственной транспортной компании Катара (Nakilat) и обслуживает стратегические энергетические цепочки поставок. Паттерны поведения судна полностью соответствуют статусу легитимного коммерческого актива мирового уровня.4. РезюмеAL SHEEHANIYA (IMO 9360831) — это первоклассный газовоз, входящий в состав флота государственной компании Nakilat. Актив является «Белым списком». Комплаенс-риски при взаимодействии отсутствуют; эксплуатация судна соответствует самым высоким международным стандартам безопасности и регуляторной прозрачности",EXTREME,"Sabine Pass LNG, USA (US SAB)","Incheon, South Korea (KR INC)","AL SHEEHANIYA.IMO номер: 9360831.Тип судна: LNG Tanker (газовоз для перевозки сжиженного природного газа).Год постройки: 2009 (17 лет).Флаг: Маршалловы Острова.Размерения: 315.00 м (длина) × 50.00 м (ширина).Дедвейт (DWT): 122 006 т.Валовая вместимость (GT): 136 980.2. Операционные показатели (на 16 июля 2026 г.)Текущий навигационный статус: На якорной стоянке / в режиме ожидания (основано на данных AIS).История заходов: Интенсивная эксплуатация на глобальных маршрутах (включая порты Катара, Индии, Китая и Южной Кореи). Последние значимые портовые операции зафиксированы в Мумбаи, Индия.Текущее состояние: Судно находится в активной эксплуатации, используется для транспортировки СПГ в рамках долгосрочных контрактов.3. Комплаенс-профильОператор: Nakilat (Qatar Gas Transport Company) — ведущий мировой оператор в сфере транспортировки СПГ. Судно находится в управлении дочерней структуры NSQL (Nakilat Shipping Qatar Ltd). Статус: НИЗКИЙ РИСК.Санкционный статус: Судно не числится в санкционных списках (OFAC, ЕС, Великобритания).Анализ: AL SHEEHANIYA является абсолютно прозрачным промышленным активом. Судно принадлежит крупнейшей государственной транспортной компании Катара (Nakilat) и обслуживает стратегические энергетические цепочки поставок. Паттерны поведения судна полностью соответствуют статусу легитимного коммерческого актива мирового уровня.4. РезюмеAL SHEEHANIYA (IMO 9360831) — это первоклассный газовоз, входящий в состав флота государственной компании Nakilat. Актив является «Белым списком». Комплаенс-риски при взаимодействии отсутствуют; эксплуатация судна соответствует самым высоким международным стандартам безопасности и регуляторной прозрачности",538134978,"31 августа 2026 г., 09:30 UTC",LNG Tanker · флаг: Маршалловы Острова · На якорной стоянке · возраст: 17 лет,0.0
2026-09-09,9337963,121963.0,137535.0,315.0,50.0,11.2,16.2,19.0,2007,Багамские Острова,"Танкер для перевозки сжиженного природного газа (LNG Tanker, Q-Flex)",Underway using Engine / В пути,HIGH,"Hammerfest LNG, Norway (NO HAM)","Revithoussa, Greece (GR REV)",AL SAFLIYA,308768343,"23 октября 2026 г., 05:30 UTC",Танкер для перевозки сжиженного природного газа · флаг: Багамские Острова · Underway using Engine · возраст: 19 лет,0.0
2026-09-09,9397353,121939.0,148766.0,315.0,50.0,9.4,0.1,17.0,2009,Маршалловы острова,Газовоз (LNG Tanker / Q-Flex LNG),На якоре (At anchor),HIGH,"Bonny LNG, Nigeria (NG BNL)","Gate Terminal Rotterdam, Netherlands (NL RTM)",ONAIZA,538027562,30 мая 2026 г,Газовоз · флаг: Маршалловы острова · На якоре (At anchor) · возраст: 17 лет,0.0
2026-09-09,9338266,121935.0,136685.0,315.0,50.0,9.0,0.4,18.0,2008,Маршалловы Острова,Танкер для перевозки сжиженного природного газа / СПГ-газовоз (LNG Tanker / Q-Flex),на позиции/ожидание,EXTREME,"Hammerfest LNG, Norway (NO HAM)","Tianjin, China (CN TJN)",AL AAMRIYA,538003099,14 мая 2026 г,Танкер для перевозки сжиженного природного газа / СПГ-газовоз · флаг: Маршалловы Острова · на позиции · возраст: 18 лет,0.0
2026-09-09,9360817,121914.0,136685.0,305.57,50.0,9.3,14.0,18.0,2008,Маршалловы Острова,"Танкер для перевозки сжиженного природного газа (LNG Tanker, Q-Flex)",At Anchor / На якорной стоянке,LOW,"Hammerfest LNG, Norway (NO HAM)","Fos-sur-Mer, France (FR FOS)",FRAIHA,538842862,"21 сентября 2026 г., 19:00 UTC",Танкер для перевозки сжиженного природного газа · флаг: Маршалловы Острова · At Anchor · возраст: 18 лет,0.0
2026-09-09,9397341,121913.0,148734.0,315.0,50.0,9.4,0.1,17.0,2009,Маршалловы острова,Газовоз (LNG Tanker / Q-Flex LNG),Судно находится в районе якорной стоянки Мумбаи (MUMBAI OPL — Outer Port Limit). Плановая дата прибытия — 12 июня 2026 года,HIGH,"Gladstone LNG, Australia (AU GLA)","Revithoussa, Greece (GR REV)",AL SADD,538139526,"11 октября 2026 г., 00:15 UTC",Газовоз · флаг: Маршалловы острова · Судно находится в районе якорной стоянки Мумбаи (MUMBAI OPL — Outer Port Limit). Плановая дата прибытия — 12 июня 2026 года · возраст: 17 лет,0.0
2026-09-09,9337951,121823.0,137535.0,315.0,50.0,9.5,0.2,19.0,2007,Багамские Острова,"Танкер для перевозки сжиженного природного газа / СПГ-газовоз (LNG Tanker / Q-Flex, классификация HAZ-D)",At Anchor / На якорной стоянке,EXTREME,"Gladstone LNG, Australia (AU GLA)","Shanghai LNG, China (CN SHA)",AL RUWAIS (ранее также упоминается как Alexandra),309904000,25 июля 2026 г,Танкер для перевозки сжиженного природного газа / СПГ-газовоз · флаг: Багамские Острова · At Anchor · возраст: 19 лет,0.0
2026-09-09,9337975,121639.0,137535.0,315.0,50.0,9.5,2.3,18.0,2008,Багамские острова,Газовоз для перевозки сжиженного природного газа (LNG Tanker / Q-Flex),"На текущий момент судно находится в Индийском океане (район Маврикия/Реюньона), демонстрируя крайне низкую скорость (ок. 0.9—2.3 узла), что часто характерно для ожидания очереди на вход в терминал или получения новых операционных указаний",LOW,"Darwin LNG, Australia (AU DRW)","Yokohama, Japan (JP YOK)",DUHAIL,308585174,1 июля 2026 г,Газовоз для перевозки сжиженного природного газа · флаг: Багамские острова · На текущий момент судно находится в Индийском океане (район Маврикия · возраст: 18 лет,0.0
2026-09-09,9965423,119850.0,146217.0,293.5,46.0,9.3,2.7,16.0,2010,Либерия [LR],LNG Tanker (Танкер-газовоз),Under way using engine,LOW,"CHHARA (Терминал Чхара, Индия)","Fos-sur-Mer, France (FR FOS)",GAS 5423,636022749,25 апреля 2026 г,"LNG Tanker · флаг: Либерия [LR] · отход: CHHARA (Терминал Чхара, Индия) · Underway using Engine",0.85
2026-09-09,9200316,119850.0,146217.0,290.0,46.0,8.6,11.3,8.0,2018,Япония,LNG Tanker (Танкер для перевозки сжиженного природного газа),Underway using Engine (На ходу),LOW,"SIKKA ANCH (Сикка, Индия)",Данные о конечном порте (TBA) на момент последнего сигнала не были обновлены,LNG JAMAL,432278000,"21 сентября 2026 г., 08:15 UTC",JAPAN,0.0
2026-09-09,9211872,118050.0,144021.0,293.5,46.0,7.0,0.1,24.0,2002,Малайзия,LNG Tanker (Танкер для перевозки сжиженного природного газа),Moored (Пришвартовано),HIGH,"MY PGU (Пасир-Гуданг, Малайзия), выход 19 июля 2025 г","MY PGG (Пенгеранг, Малайзия)",PACIFIC 1872,533735000,"23 октября 2026 г., 11:15 UTC",челночных операциях внутри одного энергетического кластера без сброса старого маршрутного задания в AIS,0.0
2026-09-09,9748899,116450.0,142069.0,289.93,45.65,9.3,16.7,23.0,2003,Бермудские острова [BERMUDA],LNG Tanker (Газовоз СПГ),Under way using engine,LOW,Неизвестен (загрузка данных ограничена),SPALG,AZURE 8899,310772000,22 апреля 2026 г,LNG Tanker · флаг: Бермудские острова [BERMUDA] · маршрут: Неизвестен (загрузка данных ограничена) → балласте (пустым) или с минимальным остатком груза · Underway using Engine,0.419
2026-09-09,9307190,116300.0,141886.0,283.06,43.4,6.5,14.0,13.0,2013,Индонезия,LNG Tanker (Танкер для перевозки сжиженного природного газа),Moored (Пришвартовано),LOW,"ID PSS (Бату-Ампар, Индонезия)","Yokohama, Japan (JP YOK)",ENERGY 7190,525901876,"30 сентября 2026 г., 11:30 UTC",INDONESIA,0.0
2026-09-09,9213416,116200.0,141764.0,276.02,43.43,7.0,14.0,26.0,2000,Либерия,LNG Tanker (Танкер для перевозки сжиженного природного газа),Out of Service / Выведено из эксплуатации,HIGH,Якорная стоянка Читтагонг (Chittagong Anch),"CHITTAGONG BREAKYARD (Площадка по разборке судов, Читтагонг)",AZURE 3416,636022727,15 марта 2025 г. в 13:16 UTC+6,Liberia,0.0
2026-09-09,9626273,115800.0,141276.0,285.12,43.4,9.5,16.8,24.0,2002,БЕРМУДСКИЕ ОСТРОВА,LNG Tanker (Танкер для перевозки сжиженного природного газа),Underway using Engine (На ходу),LOW,"Йокогама, Япония (JP YOK)","Дампир, АВСТРАЛИЯ (AU DAM)",GASLOG SYDNEY,636574179,5 июня 2026 г,BERMUDA,0.0
2026-09-09,9976927,115250.0,140605.0,3.0,13.0,11.1,14.3,15.0,2011,LIBERIA,LNG Tanker (Танкер для перевозки сжиженного природного газа),"Underway using Engine (На ходу, используется двигатель)",LOW,"AE AUH (Abu Dhabi, ОАЭ)","KW MZR (Mina Al Zour, Кувейт)",LEBRETHAH,636024601,5 мая 2026 г. в 06:00 (UTC+3),Либерия,0.0
2026-09-09,9801524,114674.0,105500.0,250.0,44.0,11.9,0.3,9.0,2017,Багамские острова,LNG Tanker / LNGC,Under way using engine,LOW,"Houston, USA (US HOU)",ESALG,VESSEL 1524,311000695,4 июня 2026 г,"ближневосточном секторе логистики нефти, включая частые заходы в порты Саудовской Аравии (Янбу) и Египта (EGAS LNG, Порт-Саид)",0.413
2026-09-09,9337717,113861.0,136410.0,315.0,50.0,12.2,0.6,18.0,2008,Оман,Судно для перевозки сжиженного природного газа / Газовоз СПГ (LNG Tanker - HAZ-D),At Anchor / На якорной стоянке,EXTREME,"Cove Point LNG, USA (US COV)","Ningbo, China (CN NGB)",AL GHARRAFA,461000261,5 августа 2026 г,Судно для перевозки сжиженного природного газа / Газовоз СПГ · флаг: Оман · At Anchor · возраст: 18 лет,0.0
2026-09-09,9360867,113609.0,136355.0,315.0,50.0,9.4,14.0,18.0,2008,Маршалловы Острова,Газовоз (LNG Tanker),На ходу (в пути),HIGH,"Гибралтар (рейд), отход 3 апреля 2026 г. (судно находилось в длительном переходе)",порт Рас-Лаффан (Ras Laffan),AL UTOURIYA,538174902,3 апреля 2026 г,"Газовоз · флаг: Маршалловы Острова · маршрут: Гибралтар (рейд), отход 3 апреля 2026 г. (судно находилось в длительном переходе) → порт Рас-Лаффан (Ras Laffan) · На ходу (в пути) · возраст: 18 лет",0.0
2026-09-09,9337705,113590.0,136410.0,315.0,50.0,9.7,0.1,19.0,2007,Оман,Судно для перевозки сжиженного природного газа / Газовоз СПГ (LNG Tanker),At Anchor / На якорной стоянке,EXTREME,"Corpus Christi LNG, USA (US CRP)","Shanghai LNG, China (CN SHA)",AL GATTARA,461000261,"17 октября 2026 г., 07:00 UTC",долгосрочных цепочках поставок энергоносителей с Ближнего Востока на мировые рынки (включая Азию и Европу),0.0
2026-09-09,9795062,113416.0,62150.0,249.84,43.8,9.0,14.0,7.0,2019,Сингапур,"Танкер для перевозки сырой нефти (Aframax / LR2, LNG Dual-Fuel)",At Anchor / На якорной стоянке,LOW,"Sabine Pass LNG, USA (US SAB)","Incheon, South Korea (KR INC)",EAGLE BRASILIA,567660993,"22 октября 2026 г., 16:15 UTC",Танкер для перевозки сырой нефти · флаг: Сингапур · At Anchor · возраст: 7 лет,0.0
2026-09-09,9554729,111500.0,136030.0,99.37,17.2,4.7,14.0,16.0,2010,ЯПОНИЯ,LNG Tanker (Танкер для перевозки сжиженного природного газа),Moored (Ошвартован),LOW,"Хакодате, Япония (JP HKD)","Хакодате, ЯПОНИЯ (Hakodate / JP AOM OFF)",AKEBONO MARU,432558821,23 мая 2026 г,JAPAN,0.0
2026-09-09,9207039,110850.0,99765.0,272.69,46.24,6.9,6.5,8.0,2018,США,Crude Oil Tanker (Танкер для сырой нефти),Under way using engine,LOW,"Лонг-Бич (US LGB), США. Выход — 18 апреля 2026 г. в 19:54 UTC-7",SE KOG,PACIFIC 7039,245286000,24 апреля 2026 г. в 23:00 UTC-8,United States of America,0.656
2026-09-09,9923437,109999.0,66970.0,249.94,44.0,10.6,0.0,4.0,2022,Сингапур,Танкер для сырой нефти / Продуктовоз класса Aframax / LR2 (Crude Oil Tanker / LNG dual-fuel),Moored,LOW,"Гданьск, Польша (Gdansk, Poland)",GOLA > USPON,PROTEUS BOHEMIA,563173900,30 августа 2026 г,"Танкер для сырой нефти / Продуктовоз класса Aframax / LR2 · флаг: Сингапур · маршрут: Гданьск, Польша (Gdansk, Poland) → Хьюстон, США / Houston, United States, плановое · Underway using Engine · возраст: 4 лет",0.842
2026-09-09,9360893,109662.0,133788.0,315.16,50.0,9.5,0.1,18.0,2008,Багамские острова,Газовоз (LNG Tanker / Q-Flex LNG),На якоре (At anchor),HIGH,"Sabetta, Russia (RU SAB)","Tianjin, China (CN TJN)",AL SHAMAL,308961401,"1 октября 2026 г., 17:45 UTC",Газовоз · флаг: Багамские острова · На якоре (At anchor) · возраст: 18 лет,0.0
2026-09-09,9360881,109484.0,135848.0,315.0,50.0,9.6,14.0,18.0,2008,Багамские острова,Газовоз для перевозки сжиженного природного газа (LNG Tanker / Q-Flex),На ходу (Under way),LOW,"Darwin LNG, Australia (AU DRW)","Gate Terminal Rotterdam, Netherlands (NL RTM)",AL KHARSAAH,309480580,"17 сентября 2026 г., 02:15 UTC",Газовоз для перевозки сжиженного природного газа · флаг: Багамские острова · На ходу (Under way) · возраст: 18 лет,0.0
2026-09-09,9477593,108200.0,132004.0,290.0,45.8,11.8,18.1,16.0,2010,Норвегия,LNG Tanker (Танкер для перевозки сжиженного природного газа),Under way (На ходу),LOW,"Gladstone LNG, Australia (AU GLA)","Fos-sur-Mer, France (FR FOS)",RIBERA DEL DUERO KNUTSEN,259082000,21 июня 2026 г,LNG Tanker · флаг: Норвегия · Under way (На ходу) · возраст: 16 лет,0.0
2026-09-09,9970569,107840.0,130695.0,298.0,51.0,11.3,0.0,1.0,2025,Маршалловы Острова,Танкер для перевозки сжиженного природного газа (LNG Tanker),Moored,LOW,"Bintulu LNG, Malaysia (MY BTU)",DEWVN,VENTURE PELICAN,538011558,28 июня 2026 г,обеспечении экспортных поставок СПГ с терминалов компании в США (последний порт захода — Venture Global Plaquemines LNG Terminal),0.419
2026-09-09,9886732,107662.0,131348.0,299.8,48.9,9.3,19.3,4.0,2022,Мальта IMO номер: 9886732 Год постройки: 2022,Газовоз для перевозки СПГ (LNG Tanker),"На ходу (использует двигатель).Маршрут: Пункт назначения не указан (в пути).Операционные данные: Текущая скорость — около 19.3 узлов, осадка — 9.3 м. История: Последний зафиксированный порт захода — Дахедж (Dahej), Индия, который судно покинуло 17 мая 2026 года. Эксплуатация и управлениеЗарегистрированный владелец: PLATIA SHIPPING LTD. Коммерческий и технический менеджер (ISM): DYNAGAS LTD (Греция). Эксплуатационный и санкционный статусСанкционный статус: Судно не находится под международными санкциями. Профиль: CLEAN CAJUN — современный крупнотоннажный СПГ-газовоз, введенный в эксплуатацию в 2022 году. Судно находится в управлении известной компании Dynagas и задействовано в глобальных энергетических цепочках поставок. Оно является высокотехнологичным коммерческим активом, работает в строгом соответствии с международными стандартами отрасли и не имеет рискованного профиля",LOW,"Bonny LNG, Nigeria (NG BNL)","Gate Terminal Rotterdam, Netherlands (NL RTM)",CLEAN CAJUNТип судна: Газовоз для перевозки СПГ (LNG Tanker),229014124,"29 октября 2026 г., 03:00 UTC","глобальных энергетических цепочках поставок. Оно является высокотехнологичным коммерческим активом, работает в строгом соответствии с международными стандартами отрасли и не имеет рискованного профиля",0.0
2026-09-09,9943504,107661.0,128653.0,299.78,48.9,9.6,15.6,2.0,2024,Мальта,LNG Tanker,Underway using Engine / В пути,LOW,"Bintulu LNG, Malaysia (MY BTU)","поисках следующего коммерческого назначения или следует к месту ожидания погрузки/разгрузки, характерному для глобальной логистики сжиженного природного газа",CLEAN FUTURE,256223000,"28 октября 2026 г., 10:00 UTC","LNG Tanker · флаг: Мальта · следует в: поисках следующего коммерческого назначения или следует к месту ожидания погрузки/разгрузки, характерному для глобальной логистики сжиженного природного газа · Underway using Engine · возраст: 2 лет",0.0
2026-09-09,1013494,107650.0,131333.0,293.5,46.0,10.5,2.2,18.0,2008,ГОНКОНГ,LNG Tanker (Танкер для перевозки сжиженного природного газа),Restricted Manoeuvrability (Ограниченная маневренность),LOW,"Далянь, Китай (CN DAL)","Yokohama, Japan (JP YOK)",SEA ENERGY,477495181,"31 августа 2026 г., 20:30 UTC",HONG KONG,0.0
2026-09-09,9943475,107573.0,128653.0,299.78,48.9,11.8,6.0,3.0,2023,Мальта IMO номер: 9943475 Год постройки: 2023,Газовоз для перевозки сжиженного природного газа (LNG Tanker / Large),Under way using engine,LOW,"Angola LNG, Angola (AO LNG)",OPEN SEA FOR ORDERS,CLEAN RESOLUTIONТип судна: Газовоз для перевозки сжиженного природного газа (LNG Tanker / Large),256232000,"5 октября 2026 г., 13:30 UTC","международных логистических цепочках по перевозке СПГ, совершая регулярные рейсы между терминалами США и ключевыми рынками Азии",0.418
2026-09-09,9994008,107544.0,128679.0,300.0,49.0,9.2,16.2,0.0,2026,Мальта,Танкер для перевозки сжиженного природного газа (LNG Tanker).,At Anchor / На якорной стоянке,LOW,"Gladstone LNG, Australia (AU GLA)","Zeebrugge LNG, Belgium (BE ZEE)",AZURE 4008,215668204,15 июня 2026 г,Танкер для перевозки сжиженного природного газа · флаг: Мальта · At Anchor,0.0
2026-09-09,9994034,107499.0,128679.0,300.0,49.0,9.6,14.0,0.0,2026,Мальта,Газовоз (LNG Tanker),Ограниченный в маневрировании (Restricted / Restricted maneuverability),LOW,"Sabine Pass LNG, USA (US SAB)","Gate Terminal Rotterdam, Netherlands (NL RTM)",CLEAN RIO GRANDE,215394390,"12 октября 2026 г., 16:15 UTC",Газовоз · флаг: Мальта · Ограниченный в маневрировании (Restricted,0.0
2026-09-09,9967342,107398.0,128653.0,300.0,49.0,11.5,14.9,0.0,2026,Мальта,Судно для перевозки сжиженного природного газа / Газовоз (LNG Tanker),Underway using Engine / В пути,LOW,"Sabetta, Russia (RU SAB)",В ОТКРЫТОМ МОРЕ ПО РАСПОРЯЖЕНИЮ / OPEN SEA FOR ORDERS,CLEAN SIROCCO,249229000,25 августа 2026 г,Судно для перевозки сжиженного природного газа / Газовоз · флаг: Мальта · следует в: В ОТКРЫТОМ МОРЕ ПО РАСПОРЯЖЕНИЮ / OPEN SEA FOR ORDERS · Underway using Engine,0.0
2026-09-09,9967328,107386.0,128653.0,300.0,49.0,9.6,13.8,1.0,2025,Мальта,Газовоз (LNG Tanker / Large),Underway using Engine / В пути,LOW,"Darwin LNG, Australia (AU DRW)","Incheon, South Korea (KR INC)",CLEAN MISTRAL,229233267,"19 сентября 2026 г., 08:30 UTC",Газовоз · флаг: Мальта · Underway using Engine · возраст: 1 лет,0.0
2026-09-09,9372963,106200.0,129564.0,280.6,44.04,9.6,14.0,17.0,2009,PANAMA,LNG Tanker (Танкер для перевозки сжиженного природного газа).,Moored (Пришвартовано),LOW,"KR PTK (Пхёнтхэк, Южная Корея)","US NSS (Сабин-Пасс, США)",LNG KOLT,9372963,8 мая 2026 г,Панама,0.0
2026-09-09,9074638,105250.0,128405.0,290.14,48.19,9.8,16.1,19.0,2007,ЛИБЕРИЯ,LNG Tanker (Танкер для перевозки сжиженного природного газа),Underway using Engine (На ходу),LOW,"Кисарадзу, Япония (JP KZU)",Сингапур (SG SIN),MRAWEH,636898097,27 мая 2026 г,LIBERIA,0.0
2026-09-09,9759252,104950.0,128039.0,293.5,46.0,10.1,0.5,2.0,2024,PANAMA,LNG Tanker (Танкер для перевозки сжиженного природного газа),At Anchor / На якорной стоянке,LOW,"JP ISI (Исикари, Япония)","US LCH (Лейк-Чарльз, США)",MARVEL PELICAN,9759252,9 мая 2026 г,Панама,0.0
2026-09-09,9253703,104900.0,127978.0,276.99,43.5,9.0,0.1,10.0,2016,МАЛЬТА,LNG Tanker (Танкер для перевозки сжиженного природного газа),At Anchor (На якоре),LOW,"Дахедж, Индия (IN DAH)","Порбандар, ИНДИЯ (IN PBD)",RAAHI,229037863,9 апреля 2026 г,MALTA,0.0
2026-09-09,9383900,100800.0,122976.0,298.0,45.8,8.9,3.2,14.0,2012,Сингапур,Танкер для перевозки сжиженного природного газа (LNG Tanker),На ходу с использованием двигателя (Underway using Engine),LOW,"Пасир-Гуданг, Малайзия",Для получения приказов (FOR ORDERS),BW ENN CRYSTAL SKY,566914543,"24 октября 2026 г., 22:00 UTC","Танкер для перевозки сжиженного природного газа · флаг: Сингапур · маршрут: Пасир-Гуданг, Малайзия → Для получения приказов (FOR ORDERS) · На ходу с использованием двигателя (Underway using Engine)",0.0
2026-09-09,9413327,100395.0,109949.0,298.0,45.8,11.5,14.0,15.0,2011,Сингапур,Судно для перевозки сжиженного природного газа / LNG Tanker,At Anchor / На якорной стоянке,LOW,"Пенья-Бланка (якорная стоянка), Панама (Pena Blanca Anch., Panama)","Barcelona Regas, Spain (ES BCN)",BW CLEAR SKY,563223100,9 августа 2026 г,"Судно для перевозки сжиженного природного газа / LNG Tanker · флаг: Сингапур · отход: Пенья-Бланка (якорная стоянка), Панама (Pena Blanca Anch., Panama) · At Anchor · возраст: 15 лет",0.0
2026-09-09,9401295,100121.0,110920.0,290.0,45.8,9.2,14.0,16.0,2010,Испания,"СПГ-танкер (LNG Tanker, Membrane Type)",Underway using Engine / В пути,LOW,"Tangguh LNG, Indonesia (ID TGH)",порт Китимат (Kitimat),ENERGY 1295,224493706,27 июня 2026 г,СПГ-танкер · флаг: Испания · следует в: порт Китимат (Kitimat) · Underway using Engine · возраст: 16 лет,0.0
2026-09-09,9613135,100030.0,114238.0,290.0,46.95,9.8,14.0,11.0,2015,Гонконг,"СПГ-танкер (LNG Tanker, Membrane Type)",Underway using Engine / В пути,LOW,"Corpus Christi LNG, USA (US CRP)",порт Порт-Морсби (Папуа — Новая Гвинея),PAPUA,477084222,29 июня 2026 г,"долгосрочном проекте PNG LNG (ExxonMobil). Регулярно осуществляет рейсы между терминалом в Папуа — Новой Гвинее и азиатскими рынками (Южная Корея, Китай)",0.0
2026-09-09,9414632,100002.0,110920.0,290.0,45.8,6.6,14.0,16.0,2010,Испания,Газовоз (LNG Tanker / Moss-type),At Anchor / На якорной стоянке,LOW,"Sabine Pass LNG, USA (US SAB)","Gate Terminal Rotterdam, Netherlands (NL RTM)",SEVILLA KNUTSEN,224869344,"10 октября 2026 г., 03:15 UTC",Газовоз · флаг: Испания · At Anchor · возраст: 16 лет,0.0
2026-09-09,9918016,99824.0,130353.0,299.9,47.0,9.6,14.0,0.0,2026,Панама,"Танкер для перевозки сжиженного природного газа (LNG Tanker, Large)",Underway using Engine / В пути,LOW,"Bonny LNG, Nigeria (NG BNL)","Incheon, South Korea (KR INC)",LEV LANDAUIMO номер: 9918016,373386825,"9 сентября 2026 г., 18:45 UTC",Танкер для перевозки сжиженного природного газа · флаг: Панама · Underway using Engine,0.0
2026-09-09,9918004,99824.0,130353.0,299.0,47.0,9.6,14.0,0.0,2026,Панама IMO номер: 9918004 Год постройки: 2026,LNG танкер (LNG Tanker),"Статус не определен (данные AIS неактивны более 300 дней).Местоположение: Согласно последним AIS-данным, судно находилось в Персидском заливе. Текущий рейс: Пункт назначения и время прибытия (ETA) не определены.История и эксплуатацияИстория: Судно было изначально заказано российской компанией «Совкомфлот», однако контракт был расторгнут в 2022 году из-за санкционных ограничений. Верфь Hanwha Ocean завершила строительство судна, которое в 2026 году было зарегистрировано под флагом Панамы. Статус: Судно является новым активом, его операционный статус в настоящее время не подтвержден публичными данными AIS",LOW,"Darwin LNG, Australia (AU DRW)","Shanghai LNG, China (CN SHA)",PYOTR KAPITSAТип судна: LNG танкер (LNG Tanker),353147114,"5 сентября 2026 г., 20:30 UTC","LNG танкер · флаг: Панама IMO номер: 9918004 Год постройки: 2026 · Статус не определен (данные AIS неактивны более 300 дней).Местоположение: Согласно последним AIS-данным, судно находилось в Персидском заливе. Текущий рейс: Пункт назначения и время прибытия (ETA) не определены.История и эксплуатацияИстория: Судно было изначально заказано российской компанией «Совкомфлот», однако контракт был расторгнут в 2022 году из-за санкционных ограничений. Верфь Hanwha Ocean завершила строительство судна, которое в 2026 году было зарегистрировано под флагом Панамы. Статус: Судно является новым активом, его операционный статус в настоящее время не подтвержден публичными данными AIS",0.0
2026-09-09,9200926,99650.0,89685.0,246.5,42.04,7.5,12.0,10.0,2016,Данные в системе отсутствуют,Crude Oil Tanker (Танкер для сырой нефти),Scrapped / Утилизировано,HIGH,"TH SRI (Шри-Рача, Таиланд)","IN ALA (Аланг, Индия)",LION II,636371985,"4 сентября 2026 г., 20:15 UTC","Crude Oil Tanker · флаг: Данные в системе отсутствуют · маршрут: TH SRI (Шри-Рача, Таиланд) → IN ALA (Аланг, Индия) · Scrapped",0.0
2026-09-09,9200859,99500.0,91540.0,104.99,19.05,4.4,11.5,26.0,2000,Панама,Oil Products Tanker (Танкер для нефтепродуктов),Scrapped / Утилизировано,HIGH,"OM KHS (Хасаб, Оман)","OM DQM (Дукм, Оман)",ANNECY,356577000,"4 октября 2026 г., 09:45 UTC",PANAMA,0.0
2026-09-09,9337729,99300.0,121146.0,315.16,50.0,11.5,15.3,23.0,2003,MARSHALL ISLANDS,LNG Tanker (Танкер для перевозки сжиженного природного газа),Underway using Engine (На ходу под мотором),LOW,"OM QAL (Кальхат, Оман)","JP TYO (Токио, Япония)",MESAIMEER,538003360,22 мая 2026 г. в 06:00 (UTC+9),Маршалловы Острова,0.0
2026-09-09,9692014,99025.0,115995.0,299.5,46.0,9.5,13.9,10.0,2016,Бермудские острова,Танкер для перевозки сжиженного природного газа (LNG Tanker),На ходу (Under way using Engine),LOW,"Darwin LNG, Australia (AU DRW)",Сингапур,LNG LAGOS II,636548567,11 июня 2026 г,Танкер для перевозки сжиженного природного газа · флаг: Бермудские острова · следует в: Сингапур · На ходу (Under way using Engine) · возраст: 10 лет,0.0
2026-09-09,9771913,98747.0,119660.0,297.9,47.9,9.5,12.4,8.0,2018,Панама,СПГ-танкер (LNG Carrier),Under way using engine,LOW,"Sabine Pass LNG, USA (US SAB)",USCMU,LNG SCHNEEWEISSCHEN,357315000,1 июля 2026 г,"«теневом флоте» и полностью легитимно.Технологии: Судно оснащено современными двигателями X-DF и системой регазификации (MRS-F), что делает его высокоэффективным и экологичным активом. 4. РезюмеLNG SCHNEEWEISSCHEN — современный, высокотехнологичный и юридически чистый актив. Риски взаимодействия с ним отсутствуют; судно является полностью прозрачным объектом для коммерческой деятельности",0.419
2026-09-09,9877145,98396.0,119891.0,298.0,48.0,9.5,18.9,5.0,2021,Кипр,Газовоз для перевозки СПГ (LNG Tanker),На ходу (Under way),LOW,"Gladstone LNG, Australia (AU GLA)","Shanghai LNG, China (CN SHA)",GAIL BHUWAN,210420597,"9 сентября 2026 г., 15:00 UTC",поставки газа из США и других регионов на индийский рынок и мировые хабы,0.0
2026-09-09,9761841,98344.0,115541.0,295.0,46.4,9.3,0.0,9.0,2017,Панама,LNG Tanker (танкер для перевозки сжиженного природного газа).,Moored,LOW,"Gladstone LNG, Australia (AU GLA)",KRJIP->USSAB,AZURE 1841,374219000,12 июня 2026 г,LNG Tanker · флаг: Панама · следует в: порт Сабин (Sabine) · At Anchor · возраст: 9 лет,0.656
2026-09-09,9761827,97975.0,115716.0,295.0,46.4,11.4,15.8,9.0,2017,Панама,"Танкер для перевозки сжиженного природного газа (LNG Tanker, Large)",Underway using Engine / В пути,LOW,"Bintulu LNG, Malaysia (MY BTU)",порт Йосу (Yeosu,SM EAGLE,351052155,25 июня 2026 г,Танкер для перевозки сжиженного природного газа · флаг: Панама · следует в: порт Йосу (Yeosu · Underway using Engine · возраст: 9 лет,0.0
2026-09-09,9796793,97955.0,149367.0,297.5,48.94,9.6,12.3,7.0,2019,Багамские острова,Газовоз (LNG Tanker),На ходу под двигателем (Under way),LOW,"Йоккаити (Yokkaichi), Япония (отход 9 июня 2026 г.)","Revithoussa, Greece (GR REV)",BUSHU MARU,309894667,1 июля 2026 г,"Газовоз · флаг: Багамские острова · отход: Йоккаити (Yokkaichi), Япония (отход 9 июня 2026 г.) · На ходу под двигателем (Under way) · возраст: 7 лет",0.0
2026-09-09,9774628,97917.0,149367.0,297.5,48.9,10.3,14.2,8.0,2018,Багамские Острова,LNG Tanker / LNGC,At Anchor / На якорной стоянке,LOW,"Shanghai, China (CN SHA)",порт Дюнкерк (Франция) с ожидаемым временем прибытия (ETA) 17 июня 2026 года,ATLAS 4628,308476030,"6 сентября 2026 г., 02:30 UTC",флаг: Багамские Острова · следует в: порт Дюнкерк (Франция) с ожидаемым временем прибытия (ETA) 17 июня 2026 года · At Anchor · возраст: 8 лет,0.0
2026-09-09,1018676,97552.0,119013.0,299.0,48.0,11.1,19.4,0.0,2026,Маршалловы Острова,Газовоз (LNG Tanker / Large),Underway using Engine / В пути,LOW,"Bonny LNG, Nigeria (NG BNL)",порт Дамиетта (Dumyat),CELSIUS GEORGETOWN,538281786,25 июня 2026 г,Газовоз · флаг: Маршалловы Острова · следует в: порт Дамиетта (Dumyat) · Underway using Engine,0.0
2026-09-09,9810549,97494.0,122166.0,298.97,48.0,9.4,15.8,7.0,2019,Панама,Газовоз (LNG Tanker),Underway using Engine / В пути,LOW,"Gladstone LNG, Australia (AU GLA)","Yokohama, Japan (JP YOK)",PRISM AGILITY,355992852,25 июля 2026 г,Газовоз · флаг: Панама · Underway using Engine · возраст: 7 лет,0.0
2026-09-09,9768368,96958.0,128806.0,299.0,50.0,10.3,10.0,9.0,2017,"Кипр (CY). Габариты: Длина (LOA) 299.00 м, ширина 50.00 м. Тоннаж:",LNG Tanker / LNGC,Underway using Engine / В пути,EXTREME,"Shanghai, China (CN SHA)",северном направлении.3. Анализ комплаенс-профиляСанкционный статус: Судно официально НЕ находится под прямыми международными блокирующими санкциями (OFAC,MARITIME 8368,212654000,"6 сентября 2026 г., 23:30 UTC","флаг: Кипр (CY). Габариты: Длина (LOA) 299.00 м, ширина 50.00 м. Тоннаж: · следует в: северном направлении.3. Анализ комплаенс-профиляСанкционный статус: Судно официально НЕ находится под прямыми международными блокирующими санкциями (OFAC · Underway using Engine · возраст: 9 лет",0.0
2026-09-09,9200835,96900.0,87210.0,332.95,58.0,22.0,0.2,25.0,2001,Сан-Марино,Crude Oil Tanker (Танкер для сырой нефти),At Anchor (На якоре),HIGH,CS PROSPERITY,HIGHSEA (Открытое море),DENNIE,268251384,"4 сентября 2026 г., 16:30 UTC",SAN MARINO,0.0
2026-09-09,9768382,96847.0,128806.0,299.0,50.0,10.3,19.7,8.0,2018,Кипр,LNG Tanker / LNGC,Underway using Engine / В пути,LOW,"Fujairah, UAE (AE FUJ)","Houston, USA (US HOU)",PACIFIC 8382,212770000,"30 октября 2026 г., 18:45 UTC",флаг: Кипр · Underway using Engine · возраст: 8 лет,0.0
2026-09-09,9750701,96844.0,128806.0,299.0,50.05,10.3,11.3,12.0,2014,Гонконг (HK),LNG Tanker / LNGC,Underway using Engine / В пути,HIGH,"Piraeus, Greece (GR PIR)",западном направлении),VESSEL 0701,477150100,9 июня 2026 г,флаг: Гонконг (HK) · следует в: западном направлении) · Underway using Engine,0.0
2026-09-09,9750737,96840.0,128969.0,299.0,50.0,10.8,14.0,7.0,2019,Багамские острова,"Танкер для перевозки сжиженного природного газа (LNG Tanker, Ice Class Arc7)",Underway using Engine / В пути,HIGH,"Darwin LNG, Australia (AU DRW)","Zeebrugge LNG, Belgium (BE ZEE)",VLADIMIR VORONIN,308431784,"11 сентября 2026 г., 23:00 UTC",Танкер для перевозки сжиженного природного газа · флаг: Багамские острова · Underway using Engine · возраст: 7 лет,0.0
2026-09-09,9768370,96839.0,128806.0,299.0,50.0,10.3,18.7,9.0,2017,Кипр,LNG Tanker / LNGC,Underway using Engine / В пути,LOW,"Yokohama, Japan (JP YOK)",южном направлении,OCEAN 8370,212660000,9 июня 2026 г,флаг: Кипр · следует в: южном направлении · Underway using Engine · возраст: 9 лет,0.0
2026-09-09,9750672,96839.0,128969.0,299.0,50.0,12.0,14.0,7.0,2019,Багамские острова,"Танкер для перевозки сжиженного природного газа (LNG Tanker, Ice Class Arc7)",Underway using Engine / В пути,HIGH,"Sabetta, Russia (RU SAB)","Yokohama, Japan (JP YOK)",YAKOV GAKKEL,309024296,27 июня 2026 г,Танкер для перевозки сжиженного природного газа · флаг: Багамские острова · Underway using Engine · возраст: 7 лет,0.0
2026-09-09,9750725,96821.0,128969.0,299.0,50.0,10.4,14.0,7.0,2019,Багамские острова,"Танкер для перевозки сжиженного природного газа (LNG Tanker, Ice Class Arc7)",Underway using Engine / В пути,HIGH,"Hammerfest LNG, Norway (NO HAM)","Revithoussa, Greece (GR REV)",NIKOLAY YEVGENOV,308559093,"8 сентября 2026 г., 14:30 UTC","цепочках экспорта российского СПГ, что делает его объектом повышенного внимания со стороны западных регуляторов. Использование таких активов в текущей геополитической ситуации может привести к вторичным санкциям и серьезным репутационным осложнениям",0.0
2026-09-09,9750749,96796.0,128969.0,299.0,50.0,12.2,14.0,7.0,2019,Багамские острова,"Газовоз (LNG Tanker, ледовый класс ARC7)",На ходу (Under way),LOW,"Tangguh LNG, Indonesia (ID TGH)",район по распоряжению («FOR ORDERS»),GEORGIY USHAKOV,309776312,"11 октября 2026 г., 02:15 UTC",Газовоз · флаг: Багамские острова · следует в: район по распоряжению («FOR ORDERS») · На ходу (Under way) · возраст: 7 лет,0.0
2026-09-09,9750713,96703.0,128975.0,299.0,50.0,10.9,18.9,8.0,2018,Багамские острова,LNG Tanker / LNGC,Underway using Engine / В пути,LOW,"Fujairah, UAE (AE FUJ)",северном направлении с высокой скоростью. Статус «FOR ORDERS» и курс в открытую Атлантику могут указывать на то,OCEAN 0713,311000627,13 июня 2026 г,логистической цепочке поставок СПГ с проекта «Ямал СПГ» (порт Сабетта),0.0
2026-09-09,9360908,96550.0,117791.0,315.06,50.03,9.4,12.6,20.0,2006,Багамские острова,Танкер для перевозки сжиженного природного газа (LNG Tanker),На ходу с использованием двигателя (Underway using Engine),LOW,Сингапур (Singapore Anch. 3),"Рас-Лаффан, Катар (QA RLF)",AL KHUWAIR,308924306,"25 октября 2026 г., 07:00 UTC","Танкер для перевозки сжиженного природного газа · флаг: Багамские острова · маршрут: Сингапур (Singapore Anch. 3) → Рас-Лаффан, Катар (QA RLF) · На ходу с использованием двигателя (Underway using Engine)",0.0
2026-09-09,9434266,96450.0,117669.0,290.0,45.8,9.3,16.3,18.0,2008,ИСПАНИЯ,LNG Tanker (Танкер для перевозки сжиженного природного газа),Underway using Engine (На ходу),LOW,"Цаофэйдянь, Китай (CN CFD)","Йосу, Республика Корея (KR YOS)",VALENCIA KNUTSEN,224127094,21 мая 2026 г,SPAIN,0.0
2026-09-09,9831220,96354.0,122261.0,298.97,48.0,9.4,14.8,7.0,2019,Норвегия,Газовоз (LNG Tanker),Underway using Engine / В пути,LOW,"Hammerfest LNG, Norway (NO HAM)",порт Корпус-Кристи,ADRIANO KNUTSEN,259833546,26 июня 2026 г,Газовоз · флаг: Норвегия · следует в: порт Корпус-Кристи · Underway using Engine · возраст: 7 лет,0.0
2026-09-09,9854765,96354.0,122261.0,298.97,48.0,11.2,18.0,6.0,2020,Норвегия,LNG Tanker / LNGC,"в рейсе достигала 20.5 узлов, согласно данным AIS в image_5cd0a1.jpg",LOW,"Инглсайд (США), отход 2 июня 2026 года",Ливорно (Италия),MARITIME 4765,259079942,16 июня 2026 г,"флаг: Норвегия · маршрут: Инглсайд (США), отход 2 июня 2026 года → Ливорно (Италия) · в рейсе достигала 20.5 узлов, согласно данным AIS в image_5cd0a1.jpg · возраст: 6 лет",0.0
2026-09-09,9018555,96350.0,117547.0,274.0,47.27,11.0,13.8,4.0,2022,РЕСПУБЛИКА КОРЕЯ,LNG Tanker (Танкер для перевозки сжиженного природного газа),"Underway using Engine (В пути, под управлением главного двигателя)",LOW,"Мигас ЛНГ Батуи, Индонезия (MIGAS LNG BATUI / судно вышло с терминала Donggi Senoro LNG)","Тонъён, ЮЖНАЯ КОРЕЯ (KR TYG / Tongyeong, REPUBLIC OF KOREA)",HYUNDAI UTOPIA,440002769,21 мая 2026 г,REPUBLIC OF KOREA,0.0
2026-09-09,9613161,96311.0,114166.0,290.0,46.95,11.6,14.0,10.0,2016,Гонконг,"СПГ-танкер (LNG Tanker, Membrane Type)",Underway using Engine / В пути,LOW,"Sabetta, Russia (RU SAB)","Grain LNG, UK (GB GRA)",KUMUL,477946002,"30 октября 2026 г., 04:00 UTC",СПГ-танкер · флаг: Гонконг · Underway using Engine · возраст: 10 лет,0.0
2026-09-09,9958640,96300.0,117486.0,299.0,46.0,9.4,18.7,18.0,2008,HONG KONG,LNG Tanker.,На ходу под мотором (Underway using Engine),LOW,"Ingleside, США (US YIG)",В ожидании распоряжений (FOR ORDERS),GAS 8640,477922500,"14 сентября 2026 г., 18:30 UTC",Гонконг,0.0
2026-09-09,1018688,96000.0,117120.0,299.0,48.0,9.5,14.0,0.0,2026,"Китай (ранее планировалась регистрация под флагом Сингапура) Год постройки: 2026 Габариты: Длина — 299 м, ширина — 48 м,",LNG Tanker (Танкер для перевозки сжиженного природного газа),"Судно находится на стадии завершения ходовых испытаний или начальной фазы ввода в эксплуатацию.Локация: Район порта Янкоу (Yangkou) / верфей Цзянсу, Китай. Статус: 8 июня 2026 года судно продолжает навигацию в прибрежных водах Китая, выполняя плановые мероприятия, связанные с вводом судна в эксплуатацию (включая морские испытания — «Sea Trial»).Осадка (Draught): 9.5 мАктуальность: Данные актуальны на 8 июня 2026 года.3. Анализ параметровОперационная активность: Судно построено на верфи China Merchants Heavy Industry (Jiangsu) Co. Ltd. для датской компании Celsius Shipping ApS.Управление:Коммерческий менеджер: Celsius Shipping ApS (Дания). Зарегистрированный владелец: Great Tyr Shipco 2 Ltd. Специализация: Транспортировка СПГ. Судно является высокотехнологичным активом нового поколения (LNG-New Panamax).4. Риск-профильСанкции: По состоянию на 8 июня 2026 года судно не числится в международных санкционных списках.Заключение: Объект классифицируется как «Новострой / В процессе передачи заказчику». Судно строится для международного оператора (Celsius Shipping) и проходит стандартные процедуры испытаний на верфи. Риск взаимодействия оценивается как низкий",LOW,"Hammerfest LNG, Norway (NO HAM)","Barcelona Regas, Spain (ES BCN)",ZHAOSHANG 28202 (ранее обозначалось в судостроительных документах как CHINA MERCHANTS JIANGSU CMHI-282-02),412726000,"19 сентября 2026 г., 16:15 UTC","LNG Tanker · флаг: Китай (ранее планировалась регистрация под флагом Сингапура) Год постройки: 2026 Габариты: Длина — 299 м, ширина — 48 м, · Судно находится на стадии завершения ходовых испытаний или начальной фазы ввода в эксплуатацию.Локация: Район порта Янкоу (Yangkou)",0.0
2026-09-09,9926908,95819.0,114221.0,298.97,46.4,9.3,12.2,2.0,2024,Либерия,Танкер для перевозки сжиженного природного газа / LNG Carrier (Large),Under way using engine,LOW,"Кинтеро, Чили (Quintero, Chile)",FOR ORDERS,NEW BRAVE,636024019,30 августа 2026 г,"Танкер для перевозки сжиженного природного газа / LNG Carrier · флаг: Либерия · маршрут: Кинтеро, Чили (Quintero, Chile) → Эмсхафен, Нидерланды (Eemshaven, Netherlands) · Underway using Engine · возраст: 2 лет",0.419
2026-09-09,9917579,95817.0,114180.0,299.0,46.4,11.3,17.0,3.0,2023,Панама,LNG Tanker / LNGC,Underway using Engine / В пути,LOW,порта Сабин (США) 30 мая 2026 года. Судно активно используется для трансатлантических поставок СПГ в Европу,порт Свиноуйсьце,OCEAN 7579,372828681,15 июня 2026 г,флаг: Панама · маршрут: порта Сабин (США) 30 мая 2026 года. Судно активно используется для трансатлантических поставок СПГ в Европу → порт Свиноуйсьце · Underway using Engine · возраст: 3 лет,0.0
2026-09-09,9947627,95751.0,116816.0,298.97,46.4,9.3,14.0,1.0,2025,Либерия,Танкер для перевозки СПГ (LNG Tanker),Ошвартован (Moored),LOW,"Bonny LNG, Nigeria (NG BNL)","Ningbo, China (CN NGB)",ORION HUGO,636497071,"26 октября 2026 г., 23:15 UTC",Танкер для перевозки СПГ · флаг: Либерия · Ошвартован (Moored) · возраст: 1 лет,0.0
2026-09-09,9926922,95749.0,114221.0,298.97,46.4,9.1,0.0,2.0,2024,Франция (France Flag) — первый французский международный реестр,Судно для перевозки сжиженного природного газа (LNG Carrier / HAZ-D),Moored,EXTREME,"Gladstone LNG, Australia (AU GLA)",AU GLT,ORION SINEAD,228474700,3 июля 2026 г,Судно для перевозки сжиженного природного газа · флаг: Франция (France Flag) — первый французский международный реестр · At Anchor · возраст: 2 лет,0.419
2026-09-09,9947500,95746.0,114221.0,298.97,46.4,9.5,0.0,2.0,2024,Либерия,Газовоз / LNG Tanker,Moored,LOW,"Янпу, Китай ()","FOR ORDER (судно следует без фиксированного конечного порта разгрузки, наряд/приказ ожидает подтверждения в пути)",NEW GREEN,636024356,3 августа 2026 г,"Газовоз / LNG Tanker · флаг: Либерия · маршрут: Янпу, Китай () → FOR ORDER (судно следует без фиксированного конечного порта разгрузки, наряд/приказ ожидает подтверждения в пути) · Underway using Engine · возраст: 2 лет",0.853
2026-09-09,9785158,95673.0,114758.0,295.0,46.0,9.5,0.4,8.0,2018,Либерия,Газовоз (LNG Tanker / Large),Under way using engine,LOW,"Tangguh LNG, Indonesia (ID TGH)",USA FOR ORDERS,KINISIS,636018011,22 июня 2026 г,"трансокеанских рейсах, связывающих экспортные терминалы с мировыми хабами СПГ.3. Комплаенс-профильОператор (ISM) / Менеджер: K Line Energy Shipping (UK) Ltd (Лондон, Великобритания). Собственник: Danae Gas Shipping Inc. Статус: НИЗКИЙ РИСК / НАДЕЖНЫЙ АКТИВ.Анализ:Менеджмент: K Line (Kawasaki Kisen Kaisha) — один из крупнейших мировых судоходных холдингов с безупречной репутацией. Управление осуществляется через специализированное британское подразделение, что гарантирует соблюдение самых строгих стандартов качества, безопасности и ESG-повестки. Санкции: Актив не находится в санкционных списках. Судно эксплуатируется в рамках полностью прозрачных рыночных механизмов.Прозрачность: Высокая. Структура собственности (Danae Gas Shipping) и менеджмента прозрачна, актив регулярно проходит технические инспекции и классификацию.4. РезюмеKINISIS — это современный газовоз (LNG Carrier) под управлением первоклассного японского судоходного холдинга. Судно не имеет санкционных рисков и является высоконадежным активом для участия в международных энергетических цепочках поставок",0.655
2026-09-09,9902914,95641.0,114221.0,299.0,46.4,9.6,14.0,4.0,2022,Панама,Газовоз (LNG Tanker),Underway using Engine / В пути,LOW,"Angola LNG, Angola (AO LNG)",порт США (USCAU). Ожидаемое прибытие: 6 июля 2026 г. Активность: Судно работает в рамках долгосрочного чартера для крупных энергетических компаний (Shell) по перевозке сжиженного природного газа. Эксплуатируется преимущественно на трансокеанских маршрутах. 3. Комплаенс-профильОператор (ISM) / Менеджер: Korea Line Corporation (Южная Корея). Статус: НИЗКИЙ РИСК / НАДЕЖНЫЙ АКТИВ.Анализ:Управление: Korea Line — один из ведущих корейских морских перевозчиков,SM BLUEBIRD,370271820,6 июля 2026 г,Газовоз · флаг: Панама · следует в: порт США (USCAU). Ожидаемое прибытие: 6 июля 2026 г. Активность: Судно работает в рамках долгосрочного чартера для крупных энергетических компаний (Shell) по перевозке сжиженного природного газа. Эксплуатируется преимущественно на трансокеанских маршрутах. 3. Комплаенс-профильОператор (ISM) / Менеджер: Korea Line Corporation (Южная Корея). Статус: НИЗКИЙ РИСК / НАДЕЖНЫЙ АКТИВ.Анализ:Управление: Korea Line — один из ведущих корейских морских перевозчиков · Underway using Engine · возраст: 4 лет,0.0
2026-09-09,9672832,95641.0,113397.0,289.96,45.6,9.6,14.0,9.0,2017,Гонконг,Газовоз (LNG Tanker),Underway using Engine / В пути,MID,"Darwin LNG, Australia (AU DRW)",порт Гладстон,CESI QINGDAO,477528040,1 июля 2026 г,Газовоз · флаг: Гонконг · следует в: порт Гладстон · Underway using Engine · возраст: 9 лет,0.0
2026-09-09,9672820,95634.0,113397.0,289.96,45.6,9.0,0.0,10.0,2016,Гонконг,Газовоз (LNG Tanker),Moored,LOW,"Ras Laffan, Qatar (QA RLF)",GLD AU,CESI GLADSTONE,477348600,2 июля 2026 г,Китай,0.654
2026-09-09,9902902,95606.0,114221.0,299.0,46.4,9.0,16.5,4.0,2022,Панама,Газовоз (LNG Tanker / Large),Underway using Engine / В пути,LOW,"Darwin LNG, Australia (AU DRW)",порт Плакемайн (Plaquemine),SM ALBATROSS,372453705,25 июня 2026 г,Газовоз · флаг: Панама · следует в: порт Плакемайн (Plaquemine) · Underway using Engine · возраст: 4 лет,0.0
2026-09-09,9672844,95599.0,113397.0,290.0,45.6,11.2,17.9,9.0,2017,"Гонконг, Китай",Газовоз для перевозки СПГ / LNG Tanker (HAZ-D),высокая крейсерская скорость,EXTREME,"Angola LNG, Angola (AO LNG)","Fos-sur-Mer, France (FR FOS)",CESI BEIHAI,477884800,18 августа 2026 г,долгосрочных цепочках поставок сжиженного природного газа,0.0
2026-09-09,9946350,95548.0,116569.0,299.0,46.4,9.4,14.0,3.0,2023,Франция,LNG Tanker (Танкер для перевозки сжиженного природного газа),Moored (Ошвартовано),LOW,"Angola LNG, Angola (AO LNG)","Fos-sur-Mer, France (FR FOS)",PARIS KNUTSEN,228444700,7 июня 2026 г,LNG Tanker · флаг: Франция · Moored (Ошвартовано) · возраст: 3 лет,0.0
2026-09-09,9918157,95548.0,114180.0,298.97,46.4,9.6,16.3,3.0,2023,Франция (France) — суверенный европейский реестр «белого списка»,Танкер-газовоз СПГ (LNG Carrier),Under way using engine,EXTREME,"Bintulu LNG, Malaysia (MY BTU)","Grain LNG, UK (GB GRA)",EXTREMADURA KNUTSEN,228420800,"28 сентября 2026 г., 13:15 UTC","Paris MoU White List, RIF",0.795
2026-09-09,9918145,95548.0,114180.0,298.97,46.4,9.5,17.2,3.0,2023,Франция,LNG Tanker (газовоз),Underway using Engine / В пути,LOW,"Corpus Christi LNG, USA (US CRP)","Incheon, South Korea (KR INC)",FERROL KNUTSEN,228420700,"2 ноября 2026 г., 23:45 UTC",LNG Tanker · флаг: Франция · Underway using Engine · возраст: 3 лет,0.0
2026-09-09,9694751,95530.0,113397.0,289.99,45.59,11.5,16.8,8.0,2018,Гонконг,Судно для перевозки сжиженного природного газа / LNG Tanker (категория HAZ-D),Underway using Engine / В пути,LOW,"Гладстон, Австралия (Gladstone, Australia)","Тяньцзинь Синган, Китай (Tianjin Xingang, China)",CESI WENZHOU,477121700,14 августа 2026 г,Hong Kong,0.0
2026-09-09,9946374,95501.0,114100.0,299.0,46.4,9.5,13.2,3.0,2023,Франция,Газовоз для перевозки СПГ (LNG Tanker),Under way using engine,LOW,"Bintulu LNG, Malaysia (MY BTU)",NOHFT,GORDON WATERS KNUTSEN,228432600,"10 сентября 2026 г., 07:15 UTC",France,0.419
2026-09-09,9972218,95501.0,114100.0,299.0,46.0,9.6,14.0,1.0,2025,Франция,Газовоз (LNG Tanker),At Anchor / На якорной стоянке,LOW,"Sabine Pass LNG, USA (US SAB)","Grain LNG, UK (GB GRA)",AMARYLLIS KNUTSEN,228819675,"30 октября 2026 г., 08:00 UTC",трансатлантических и межрегиональных поставках СПГ (США — Европа/Средиземноморье),0.0
2026-09-09,9862308,95488.0,114380.0,294.9,46.4,11.6,0.8,5.0,2021,Маршалловы Острова,LNG Tanker (танкер для перевозки СПГ),судно совершает маневрирование или замедление перед подходом к порту назначения,LOW,"Angola LNG, Angola (AO LNG)","Tianjin, China (CN TJN)",FLEX FREEDOM,538008814,"11 октября 2026 г., 21:00 UTC",LNG Tanker · флаг: Маршалловы Острова · судно совершает маневрирование или замедление перед подходом к порту назначения · возраст: 5 лет,0.0
2026-09-09,9851646,95456.0,114380.0,294.9,46.4,9.6,18.5,6.0,2020,Маршалловы острова IMO номер: 9851646 Год постройки: 2020,Газовоз для перевозки сжиженного природного газа (LNG Tanker / Large),"На ходу (Under way). Маршрут: Пункт назначения указан как «FOR ORDERS» (ожидание распоряжений от фрахтователя). Операционные данные: Текущая скорость — 18.5 узлов, осадка — 9.6 м. Расчетное время прибытия в район ожидания — 25 июня 2026 года в 04:01. История: Последний зафиксированный порт захода — Мундра (Индия), который судно покинуло 2 июня 2026 года.Эксплуатация и управлениеУправление:Коммерческий менеджмент: Flex LNG Management AS (Норвегия). Технический менеджмент (ISM): Flex LNG Fleet Management AS. Контекст: FLEX RESOLUTE — современный высокоэффективный СПГ-танкер, оснащенный передовой двухтопливной пропульсивной системой (MEGI). Судно работает под управлением одного из ведущих мировых операторов газовозов Flex LNG и не имеет санкционных ограничений. Оно стабильно эксплуатируется на международных маршрутах, включая долгосрочные контракты, обеспечивающие поставки СПГ для глобальных энергетических нужд",LOW,"Cove Point LNG, USA (US COV)","Tianjin, China (CN TJN)",FLEX RESOLUTEТип судна: Газовоз для перевозки сжиженного природного газа (LNG Tanker / Large),538691248,"25 октября 2026 г., 07:00 UTC","верфь Daewoo Shipbuilding & Marine Engineering, Южная Корея",0.0
2026-09-09,9825427,95453.0,113428.0,294.9,46.4,9.4,14.0,7.0,2019,Маршалловы Острова,"СПГ-танкер (LNG Tanker, Membrane Type — MEGI)",Underway using Engine / В пути,LOW,"Darwin LNG, Australia (AU DRW)",пункт назначения «FOR ORDERS» (ожидание коммерческих распоряжений),FLEX CONSTELLATION,538356391,"9 октября 2026 г., 20:00 UTC",СПГ-танкер · флаг: Маршалловы Острова · следует в: пункт назначения «FOR ORDERS» (ожидание коммерческих распоряжений) · Underway using Engine · возраст: 7 лет,0.0
2026-09-09,9681687,95452.0,113263.0,294.9,46.4,9.7,16.8,10.0,2016,Багамские Острова,LNG Tanker / LNGC,Under way using engine,LOW,Сингапур (отход 14 апреля 2026 года),GIBRALTAR,MARITIME 1687,311000246,6 июня 2026 г,"флаг: Багамские Острова · маршрут: Сингапур (отход 14 апреля 2026 года) → Пакмин (Plaquemine), США · Underway using Engine · возраст: 10 лет",0.656
2026-09-09,9705641,95452.0,113557.0,294.9,46.4,9.4,16.8,9.0,2017,Багамские Острова,Газовоз / Танкер для перевозки сжиженного природного газа (LNG Tanker),At Anchor / На якорной стоянке,LOW,"Якорная стоянка Йосу, Южная Корея ()",FOR ORDERS (судно следует в ожидании инструкций / порт назначения открыт),MUREX,311000475,1 января 2027 г,"Газовоз / Танкер для перевозки сжиженного природного газа · флаг: Багамские Острова · маршрут: Якорная стоянка Йосу, Южная Корея () → FOR ORDERS (судно следует в ожидании инструкций / порт назначения открыт) · At Anchor · возраст: 9 лет",0.0
2026-09-09,9770945,95452.0,113534.0,294.9,46.4,12.0,18.0,8.0,2018,Багамские Острова (Bahamas) — международный белый реестр,Танкер для перевозки сжиженного природного газа (LNG Tanker / Gas Carrier),At Anchor / На якорной стоянке,EXTREME,"Bonny LNG, Nigeria (NG BNL)",FOR ORDERS (Ожидание коммерческого распределения / спотовый рейс) —,MEGARA,311000478,"14 сентября 2026 г., 23:30 UTC",Танкер для перевозки сжиженного природного газа · флаг: Багамские Острова (Bahamas) — международный белый реестр · следует в: FOR ORDERS (Ожидание коммерческого распределения / спотовый рейс) — · At Anchor · возраст: 8 лет,0.0
2026-09-09,9851634,95450.0,114380.0,294.9,46.4,9.4,14.8,6.0,2020,Маршалловы Острова,"СПГ-танкер (LNG Tanker, Membrane Type — MEGI)",Under way using engine,LOW,"Tangguh LNG, Indonesia (ID TGH)",FOR ORDERS,AZURE 1634,538008816,"1 ноября 2026 г., 21:00 UTC",СПГ-танкер · флаг: Маршалловы Острова · следует в: пункт назначения «FOR ORDERS» (ожидание коммерческих распоряжений) · Underway using Engine · возраст: 6 лет,0.419
2026-09-09,9946398,95440.0,116437.0,298.97,46.4,9.5,1.6,3.0,2023,Франция,Танкер для перевозки СПГ (LNG Tanker),На ходу (Under way),LOW,"Bonny LNG, Nigeria (NG BNL)","Ningbo, China (CN NGB)",IGNACY LUKASIEWICZ,226776292,"28 августа 2026 г., 09:15 UTC",RIF — Французский международный регистр,0.0
2026-09-09,9980552,95418.0,118753.0,298.0,46.0,9.1,14.8,1.0,2025,Франция,Газовоз (LNG Tanker / Large LNG Carrier),Underway using Engine / В пути,LOW,"Gladstone LNG, Australia (AU GLA)","Tianjin, China (CN TJN)",ELISA HALCYON,226847531,"21 октября 2026 г., 16:45 UTC",Газовоз · флаг: Франция · Underway using Engine · возраст: 1 лет,0.0
2026-09-09,9852975,95418.0,118286.0,297.0,46.4,9.6,13.1,6.0,2020,Франция,LNG Tanker (танкер для перевозки СПГ),Under way using engine,LOW,"Darwin LNG, Australia (AU DRW)",балластном рейсе после выгрузки СПГ в Тайване. Высокая скорость перехода (16.6 узла) характерна для эффективного возвращения судна к точке загрузки,ELISA LARUS,228385600,12 июля 2026 г,LNG Tanker · флаг: Франция · следует в: балластном рейсе после выгрузки СПГ в Тайване. Высокая скорость перехода (16.6 узла) характерна для эффективного возвращения судна к точке загрузки · Underway using Engine · возраст: 6 лет,0.734
2026-09-09,9917543,95400.0,114221.0,299.0,46.4,11.0,13.9,3.0,2023,"Мальта (Malta). Судно зарегистрировано в одном из ведущих европейских открытых регистров, входящих в белый список Парижского меморандума.Габариты: Длина (LOA) — 299.00 м, ширина — 46.40 м (навигационная карта и интерфейс ИНС на image_4fadb8.jpg подтверждают конструктивную длину 299 метров).Тоннаж:",LNG Tanker / LNGC,Under way using engine,LOW,"Rotterdam, Netherlands (NL RTM)","Incheon, South Korea (KR INC)",PACIFIC 7543,256512000,"27 сентября 2026 г., 18:45 UTC","флаг: Мальта (Malta). Судно зарегистрировано в одном из ведущих европейских открытых регистров, входящих в белый список Парижского меморандума.Габариты: Длина (LOA) — 299.00 м, ширина — 46.40 м (навигационная карта и интерфейс ИНС на image_4fadb8.jpg подтверждают конструктивную длину 299 метров).Тоннаж: · At Anchor · возраст: 3 лет",0.654
2026-09-09,9770933,95378.0,116361.0,294.9,46.4,11.1,14.2,8.0,2018,Багамские острова,Газовоз (LNG Tanker),На ходу (Under way),HIGH,"Bonny LNG, Nigeria (NG BNL)","Revithoussa, Greece (GR REV)",MYRINA,308629618,"29 октября 2026 г., 16:15 UTC",Газовоз · флаг: Багамские острова · На ходу (Under way) · возраст: 8 лет,0.0
2026-09-09,9771080,95289.0,113274.0,294.9,46.4,9.4,14.0,8.0,2018,Бахрейн,Танкер-газовоз (LNG Tanker),At Anchor / На якорной стоянке,LOW,"Angola LNG, Angola (AO LNG)","Tianjin, China (CN TJN)",SEAPEAK BAHRAIN (ранее: BAHRAIN SPIRIT),636415958,"24 октября 2026 г., 05:30 UTC",Танкер-газовоз · флаг: Бахрейн · At Anchor · возраст: 8 лет,0.0
2026-09-09,9705653,95253.0,113557.0,294.9,46.4,7.5,14.0,9.0,2017,Багамские Острова,Газовоз / LNG Tanker,At Anchor / На якорной стоянке,LOW,"Дунгуань (якорная стоянка), Китай (Dongguan Anch., China)","Шэньчжэнь, Китай (Shenzhen, China) (судно прибыло 18 июля 2026 г., статус — прибыло / швартовка)",MACOMA,311000472,18 июля 2026 г,трансокеанских перевозках сжиженного природного газа (СПГ) между крупными добывающими терминалами (включая Австралию) и импортерами в Азиатско-Тихоокеанском регионе (Китай),0.0
2026-09-09,9721401,95253.0,87633.0,294.9,46.4,10.2,10.0,9.0,2017,Сингапур,LNG Tanker / LNGC,Underway using Engine / В пути,LOW,Singapore (SG SIN),регион терминала Escobar LNG,PACIFIC 1401,636979170,"25 сентября 2026 г., 02:00 UTC",следует в: регион терминала Escobar LNG · Underway using Engine · возраст: 9 лет,0.0
2026-09-09,9701229,95194.0,113037.0,294.9,46.4,11.1,15.1,9.0,2017,Греция,Танкер для перевозки сжиженного природного газа (LNG Tanker).,At Anchor / На якорной стоянке,LOW,"Ras Laffan, Qatar (QA RLF)","Zeebrugge LNG, Belgium (BE ZEE)",PACIFIC 1229,240640862,15 июня 2026 г,Танкер для перевозки сжиженного природного газа · флаг: Греция · At Anchor · возраст: 9 лет,0.0
2026-09-09,9732369,95194.0,113037.0,294.9,46.4,9.4,0.0,10.0,2016,Греция,LNG Tanker (танкер для перевозки сжиженного природного газа),Moored,LOW,Наоэцу (Япония) 14 мая 2026 года. Пункт назначения в системе AIS указан как «FOR ORDERS» (в ожидании приказов),атлантический сектор для реализации следующей партии груза после длительного перехода из Азиатско-Тихоокеанского региона,MARAN GAS VERGINA,241467000,"5 сентября 2026 г., 17:30 UTC",LNG Tanker · флаг: Греция · маршрут: Наоэцу (Япония) 14 мая 2026 года. Пункт назначения в системе AIS указан как «FOR ORDERS» (в ожидании приказов) → атлантический сектор для реализации следующей партии груза после длительного перехода из Азиатско-Тихоокеанского региона · Underway using Engine · возраст: 10 лет,0.854
2026-09-09,9701217,95194.0,113037.0,294.9,46.4,10.0,14.9,10.0,2016,Греция,LNG Tanker / LNGC,"согласно данным AIS, до 15.6 узла",LOW,"Роттердам (Нидерланды), отход 20 мая 2026 года",FOR ORDERS (ожидает указаний по порту назначения),OCEAN 1217,240045232,5 июня 2026 г,"флаг: Греция · маршрут: Роттердам (Нидерланды), отход 20 мая 2026 года → FOR ORDERS (ожидает указаний по порту назначения) · согласно данным AIS, до 15.6 узла · возраст: 10 лет",0.0
2026-09-09,9732371,95194.0,113037.0,291.9,46.4,10.1,15.8,9.0,2017,Греция (Greece) — премиальный еврореестр,Танкер-газовоз СПГ (LNG Tanker),Underway using Engine / В пути,EXTREME,"Sabine Pass LNG, USA (US SAB)",FOR ORDERS (,MARAN GAS OLYMPIAS,241452000,"11 сентября 2026 г., 16:30 UTC",White List MoU,0.0
2026-09-09,9540089,95165.0,111089.0,289.9,46.1,9.3,17.3,3.0,2023,Маршалловы острова (Marshall Islands) IMO номер: 9540089 Год постройки: 2023,Газовоз для перевозки СПГ (LNG Tanker),"На ходу (в Южной Атлантике).Маршрут: Пункт назначения указан как ""FOR ORDERS"" (ожидание распоряжений). Операционные данные: Текущая скорость — 17.3 узла, осадка — 9.3 м. Расчетное время прибытия в район ожидания — 23 июня 2026 года в 01:00. История: Последний зафиксированный порт захода — Дабхол (Dabhol), Индия, который судно покинуло 24 мая 2026 года. Эксплуатация и управлениеВладелец: Fermi Navigation SA (греческая группа Alpha Gas SA). Коммерческий и технический менеджер: Alpha Gas SA (Греция). Контекст и статус:История постройки: Судно было заложено как заказ для российской компании «Совкомфлот», но после введения санкций в 2022 году проект был пересмотрен. Судно было выкуплено греческой группой Alpha Gas, завершено и введено в эксплуатацию в 2023 году. Текущий контракт: В апреле 2026 года судно было передано в долгосрочный чартер индийской государственной компании GAIL для укрепления энергетической безопасности Индии. Статус: Судно не находится под санкциями. Оно является современным и легальным коммерческим активом, работающим под управлением известного греческого оператора",LOW,"Cove Point LNG, USA (US COV)","Yokohama, Japan (JP YOK)",ENERGY FIDELITYТип судна: Газовоз для перевозки СПГ (LNG Tanker),538255766,"3 октября 2026 г., 14:30 UTC","верфь HD Hyundai Samho, Южная Корея",0.0
2026-09-09,9948700,95165.0,111089.0,289.9,46.1,8.7,15.1,2.0,2024,Маршалловы Острова,LNG Tanker / LNGC,Underway using Engine / В пути,LOW,Судно покинуло порт Пьомбино (Италия) 16 мая 2026 года,балластном состоянии,OCEAN 8700,538440373,9 июня 2026 г,флаг: Маршалловы Острова · маршрут: Судно покинуло порт Пьомбино (Италия) 16 мая 2026 года → балластном состоянии · Underway using Engine · возраст: 2 лет,0.0
2026-09-09,9884473,95132.0,118753.0,297.23,46.4,9.5,10.6,4.0,2022,Франция,Газовоз (LNG Tanker / Large),Underway using Engine / В пути,LOW,"Sabetta, Russia (RU SAB)",порт Галвестон (Galveston),ELISA AQUILAIMO номер: 9884473,228772960,21 июня 2026 г,Газовоз · флаг: Франция · следует в: порт Галвестон (Galveston) · Underway using Engine · возраст: 4 лет,0.0
2026-09-09,9284192,95100.0,116022.0,288.0,49.04,9.2,9.5,4.0,2022,Норвегия,Танкер для перевозки сжиженного природного газа (LNG Tanker),На ходу с использованием двигателя (Underway using Engine),LOW,"Дахедж, Индия","Сингапур, Сингапур (SG SIN)",ARCTIC LADY,259698780,"15 октября 2026 г., 15:00 UTC","Танкер для перевозки сжиженного природного газа · флаг: Норвегия · маршрут: Дахедж, Индия → Сингапур, Сингапур (SG SIN) · На ходу с использованием двигателя (Underway using Engine)",0.0
2026-09-09,9970662,95029.0,118920.0,295.0,47.0,9.6,13.3,2.0,2024,"Гонконг, Китай (Hong Kong) — международный «белый» судовой реестр",Танкер-газовоз СПГ (LNG Tanker / HAZ-D),At Anchor / На якорной стоянке,EXTREME,"Bintulu LNG, Malaysia (MY BTU)",балласте к крупному государственному терминалу Oman LNG (Qalhat) для забора экспортной партии СПГ,SEA NAVIGATOR,477156600,"20 сентября 2026 г., 17:15 UTC",Paris/Tokyo MoU White List,0.0
2026-09-09,9970650,95005.0,118908.0,294.56,46.4,9.6,13.9,1.0,2025,Гонконг,Газовоз (класс опасности HAZ-D) / LNG Tanker,Underway using Engine / В пути,LOW,"Кисарадзу, Япония (Kisarazu, Japan)","Гладстон, Австралия (Gladstone, Australia)",SEA SPIRIT,477140700,21 августа 2026 г,международных морских перевозках сжиженного природного газа на маршрутах между Восточной Азией и экспортными терминалами Австралии,0.0
2026-09-09,9753014,94945.0,113763.0,294.9,46.4,9.6,14.0,7.0,2019,Греция,Газовоз СПГ (LNG Tanker),Underway using Engine / В пути,LOW,"Ras Laffan, Qatar (QA RLF)","Yokohama, Japan (JP YOK)",MARAN GAS CHIOS,240415500,"7 октября 2026 г., 05:00 UTC",Газовоз СПГ · флаг: Греция · Underway using Engine · возраст: 7 лет,0.0
2026-09-09,9767950,94945.0,113763.0,294.9,46.4,10.5,18.8,8.0,2018,Греция,Газовоз / Крупнотоннажный газовоз (LNG Tanker),интенсивный транзитный переход на ходу,LOW,"Рейд порта Дхамра, Индия (Dhamra Port Anch., India)",FOR ORDERS (В распоряжении / ожидание указаний фрахтователя),MARAN GAS SPETSES,241579000,8 сентября 2026 г,"Газовоз / Крупнотоннажный газовоз · флаг: Греция · маршрут: Рейд порта Дхамра, Индия (Dhamra Port Anch., India) → FOR ORDERS (В распоряжении / ожидание указаний фрахтователя) · интенсивный транзитный переход на ходу · возраст: 8 лет",0.0
2026-09-09,9767962,94945.0,113763.0,294.9,46.4,9.6,14.0,7.0,2019,Греция,Газовоз (LNG Tanker),На ходу (в пути),LOW,"Барроу-Айленд (Barrow Island), Австралия (отход 5 июня 2026 г.)",м для поставок австралийского сжиженного природного газа,MARAN GAS HYDRA,240655517,14 июня 2026 г,"Газовоз · флаг: Греция · маршрут: Барроу-Айленд (Barrow Island), Австралия (отход 5 июня 2026 г.) → м для поставок австралийского сжиженного природного газа · На ходу (в пути) · возраст: 7 лет",0.0
2026-09-09,9753026,94945.0,113763.0,294.9,46.4,10.9,17.6,7.0,2019,Греция,"СПГ-танкер (LNG Tanker, Membrane Type)",Underway using Engine / В пути,LOW,"Sabetta, Russia (RU SAB)",порт Юн-Ань (Yung An),WOODSIDE CHANEY,237449426,"1 сентября 2026 г., 06:00 UTC",СПГ-танкер · флаг: Греция · следует в: порт Юн-Ань (Yung An) · Underway using Engine · возраст: 7 лет,0.0
2026-09-09,9941013,94927.0,115633.0,295.0,46.4,9.6,14.0,2.0,2024,Мальта,Газовоз (LNG Tanker / Large LNG Carrier),Underway using Engine / В пути,LOW,"Angola LNG, Angola (AO LNG)","Grain LNG, UK (GB GRA)",HLS BILBAO,229343464,"8 сентября 2026 г., 14:00 UTC",экспортных операциях СПГ из США на рынки Европы и Азии,0.0
2026-09-09,9854363,94834.0,113817.0,295.0,46.4,9.6,14.0,5.0,2021,Мальта,"Газовоз СПГ (LNG Tanker, мембранного типа)",Underway using Engine / В пути,LOW,"Bonny LNG, Nigeria (NG BNL)","Gate Terminal Rotterdam, Netherlands (NL RTM)",MINERVA PSARA,248103982,"10 сентября 2026 г., 16:45 UTC",Газовоз СПГ · флаг: Мальта · Underway using Engine · возраст: 5 лет,0.0
2026-09-09,9859741,94732.0,113822.0,294.9,46.4,11.4,0.2,5.0,2021,Маршалловы Острова,Крупнотоннажный газовоз СПГ / LNG Carrier (категория HAZ-A),At anchor,LOW,"Рейд Альхесирас, Испания (Algeciras Anch. D, Spain)",CEUTA,GLOBAL STAR,538009028,24 августа 2026 г,"Крупнотоннажный газовоз СПГ / LNG Carrier · флаг: Маршалловы Острова · маршрут: Рейд Альхесирас, Испания (Algeciras Anch. D, Spain) → режиме ожидания новых коммерческих распоряжений или на распределительную точку после выхода из Средиземного моря) · дрейф или маневрирование в ожидании инструкций по фрахту · возраст: 5 лет",0.85
2026-09-09,9844863,94732.0,113822.0,294.9,46.4,9.6,17.2,6.0,2020,Греция,LNG Tanker,At Anchor / На якорной стоянке,LOW,"Tangguh LNG, Indonesia (ID TGH)","Shanghai LNG, China (CN SHA)",MARAN GAS PSARA,241692000,"1 сентября 2026 г., 16:00 UTC",LNG Tanker · флаг: Греция · At Anchor · возраст: 6 лет,0.0
2026-09-09,9859753,94732.0,113822.0,294.9,46.4,9.5,13.7,6.0,2020,Греция IMO номер: 9859753 Год постройки: 2020,Газовоз для перевозки СПГ (LNG Tanker),"На ходу (в Южной Атлантике). Маршрут: Пункт назначения указан как ""FOR ORDERS"" (ожидание распоряжений). Операционные данные: Текущая скорость — 13.7 узлов, осадка — 9.5 м. Расчетное время прибытия в район ожидания — 21 июня 2026 года в 10:59. История: Последний зафиксированный порт захода — якорная стоянка Сингапура (Singapore Anch. 3), который судно покинуло 12 мая 2026 года. Эксплуатация и управлениеВладелец: Hai Kuo Shipping 2027G Ltd. Коммерческий и технический менеджер: Maran Gas Maritime Inc. (Греция). Контекст и статус: WOODSIDE CHARLES ALLEN — современный СПГ-танкер, находящийся под управлением одной из крупнейших мировых компаний, занимающихся транспортировкой СПГ — Maran Gas Maritime (подразделение Angelicoussis Group). Комплаенс: Судно не находится под международными санкциями. Оно является высококлассным коммерческим активом, задействованным в легальной глобальной логистике СПГ. Судно активно эксплуатируется, регулярно проходит инспекции и соблюдает международные стандарты безопасности и экологические нормы",LOW,"Ras Laffan, Qatar (QA RLF)","Zeebrugge LNG, Belgium (BE ZEE)",WOODSIDE CHARLES ALLENТип судна: Газовоз для перевозки СПГ (LNG Tanker),240435898,"7 октября 2026 г., 16:15 UTC","Газовоз для перевозки СПГ · флаг: Греция IMO номер: 9859753 Год постройки: 2020 · На ходу (в Южной Атлантике). Маршрут: Пункт назначения указан как ""FOR ORDERS"" (ожидание распоряжений). Операционные данные: Текущая скорость — 13.7 узлов, осадка — 9.5 м. Расчетное время прибытия в район ожидания — 21 июня 2026 года в 10:59. История: Последний зафиксированный порт захода — якорная стоянка Сингапура (Singapore Anch. 3), который судно покинуло 12 мая 2026 года. Эксплуатация и управлениеВладелец: Hai Kuo Shipping 2027G Ltd. Коммерческий и технический менеджер: Maran Gas Maritime Inc. (Греция). Контекст и статус: WOODSIDE CHARLES ALLEN — современный СПГ-танкер, находящийся под управлением одной из крупнейших мировых компаний, занимающихся транспортировкой СПГ — Maran Gas Maritime (подразделение Angelicoussis Group). Комплаенс: Судно не находится под международными санкциями. Оно является высококлассным коммерческим активом, задействованным в легальной глобальной логистике СПГ. Судно активно эксплуатируется, регулярно проходит инспекции и соблюдает международные стандарты безопасности и экологические нормы · возраст: 6 лет",0.0
2026-09-09,9810367,94732.0,113822.0,294.9,46.4,11.6,16.7,7.0,2019,Греция,"СПГ-танкер (LNG Tanker, Membrane Type)",Underway using Engine / В пути,LOW,"Bintulu LNG, Malaysia (MY BTU)",терминал Venture Global Plaquemines LNG (США) в мае 2026 года подтверждает гибкость логистических цепочек судна,WOODSIDE REES WITHERS,239207971,"19 сентября 2026 г., 09:30 UTC",СПГ-танкер · флаг: Греция · следует в: терминал Venture Global Plaquemines LNG (США) в мае 2026 года подтверждает гибкость логистических цепочек судна · Underway using Engine · возраст: 7 лет,0.0
2026-09-09,9336737,94700.0,115534.0,285.0,48.4,10.3,17.2,21.0,2005,БАГАМСКИЕ ОСТРОВА,LNG Tanker (Танкер для перевозки сжиженного природного газа),На ходу (Underway using Engine),LOW,"Чжухай, Китай (CN ZUH)","Калхат, Оман (OM QAL)",SEAPEAK METHANE,311000135,25 мая 2026 г,BAHAMAS,0.0
2026-09-09,9881201,94649.0,115472.0,295.0,46.4,11.0,14.0,5.0,2021,Маршалловы острова,Газовоз (LNG Tanker),На ходу (в Индийском океане),HIGH,"Gladstone LNG, Australia (AU GLA)","Zeebrugge LNG, Belgium (BE ZEE)",ENERGY INTELLIGENCE,538165060,"18 октября 2026 г., 04:30 UTC",Газовоз · флаг: Маршалловы острова · На ходу (в Индийском океане) · возраст: 5 лет,0.0
2026-09-09,9854624,94649.0,114195.0,294.9,46.4,11.7,19.1,5.0,2021,Маршалловы Острова,Газовоз (LNG Tanker),Underway using Engine / В пути,LOW,"Sabetta, Russia (RU SAB)",режиме ожидания (FOR ORDERS).Скорость: ~19.1 kn. Текущая осадка: 11.7 м. Активность: Судно специализируется на глобальных перевозках сжиженного природного газа. Зафиксированы регулярные заходы в терминалы США (Venture Global Plaquemines LNG) и европейские порты,ENERGY ENDEAVOUR,538373458,"9 октября 2026 г., 21:15 UTC",Газовоз · флаг: Маршалловы Острова · следует в: режиме ожидания (FOR ORDERS).Скорость: ~19.1 kn. Текущая осадка: 11.7 м. Активность: Судно специализируется на глобальных перевозках сжиженного природного газа. Зафиксированы регулярные заходы в терминалы США (Venture Global Plaquemines LNG) и европейские порты · Underway using Engine · возраст: 5 лет,0.0
2026-09-09,9859739,94648.0,114195.0,295.0,46.4,6.0,14.0,5.0,2021,Мальта (Malta) — европейский белый реестр,Танкер для перевозки сжиженного природного газа (LNG Tanker / Gas Carrier),At Anchor / На якорной стоянке,EXTREME,"Sabetta, Russia (RU SAB)","PGBG (Pengerang Deepwater Petroleum Terminal, Malaysia) —",ENERGY INTEGRITY,249044000,"15 октября 2026 г., 00:30 UTC","Танкер для перевозки сжиженного природного газа · флаг: Мальта (Malta) — европейский белый реестр · следует в: PGBG (Pengerang Deepwater Petroleum Terminal, Malaysia) — · At Anchor · возраст: 5 лет",0.0
2026-09-09,9810379,94638.0,113793.0,294.9,46.4,9.6,14.0,7.0,2019,Греция,Танкер для перевозки сжиженного природного газа (LNG Tanker),Underway using Engine / В пути,LOW,"Darwin LNG, Australia (AU DRW)","Incheon, South Korea (KR INC)",MARAN GAS ANDROSIMO номер: 9810379,239584786,"29 октября 2026 г., 00:15 UTC","международных перевозках СПГ, связывая экспортные мощности (в том числе в США) с мировыми рынками сбыта. 3. Комплаенс-профильОператор: Maran Gas Maritime Inc. (Греция). Статус: НИЗКИЙ РИСК / НАДЕЖНЫЙ АКТИВ.Анализ:Репутация и Владение: Angelicoussis Group — это первоклассная судоходная компания с мировым именем и безупречной репутацией. Управление флотом осуществляется по самым высоким международным стандартам безопасности и прозрачности.Санкции: Актив не находится в санкционных списках. Судно является полностью «чистым», коммерческим объектом, который не имеет отношения к «теневому флоту», перевозкам подсанкционных грузов или другим схемам обхода ограничений.Риски: Взаимодействие с MARAN GAS ANDROS не несет юридических, финансовых или репутационных рисков для международных контрагентов.4. РезюмеMARAN GAS ANDROS — это надежный, высокотехнологичный и юридически абсолютно прозрачный актив. Судно полностью соответствует всем международным морским требованиям и является безопасным объектом для любого вида коммерческого сотрудничества, включая фрахтование и финансовое обслуживание",0.0
2026-09-09,9766554,94558.0,115366.0,294.9,46.4,10.0,16.2,8.0,2018,Остров Мэн,"Танкер для перевозки сжиженного природного газа (LNG Tanker, Large)",Underway using Engine / В пути,HIGH,"Ras Laffan, Qatar (QA RLF)",направлении CORAL SUL FLNG (Мозамбик). Ожидаемое время прибытия: 9 июля 2026 г,BRITISH CONTRIBUTOR,636710069,9 июля 2026 г,Великобритания,0.0
2026-09-09,9964182,94540.0,111099.0,289.98,46.1,9.2,14.4,2.0,2024,Либерия,LNG Tanker / LNGC,Underway using Engine / В пути,LOW,"Houston, USA (US HOU)",балласте или частичной загрузке,ATLAS 4182,636697044,"8 октября 2026 г., 00:45 UTC",флаг: Либерия · следует в: балласте или частичной загрузке · Underway using Engine · возраст: 2 лет,0.0
2026-09-09,9766578,94528.0,115366.0,294.9,46.4,11.2,1.7,7.0,2019,Остров Мэн,LNG Tanker (танкер для перевозки сжиженного природного газа),Underway using Engine / В пути,LOW,"Angola LNG, Angola (AO LNG)",груженом состоянии,BRITISH MENTOR,232006296,"6 сентября 2026 г., 05:00 UTC",Великобритания,0.0
2026-09-09,9766566,94494.0,115366.0,294.9,46.4,9.3,14.7,7.0,2019,Остров Мэн / Великобритания (Isle of Man / United Kingdom Flag) — реестр категории Tier-1 «белого списка»,Танкер-газовоз СПГ (Large-Scale LNG Carrier / Tri-Fuel / M-type Electronically Controlled Gas Injection),At Anchor / На якорной стоянке,EXTREME,"Sabine Pass LNG, USA (US SAB)","Tianjin, China (CN TJN)",BRITISH LISTENER,232006297,"28 сентября 2026 г., 11:30 UTC",Paris/Tokyo MoU White List,0.0
2026-09-09,9766530,94442.0,115366.0,294.9,46.4,11.3,11.1,8.0,2018,Остров Мэн,"Танкер для перевозки сжиженного природного газа (LNG Tanker, Large)",Underway using Engine / В пути,HIGH,вьетнамского терминала Кай-Меп (Cai Mep) подтверждает интеграцию судна,порт Инчхон (Южная Корея). Ожидаемое время прибытия: 23 июня 2026 г,BRITISH PARTNER,636047197,23 июня 2026 г,доставке СПГ на азиатские рынки. Последний рейс из вьетнамского терминала Кай-Меп (Cai Mep) подтверждает интеграцию судна в логистические цепочки снабжения энергоресурсами Юго-Восточной Азии и Кореи,0.0
2026-09-09,9975521,94409.0,110511.0,289.97,46.1,8.9,12.5,1.0,2025,Либерия,Судно для перевозки сжиженного природного газа / LNG Tanker,At Anchor / На якорной стоянке,LOW,"Хьюстон (якорная стоянка), США (Houston Anch., United States)",судна фрахтователем в открыто-морсреденем режиме,PUTERI SABAH,636024082,18 сентября 2026 г,"Судно для перевозки сжиженного природного газа / LNG Tanker · флаг: Либерия · маршрут: Хьюстон (якорная стоянка), США (Houston Anch., United States) → судна фрахтователем в открыто-морсреденем режиме · At Anchor · возраст: 1 лет",0.0
2026-09-09,9976109,94409.0,110511.0,289.0,46.0,8.9,15.1,1.0,2025,Либерия,Газовоз / LNG Tanker,At Anchor / На якорной стоянке,LOW,"Йосу (якорная стоянка), Южная Корея (Yeosu Anch., Korea)","Киттимат, Канада (KTM CANADA / Kitimat)",PUTERI SELANGOR,636024084,28 августа 2026 г,трансокеанских поставках сжиженного природного газа (СПГ) на дальнемагистральных маршрутах между Азией и североамериканскими экспортными терминалами (Канада),0.0
2026-09-09,9976111,94409.0,110511.0,289.0,46.0,8.9,14.6,1.0,2025,Либерия (Liberia) — один из крупнейших международно признанных «белых» судовых реестров,Танкер-газовоз СПГ (LNG Carrier),Underway using Engine / В пути,EXTREME,"Bintulu LNG, Malaysia (MY BTU)","Gladstone, Australia (",PUTERI TERENGGANU,636024080,"4 октября 2026 г., 01:00 UTC","Танкер-газовоз СПГ · флаг: Либерия (Liberia) — один из крупнейших международно признанных «белых» судовых реестров · следует в: Gladstone, Australia ( · Underway using Engine · возраст: 1 лет",0.0
2026-09-09,9766580,94360.0,115366.0,294.9,46.4,9.0,16.0,7.0,2019,Остров Мэн,"Танкер для перевозки сжиженного природного газа (LNG Tanker, Large)",Underway using Engine / В пути,HIGH,"Gladstone LNG, Australia (AU GLA)","Barcelona Regas, Spain (ES BCN)",BRITISH SPONSOR,636094722,7 июля 2026 г,Великобритания,0.0
2026-09-09,9986116,94326.0,114983.0,295.0,47.0,9.5,14.0,1.0,2025,Либерия,Газовоз (LNG Tanker / Large LNG Carrier),At Anchor / На якорной стоянке,LOW,"Hammerfest LNG, Norway (NO HAM)","Grain LNG, UK (GB GRA)",SHAFALLAH,636378728,"22 октября 2026 г., 20:15 UTC","обеспечении глобальных поставок СПГ, осуществляя рейсы в интересах энергетического сектора, в частности в рамках проектов с участием Qatar Energy",0.0
2026-09-09,9986087,94326.0,114983.0,295.0,47.0,9.4,14.4,1.0,2025,Либерия,Танкер для перевозки сжиженного природного газа (LNG Tanker).,At Anchor / На якорной стоянке,LOW,"Hammerfest LNG, Norway (NO HAM)",порт Фрипорт (Freeport),LNG 6087,636574239,14 июня 2026 г,Танкер для перевозки сжиженного природного газа · флаг: Либерия · следует в: порт Фрипорт (Freeport) · At Anchor · возраст: 1 лет,0.0
2026-09-09,9976939,94326.0,114983.0,295.0,47.0,11.1,17.6,1.0,2025,Либерия,Газовоз (LNG Tanker),Underway using Engine / В пути,LOW,"Cove Point LNG, USA (US COV)",порт Пьомбино,AL KHARRARAH,636796037,23 июня 2026 г,Газовоз · флаг: Либерия · следует в: порт Пьомбино · Underway using Engine · возраст: 1 лет,0.0
2026-09-09,9986063,94326.0,114983.0,295.0,47.0,11.6,14.7,1.0,2025,Либерия,Газовоз (LNG Tanker / New Panamax),Underway using Engine / В пути,LOW,"Ras Laffan, Qatar (QA RLF)","Zeebrugge LNG, Belgium (BE ZEE)",BU NAKHLAH,636139137,30 июня 2026 г,Газовоз · флаг: Либерия · Underway using Engine · возраст: 1 лет,0.0
2026-09-09,9976915,94326.0,114983.0,294.9,46.4,11.2,16.4,1.0,2025,"Либерия. Габариты: Длина (LOA) 294.90 м, ширина (Beam) 46.40 м. Тоннаж:",LNG Tanker / LNGC,Underway using Engine / В пути,LOW,"Piraeus, Greece (GR PIR)",зону ожидания для уточнения конечного порта разгрузки или получения новых торговых инструкций (характерно для спотового рынка СПГ).Аналитическое резюме:Танкер UMM SWAYYAH совершает переход из портов США в Атлантику. Судно находится в рабочем состоянии,PACIFIC 6915,636024551,10 июня 2026 г,"флаг: Либерия. Габариты: Длина (LOA) 294.90 м, ширина (Beam) 46.40 м. Тоннаж: · следует в: зону ожидания для уточнения конечного порта разгрузки или получения новых торговых инструкций (характерно для спотового рынка СПГ).Аналитическое резюме:Танкер UMM SWAYYAH совершает переход из портов США в Атлантику. Судно находится в рабочем состоянии · Underway using Engine · возраст: 1 лет",0.0
2026-09-09,9986075,94325.0,114983.0,295.0,47.0,9.0,13.4,0.0,2026,Либерия,Газовоз / LNG Tanker,Under way using engine,LOW,"СПГ-терминал Венчер Глобал Плакеминс, США (Venture Global Plaquemines LNG Terminal, United States)",USCMU,HASBAH,636025940,29 августа 2026 г,"Газовоз / LNG Tanker · флаг: Либерия · маршрут: СПГ-терминал Венчер Глобал Плакеминс, США (Venture Global Plaquemines LNG Terminal, United States) → Таоюань, Тайвань (TWTYN / Taoyuan) · Underway using Engine",0.414
2026-09-09,9766542,94303.0,115366.0,294.9,46.4,9.6,15.3,8.0,2018,Соединенное Королевство (Великобритания) / Остров Мэн,Газовоз (LNG Tanker),На ходу (Under way),LOW,"Tangguh LNG, Indonesia (ID TGH)",порт Кейптаун (Cape Town),AZURE 6542,232146863,11 июня 2026 г,Газовоз · флаг: Соединенное Королевство (Великобритания) / Остров Мэн · следует в: порт Кейптаун (Cape Town) · На ходу (Under way) · возраст: 8 лет,0.0
2026-09-09,9873840,94167.0,115338.0,294.98,46.4,9.5,14.0,5.0,2021,Сингапур,"СПГ-танкер (LNG Tanker, Membrane Type)",Underway using Engine / В пути,LOW,"Bonny LNG, Nigeria (NG BNL)","Incheon, South Korea (KR INC)",BW LESMES,565375344,"12 октября 2026 г., 21:30 UTC",СПГ-танкер · флаг: Сингапур · Underway using Engine · возраст: 5 лет,0.0
2026-09-09,9269180,94150.0,114863.0,289.53,49.0,11.5,9.6,22.0,2004,ЯПОНИЯ,LNG Tanker (Танкер для перевозки сжиженного природного газа),Underway using Engine (На ходу),LOW,"Пригородное, Россия (RU PGN)","Нихама, Япония (JP IHA)",ENERGY ADVANCE,431740320,25 мая 2026 г,"поставки СПГ из проектов на острове Сахалин в Японию. Осадка 11.5 метра подтверждает наличие груза, необходимого для обеспечения энергетического сектора Японии",0.0
2026-09-09,9779238,94145.0,144828.0,293.5,48.94,9.4,12.1,8.0,2018,Сингапур,"Танкер для перевозки сжиженного природного газа (LNG Tanker, Large)",Underway using Engine / В пути,HIGH,"Sabine Pass LNG, USA (US SAB)",Австралию,DIAMOND GAS ROSE,564103315,3 июля 2026 г,Танкер для перевозки сжиженного природного газа · флаг: Сингапур · следует в: Австралию · Underway using Engine · возраст: 8 лет,0.0
2026-09-09,9960590,94069.0,115238.0,294.98,46.4,9.6,14.0,1.0,2025,Либерия,Танкер для перевозки сжиженного природного газа (LNG Tanker),Underway using Engine / В пути,LOW,"Sabetta, Russia (RU SAB)","Fos-sur-Mer, France (FR FOS)",VENTURE CREOLEIMO номер: 9960590,636254015,27 июня 2026 г,Танкер для перевозки сжиженного природного газа · флаг: Либерия · Underway using Engine · возраст: 1 лет,0.0
2026-09-09,9968932,94068.0,115238.0,295.0,46.0,9.3,11.5,0.0,2026,Сингапур,Газовоз / Танкер для перевозки сжиженного природного газа (LNG Tanker),Under way using engine,LOW,"Cove Point LNG, USA (US COV)",USCP6,BW NIVALIS,563315500,16 августа 2026 г,"Газовоз / Танкер для перевозки сжиженного природного газа · флаг: Сингапур · следует в: Скаген, Дания / Skagen, Denmark · Underway using Engine",0.414
2026-09-09,9779226,94028.0,144828.0,293.5,48.94,11.0,13.5,8.0,2018,Сингапур,"Танкер для перевозки сжиженного природного газа (LNG Tanker, Large)",Underway using Engine / В пути,HIGH,"Bonny LNG, Nigeria (NG BNL)","Grain LNG, UK (GB GRA)",DIAMOND GAS ORCHID,564017263,25 июня 2026 г,Танкер для перевозки сжиженного природного газа · флаг: Сингапур · Underway using Engine · возраст: 8 лет,0.0
2026-09-09,9896933,94000.0,115373.0,294.9,46.4,9.6,14.0,4.0,2022,Сингапур,Газовоз (LNG Tanker),Underway using Engine / В пути,LOW,"Sabetta, Russia (RU SAB)",порт Порт-Саид (Египет,BW CASSIA,565755969,"23 сентября 2026 г., 17:15 UTC",Газовоз · флаг: Сингапур · следует в: порт Порт-Саид (Египет · Underway using Engine · возраст: 4 лет,0.0
2026-09-09,9896921,93980.0,115373.0,294.9,46.4,9.0,0.0,4.0,2022,Сингапур,Танкер для перевозки сжиженного природного газа / LNG Carrier (HAZ-D),At anchor,LOW,"Монтевидео (якорная стоянка), Уругвай (Montevideo Anch., Uruguay)",TT PTF,BW ENN SNOW LOTUS,563162500,7 августа 2026 г,"Танкер для перевозки сжиженного природного газа / LNG Carrier · флаг: Сингапур · маршрут: Монтевидео (якорная стоянка), Уругвай (Montevideo Anch., Uruguay) → Пойнт-Фортен, Тринидад и Тобаго (Point Fortin, Trinidad & Tobago) · трансокеанский переход из Южной Америки вверх по Атлантике в Карибский бассейн · возраст: 4 лет",0.84
2026-09-09,9962433,93900.0,115183.0,295.0,46.0,9.2,14.0,1.0,2025,Бермудские Острова,Газовоз (LNG Tanker),Underway using Engine / В пути,LOW,"Corpus Christi LNG, USA (US CRP)",балласте для загрузки),WOODSIDE BARRUMBARA,636352237,29 июня 2026 г,Газовоз · флаг: Бермудские Острова · следует в: балласте для загрузки) · Underway using Engine · возраст: 1 лет,0.0
2026-09-09,9961477,93876.0,115148.0,299.0,46.4,9.5,16.0,2.0,2024,Сингапур,Газовоз (LNG Tanker / СПГ-танкер),Underway using Engine / В пути,LOW,"Bintulu LNG, Malaysia (MY BTU)",режиме «FOR ORDERS» (ожидание коммерческих инструкций),GREENERGY OCEAN,567807757,"16 сентября 2026 г., 16:15 UTC",Газовоз · флаг: Сингапур · следует в: режиме «FOR ORDERS» (ожидание коммерческих инструкций) · Underway using Engine · возраст: 2 лет,0.0
2026-09-09,9956953,93835.0,115586.0,294.9,46.4,11.7,17.7,1.0,2025,Маршалловы Острова,"Газовоз / Крупнотоннажный газовоз (LNG Tanker, категория HAZ-D)",интенсивный транзитный переход на ходу,LOW,"Бонни, Нигерия (Bonny, Nigeria)",судна в открытом море в зависимости от текущих котировок и потребностей рынка,MOL AZURE,538011095,21 августа 2026 г,"Газовоз / Крупнотоннажный газовоз · флаг: Маршалловы Острова · маршрут: Бонни, Нигерия (Bonny, Nigeria) → судна в открытом море в зависимости от текущих котировок и потребностей рынка · интенсивный транзитный переход на ходу · возраст: 1 лет",0.0
2026-09-09,9947639,93800.0,118500.0,299.0,46.0,11.2,18.8,0.0,2026,Либерия,Газовоз (LNG Tanker / New Panamax),Underway using Engine / В пути,LOW,"Gladstone LNG, Australia (AU GLA)","Gate Terminal Rotterdam, Netherlands (NL RTM)",VANTAGE LNG (Correction: Реестровое имя — LNG INDUS),636988286,30 июня 2026 г,Газовоз · флаг: Либерия · Underway using Engine,0.0
2026-09-09,9961506,93784.0,115148.0,299.0,46.0,9.5,18.5,1.0,2025,Сингапур,Газовоз для перевозки СПГ (LNG Tanker),На ходу (Under way),LOW,"Hammerfest LNG, Norway (NO HAM)",терминал GTA (Greater Tortue Ahmeyim),GREENERGY MOON,565686372,20 июня 2026 г,Singapore,0.0
2026-09-09,9961491,93777.0,115148.0,299.0,46.0,11.5,19.2,1.0,2025,Сингапур,Газовоз / LNG Tanker,Underway using Engine / В пути,LOW,"Пунта-Эуропа, Экваториальная Гвинея (Punta Europa, Equatorial Guinea)","Тайбэй, Тайвань (Taipei, Taiwan)",GREENERGY STAR,563255800,8 августа 2026 г,"Газовоз / LNG Tanker · флаг: Сингапур · маршрут: Пунта-Эуропа, Экваториальная Гвинея (Punta Europa, Equatorial Guinea) → Тайбэй, Тайвань (Taipei, Taiwan) · Underway using Engine · возраст: 1 лет",0.0
2026-09-09,9857365,93775.0,116430.0,297.0,46.4,9.6,14.0,6.0,2020,Маршалловы Острова,"Танкер для перевозки сжиженного природного газа (LNG Tanker, Large)",Underway using Engine / В пути,LOW,"Corpus Christi LNG, USA (US CRP)","Fos-sur-Mer, France (FR FOS)",FLEX AURORAIMO номер: 9857365,538155066,"3 ноября 2026 г., 00:00 UTC",Танкер для перевозки сжиженного природного газа · флаг: Маршалловы Острова · Underway using Engine · возраст: 6 лет,0.0
2026-09-09,9957725,93771.0,114401.0,299.0,46.4,9.5,14.0,2.0,2024,Маршалловы Острова,LNG Tanker (Танкер для перевозки сжиженного природного газа),Under way (На ходу),LOW,"Cove Point LNG, USA (US COV)",терминал Коув-Пойнт для проведения грузовых операций,ASSOS,538010316,"10 октября 2026 г., 04:45 UTC",LNG Tanker · флаг: Маршалловы Острова · следует в: терминал Коув-Пойнт для проведения грузовых операций · Under way (На ходу) · возраст: 2 лет,0.0
2026-09-09,9862475,93764.0,116430.0,297.0,46.4,7.8,14.0,5.0,2021,Маршалловы острова,Газовоз (LNG Tanker),На якоре (At anchor),LOW,"Hammerfest LNG, Norway (NO HAM)","Zeebrugge LNG, Belgium (BE ZEE)",FLEX VIGILANT,538407916,"5 октября 2026 г., 08:00 UTC","регулярных коммерческих перевозках СПГ между крупными международными терминалами. Отсутствуют какие-либо признаки вовлеченности в деятельность, связанную с обходом санкций или работой «теневого флота»",0.0
2026-09-09,9949027,93758.0,115586.0,298.0,48.0,11.6,18.0,3.0,2023,Маршалловы Острова,Газовоз / LNG Tanker,Under way using engine,LOW,"Коув-Пойнт, США (Cove Point, United States)","Дахедж, Индия (Dahej, India)",GAIL URJA,538010799,23 августа 2026 г,"долгосрочных цепочках поставок сжиженного природного газа (СПГ), выполняя трансокеанский рейс из терминала Коув-Пойнт (США) в порт Дахедж (Индия)",0.395
2026-09-09,9943853,93736.0,116581.0,299.0,46.4,9.6,14.0,2.0,2024,Бермудские острова,"Танкер для перевозки сжиженного природного газа (LNG Tanker, Large)",Underway using Engine / В пути,LOW,"Corpus Christi LNG, USA (US CRP)",порт Бонни (Нигерия). Ожидаемое время прибытия: 5 июля 2026 г,AXIOS II,636475707,5 июля 2026 г,Танкер для перевозки сжиженного природного газа · флаг: Бермудские острова · следует в: порт Бонни (Нигерия). Ожидаемое время прибытия: 5 июля 2026 г · Underway using Engine · возраст: 2 лет,0.0
2026-09-09,9861031,93668.0,116354.0,299.0,46.4,9.3,10.7,6.0,2020,Мальта,Газовоз (LNG Tanker / Large),Underway using Engine / В пути,LOW,"Cove Point LNG, USA (US COV)",акваторию Мексиканского залива (регион США) в режиме ожидания торговых распоряжений (ETA 2 июля 2026 г,COOL DISCOVERER,229243695,2 июля 2026 г,"трансокеанских перевозках, связывающих экспортные терминалы США (например, Корпус-Кристи) с потребителями в Европе и Азии",0.0
2026-09-09,9862463,93624.0,116430.0,297.0,46.4,11.5,15.7,5.0,2021,Маршалловы острова IMO номер: 9862463 Год постройки: 2021,Газовоз для перевозки сжиженного природного газа (LNG Tanker / Large),"На ходу (Under way). Маршрут: Назначение указано как «FOR ORDERS» (ожидание распоряжений). Это стандартная практика в танкерном фрахтовании, когда судно следует в определенный регион в ожидании конкретных инструкций от фрахтователя по порту погрузки или выгрузки. Операционные данные: Текущая скорость — 15.7 узлов, осадка — 11.5 м. Расчетное время прибытия в район ожидания — 28 июня 2026 года в 14:00. История: Последний зафиксированный порт захода — якорная стоянка Чагуарамас (Тринидад и Тобаго), который судно покинуло 25 мая 2026 года. Эксплуатация и управлениеУправление:Коммерческий и технический менеджмент: Flex LNG Management AS (Норвегия) — компания, специализирующаяся на эксплуатации современных, высокоэффективных СПГ-танкеров. Контекст: FLEX VOLUNTEER — это современный СПГ-газовоз, оснащенный энергоэффективной двухтопливной пропульсивной системой (MEGI). Судно находится в долгосрочном тайм-чартере у компании Cheniere Marketing International и активно используется для обеспечения глобальных поставок сжиженного газа. Судно не имеет санкционных ограничений и соответствует всем современным международным экологическим и навигационным стандартам",LOW,"Angola LNG, Angola (AO LNG)",определенный регион в ожидании конкретных инструкций от фрахтователя по порту погрузки или выгрузки. Операционные данные: Текущая скорость — 15.7 узлов,FLEX VOLUNTEER,538865187,"22 сентября 2026 г., 03:30 UTC","верфь Hyundai Samho Heavy Industries, Южная Корея",0.0
2026-09-09,9857377,93624.0,116430.0,297.0,46.4,9.6,14.0,6.0,2020,Маршалловы Острова,Танкер для перевозки сжиженного природного газа (LNG Tanker),Underway using Engine / В пути,LOW,"Sabetta, Russia (RU SAB)",терминал Пунта-Европа (Экваториальная Гвинея) 22 июня 2026 г,FLEX AMBER,538747446,"27 сентября 2026 г., 18:45 UTC","глобальных коммерческих перевозках СПГ и активно оперирует на мировом энергетическом рынке, посещая порты Европы, Азии и Африки",0.0
2026-09-09,9879698,93566.0,116581.0,299.06,46.4,9.6,17.5,5.0,2021,Мальта,Газовоз (LNG Tanker),Underway using Engine / В пути,LOW,"Cove Point LNG, USA (US COV)","Grain LNG, UK (GB GRA)",ADAMASTOS,229708838,"9 октября 2026 г., 22:45 UTC",Газовоз · флаг: Мальта · Underway using Engine · возраст: 5 лет,0.0
2026-09-09,9943841,93541.0,116581.0,299.06,46.4,11.3,18.2,3.0,2023,Маршалловы Острова,Газовоз (LNG Tanker / HAZ-D),Судно в движении (Under way),LOW,"Sabetta, Russia (RU SAB)",порт назначения JPSBK (Япония,AMORE MIO I,538232676,17 июня 2026 г,Газовоз · флаг: Маршалловы Острова · следует в: порт назначения JPSBK (Япония · Судно в движении (Under way) · возраст: 3 лет,0.0
2026-09-09,9845776,93535.0,114113.0,299.0,46.4,11.6,14.0,6.0,2020,Мальта,Танкер для перевозки СПГ (LNG Tanker),Ошвартован (Moored),LOW,"Sabetta, Russia (RU SAB)","Shanghai LNG, China (CN SHA)",AMBERJACK LNG,229634026,"28 августа 2026 г., 12:00 UTC",Танкер для перевозки СПГ · флаг: Мальта · Ошвартован (Moored) · возраст: 6 лет,0.0
2026-09-09,9869306,93535.0,116542.0,299.06,46.4,11.1,16.4,5.0,2021,Мальта,Газовоз / LNG Tanker,Underway using Engine / В пути,LOW,"Инглсайд, США (Ingleside, United States)",В открытом море для получения инструкций / В ожидании ордеров (OPEN SEA FOR ORDERS),COBIA LNG,215583000,31 августа 2026 г,"Газовоз / LNG Tanker · флаг: Мальта · маршрут: Инглсайд, США (Ingleside, United States) → В открытом море для получения инструкций / В ожидании ордеров (OPEN SEA FOR ORDERS) · Underway using Engine · возраст: 5 лет",0.0
2026-09-09,9872949,93534.0,116542.0,299.06,46.4,9.5,12.5,5.0,2021,"Мальта (Malta). Актив зарегистрирован в одном из ведущих европейских открытых регистров, обеспечивающем высокие стандарты комплаенса и технического аудита",LNG Tanker / LNGC,At Anchor / На якорной стоянке,LOW,"Incheon, South Korea (KR INC)",северо-западном направлении (курс 332°),PACIFIC 2949,215762000,"6 октября 2026 г., 05:15 UTC","флаг: Мальта (Malta). Актив зарегистрирован в одном из ведущих европейских открытых регистров, обеспечивающем высокие стандарты комплаенса и технического аудита · следует в: северо-западном направлении (курс 332°) · At Anchor · возраст: 5 лет",0.0
2026-09-09,9963449,93510.0,115625.0,294.9,46.4,11.3,15.5,2.0,2024,Маршалловы Острова,Газовоз / LNG Tanker,Under way using engine,LOW,"Инглсайд, США (Ingleside, United States)",Не указан (скрыт / ...),MARVEL SWALLOW,538011088,4 сентября 2026 г,"долгосрочных цепочках поставок сжиженного природного газа (СПГ), выполняя трансокеанский межконтинентальный рейс из терминала в Мексиканском заливе США",0.808
2026-09-09,9962419,93417.0,115204.0,294.9,46.4,9.9,17.7,2.0,2024,Бермудские Острова,Судно для перевозки сжиженного природного газа / Танкер для газов HAZ-D (LNG Tanker / Large),активный транзитный ход,LOW,"Шикама, Япония (Shikama, Japan)",Не указан / В пути (,MARVEL PHOENIX,310850000,6 сентября 2026 г,"Судно для перевозки сжиженного природного газа / Танкер для газов HAZ-D · флаг: Бермудские Острова · маршрут: Шикама, Япония (Shikama, Japan) → Не указан / В пути ( · активный транзитный ход · возраст: 2 лет",0.0
2026-09-09,9947598,93414.0,110331.0,289.97,46.1,8.6,19.2,2.0,2024,Маршалловы острова,Газовоз для перевозки СПГ (LNG Tanker),На ходу (Under way),LOW,"Hammerfest LNG, Norway (NO HAM)",порт Пунта-Европа (Punta Europa),PUTERI LEDANG,538778438,17 июня 2026 г,"цепочках поставок между крупными терминалами по экспорту и импорту СПГ в Азиатско-Тихоокеанском регионе, Европе и Африке",0.0
2026-09-09,9937969,93414.0,110331.0,289.97,46.1,9.6,14.0,2.0,2024,Маршалловы Острова,LNG Tanker (Hazardous Category D),Underway / В плавании,LOW,"Sabine Pass LNG, USA (US SAB)","Ningbo, China (CN NGB)",PUTERI SEJINJANG,538010568,"30 августа 2026 г., 22:45 UTC",LNG Tanker · флаг: Маршалловы Острова · Underway · возраст: 2 лет,0.0
2026-09-09,9937957,93414.0,110331.0,289.97,46.1,11.7,14.0,2.0,2024,Маршалловы Острова,Газовоз / LNG Tanker (HAZ-D),At Anchor / На якорной стоянке,LOW,"Окпё, Южная Корея (прибытие на якорную стоянку 2 августа 2026 г.).Операционный профиль и комплаенсОператор / Менеджер: Hyundai LNG Shipping Co. Ltd Регион эксплуатации: Международные маршруты транспортировки СПГ (обслуживание терминалов в Азии и Северной Америке, включая регулярные рейсы из Китимата, Канада).Санкционный статус: НИЗКИЙ РИСК / ЧИСТЫЙ ПРОФИЛЬ (LOW / CLEARED).Факторы риска: Современное высокотехнологичное судно-газовоз под управлением крупного международного оператора. Признаков санкционных ограничений, аномалий AIS или участия в теневых схемах не зафиксировано","Инчхон, Южная Корея (Incheon)",PUTERI SANTUBONG,538010567,25 августа 2026 г,"Газовоз / LNG Tanker · флаг: Маршалловы Острова · маршрут: Окпё, Южная Корея (прибытие на якорную стоянку 2 августа 2026 г.).Операционный профиль и комплаенсОператор / Менеджер: Hyundai LNG Shipping Co. Ltd Регион эксплуатации: Международные маршруты транспортировки СПГ (обслуживание терминалов в Азии и Северной Америке, включая регулярные рейсы из Китимата, Канада).Санкционный статус: НИЗКИЙ РИСК / ЧИСТЫЙ ПРОФИЛЬ (LOW / CLEARED).Факторы риска: Современное высокотехнологичное судно-газовоз под управлением крупного международного оператора. Признаков санкционных ограничений, аномалий AIS или участия в теневых схемах не зафиксировано → Инчхон, Южная Корея (Incheon) · At Anchor · возраст: 2 лет",0.0
2026-09-09,9947615,93414.0,110331.0,289.97,46.1,11.3,15.6,1.0,2025,Маршалловы Острова,LNG Tanker (танкер для перевозки сжиженного природного газа),Underway using Engine / В пути,LOW,"Bonny LNG, Nigeria (NG BNL)",м поставок СПГ для обеспечения энергетических потребностей Китая,PUTERI MAYANG,538010571,7 июня 2026 г,LNG Tanker · флаг: Маршалловы Острова · следует в: м поставок СПГ для обеспечения энергетических потребностей Китая · Underway using Engine · возраст: 1 лет,0.0
2026-09-09,9629536,93372.0,109793.0,294.07,46.0,11.6,0.0,12.0,2014,Литва,Плавучая установка для хранения и регазификации / СПГ-танкер (FSRU / LNG Carrier),Moored,LOW,"Sabine Pass LNG, USA (US SAB)","Yokohama, Japan (JP YOK)",INDEPENDENCE,277587000,"17 октября 2026 г., 02:00 UTC",Плавучая установка для хранения и регазификации / СПГ-танкер · флаг: Литва · Underway · возраст: 12 лет,0.417
2026-09-09,9862906,93368.0,116581.0,299.01,46.4,9.7,20.2,5.0,2021,Мальта,Газовоз (LNG Tanker),Underway using Engine / В пути,LOW,"Darwin LNG, Australia (AU DRW)","Incheon, South Korea (KR INC)",ARISTIDIS I,215121407,2 июля 2026 г,Газовоз · флаг: Мальта · Underway using Engine · возраст: 5 лет,0.0
2026-09-09,9884021,93352.0,116581.0,299.06,46.4,9.6,14.0,5.0,2021,Греция,"Танкер для перевозки сжиженного природного газа (LNG Tanker, Large)",Underway using Engine / В пути,HIGH,"Darwin LNG, Australia (AU DRW)",режиме «FOR ORDERS» (в ожидании дальнейших коммерческих распоряжений). Ожидаемое время прибытия: 25 июня 2026 г,ASKLIPIOS,239981566,25 июня 2026 г,Танкер для перевозки сжиженного природного газа · флаг: Греция · следует в: режиме «FOR ORDERS» (в ожидании дальнейших коммерческих распоряжений). Ожидаемое время прибытия: 25 июня 2026 г · Underway using Engine · возраст: 5 лет,0.0
2026-09-09,9600528,93350.0,113887.0,285.12,43.4,9.2,2.5,10.0,2016,Бермуды,Газовоз (LNG Tanker),На ходу с использованием двигателя (Underway using Engine),LOW,"Дхарма, Индия (IN DMQ)",«FOR ORDERS» (Судно следует в ожидании дальнейших распоряжений),GASLOG SHANGHAI,636613591,"30 августа 2026 г., 17:30 UTC","Газовоз · флаг: Бермуды · маршрут: Дхарма, Индия (IN DMQ) → «FOR ORDERS» (Судно следует в ожидании дальнейших распоряжений) · На ходу с использованием двигателя (Underway using Engine)",0.0
2026-09-09,9659725,93301.0,113664.0,289.98,46.4,9.6,14.0,10.0,2016,Либерия,Газовоз (LNG Tanker / СПГ-танкер),На ходу (в пути),HIGH,"Китимат (Kitimat), Канада (отход 1 июня 2026 г.)",порт Анегасаки (Япония),MARIA ENERGY,636254044,16 июня 2026 г,легальных международных цепочках поставок СПГ и не имеет никаких связей с «теневым флотом» или санкционными схемами,0.0
2026-09-09,9958298,93286.0,115555.0,294.9,46.4,9.2,14.0,2.0,2024,Сингапур,Танкер для перевозки сжиженного природного газа (LNG Tanker),На якоре (At anchor),LOW,"Corpus Christi LNG, USA (US CRP)","Ningbo, China (CN NGB)",NORTH LIGHT,563631100,"3 ноября 2026 г., 07:00 UTC",Танкер для перевозки сжиженного природного газа · флаг: Сингапур · На якоре (At anchor) · возраст: 2 лет,0.0
2026-09-09,9654880,93286.0,113876.0,299.9,45.8,11.5,14.0,11.0,2015,Либерия,Газовоз / LNG Tanker (категория HAZ-D),Underway / В плавании,LOW,"Барроу-Айленд, Австралия (Barrow Island, Australia)","Юнъань, Тайвань (Yung An, Taiwan), статус: Прибыло (6 августа 2026 г., 01:16 UTC)",KOOL BOREAS,636016378,28 июля 2026 г,"Газовоз / LNG Tanker · флаг: Либерия · маршрут: Барроу-Айленд, Австралия (Barrow Island, Australia) → Юнъань, Тайвань (Yung An, Taiwan), статус: Прибыло (6 августа 2026 г., 01:16 UTC) · Underway · возраст: 11 лет",0.0
2026-09-09,9742807,93241.0,126004.0,297.0,49.0,9.6,12.5,8.0,2018,Мальта,Газовоз для перевозки СПГ (LNG Tanker),На ходу (использует двигатель),LOW,"Sabine Pass LNG, USA (US SAB)",порт Корпус-Кристи (Corpus Christi),CASTILLO DE MERIDA,248759936,5 июля 2026 г,Malta,0.0
2026-09-09,9761815,93167.0,115610.0,296.0,45.6,9.6,14.0,8.0,2018,Неопределен,Газовоз (LNG Tanker),Out of Service / Выведено из эксплуатации,HIGH,"Gladstone LNG, Australia (AU GLA)","Zeebrugge LNG, Belgium (BE ZEE)",SK SPICA,636222213,"12 октября 2026 г., 01:15 UTC",последние данные указывали на Панаму,0.0
2026-09-09,9630028,93152.0,113876.0,299.9,45.8,9.6,14.7,12.0,2014,Оман,Газовоз (LNG Tanker),Under way using engine,LOW,"Hammerfest LNG, Norway (NO HAM)",FOR ORDERS,"PERLE (бывшее название: PSKOV, PEARL)",461001004,"14 октября 2026 г., 20:00 UTC",Газовоз · флаг: Оман · Underway using Engine · возраст: 12 лет,0.656
2026-09-09,9981374,93124.0,114321.0,300.0,46.0,9.1,11.9,1.0,2025,Франция,СПГ-танкер (LNG Tanker / HAZ-D),Судно в движении (Under way),LOW,Сингапур (выход 10 июня 2026 г.),Рас-Лаффан (Катар),WADI AL SAIL,228992309,23 июня 2026 г,поставки СПГ между ключевыми регионами: Катаром (Рас-Лаффан) и Южной Кореей (Кванъян),0.0
2026-09-09,9872987,93098.0,116284.0,299.0,46.4,9.7,16.1,5.0,2021,Мальта,Газовоз (LNG Tanker / Large),Underway using Engine / В пути,LOW,"Ras Laffan, Qatar (QA RLF)","Barcelona Regas, Spain (ES BCN)",HELLAS DIANA,229618115,20 июня 2026 г,Газовоз · флаг: Мальта · Underway using Engine · возраст: 5 лет,0.0
2026-09-09,9956408,93087.0,115118.0,294.9,46.4,11.4,0.8,2.0,2024,Греция,Газовоз (LNG Tanker),судно находится в режиме ожидания или малого хода,LOW,"Gladstone LNG, Australia (AU GLA)","Grain LNG, UK (GB GRA)",MARAN GAS KASTELORIZO,239125926,"23 сентября 2026 г., 22:45 UTC","международных перевозках сжиженного природного газа (LNG), работает на глобальном рынке",0.0
2026-09-09,9961398,93087.0,115118.0,295.0,47.0,9.6,14.0,1.0,2025,Греция,Газовоз (LNG Carrier — танкер для перевозки СПГ),На ходу (в пути),HIGH,порта Кавасаки (Япония) 13 июня 2026 г. и следует в направлении,направлении,MARAN GAS SYROS,239679075,25 июня 2026 г,Газовоз · флаг: Греция · маршрут: порта Кавасаки (Япония) 13 июня 2026 г. и следует в направлении → направлении · На ходу (в пути) · возраст: 1 лет,0.0
2026-09-09,9963827,93087.0,115118.0,295.0,47.0,9.2,13.5,0.0,2026,Греция,Газовоз (LNG Tanker / Large),Underway using Engine / В пути,LOW,"Кисарадзу (Kisarazu), Япония (отход 9 июня 2026 г.)","Barcelona Regas, Spain (ES BCN)",MARAN GAS ANTIPAROS,237180452,14 июня 2026 г,"Газовоз · флаг: Греция · отход: Кисарадзу (Kisarazu), Япония (отход 9 июня 2026 г.) · Underway using Engine",0.0
2026-09-09,9880477,93080.0,115579.0,294.9,46.4,9.7,17.4,4.0,2022,Маршалловы острова (Marshall Islands) IMO номер: 9880477 Год постройки: 2022,Газовоз для перевозки СПГ (LNG Tanker),"На ходу (в Южной Атлантике). Маршрут: Направляется в регион Атлантики для получения дальнейших распоряжений (ATLANTIC FOR ORDERS). Операционные данные: Текущая скорость — 17.4 узла, осадка — 9.7 м. Расчетное время прибытия в район ожидания — 27 июня 2026 года в 09:00. История: Последний зафиксированный порт захода — Sanaga 1 Oil Field Term., который судно покинуло 1 мая 2026 года.Эксплуатация и управлениеВладелец: Hai Kuo Shipping 2219G Ltd. Коммерческий оператор: Qatar Gas Transport Co QPSC (Nakilat). Технический менеджер (ISM): Nakilat Shipping Qatar Ltd. Контекст и статус: GLOBAL SEALINE — современный танкер для перевозки сжиженного природного газа, построенный в 2022 году. Судно не находится под международными санкциями. Оно является частью крупного флота СПГ-танкеров, управляемых катарской компанией Nakilat, и задействовано в международных энергетических перевозках. Статус ""FOR ORDERS"" является стандартной операционной практикой для судов, ожидающих назначения на следующую точку погрузки или выгрузки в рамках глобального логистического цикла СПГ",LOW,"Angola LNG, Angola (AO LNG)",регион Атлантики для получения дальнейших распоряжений (ATLANTIC FOR ORDERS). Операционные данные: Текущая скорость — 17.4 узла,GLOBAL SEALINEТип судна: Газовоз для перевозки СПГ (LNG Tanker),538947403,"18 октября 2026 г., 17:30 UTC","международных энергетических перевозках. Статус ""FOR ORDERS"" является стандартной операционной практикой для судов, ожидающих назначения на следующую точку погрузки или выгрузки в рамках глобального логистического цикла СПГ",0.0
2026-09-09,9883742,93080.0,115405.0,295.0,46.4,10.0,9.7,5.0,2021,Греция,Газовоз (LNG Tanker),Underway using Engine / В пути,LOW,"Corpus Christi LNG, USA (US CRP)","Revithoussa, Greece (GR REV)",MARAN GAS KALYMNOS,237143679,"9 октября 2026 г., 08:00 UTC",Газовоз · флаг: Греция · Underway using Engine · возраст: 5 лет,0.0
2026-09-09,9880465,93080.0,115579.0,294.9,46.4,11.5,16.7,5.0,2021,Маршалловы Острова,LNG Tanker / LNGC,Underway using Engine / В пути,LOW,"Сабин (США), отход 2 июня 2026 года","EUROPE FOR ORDERS (Европа, порт назначения будет определен позже)",OCEAN 0465,538514183,18 июня 2026 г,"флаг: Маршалловы Острова · маршрут: Сабин (США), отход 2 июня 2026 года → EUROPE FOR ORDERS (Европа, порт назначения будет определен позже) · Underway using Engine · возраст: 5 лет",0.0
2026-09-09,9874820,93080.0,115405.0,294.9,46.4,10.3,12.6,5.0,2021,Греция,LNG Tanker / LNGC,Underway using Engine / В пути,LOW,"Yokohama, Japan (JP YOK)","Fujairah, UAE (AE FUJ)",VESSEL 4820,241747000,11 июня 2026 г,флаг: Греция · Underway using Engine · возраст: 5 лет,0.0
2026-09-09,9853137,93076.0,120859.0,297.07,47.0,11.5,14.5,6.0,2020,Бермудские острова,Газовоз (LNG Tanker),Underway using Engine / В пути,LOW,"Corpus Christi LNG, USA (US CRP)","Revithoussa, Greece (GR REV)",GASLOG WALESIMO номер: 9853137,636228122,"30 августа 2026 г., 05:45 UTC",Газовоз · флаг: Бермудские острова · Underway using Engine · возраст: 6 лет,0.0
2026-09-09,9953248,93076.0,115480.0,299.0,46.4,9.6,14.0,2.0,2024,Либерия,Танкер для перевозки сжиженного природного газа (LNG Tanker),Underway using Engine / В пути,LOW,"Ras Laffan, Qatar (QA RLF)","Barcelona Regas, Spain (ES BCN)",ARCTIC 3248,636670060,"5 октября 2026 г., 20:45 UTC","международных цепочках поставок, работая на маршрутах между крупными экспортерами (Катар, Австралия) и потребителями в Европе и Азии",0.0
2026-09-09,9953250,93058.0,115480.0,299.0,46.4,9.7,18.8,2.0,2024,Либерия,Газовоз / LNG Tanker,At Anchor / На якорной стоянке,LOW,"Сингапур (якорная стоянка №3) (Singapore Anch. 3, Singapore)","Плакемин, США (Plaquemine, United States)",UMM GHUWAILINA,636023558,1 сентября 2026 г,"долгосрочных цепочках поставок сжиженного природного газа (СПГ), выполняя трансокеанский межконтинентальный переход из Юго-Восточной Азии в Северную Америку (Побережье Мексиканского залива США)",0.0
2026-09-09,9986623,93043.0,115513.0,299.0,46.0,9.6,14.0,1.0,2025,Сингапур,Газовоз / LNG Tanker,At Anchor / На якорной стоянке,LOW,Сингапур (якорная стоянка),"Рас-Лаффан, Катар (Ras Laffan, Qatar)",FATH AL KHAIR,563268400,3 августа 2026 г,стратегических цепочках поставок сжиженного природного газа между терминалами Азии и Ближнего Востока,0.0
2026-09-09,9864746,93026.0,116779.0,299.06,46.44,9.8,12.3,6.0,2020,Либерия,Газовоз (LNG Tanker),На ходу под двигателем (Under way),LOW,"Йокогама, Япония (отход 9 июня 2026 г.)",ожидании дальнейших указаний («FOR ORDERS»). Судно находится в штатном эксплуатационном режиме,KOOL FIRN,636183569,22 июня 2026 г,"Газовоз · флаг: Либерия · маршрут: Йокогама, Япония (отход 9 июня 2026 г.) → ожидании дальнейших указаний («FOR ORDERS»). Судно находится в штатном эксплуатационном режиме · На ходу под двигателем (Under way) · возраст: 6 лет",0.0
2026-09-09,9953262,93025.0,115480.0,299.0,46.4,9.6,17.5,2.0,2024,Либерия,Газовоз для перевозки СПГ (LNG Tanker),На ходу (в Южной Атлантике),EXTREME,"Cove Point LNG, USA (US COV)",регион Мексиканского залива (USGULF),HLAITAN,636522812,27 июня 2026 г,Liberia,0.0
2026-09-09,9961518,93000.0,113460.0,299.0,46.0,9.6,16.6,0.0,2026,Сингапур IMO номер: 9961518 Год постройки: 2026,Газовоз СПГ (LNG Tanker),"На ходу (в пути).Маршрут: Следует в порт Плэкмайн (Plaquemine), США. Операционные данные: Текущая скорость — 16.6 узла, осадка — 9.6 м. Расчетное время прибытия (ETA) — 12 июня 2026 года в 00:01. История: Последний зафиксированный порт захода — якорная стоянка Сингапура (EOPL Singapore Anch.), которую судно покинуло 5 мая 2026 года. Эксплуатация и управлениеОператор: CNOOC Gas and Power Singapore Trading and Marketing (дочерняя структура китайской государственной корпорации CNOOC). Профиль: GREENERGY WIND — один из новейших СПГ-танкеров в составе флота CNOOC, спущенный на воду в марте 2026 года. Судно предназначено для перевозки сжиженного природного газа в рамках глобальных контрактов компании. Оно спроектировано с учетом современных экологических требований (включая систему ICER для контроля выбросов). Эксплуатационный и санкционный статусСанкционный статус: Судно не находится под международными санкциями.Профиль: GREENERGY WIND является высокотехнологичным коммерческим активом. Несмотря на созвучие с некоторыми организациями, включенными в списки OFAC (например, ""Green Energy Chemicals""), само судно и его оператор CNOOC Gas and Power не имеют отношения к данным санкционным спискам. Судно работает в рамках прозрачных международных энергетических логистических цепочек и не представляет санкционного риска для аналитики",EXTREME,"Ras Laffan, Qatar (QA RLF)",порт Плэкмайн (Plaquemine),GREENERGY WINDТип судна: Газовоз СПГ (LNG Tanker),565672048,12 июня 2026 г,"Газовоз СПГ · флаг: Сингапур IMO номер: 9961518 Год постройки: 2026 · следует в: порт Плэкмайн (Plaquemine) · На ходу (в пути).Маршрут: Следует в порт Плэкмайн (Plaquemine), США. Операционные данные: Текущая скорость — 16.6 узла, осадка — 9.6 м. Расчетное время прибытия (ETA) — 12 июня 2026 года в 00:01. История: Последний зафиксированный порт захода — якорная стоянка Сингапура (EOPL Singapore Anch.), которую судно покинуло 5 мая 2026 года. Эксплуатация и управлениеОператор: CNOOC Gas and Power Singapore Trading and Marketing (дочерняя структура китайской государственной корпорации CNOOC). Профиль: GREENERGY WIND — один из новейших СПГ-танкеров в составе флота CNOOC, спущенный на воду в марте 2026 года. Судно предназначено для перевозки сжиженного природного газа в рамках глобальных контрактов компании. Оно спроектировано с учетом современных экологических требований (включая систему ICER для контроля выбросов). Эксплуатационный и санкционный статусСанкционный статус: Судно не находится под международными санкциями.Профиль: GREENERGY WIND является высокотехнологичным коммерческим активом. Несмотря на созвучие с некоторыми организациями, включенными в списки OFAC (например, ""Green Energy Chemicals""), само судно и его оператор CNOOC Gas and Power не имеют отношения к данным санкционным спискам. Судно работает в рамках прозрачных международных энергетических логистических цепочек и не представляет санкционного риска для аналитики",0.0
2026-09-09,9975337,93000.0,116000.0,299.0,46.0,9.2,12.8,0.0,2026,Мальта,"Газовоз (LNG Tanker, HAZ-D)",Underway using Engine / В пути,LOW,"Sabine Pass LNG, USA (US SAB)",FOR ORDERS — работа на спотовом рынке),AGAMEMNON,215553085,28 июня 2026 г,Газовоз · флаг: Мальта · следует в: FOR ORDERS — работа на спотовом рынке) · Underway using Engine,0.0
2026-09-09,9975325,93000.0,116000.0,299.0,46.0,9.6,14.0,0.0,2026,Мальта,"Танкер для перевозки сжиженного природного газа (LNG Tanker, Large)",At Anchor / На якорной стоянке,LOW,"Sabetta, Russia (RU SAB)","Shanghai LNG, China (CN SHA)",ARCHIMIDISIMO номер: 9975325,248997662,"18 сентября 2026 г., 19:15 UTC",Танкер для перевозки сжиженного природного газа · флаг: Мальта · At Anchor,0.0
2026-09-09,9997672,93000.0,115366.0,299.0,46.0,11.0,14.0,0.0,2026,Сингапур (Singapore Flag) — суверенный национальный реестр высшей категории надежности,Газовоз СПГ (LNG Tanker / Large LNG Carrier),At Anchor / На якорной стоянке,EXTREME,"Corpus Christi LNG, USA (US CRP)","Tianjin, China (CN TJN)",PUTERI KEDAH,563326800,"4 сентября 2026 г., 18:15 UTC",Paris/Tokyo MoU White List,0.0
2026-09-09,9986609,92996.0,115513.0,299.0,46.0,9.4,14.0,1.0,2025,Сингапур,Газовоз (LNG Tanker / Large LNG Carrier),At Anchor / На якорной стоянке,LOW,"Bonny LNG, Nigeria (NG BNL)","Ningbo, China (CN NGB)",AL TUWAR,565255264,"14 сентября 2026 г., 10:15 UTC",Газовоз · флаг: Сингапур · At Anchor · возраст: 1 лет,0.0
2026-09-09,9816763,92996.0,120859.0,297.07,47.0,11.2,16.1,7.0,2019,Греция,Газовоз (LNG Tanker),Underway using Engine / В пути,LOW,"Bonny LNG, Nigeria (NG BNL)",режиме «FOR ORDERS» (ожидание коммерческих инструкций). Операционная активность: Судно является высокотехнологичным танкером-газовозом,GASLOG WARSAWIMO номер: 9816763,237842851,"30 октября 2026 г., 18:15 UTC",Газовоз · флаг: Греция · следует в: режиме «FOR ORDERS» (ожидание коммерческих инструкций). Операционная активность: Судно является высокотехнологичным танкером-газовозом · Underway using Engine · возраст: 7 лет,0.0
2026-09-09,9953274,92982.0,115480.0,299.0,46.4,9.5,16.7,1.0,2025,Либерия,Судно для перевозки сжиженного природного газа / Газовоз (LNG Tanker),At Anchor / На якорной стоянке,EXTREME,"Gladstone LNG, Australia (AU GLA)",США,LIMAIL,636023560,8 июля 2026 г,Liberian Flag,0.0
2026-09-09,9762962,92969.0,110338.0,294.0,46.0,10.6,10.0,9.0,2017,Сингапур,LNG Tanker / LNGC,Underway / В плавании,LOW,"Shanghai, China (CN SHA)","Incheon, South Korea (KR INC)",HOEGH GIANTIMO номер: 9762962,565721431,"14 октября 2026 г., 08:15 UTC",флаг: Сингапур · Underway · возраст: 9 лет,0.0
2026-09-09,9976147,92924.0,110601.0,289.97,46.1,9.0,17.2,1.0,2025,Либерия IMO номер: 9976147 Год постройки: 2025,Газовоз для перевозки сжиженного природного газа (LNG Tanker),"На ходу (Under way). Маршрут: Следует в порт Коув-Пойнт (Cove Point), США. Операционные данные: Текущая скорость — 17.2 узла, осадка — 9.0 м. Расчетное время прибытия (ETA) — 3 июля 2026 года в 00:01. История: Последний зафиксированный порт захода — Дахедж (Индия), который судно покинуло 31 мая 2026 года. Эксплуатация и управлениеУправление:Владелец: Huaxia Hongxin (Tianjin) Leasing Company. Оператор: CoolCo (Cool Company Ltd.) — специализированная компания по эксплуатации СПГ-танкеров, которая приняла судно в эксплуатацию в феврале 2025 года (ранее судно было известно под проектным именем KOOL PANTHER). Контекст: GAIL SAGAR — это новейший высокотехнологичный СПГ-газовоз. Судно находится в прекрасном техническом состоянии (возраст — 1 год) и эксплуатируется компанией CoolCo, имеющей большой опыт в управлении газовозным флотом. Судно не имеет ограничений и работает в рамках стандартных коммерческих контрактов на транспортировку СПГ между ключевыми мировыми терминалами",LOW,"Corpus Christi LNG, USA (US CRP)",порт Коув-Пойнт (Cove Point),GAIL SAGAR,636818168,3 июля 2026 г,"верфь Hyundai Samho Heavy Industries, Южная Корея",0.0
2026-09-09,9976135,92924.0,110601.0,289.97,46.1,11.1,13.5,2.0,2024,Либерия IMO номер: 9976135 Год постройки: 2024,Газовоз для перевозки сжиженного природного газа (LNG Tanker),"На ходу (Under way). Маршрут: Назначение указано как «OPEN SEA FOR ORDERS» (судно следует в открытое море в ожидании дальнейших коммерческих инструкций от фрахтователя). Операционные данные: Текущая скорость — 13.5 узлов, осадка — 11.1 м. Расчетное время прибытия в район ожидания — 30 июня 2026 года в 22:00. История: Последний зафиксированный порт захода — Инглсайд (Ingleside), штат Техас, США, который судно покинуло 19 мая 2026 года. Эксплуатация и управлениеУправление:Оператор: CoolCo (Cool Company Ltd.) — специализированная компания по эксплуатации СПГ-танкеров. Владение: Судно входит во флот под управлением компании, связанной с Eastern Pacific Shipping (EPS).Контекст: KOOL TIGER — новейший танкер последнего поколения, введенный в эксплуатацию в 2024 году. Судно спроектировано с учетом высочайших стандартов экологической эффективности и безопасности. Как и другие суда компании CoolCo, оно активно используется на спотовом рынке и по долгосрочным контрактам для глобальной транспортировки СПГ. Судно не имеет ограничений и работает в рамках легальных международных торговых операций",LOW,"Bonny LNG, Nigeria (NG BNL)",открытое море в ожидании дальнейших коммерческих инструкций от фрахтователя). Операционные данные: Текущая скорость — 13.5 узлов,KOOL TIGERТип судна: Газовоз для перевозки сжиженного природного газа (LNG Tanker),636683176,"19 октября 2026 г., 09:00 UTC","верфь Hyundai Samho Heavy Industries, Южная Корея",0.0
2026-09-09,9849887,92923.0,116779.0,299.06,46.4,9.6,17.6,6.0,2020,Россия,LNG Tanker,Underway using Engine / В пути,LOW,"Sabine Pass LNG, USA (US SAB)",неопределенном направлении («FOR ORDERS») после выхода из Мурманска. Учитывая высокую скорость хода и тип судна,LA PEROUSE,273279530,"2 октября 2026 г., 11:45 UTC",LNG Tanker · флаг: Россия · следует в: неопределенном направлении («FOR ORDERS») после выхода из Мурманска. Учитывая высокую скорость хода и тип судна · Underway using Engine · возраст: 6 лет,0.0
2026-09-09,9895238,92855.0,116299.0,299.0,46.4,11.9,15.2,5.0,2021,Либерия,Газовоз для перевозки сжиженного природного газа (LNG Tanker / Large),На ходу (Under way),LOW,"Gladstone LNG, Australia (AU GLA)",порт Дахедж (Dahej),VIVIRT CITY LNG,636304348,18 июня 2026 г,Газовоз для перевозки сжиженного природного газа · флаг: Либерия · следует в: порт Дахедж (Dahej) · На ходу (Under way) · возраст: 5 лет,0.0
2026-09-09,9902756,92855.0,116299.0,299.0,46.4,9.9,16.6,4.0,2022,Либерия,Газовоз (LNG Tanker),Underway using Engine / В пути,LOW,"Cove Point LNG, USA (US COV)","Barcelona Regas, Spain (ES BCN)",VIVIT ARABIA LNG,636882431,8 июля 2026 г,Газовоз · флаг: Либерия · Underway using Engine · возраст: 4 лет,0.0
2026-09-09,9721724,92802.0,116246.0,284.0,46.4,7.4,0.0,10.0,2016,Испания,Газовоз (LNG Tanker),Moored,LOW,"Bonny LNG, Nigeria (NG BNL)",FRBES,LA MANCHA KNUTSEN,224444000,"8 сентября 2026 г., 04:15 UTC",Газовоз · флаг: Испания · Underway using Engine · возраст: 10 лет,0.656
2026-09-09,9855812,92800.0,113216.0,297.07,47.0,9.4,11.8,6.0,2020,Бермудские острова,Газовоз (LNG Tanker / СПГ-танкер),Under way using engine,LOW,"Darwin LNG, Australia (AU DRW)",USNSS,GASLOG WESTMINSTER,310795000,"3 ноября 2026 г., 06:45 UTC",Газовоз · флаг: Бермудские острова · Underway · возраст: 6 лет,0.412
2026-09-09,9770438,92799.0,139049.0,297.5,48.9,11.7,17.5,7.0,2019,Сингапур,"Танкер для перевозки сжиженного природного газа (LNG Tanker, Large)",Underway using Engine / В пути,HIGH,"Cove Point LNG, USA (US COV)",направлении Японии (код назначения «JP SOD» — Sodeura/регион). Ожидаемое время прибытия: 16 июля 2026 г,MARVEL CRANE,563370060,16 июля 2026 г,Танкер для перевозки сжиженного природного газа · флаг: Сингапур · следует в: направлении Японии (код назначения «JP SOD» — Sodeura/регион). Ожидаемое время прибытия: 16 июля 2026 г · Underway using Engine · возраст: 7 лет,0.0
2026-09-09,9709489,92776.0,113502.0,290.0,46.4,9.3,12.0,10.0,2016,Греция IMO номер: 9709489 Год постройки: 2016,Газовоз для перевозки сжиженного природного газа (LNG Tanker),Under way using engine,LOW,"Angola LNG, Angola (AO LNG)",US NSS,MARAN GAS PERICLES,241424000,"28 октября 2026 г., 10:00 UTC","верфь Hyundai Samho Heavy Industries, Южная Корея",0.419
2026-09-09,9682590,92762.0,113502.0,290.0,46.4,9.6,15.8,10.0,2016,Греция,Танкер для перевозки сжиженного природного газа / Газовоз LNG (LNG Tanker),Underway using Engine / В пути,EXTREME,Юго-Восточной Азии,"Fos-sur-Mer, France (FR FOS)",MARAN GAS AGAMEMNON,241405000,16 августа 2026 г,Танкер для перевозки сжиженного природного газа / Газовоз LNG · флаг: Греция · отход: Юго-Восточной Азии · Underway using Engine · возраст: 10 лет,0.0
2026-09-09,9770440,92659.0,139050.0,297.5,48.9,9.8,16.8,7.0,2019,Панама IMO номер: 9770440 Год постройки: 2019,Газовоз для перевозки сжиженного природного газа (LNG Tanker),"На ходу (Under way). Маршрут: Судно направляется в порт Лейк-Чарльз (Lake Charles), США. Этот порт является ключевым терминалом для проекта Cameron LNG в штате Луизиана, который судно обслуживает в рамках долгосрочного чартера для компании Mitsui & Co. Операционные данные: Текущая скорость — 16.8 узлов, осадка — 9.8 м. Расчетное время прибытия (ETA) — 5 июля 2026 года. История: Последний зафиксированный порт захода — Иокогама (Япония), который судно покинуло 23 мая 2026 года. Эксплуатация и управлениеУправление:Коммерческий менеджмент: Mitsui O.S.K. Lines (MOL), Япония. ISM-менеджмент: MOL Global Ship Management Pte. Ltd. Зарегистрированный владелец: Heron Gas Shipping SA. Контекст: MARVEL HERON — высокотехнологичный газовоз, оснащенный инновационной гибридной пропульсивной системой STaGE (Steam Turbine and Gas Engine), что значительно повышает топливную эффективность и снижает выбросы CO2. Судно не имеет санкционных ограничений и стабильно эксплуатируется на межконтинентальных маршрутах поставок американского СПГ",LOW,"Angola LNG, Angola (AO LNG)",порт Лейк-Чарльз (Lake Charles),MARVEL HERON,370232409,5 июля 2026 г,"верфь Mitsubishi Shipbuilding, Япония",0.0
2026-09-09,9682605,92640.0,113502.0,290.0,46.4,11.7,13.6,10.0,2016,Греция,Судно для перевозки сжиженного природного газа / Газовоз (LNG Tanker / LNG Carrier),Underway using Engine / В пути,LOW,"Bintulu LNG, Malaysia (MY BTU)",ПО РАСПОРЯЖЕНИЮ / ДЛЯ УКАЗАНИЙ (FOR ORDERS),MARAN GAS HECTOR,241425000,17 августа 2026 г,Судно для перевозки сжиженного природного газа / Газовоз · флаг: Греция · следует в: ПО РАСПОРЯЖЕНИЮ / ДЛЯ УКАЗАНИЙ (FOR ORDERS) · Underway using Engine · возраст: 10 лет,0.0
2026-09-09,9709491,92621.0,113502.0,290.01,46.4,9.8,16.9,9.0,2017,Греция,Газовоз / LNG Tanker (HAZ-A),Underway using Engine / В пути,LOW,"Дахедж, Индия (Dahej, India)",В ожидании ордеров / Следует по указанию (FOR ORDERS),MARAN GAS ULYSSES,241404000,16 августа 2026 г,"Газовоз / LNG Tanker · флаг: Греция · маршрут: Дахедж, Индия (Dahej, India) → В ожидании ордеров / Следует по указанию (FOR ORDERS) · Underway using Engine · возраст: 9 лет",0.0
2026-09-09,9879674,92619.0,115489.0,293.5,46.0,9.6,14.0,5.0,2021,ГРЕЦИЯ,LNG Tanker (Танкер для перевозки СПГ),Underway using Engine / В пути,LOW,"Hammerfest LNG, Norway (NO HAM)","Grain LNG, UK (GB GRA)",YIANNIS,241743000,"31 октября 2026 г., 03:00 UTC",GREECE,0.0
2026-09-09,9991939,92600.0,114000.0,295.0,46.0,9.5,19.8,0.0,2026,Либерия,Газовоз (LNG Tanker / LNG Large),На ходу (Under way),LOW,"Corpus Christi LNG, USA (US CRP)","Grain LNG, UK (GB GRA)",AL THURAYYA,636348762,"1 ноября 2026 г., 06:30 UTC",Газовоз · флаг: Либерия · На ходу (Under way),0.0
2026-09-09,1023657,92600.0,113562.0,299.0,46.0,9.5,6.6,0.0,2026,Сингапур,Газовоз (LNG Tanker),Не под командованием (Not Under Command),LOW,"Corpus Christi LNG, USA (US CRP)","Gate Terminal Rotterdam, Netherlands (NL RTM)",GREENERGY WHALE,565075612,"20 сентября 2026 г., 11:00 UTC",Газовоз · флаг: Сингапур · Не под командованием (Not Under Command),0.0
2026-09-09,9991915,92600.0,114816.0,295.0,47.0,9.3,0.0,0.0,2026,Сингапур,Танкер-газовоз (LNG Tanker),At anchor,LOW,"Bonny LNG, Nigeria (NG BNL)",USGC FOR ORDERS,SERI DIAN,563325300,"5 октября 2026 г., 15:45 UTC",Танкер-газовоз · флаг: Сингапур · следует в: направлении Сингапура · Underway using Engine,0.418
2026-09-09,9901350,92599.0,115476.0,294.9,46.4,11.7,17.1,4.0,2022,Греция (Greece) — первоклассный европейский суверенный «белый» судовой реестр,Танкер-газовоз для сжиженного природного газа (LNG Carrier / LNG Tanker),Under way using engine,EXTREME,"Angola LNG, Angola (AO LNG)","Gate Terminal Rotterdam, Netherlands (NL RTM)",JOHN A. ANGELICOUSSIS,241744000,"30 октября 2026 г., 17:00 UTC",Paris/Tokyo MoU White List,0.837
2026-09-09,9864784,92473.0,119338.0,299.15,45.8,11.3,17.3,6.0,2020,Маршалловы острова,Газовоз (LNG Carrier),Underway using Engine / В пути,LOW,"Cove Point LNG, USA (US COV)","режиме ожидания распоряжений (""For Orders""). Операционная активность: Высокотехнологичный СПГ-танкер",CELSIUS COPENHAGEN,538585884,"6 сентября 2026 г., 12:30 UTC","Газовоз · флаг: Маршалловы острова · следует в: режиме ожидания распоряжений (""For Orders""). Операционная активность: Высокотехнологичный СПГ-танкер · Underway using Engine · возраст: 6 лет",0.0
2026-09-09,9864796,92454.0,119338.0,299.15,45.8,9.6,14.0,5.0,2021,Маршалловы острова IMO номер: 9864796 Год постройки: 2021,Газовоз для перевозки сжиженного природного газа (LNG Tanker / Large),"На ходу (Under way). Маршрут: Судно находится в плавании, статус назначения указан как «OPEN SEA FOR ORDERS» (открытое море, ожидание распоряжений). Расчетное время прибытия в целевую зону — 6 июля 2026 года в 06:01. История: Последний порт захода — Инглсайд (США), который судно покинуло 23 апреля 2026 года. Эксплуатация и управлениеУправление: Судно находится в составе флота компании Celsius Shipping ApS (Дания), которая специализируется на высокотехнологичном флоте. Технические особенности: Судно оснащено двухтопливными двигателями (DFDE), что позволяет ему использовать отпарной газ (BOG) в качестве топлива, значительно снижая вредные выбросы.Статус: CELSIUS CANBERRA является современным LNG-танкером, соответствующим всем международным стандартам безопасности и экологическим требованиям (Tier III). Судно активно используется на трансокеанских маршрутах, соединяющих экспортные СПГ-терминалы США с рынками Азиатско-Тихоокеанского региона",LOW,"Hammerfest LNG, Norway (NO HAM)","Revithoussa, Greece (GR REV)",CELSIUS CANBERRAТип судна: Газовоз для перевозки сжиженного природного газа (LNG Tanker / Large),538207482,"2 сентября 2026 г., 13:15 UTC","верфь Samsung Heavy Industries, Южная Корея",0.0
2026-09-09,9948736,92385.0,119063.0,299.0,45.8,11.1,12.1,2.0,2024,Маршалловы Острова,Танкер для перевозки сжиженного природного газа / LNG Carrier,Underway using Engine / В пути,LOW,"Пойнт-Фортен, Тринидад и Тобаго (Point Fortin, Trinidad & Tobago)","Порту-ду-Асу, Бразилия (Porto do Açu, Brazil)",CELSIUS GRANADA,538010912,16 августа 2026 г,"Танкер для перевозки сжиженного природного газа / LNG Carrier · флаг: Маршалловы Острова · маршрут: Пойнт-Фортен, Тринидад и Тобаго (Point Fortin, Trinidad & Tobago) → Порту-ду-Асу, Бразилия (Porto do Açu, Brazil) · Underway using Engine · возраст: 2 лет",0.0
2026-09-09,9945459,92385.0,119063.0,299.0,45.8,10.9,14.0,2.0,2024,Маршалловы Острова,LNG Tanker (танкер для перевозки сжиженного природного газа),Underway using Engine / В пути,LOW,"Darwin LNG, Australia (AU DRW)",Порт-Саид и следует в терминал Айн-Сохна (Египет) для проведения грузовых операций. Ожидаемое время прибытия (ETA) — 16:00 UTC 3 июня 2026 г,CELSIUS GLARUS,538010613,"23 октября 2026 г., 14:45 UTC",LNG Tanker · флаг: Маршалловы Острова · следует в: Порт-Саид и следует в терминал Айн-Сохна (Египет) для проведения грузовых операций. Ожидаемое время прибытия (ETA) — 16:00 UTC 3 июня 2026 г · Underway using Engine · возраст: 2 лет,0.0
2026-09-09,9958999,92385.0,119063.0,299.0,45.8,9.9,17.7,1.0,2025,Маршалловы острова,Газовоз для перевозки СПГ (LNG Tanker),На ходу (Under way),LOW,"Sabine Pass LNG, USA (US SAB)","Revithoussa, Greece (GR REV)",CELSIUS GALWAY,538599283,"24 октября 2026 г., 20:15 UTC",Marshall Islands,0.0
2026-09-09,9988700,92385.0,119063.0,299.0,46.0,9.8,17.6,0.0,2026,Маршалловы острова (Marshall Islands) IMO номер: 9988700 Год постройки: 2026,Газовоз для перевозки СПГ (LNG Tanker),"На ходу (в Южной Атлантике). Маршрут: Пункт назначения указан как ""FOR ORDERS"" (ожидание распоряжений). Операционные данные: Текущая скорость — 17.6 узлов, осадка — 9.8 м. Расчетное время прибытия в район ожидания — 24 июня 2026 года в 00:01. История: Последний зафиксированный порт захода — якорная стоянка Сингапура (Singapore Anch. 3), который судно покинуло 21 мая 2026 года. Эксплуатация и статусВладелец: XIANG H122 INTERNATIONAL SHIP (финансовая структура). Технический менеджер (ISM): Celsius Tech Ltd. Коммерческий менеджер: Celsius Tankers LLC. Контекст и статус: CELSIUS GREENLAND — новейший СПГ-танкер, введенный в эксплуатацию в 2026 году. Судно является частью флота компании Celsius Tankers, известной своими высокими стандартами технического обслуживания и экологической эффективности (использование двухтопливных двигателей). Комплаенс: Судно не находится под санкциями. Оно является современным коммерческим активом, задействованным в легальной международной торговле сжиженным природным газом. В текущих условиях активного рыночного спроса судно находится в режиме ожидания фрахта или дальнейших операционных распоряжений («For Orders»)",LOW,"Cove Point LNG, USA (US COV)","Shanghai LNG, China (CN SHA)",CELSIUS GREENLANDТип судна: Газовоз для перевозки СПГ (LNG Tanker),538432024,"14 сентября 2026 г., 10:30 UTC","Газовоз для перевозки СПГ · флаг: Маршалловы острова (Marshall Islands) IMO номер: 9988700 Год постройки: 2026 · На ходу (в Южной Атлантике). Маршрут: Пункт назначения указан как ""FOR ORDERS"" (ожидание распоряжений). Операционные данные: Текущая скорость — 17.6 узлов, осадка — 9.8 м. Расчетное время прибытия в район ожидания — 24 июня 2026 года в 00:01. История: Последний зафиксированный порт захода — якорная стоянка Сингапура (Singapore Anch. 3), который судно покинуло 21 мая 2026 года. Эксплуатация и статусВладелец: XIANG H122 INTERNATIONAL SHIP (финансовая структура). Технический менеджер (ISM): Celsius Tech Ltd. Коммерческий менеджер: Celsius Tankers LLC. Контекст и статус: CELSIUS GREENLAND — новейший СПГ-танкер, введенный в эксплуатацию в 2026 году. Судно является частью флота компании Celsius Tankers, известной своими высокими стандартами технического обслуживания и экологической эффективности (использование двухтопливных двигателей). Комплаенс: Судно не находится под санкциями. Оно является современным коммерческим активом, задействованным в легальной международной торговле сжиженным природным газом. В текущих условиях активного рыночного спроса судно находится в режиме ожидания фрахта или дальнейших операционных распоряжений («For Orders»)",0.0
2026-09-09,9945447,92385.0,119063.0,299.0,46.0,9.7,14.0,3.0,2023,Маршалловы Острова,Газовоз (LNG Tanker / Large LNG Carrier),At Anchor / На якорной стоянке,LOW,"Tangguh LNG, Indonesia (ID TGH)","Grain LNG, UK (GB GRA)",CELSIUS GIZA,538968958,"3 сентября 2026 г., 13:30 UTC",Газовоз · флаг: Маршалловы Острова · At Anchor · возраст: 3 лет,0.0
2026-09-09,9981520,92377.0,114001.0,299.0,46.4,9.6,14.0,0.0,2026,Сингапур,Газовоз (LNG Tanker),Underway / В плавании,LOW,"Gladstone LNG, Australia (AU GLA)","Gate Terminal Rotterdam, Netherlands (NL RTM)",HALWAN,564067794,"27 октября 2026 г., 06:00 UTC",Газовоз · флаг: Сингапур · Underway,0.0
2026-09-09,9981532,92377.0,114000.0,299.0,46.0,12.5,14.0,0.0,2026,Сингапур,Газовоз (LNG Tanker),На ходу под двигателем (Under way),LOW,"Ульсан, Южная Корея (отход 5 июня 2026 г.)",пункт назначения,AL THUMAID,567346748,10 июня 2026 г,"Газовоз · флаг: Сингапур · маршрут: Ульсан, Южная Корея (отход 5 июня 2026 г.) → пункт назначения · На ходу под двигателем (Under way)",0.0
2026-09-09,9981518,92377.0,114001.0,299.0,46.0,9.4,12.1,0.0,2026,Сингапур,Газовоз (LNG Tanker / New Panamax),Underway using Engine / В пути,LOW,"Bintulu LNG, Malaysia (MY BTU)",порт Сабин-Пасс (Sabine),SHRA'OUH,565263065,21 июня 2026 г,долгосрочных контрактах на транспортировку СПГ для QatarEnergy. Маршрутная сеть включает регулярные трансокеанские рейсы между экспортными терминалами Катара и импортными хабами США и Европы,0.0
2026-09-09,9981506,92377.0,114001.0,299.0,46.0,11.5,14.2,1.0,2025,Сингапур,Судно для перевозки сжиженного природного газа / Газовоз (LNG Tanker / LNG Carrier),At Anchor / На якорной стоянке,LOW,"Tangguh LNG, Indonesia (ID TGH)","Кисарадзу, Япония / Kisarazu, Japan",SHARQ (экс-Ras Laffan),563295200,18 августа 2026 г,"Судно для перевозки сжиженного природного газа / Газовоз · флаг: Сингапур · следует в: Кисарадзу, Япония / Kisarazu, Japan · At Anchor · возраст: 1 лет",0.0
2026-09-09,9981415,92323.0,114321.0,299.0,46.0,8.9,19.5,0.0,2026,Франция,Газовоз для перевозки сжиженного природного газа (LNG Tanker / Large),На ходу (Under way),LOW,"Cove Point LNG, USA (US COV)","Gate Terminal Rotterdam, Netherlands (NL RTM)",UMM WISHAH,228798806,23 июня 2026 г,Газовоз для перевозки сжиженного природного газа · флаг: Франция · На ходу (Under way),0.0
2026-09-09,9981403,92323.0,112634.0,299.0,46.0,9.4,14.0,0.0,2026,"Франция Год постройки: 2026 Габариты: Длина (LOA) — 299 м, ширина — 46 м",LNG Tanker (Танкер для перевозки сжиженного природного газа),"At anchor (На якоре) Локация: Якорная стоянка в районе порта Сабин / Порт-Артур, США Статус: ПрибылоОсадка (Draught): 9.4 м Актуальность: Данные актуальны на 8 июня 2026 года3. Анализ параметровОперационная активность: BARZAN — новейшее судно (постройка 2026 года, верфь HD Hyundai Heavy Industries, Южная Корея). Судно находится в управлении компании Knutsen OAS Shipping AS (Норвегия). Маршрут: После ввода в эксплуатацию судно было задействовано в логистических операциях в Атлантическом бассейне, включая регулярные рейсы в порты США для обеспечения экспорта СПГ.4. Риск-профильСанкции: Не числится в санкционных списках.Заключение: Объект классифицируется как «Активен / Коммерческий энергетический транспорт». Нахождение на якорной стоянке соответствует стандартному графику ожидания лоцманской проводки или постановки к терминалу. Риск взаимодействия оценивается как низкий",LOW,"Cove Point LNG, USA (US COV)","Barcelona Regas, Spain (ES BCN)",BARZANIMO: 9981403,228464700,"21 сентября 2026 г., 19:00 UTC","логистических операциях в Атлантическом бассейне, включая регулярные рейсы в порты США для обеспечения экспорта СПГ.4. Риск-профильСанкции: Не числится в санкционных списках.Заключение: Объект классифицируется как «Активен / Коммерческий энергетический транспорт». Нахождение на якорной стоянке соответствует стандартному графику ожидания лоцманской проводки или постановки к терминалу. Риск взаимодействия оценивается как низкий",0.0
2026-09-09,9277462,92271.0,111246.0,262.65,49.0,11.0,0.3,22.0,2004,Багамские Острова,"Плавучая установка для добычи, хранения и отгрузки сжиженного нефтяного газа / LPG FPSO (Offshore Support Vessel / Gas Carrier)",объект стационарного типа,LOW,"Rotterdam, Netherlands (NL RTM)","Ningbo, China (CN NGB)",SANHA LPG FPSO,311711000,"29 сентября 2026 г., 01:15 UTC","Плавучая установка для добычи, хранения и отгрузки сжиженного нефтяного газа / LPG FPSO · флаг: Багамские Острова · объект стационарного типа · возраст: 22 лет",0.0
2026-09-09,9748904,92266.0,114470.0,289.99,46.4,11.9,14.2,8.0,2018,Бермудские Острова,Танкер для перевозки сжиженного природного газа / LNG Carrier,трансокеанский переход после прохода Панамского канала со стороны Атлантики,LOW,"Панамский канал (якорная стоянка со стороны Атлантического океана), Панама (Panama Canal Anch. Atlantic, Panama)",По указанию / В ожидании распоряжений (FOR ORDERS),GASLOG HONG KONG,310773000,15 августа 2026 г,глобальной спотовой и контрактной торговле СПГ на магистральных межконтинентальных маршрутах,0.0
2026-09-09,9992244,92232.0,110307.0,290.0,46.0,9.0,11.7,0.0,2026,Маршалловы Острова,Газовоз (LNG Tanker),Underway using Engine / В пути,LOW,"Corpus Christi LNG, USA (US CRP)","Gate Terminal Rotterdam, Netherlands (NL RTM)",FRONTIER LNG,538314981,21 июня 2026 г,Газовоз · флаг: Маршалловы Острова · Underway using Engine,0.0
2026-09-09,9992232,92232.0,110307.0,290.0,46.0,9.1,17.1,0.0,2026,Маршалловы Острова,Газовоз (LNG Tanker / Newbuild),Underway using Engine / В пути,LOW,порта Фрипорт,Фрипорт,OLYMPUS LNG,538223923,"6 сентября 2026 г., 02:45 UTC",Газовоз · флаг: Маршалловы Острова · маршрут: порта Фрипорт → Фрипорт · Underway using Engine,0.0
2026-09-09,9992220,92232.0,112523.0,290.0,46.0,9.1,14.7,0.0,2026,Маршалловы острова IMO номер: 9992220 Год постройки: 2026,Газовоз СПГ (LNG Tanker),"На ходу (в пути). Маршрут: Указано «FOR ORDERS» (судно ожидает дальнейших распоряжений о пункте назначения). Операционные данные: Текущая скорость — 14.7 узлов, осадка — 9.1 м. Расчетное время прибытия (ETA) — 14 июня 2026 года в 00:01. История: Последний зафиксированный порт захода — Юн-Ань (Yung An), Тайвань, который судно покинуло 9 мая 2026 года. Эксплуатация и управлениеЗарегистрированный владелец: HUAXIA HONGLI TIANJIN LEASING CO., LTD. (Китай). Коммерческий и технический менеджер (ISM): TMS CARDIFF GAS LTD (Греция). Эксплуатационный и санкционный статусСанкционный статус: Судно не находится под международными санкциями.Профиль: PARTHENON LNG — ультрасовременный газовоз, введенный в эксплуатацию в 2026 году. Судно находится под профессиональным управлением греческой компании TMS Cardiff Gas, которая является крупным и авторитетным игроком в сегменте перевозки сжиженного природного газа. Судно является прозрачным коммерческим активом, не имеет рискованного профиля и эксплуатируется в соответствии с международными стандартами",LOW,"Angola LNG, Angola (AO LNG)","Yokohama, Japan (JP YOK)",PARTHENON LNG,538151664,14 июня 2026 г,"Газовоз СПГ · флаг: Маршалловы острова IMO номер: 9992220 Год постройки: 2026 · На ходу (в пути). Маршрут: Указано «FOR ORDERS» (судно ожидает дальнейших распоряжений о пункте назначения). Операционные данные: Текущая скорость — 14.7 узлов, осадка — 9.1 м. Расчетное время прибытия (ETA) — 14 июня 2026 года в 00:01. История: Последний зафиксированный порт захода — Юн-Ань (Yung An), Тайвань, который судно покинуло 9 мая 2026 года. Эксплуатация и управлениеЗарегистрированный владелец: HUAXIA HONGLI TIANJIN LEASING CO., LTD. (Китай). Коммерческий и технический менеджер (ISM): TMS CARDIFF GAS LTD (Греция). Эксплуатационный и санкционный статусСанкционный статус: Судно не находится под международными санкциями.Профиль: PARTHENON LNG — ультрасовременный газовоз, введенный в эксплуатацию в 2026 году. Судно находится под профессиональным управлением греческой компании TMS Cardiff Gas, которая является крупным и авторитетным игроком в сегменте перевозки сжиженного природного газа. Судно является прозрачным коммерческим активом, не имеет рискованного профиля и эксплуатируется в соответствии с международными стандартами",0.0
2026-09-09,9981398,92124.0,112391.0,299.0,46.0,11.8,17.8,0.0,2026,Франция,Газовоз для перевозки СПГ (LNG Tanker),На ходу (использует двигатель),LOW,"Hammerfest LNG, Norway (NO HAM)",порт Хуэйчжоу (Huizhou),AL FAT'H,226972627,13 июля 2026 г,Газовоз для перевозки СПГ · флаг: Франция · следует в: порт Хуэйчжоу (Huizhou) · На ходу (использует двигатель),0.0
2026-09-09,9992880,92040.0,116000.0,289.9,46.1,9.6,14.0,0.0,2026,Маршалловы Острова,Газовоз (LNG Tanker / New Panamax),Underway using Engine / В пути,LOW,"Ras Laffan, Qatar (QA RLF)","Fos-sur-Mer, France (FR FOS)",MUSCAT,538108399,"5 сентября 2026 г., 06:15 UTC",Газовоз · флаг: Маршалловы Острова · Underway using Engine,0.0
2026-09-09,9992878,92040.0,109769.0,290.0,46.0,9.2,12.9,0.0,2026,Маршалловы Острова,Танкер для перевозки сжиженного природного газа (LNG Tanker / Large),Underway using Engine / В пути,LOW,"Bonny LNG, Nigeria (NG BNL)","Revithoussa, Greece (GR REV)",MUSANDAM LNG,538011791,29 августа 2026 г,Танкер для перевозки сжиженного природного газа · флаг: Маршалловы Острова · Underway using Engine,0.0
2026-09-09,9970686,92000.0,112240.0,295.0,46.0,9.3,15.9,0.0,2026,Маршалловы острова,Газовоз для перевозки СПГ (LNG Tanker),На ходу (в пути),LOW,"Tangguh LNG, Indonesia (ID TGH)",порт Лейк-Чарльз (Lake Charles),HARMONIC BREEZE,538435775,15 июня 2026 г,"международных энергетических перевозках, работает в соответствии с высокими стандартами безопасности отрасли и не имеет рискованного профиля",0.0
2026-09-09,9975519,92000.0,118000.0,300.0,46.0,9.2,0.0,0.0,2026,Франция,Газовоз (LNG Tanker),At anchor,LOW,"Angola LNG, Angola (AO LNG)",SGSIN FOR ORDERS,GASLOG RIVIERA,228463700,4 июля 2026 г,Газовоз · флаг: Франция · Underway using Engine,0.654
2026-09-09,9915894,91752.0,114181.0,294.0,45.0,9.6,14.0,4.0,2022,Гонконг,Газовоз (LNG Tanker),Underway / В плавании,LOW,"Tangguh LNG, Indonesia (ID TGH)","Grain LNG, UK (GB GRA)",SHAOLIN,477870831,"10 сентября 2026 г., 13:15 UTC",Газовоз · флаг: Гонконг · Underway · возраст: 4 лет,0.0
2026-09-09,9958664,91682.0,114296.0,295.07,45.0,9.3,15.4,2.0,2024,"Гонконг (Hong Kong, China) — международный судовой реестр «белого списка»",Танкер-газовоз СПГ (LNG Carrier),Under way using engine,EXTREME,"Ras Laffan, Qatar (QA RLF)","Tianjin, China (CN TJN)",KONGTONG,477945700,"2 ноября 2026 г., 05:45 UTC",Paris/Tokyo MoU White List,0.656
2026-09-09,9915911,91509.0,114209.0,295.0,45.0,9.3,14.0,3.0,2023,Гонконг,Газовоз СПГ (LNG Tanker),"На ходу (Under way). Текущий статус: Судно совершает переход из порта Вильгельмсхафен (Германия) в порт Галвестон (США). Ожидаемое время прибытия — 22 июня, 05:01 UTC. Анализ: KUNLUN — это современный газовоз, задействованный в международных поставках сжиженного природного газа. Судно регулярно заходит в крупные терминалы в Европе и США, что подтверждается данными о заходах в порты (Gateway LNG, Myrtle Grove).3. История и эксплуатацияКомплаенс-профиль: НИЗКИЙ РИСК.Анализ:Менеджмент: Управляется COSCO Shipping LNG Hong Kong (технический менеджмент) и COSCO Shipping Energy Transportation (коммерческий менеджмент).Статус: Актив не находится под санкциями.Важное примечание: Существуют исторические упоминания о санкциях в отношении компании Kunlun Shipping Company (в контексте нарушений санкций США по Ирану в 2019 году), однако данное судно (IMO 9915911, построенное в 2023 году) является совершенно другим активом и не связано с историческими инцидентами тех судов или той конкретной юридической структуры. Судно KUNLUN включено в списки одобренных судов для работы с крупными европейскими терминалами, что подтверждает его легитимный статус. 4. Текущие показателиТекущая осадка: 9.3 м. Состояние: Осадка соответствует штатному коммерческому рейсу газовоза.5. РезюмеKUNLUN (IMO 9915911) — современный коммерческий актив, не имеющий отношения к санкционным инцидентам прошлого. Рисков при взаимодействии не выявлено.Комплаенс-рекомендация: Уровень риска взаимодействия с данным судном оценивается как низкий.Рекомендация: Стандартная процедура проверки контрагента (Due Diligence) является полностью достаточной для верификации легитимности сделки",LOW,"Angola LNG, Angola (AO LNG)","Grain LNG, UK (GB GRA)",KUNLUN,477990300,"5 октября 2026 г., 03:15 UTC","Газовоз СПГ · флаг: Гонконг · На ходу (Under way). Текущий статус: Судно совершает переход из порта Вильгельмсхафен (Германия) в порт Галвестон (США). Ожидаемое время прибытия — 22 июня, 05:01 UTC. Анализ: KUNLUN — это современный газовоз, задействованный в международных поставках сжиженного природного газа. Судно регулярно заходит в крупные терминалы в Европе и США, что подтверждается данными о заходах в порты (Gateway LNG, Myrtle Grove).3. История и эксплуатацияКомплаенс-профиль: НИЗКИЙ РИСК.Анализ:Менеджмент: Управляется COSCO Shipping LNG Hong Kong (технический менеджмент) и COSCO Shipping Energy Transportation (коммерческий менеджмент).Статус: Актив не находится под санкциями.Важное примечание: Существуют исторические упоминания о санкциях в отношении компании Kunlun Shipping Company (в контексте нарушений санкций США по Ирану в 2019 году), однако данное судно (IMO 9915911, построенное в 2023 году) является совершенно другим активом и не связано с историческими инцидентами тех судов или той конкретной юридической структуры. Судно KUNLUN включено в списки одобренных судов для работы с крупными европейскими терминалами, что подтверждает его легитимный статус. 4. Текущие показателиТекущая осадка: 9.3 м. Состояние: Осадка соответствует штатному коммерческому рейсу газовоза.5. РезюмеKUNLUN (IMO 9915911) — современный коммерческий актив, не имеющий отношения к санкционным инцидентам прошлого. Рисков при взаимодействии не выявлено.Комплаенс-рекомендация: Уровень риска взаимодействия с данным судном оценивается как низкий.Рекомендация: Стандартная процедура проверки контрагента (Due Diligence) является полностью достаточной для верификации легитимности сделки · возраст: 3 лет",0.0
2026-09-09,9963815,91500.0,111630.0,295.0,47.0,9.3,13.0,0.0,2026,Греция,Газовоз для перевозки СПГ (LNG Tanker),На ходу (использует двигатель),LOW,"Ras Laffan, Qatar (QA RLF)","Zeebrugge LNG, Belgium (BE ZEE)",ROTMISTRZ WITOLD PILECKI,239477076,17 июня 2026 г,Газовоз для перевозки СПГ · флаг: Греция · На ходу (использует двигатель),0.0
2026-09-09,9915909,91466.0,114209.0,295.0,45.0,11.9,18.4,4.0,2022,Сянган,Газовоз / LNG Tanker (HAZ-D),Underway using Engine / В пути,LOW,"СПГ-терминал Венчер Глобал Плакеминс, США (Venture Global Plaquemines LNG Terminal, United States)",В распоряжении / По указанию (FOR ORDER),WUDANG,477846500,29 августа 2026 г,"Гонконг, Китай",0.0
2026-09-09,9834325,91430.0,114790.0,295.04,45.0,9.6,14.0,6.0,2020,Гонконг,Газовоз (LNG Tanker),At Anchor / На якорной стоянке,MID,"Angola LNG, Angola (AO LNG)","Revithoussa, Greece (GR REV)",LNG MEGREZ,477380842,"2 ноября 2026 г., 15:00 UTC",Газовоз · флаг: Гонконг · At Anchor · возраст: 6 лет,0.0
2026-09-09,9892121,91218.0,114668.0,295.0,45.0,11.3,13.9,3.0,2023,Гонконг (Hong Kong Flag) — международный реестр высшей категории надежности,Танкер-газовоз СПГ (Large LNG Carrier),At Anchor / На якорной стоянке,EXTREME,"Darwin LNG, Australia (AU DRW)","Grain LNG, UK (GB GRA)",WEN CHENG (文成),477895800,"14 октября 2026 г., 22:00 UTC",Paris MoU / Tokyo MoU White List,0.0
2026-09-09,9331660,91201.0,107633.0,294.6,46.5,9.2,0.2,17.0,2009,Малайзия,СПГ-танкер (LNG Tanker),At anchor,LOW,"Gladstone LNG, Australia (AU GLA)",ID_BATAM,SERI BALHAF,525110875,"22 октября 2026 г., 05:15 UTC",СПГ-танкер · флаг: Малайзия · На якоре (At anchor) · возраст: 17 лет,0.415
2026-09-09,9331672,91198.0,107633.0,294.6,46.5,9.2,14.0,17.0,2009,Малайзия,СПГ-танкер (LNG Tanker),На якоре (At anchor),LOW,"Ras Laffan, Qatar (QA RLF)","Fos-sur-Mer, France (FR FOS)",SERI BALQIS,533003377,"30 августа 2026 г., 14:15 UTC","поставки СПГ, включая такие направления, как Катар (Рас-Лаффан) и Индия (Эннор)",0.0
2026-09-09,1023865,91160.0,114755.0,295.0,45.0,9.0,18.8,1.0,2025,Гонконг,"Танкер для перевозки сжиженного природного газа (LNG Tanker, Large)",Underway using Engine / В пути,HIGH,"Hammerfest LNG, Norway (NO HAM)",режиме «FOR ORDERS» (в ожидании дальнейших коммерческих распоряжений). Ожидаемое время прибытия: 25 июня 2026 г,QINGCHENG,477558317,25 июня 2026 г,Танкер для перевозки сжиженного природного газа · флаг: Гонконг · следует в: режиме «FOR ORDERS» (в ожидании дальнейших коммерческих распоряжений). Ожидаемое время прибытия: 25 июня 2026 г · Underway using Engine · возраст: 1 лет,0.0
2026-09-09,9979761,91157.0,114636.0,295.0,45.0,9.4,12.6,1.0,2025,Гонконг,Газовоз для перевозки СПГ (LNG Tanker),На ходу (Under way),LOW,"Bonny LNG, Nigeria (NG BNL)","Ningbo, China (CN NGB)",OCEAN INSPIRATION,477981682,1 июля 2026 г,"обеспечении глобальных энергетических цепочек поставок СПГ. Статус ""FOR ORDERS"" является стандартной практикой для танкеров, ожидающих указаний фрахтователя о месте следующей погрузки или разгрузки",0.0
2026-09-09,1024754,91033.0,114709.0,295.0,45.0,9.6,14.0,0.0,2026,Гонконг,Газовоз (LNG Tanker),Underway using Engine / В пути,LOW,"Darwin LNG, Australia (AU DRW)","Barcelona Regas, Spain (ES BCN)",TIANSHAN,477320442,"16 сентября 2026 г., 10:00 UTC",Газовоз · флаг: Гонконг · Underway using Engine,0.0
2026-09-09,9501186,90986.0,105975.0,289.0,45.6,9.3,18.7,12.0,2014,Маршалловы Острова,LNG Tanker (танкер для перевозки сжиженного природного газа).,At Anchor / На якорной стоянке,LOW,"Corpus Christi LNG, USA (US CRP)",Галвестон,AZURE 1186,538547363,13 июня 2026 г,LNG Tanker · флаг: Маршалловы Острова · следует в: Галвестон · At Anchor · возраст: 12 лет,0.0
2026-09-09,9649328,90783.0,110755.0,290.0,46.0,9.8,4.9,11.0,2015,"Мальта Год постройки: 2015 Габариты: Длина (LOA) — 290 м, ширина — 46 м",LNG Tanker (Танкер для перевозки сжиженного природного газа),Under way using engine,LOW,"Sabine Pass LNG, USA (US SAB)","Fos-sur-Mer, France (FR FOS)",ENERGY ATLANTICIMO: 9649328,256647000,"31 августа 2026 г., 20:15 UTC","LNG Tanker · флаг: Мальта Год постройки: 2015 Габариты: Длина (LOA) — 290 м, ширина — 46 м · На ходу (Under way) Локация: Приближается к порту Сабин, СШАСкорость (Speed): ~7.6 узлаОсадка (Draught): 9.8 м Актуальность: Данные актуальны на 8 июня 2026 года3. Анализ параметровАнализ состояния: Судно завершает трансатлантический переход. Последний порт захода — Бланг-Ланчанг (Индонезия), однако данные AIS указывают на то, что в последние недели судно активно использовалось для поставок СПГ из США (Атлантический бассейн) в условиях энергетической трансформации логистических цепочек. Судно практически прибыло в пункт назначения (порт Сабин, США).Операционная активность: Судно находится под управлением Alpha Gas SA. 4. Риск-профильСанкции: Не числится в санкционных списках. Заключение: Объект классифицируется как «Активен · возраст: 11 лет",0.656
2026-09-09,9850666,90625.0,83375.0,294.92,46.4,9.2,15.9,6.0,2020,Сингапур,LNG Tanker / LNGC,At Anchor / На якорной стоянке,LOW,"Rotterdam, Netherlands (NL RTM)",пункт назначения),ATLAS 0666,636405755,"14 октября 2026 г., 16:30 UTC",международных логистических цепочках с заходами в порты Малайзии и США,0.0
2026-09-09,9654701,90580.0,105832.0,288.94,45.6,10.6,19.1,11.0,2015,Маршалловы острова,Газовоз (LNG Tanker),Underway using Engine / В пути,LOW,"Gladstone LNG, Australia (AU GLA)","Zeebrugge LNG, Belgium (BE ZEE)",KOOL KELVIN (ранее: GOLAR KELVIN),538753213,"7 октября 2026 г., 09:15 UTC",Газовоз · флаг: Маршалловы острова · Underway using Engine · возраст: 11 лет,0.0
2026-09-09,9758064,90522.0,114364.0,294.9,46.4,9.2,14.0,8.0,2018,Сингапур,Газовоз / LNG Tanker (HAZ-D),At Anchor / На якорной стоянке,LOW,"Тихоокеанский якорный рейд Панамского канала (Panama Canal Anch. Pacific, Панама), прибытие 24 июля 2026 г., 14:53 UTC","FOR ORDERS (судно ожидает приказов по дальнейшему маршруту), плановое",BW TULIP,563041600,26 июля 2026 г,"Газовоз / LNG Tanker · флаг: Сингапур · маршрут: Тихоокеанский якорный рейд Панамского канала (Panama Canal Anch. Pacific, Панама), прибытие 24 июля 2026 г., 14:53 UTC → FOR ORDERS (судно ожидает приказов по дальнейшему маршруту), плановое · At Anchor · возраст: 8 лет",0.0
2026-09-09,9792606,90381.0,114740.0,294.98,46.4,9.6,0.0,7.0,2019,Сингапур,LNG Tanker / LNGC,Moored,LOW,"Piraeus, Greece (GR PIR)",AUGLT,VESSEL 2606,563082400,13 июня 2026 г,флаг: Сингапур · Underway using Engine · возраст: 7 лет,0.655
2026-09-09,9723801,90328.0,112791.0,294.97,45.6,9.2,16.4,10.0,2016,Сингапур,Газовоз (LNG Carrier),At Anchor / На якорной стоянке,LOW,"Tangguh LNG, Indonesia (ID TGH)","Fos-sur-Mer, France (FR FOS)",PRACHI,563178000,2 августа 2026 г,долгосрочных контрактных цепочках поставок СПГ между надежными терминалами,0.0
2026-09-09,9627485,90327.0,103928.0,294.2,44.0,11.3,17.1,13.0,2013,Греция,"СПГ-танкер (LNG Tanker, Membrane Type)",Underway using Engine / В пути,LOW,"Sabetta, Russia (RU SAB)","Gate Terminal Rotterdam, Netherlands (NL RTM)",WOODSIDE ROGERS,240689066,"31 октября 2026 г., 02:30 UTC",СПГ-танкер · флаг: Греция · Underway using Engine · возраст: 13 лет,0.0
2026-09-09,9654696,90248.0,106290.0,289.0,45.6,9.2,20.4,12.0,2014,Маршалловы Острова,LNG Tanker / LNGC,At Anchor / На якорной стоянке,LOW,Судно покинуло якорную стоянку Суэц (Египет) 5 мая 2026 года,балластном состоянии,ATLAS 4696,538379705,"6 сентября 2026 г., 23:30 UTC",флаг: Маршалловы Острова · маршрут: Судно покинуло якорную стоянку Суэц (Египет) 5 мая 2026 года → балластном состоянии · At Anchor · возраст: 12 лет,0.0
2026-09-09,9633161,90125.0,103928.0,294.2,44.0,10.0,8.8,13.0,2013,Либерия,Газовоз (класс опасности HAZ-A) / LNG Tanker,Underway using Engine / В пути,LOW,"Цаофэйдянь, Китай (Caofeidian, China)",Для получения инструкций (FOR ORDERS),WOODSIDE GOODE,636025567,10 августа 2026 г,"международных морских транспортировках сжиженного природного газа, ассоциировано с логистическими цепочками австралийского шельфового проекта North West Shelf (оператор Woodside Energy)",0.0
2026-09-09,9331658,89953.0,104881.0,289.8,46.5,8.0,14.0,18.0,2008,Малайзия (Malaysia) Технические характеристики,Танкер-газовоз СПГ (LNG Tanker / Gas Carrier),"Пришвартовано / На ремонте (Moored / In Shipyard). Пункт назначения: MMHE (Malaysia Marine and Heavy Engineering — судоремонтная верфь в Пасир-Гуданг, Малайзия).Маршрут: Регулярная транспортировка сжиженного природного газа (СПГ) по контрактам PETRONAS (Австралия — Гладстон, Бинтулу — Малайзия, терминалы Китая и Сингапура).Операционный менеджментЗарегистрированный владелец / Коммерческий оператор: MISC Berhad (MISC BHD) — крупнейший малайзийский государственный судовладелец, национальный перевозчик углеводородов. Технический менеджер (ISM): MISC Shipmanagement Sdn Bhd. Классификационное общество: American Bureau of Shipping (ABS) — член IACS. Анализ рисков и комплаенс-статусСанкционный статус: СУДНО НЕ НАХОДИТСЯ ПОД САНКЦИЯМИ (NOT SANCTIONED). В базах OFAC (SDN List), EU, UK, UN совпадений нет. Уровень риска: МИНИМАЛЬНЫЙ / WHITE ZONE.Ключевые факторы:Национальный СПГ-флот: Принадлежит судоходному крылу государственного концерна PETRONAS (MISC Berhad).Техническое состояние: Находится на плановом обслуживании/доковании на верфи MMHE (Malaysia Marine & Heavy Engineering) в Пасир-Гуданг.IACS и Флаг: Премиальный технический надзор (ABS), нулевые задержки по линии Государственного портового контроля (PSC) за всю историю эксплуатации.Заключение для целей Due DiligenceSERI BIJAKSANA — крупнотоннажный танкер-газовоз СПГ под флагом Малайзии, работающий в структуре корпорации MISC Berhad. Вердикт: Абсолютно прозрачное судно (PASS / LOW RISK). Риски санкционного воздействия или участия в нелегальных схемах полностью отсутствуют. Судно свободно для любых банковских, страховых и фрахтовых сделок",LOW,"Ras Laffan, Qatar (QA RLF)","MMHE (Malaysia Marine and Heavy Engineering — судоремонтная верфь в Пасир-Гуданг, Малайзия).Маршрут: Регулярная транспортировка сжиженного природного газа (СПГ) по контрактам PETRONAS (Австралия — Гладстон, Бинтулу — Малайзия, терминалы Китая и Сингапура).Операционный менеджментЗарегистрированный владелец / Коммерческий оператор: MISC Berhad (MISC BHD) — крупнейший малайзийский государственный судовладелец, национальный перевозчик углеводородов. Технический менеджер (ISM): MISC Shipmanagement Sdn Bhd. Классификационное общество: American Bureau of Shipping (ABS) — член IACS. Анализ рисков и комплаенс-статусСанкционный статус: СУДНО НЕ НАХОДИТСЯ ПОД САНКЦИЯМИ (NOT SANCTIONED). В базах OFAC (SDN List), EU, UK, UN совпадений нет. Уровень риска: МИНИМАЛЬНЫЙ / WHITE ZONE.Ключевые факторы:Национальный СПГ-флот: Принадлежит судоходному крылу государственного концерна PETRONAS (MISC Berhad).Техническое состояние: Находится на плановом обслуживании/доковании на верфи MMHE (Malaysia Marine & Heavy Engineering) в Пасир-Гуданг.IACS и Флаг: Премиальный технический надзор (ABS), нулевые задержки по линии Государственного портового контроля (PSC) за всю историю эксплуатации.Заключение для целей Due DiligenceSERI BIJAKSANA — крупнотоннажный танкер-газовоз СПГ под флагом Малайзии, работающий в структуре корпорации MISC Berhad. Вердикт: Абсолютно прозрачное судно (PASS / LOW RISK). Риски санкционного воздействия или участия в нелегальных схемах полностью отсутствуют. Судно свободно для любых банковских, страховых и фрахтовых сделок",SERI BIJAKSANA,533051000,"23 октября 2026 г., 08:45 UTC","Танкер-газовоз СПГ · флаг: Малайзия (Malaysia) Технические характеристики · следует в: MMHE (Malaysia Marine and Heavy Engineering — судоремонтная верфь в Пасир-Гуданг, Малайзия).Маршрут: Регулярная транспортировка сжиженного природного газа (СПГ) по контрактам PETRONAS (Австралия — Гладстон, Бинтулу — Малайзия, терминалы Китая и Сингапура).Операционный менеджментЗарегистрированный владелец / Коммерческий оператор: MISC Berhad (MISC BHD) — крупнейший малайзийский государственный судовладелец, национальный перевозчик углеводородов. Технический менеджер (ISM): MISC Shipmanagement Sdn Bhd. Классификационное общество: American Bureau of Shipping (ABS) — член IACS. Анализ рисков и комплаенс-статусСанкционный статус: СУДНО НЕ НАХОДИТСЯ ПОД САНКЦИЯМИ (NOT SANCTIONED). В базах OFAC (SDN List), EU, UK, UN совпадений нет. Уровень риска: МИНИМАЛЬНЫЙ / WHITE ZONE.Ключевые факторы:Национальный СПГ-флот: Принадлежит судоходному крылу государственного концерна PETRONAS (MISC Berhad).Техническое состояние: Находится на плановом обслуживании/доковании на верфи MMHE (Malaysia Marine & Heavy Engineering) в Пасир-Гуданг.IACS и Флаг: Премиальный технический надзор (ABS), нулевые задержки по линии Государственного портового контроля (PSC) за всю историю эксплуатации.Заключение для целей Due DiligenceSERI BIJAKSANA — крупнотоннажный танкер-газовоз СПГ под флагом Малайзии, работающий в структуре корпорации MISC Berhad. Вердикт: Абсолютно прозрачное судно (PASS / LOW RISK). Риски санкционного воздействия или участия в нелегальных схемах полностью отсутствуют. Судно свободно для любых банковских, страховых и фрахтовых сделок · Пришвартовано · возраст: 18 лет",0.0
2026-09-09,9637507,89848.0,105943.0,289.0,45.6,9.4,9.8,12.0,2014,Маршалловы Острова,Газовоз / Танкер для перевозки сжиженного природного газа (LNG Tanker),Underway using Engine / В пути,LOW,"Bonny LNG, Nigeria (NG BNL)",Для указаний / Северо-Западная Европа (FOR ORDERS NW EUROPF),CLEAN PLANET,538005351,31 июля 2026 г,Газовоз / Танкер для перевозки сжиженного природного газа · флаг: Маршалловы Острова · следует в: Для указаний / Северо-Западная Европа (FOR ORDERS NW EUROPF) · Underway using Engine · возраст: 12 лет,0.0
2026-09-09,9636747,89804.0,109561.0,294.2,44.0,9.3,4.3,12.0,2014,Мальта,LNG Tanker (Танкер для перевозки сжиженного природного газа),Under way (На ходу),LOW,"Bintulu LNG, Malaysia (MY BTU)","Revithoussa, Greece (GR REV)",YARI LNG,229583000,"19 сентября 2026 г., 11:30 UTC",LNG Tanker · флаг: Мальта · Under way (На ходу) · возраст: 12 лет,0.0
2026-09-09,9903920,89790.0,117564.0,297.16,46.4,9.4,18.0,4.0,2022,Багамские Острова,"Танкер для перевозки сжиженного природного газа (LNG Tanker, Large)",Underway using Engine / В пути,HIGH,"Cove Point LNG, USA (US COV)",направлении терминалов в Мексиканском заливе (код назначения «US GOLA» — US Gulf of Mexico). Ожидаемое время прибытия: 28 июня 2026 г,GRACE FREESIA,308916749,28 июня 2026 г,интенсивных международных перевозках СПГ. После недавнего захода в Сингапур в конце мая 2026 г. судно совершает трансокеанский переход в США для выполнения очередных обязательств по поставкам газа,0.0
2026-09-09,9874466,89760.0,117564.0,297.16,46.4,11.9,13.2,5.0,2021,Сингапур,Газовоз (LNG Tanker),Underway using Engine / В пути,LOW,"Tangguh LNG, Indonesia (ID TGH)","Shanghai LNG, China (CN SHA)",DIAMOND GAS VICTORIA,567417625,1 июля 2026 г,Газовоз · флаг: Сингапур · Underway using Engine · возраст: 5 лет,0.0
2026-09-09,9884174,89730.0,117564.0,297.16,46.4,11.7,18.8,5.0,2021,Багамские Острова,Газовоз (LNG Tanker),Underway using Engine / В пути,LOW,"Tangguh LNG, Indonesia (ID TGH)","Yokohama, Japan (JP YOK)",GRACE EMILIA,308589715,2 июля 2026 г,Газовоз · флаг: Багамские Острова · Underway using Engine · возраст: 5 лет,0.0
2026-09-09,9874454,89686.0,117564.0,297.16,46.4,9.3,14.9,5.0,2021,Сингапур,"Танкер для перевозки сжиженного природного газа (LNG Tanker, Large)",Underway using Engine / В пути,HIGH,"Sabetta, Russia (RU SAB)",порт Китимат (Kitimat,DIAMOND GAS CRYSTAL,563253042,6 июля 2026 г,долгосрочном тайм-чартере (Diamond Gas International Pte. Ltd.). Рейс в Китимат является целевым для данного проекта,0.0
2026-09-09,9633173,89670.0,103928.0,294.2,44.0,9.6,12.9,12.0,2014,Греция,"Танкер для перевозки сжиженного природного газа (LNG Tanker, Large)",At Anchor / На якорной стоянке,HIGH,"Bintulu LNG, Malaysia (MY BTU)",режиме «FOR ORDERS» (в ожидании дальнейших коммерческих распоряжений). Ожидаемое время прибытия: 30 июня 2026 г,MARAN GAS DELPHI,239721571,30 июня 2026 г,Танкер для перевозки сжиженного природного газа · флаг: Греция · следует в: режиме «FOR ORDERS» (в ожидании дальнейших коммерческих распоряжений). Ожидаемое время прибытия: 30 июня 2026 г · At Anchor · возраст: 12 лет,0.0
2026-09-09,9636711,89624.0,103905.0,294.2,44.0,10.3,10.0,12.0,2014,Мальта,LNG Tanker / LNGC,Underway / В плавании,LOW,Singapore (SG SIN),"Yokohama, Japan (JP YOK)",MARITIME 6711,229471000,"29 октября 2026 г., 01:15 UTC",флаг: Мальта · Underway · возраст: 12 лет,0.0
2026-09-09,9941520,89469.0,113330.0,293.0,45.8,9.3,17.8,2.0,2024,Греция,Судно для перевозки сжиженного природного газа / LNG Tanker,Under way using engine,LOW,"Суэц (якорная стоянка), Египет (As Suways (Suez) Anch., Egypt)","Shanghai LNG, China (CN SHA)",MARAN GAS ANTIBES,241891000,23 августа 2026 г,"Судно для перевозки сжиженного природного газа / LNG Tanker · флаг: Греция · отход: Суэц (якорная стоянка), Египет (As Suways (Suez) Anch., Egypt) · At Anchor · возраст: 2 лет",0.651
2026-09-09,9760770,89432.0,114084.0,293.3,45.8,9.1,16.2,8.0,2018,Сингапур,"Танкер для перевозки сжиженного природного газа (LNG Tanker, Large)",Underway using Engine / В пути,LOW,"Bonny LNG, Nigeria (NG BNL)",неопределенный порт (статус назначения временно не детализирован),MARVEL HAWK,567389227,"9 октября 2026 г., 02:00 UTC",Танкер для перевозки сжиженного природного газа · флаг: Сингапур · следует в: неопределенный порт (статус назначения временно не детализирован) · Underway using Engine · возраст: 8 лет,0.0
2026-09-09,9760768,89431.0,114084.0,293.0,45.8,9.6,14.0,8.0,2018,Сингапур,LNG Tanker,At Anchor / На якорной стоянке,LOW,"Sabetta, Russia (RU SAB)","Revithoussa, Greece (GR REV)",MARVEL FALCON,563048500,"1 сентября 2026 г., 21:00 UTC",LNG Tanker · флаг: Сингапур · At Anchor · возраст: 8 лет,0.0
2026-09-09,9627502,89343.0,103893.0,294.2,44.0,9.6,14.0,11.0,2015,Греция,Танкер для перевозки сжиженного природного газа (LNG Tanker),Underway using Engine / В пути,LOW,"Ras Laffan, Qatar (QA RLF)","Revithoussa, Greece (GR REV)",MARAN GAS LINDOS,240077235,"10 сентября 2026 г., 02:15 UTC",Танкер для перевозки сжиженного природного газа · флаг: Греция · Underway using Engine · возраст: 11 лет,0.0
2026-09-09,9924869,89301.0,113330.0,293.0,46.0,11.5,12.0,3.0,2023,Греция,Газовоз / LNG Tanker,Underway using Engine / В пути,LOW,"Сабин, США (Sabine, United States)",В распоряжении / По указанию (FOR ORDERS),MARAN GAS MARSEILLE,241840000,10 августа 2026 г,"Газовоз / LNG Tanker · флаг: Греция · маршрут: Сабин, США (Sabine, United States) → В распоряжении / По указанию (FOR ORDERS) · Underway using Engine · возраст: 3 лет",0.0
2026-09-09,9941518,89292.0,113330.0,293.0,45.8,9.1,16.2,2.0,2024,Греция,Танкер для перевозки сжиженного природного газа (LNG Tanker).,Under way using engine,LOW,Судно покинуло порт Сабин (США) 25 мая 2026 года,FOR ORDERS,GAS 1518,241890000,3 июля 2026 г,Танкер для перевозки сжиженного природного газа · флаг: Греция · отход: Судно покинуло порт Сабин (США) 25 мая 2026 года · Underway using Engine · возраст: 2 лет,0.417
2026-09-09,9658238,89269.0,103893.0,294.2,44.0,9.4,0.8,11.0,2015,Греция,"Танкер для перевозки сжиженного природного газа (LNG Tanker, Large)",Underway using Engine / В пути,HIGH,"Bonny LNG, Nigeria (NG BNL)",режиме «FOR ORDERS» (в ожидании дальнейших коммерческих распоряжений). Ожидаемое время прибытия: 23 июня 2026 г,MARAN GAS MYSTRAS,240700330,23 июня 2026 г,Танкер для перевозки сжиженного природного газа · флаг: Греция · следует в: режиме «FOR ORDERS» (в ожидании дальнейших коммерческих распоряжений). Ожидаемое время прибытия: 23 июня 2026 г · Underway using Engine · возраст: 11 лет,0.0
2026-09-09,9658240,89240.0,103893.0,294.2,44.0,9.6,14.0,11.0,2015,Греция,Газовоз (LNG Tanker / СПГ-танкер),На ходу (в пути),LOW,"Иокогама, Япония (отход 13 июня 2026 г.)","Barcelona Regas, Spain (ES BCN)",MARAN GAS TROY,237476749,13 июня 2026 г,"Газовоз · флаг: Греция · отход: Иокогама, Япония (отход 13 июня 2026 г.) · На ходу (в пути) · возраст: 11 лет",0.0
2026-09-09,9974151,89183.0,115251.0,290.0,46.0,11.5,12.1,1.0,2025,Либерия,Газовоз (LNG Tanker),Underway using Engine / В пути,LOW,"Bonny LNG, Nigeria (NG BNL)","Gate Terminal Rotterdam, Netherlands (NL RTM)",PUTERI PERAK,636039965,26 июня 2026 г,Газовоз · флаг: Либерия · Underway using Engine · возраст: 1 лет,0.0
2026-09-09,9974149,89183.0,115251.0,290.0,46.0,9.2,14.4,1.0,2025,Либерия (Liberia) — международный открытый «белый» судовой реестр (Paris/Tokyo MoU White List). Технические характеристики,Танкер-газовоз для сжиженного природного газа (LNG Carrier / Large LNG Tanker),At Anchor / На якорной стоянке,LOW,"Sabine Pass LNG, USA (US SAB)","Incheon, South Korea (KR INC)",PUTERI PAHANG,636025078,"22 октября 2026 г., 16:45 UTC",Танкер-газовоз для сжиженного природного газа · флаг: Либерия (Liberia) — международный открытый «белый» судовой реестр (Paris/Tokyo MoU White List). Технические характеристики · At Anchor · возраст: 1 лет,0.0
2026-09-09,9972385,89033.0,108620.0,290.0,46.0,9.4,14.0,4.0,2022,Либерия,LNG Tanker (Танкер для перевозки сжиженного природного газа),Moored (Ошвартован),LOW,"Angola LNG, Angola (AO LNG)","Ningbo, China (CN NGB)",HL PUFFIN,636025069,"18 сентября 2026 г., 13:30 UTC",LNG Tanker · флаг: Либерия · Moored (Ошвартован),0.0
2026-09-09,9972361,89033.0,115677.0,290.0,46.0,9.1,14.2,1.0,2025,Либерия,Газовоз (LNG Tanker),Underway using Engine / В пути,HIGH,"Corpus Christi LNG, USA (US CRP)",Галвестон,HL EDWARD AUSTIN,636182732,25 июня 2026 г,Газовоз · флаг: Либерия · следует в: Галвестон · Underway using Engine · возраст: 1 лет,0.0
2026-09-09,9972359,89033.0,115677.0,293.0,46.0,11.2,17.3,1.0,2025,Либерия,Газовоз (LNG Tanker),Underway using Engine / В пути,LOW,Юго-Восточной Азии,"Zeebrugge LNG, Belgium (BE ZEE)",HL ALYSSA WARNER,636173482,7 июля 2026 г,Газовоз · флаг: Либерия · отход: Юго-Восточной Азии · Underway using Engine · возраст: 1 лет,0.0
2026-09-09,9880192,88831.0,114931.0,293.16,45.8,11.3,13.8,5.0,2021,Багамские острова,Газовоз (LNG Tanker),В движении (under way),EXTREME,"Сингапур (якорная стоянка), отход 28 июня 2026 г","Incheon, South Korea (KR INC)",MARVEL SWAN,309053717,3 августа 2026 г,долгосрочных контрактах на транспортировку сжиженного природного газа,0.0
2026-09-09,9988023,88821.0,115677.0,290.0,46.0,11.3,18.5,0.0,2026,Греция,Газовоз / LNG Tanker,Underway using Engine / В пути,LOW,"Сабин, США (Sabine, United States)",В распоряжении / По указанию (FOR ORDERS),MINERVA ELEONORA,241981000,21 августа 2026 г,"Газовоз / LNG Tanker · флаг: Греция · маршрут: Сабин, США (Sabine, United States) → В распоряжении / По указанию (FOR ORDERS) · Underway using Engine",0.0
2026-09-09,9953523,88809.0,115519.0,293.0,45.8,9.6,15.5,2.0,2024,Россия,LNG Tanker (танкер-газовоз),Underway using Engine / В пути,LOW,"Bonny LNG, Nigeria (NG BNL)","Zeebrugge LNG, Belgium (BE ZEE)",IRIS,273268340,3 июня 2026 г,LNG Tanker · флаг: Россия · Underway using Engine · возраст: 2 лет,0.0
2026-09-09,9972684,88808.0,115718.0,290.0,46.0,11.7,0.0,0.0,2026,Либерия,Газовоз (LNG Tanker),Moored,LOW,"Bonny LNG, Nigeria (NG BNL)",LIVORNO ANCHORAGE E,SPIRIT LNG,636025740,"10 сентября 2026 г., 19:15 UTC",Газовоз · флаг: Либерия · следует в: район «FOR ORDERS». Последний порт захода — Клайпеда · На ходу (Under way),0.654
2026-09-09,9972672,88808.0,115718.0,290.0,45.8,11.6,13.8,2.0,2024,Либерия,Крупнотоннажный газовоз для перевозки сжиженного природного газа / СПГ-танкер (LNG Tanker / Large LNG Carrier),Underway using Engine / В пути,LOW,"Фрипорт, США (Freeport, United States)","TWUGK (код специализированного терминала / порта Юнъань в системе Тайваня — Yung An LNG Terminal, Taiwan)",ATHOS LNG,636023851,13 сентября 2026 г,"Крупнотоннажный газовоз для перевозки сжиженного природного газа / СПГ-танкер · флаг: Либерия · маршрут: Фрипорт, США (Freeport, United States) → TWUGK (код специализированного терминала / порта Юнъань в системе Тайваня — Yung An LNG Terminal, Taiwan) · Underway using Engine · возраст: 2 лет",0.0
2026-09-09,9953511,88798.0,115519.0,293.0,45.8,9.6,9.1,3.0,2023,Россия,"Газовоз LNG (LNG Carrier, современный мембранный тип)",умеренный ходовой транзит,HIGH,"Gladstone LNG, Australia (AU GLA)",м потоков,VOSKHOD,273265340,"17 октября 2026 г., 16:45 UTC",Газовоз LNG · флаг: Россия · следует в: м потоков · умеренный ходовой транзит · возраст: 3 лет,0.0
2026-09-09,9893606,88798.0,115408.0,293.0,45.8,11.6,17.3,5.0,2021,Франция,Газовоз (LNG Tanker),Underway using Engine / В пути,LOW,"Darwin LNG, Australia (AU DRW)","Fos-sur-Mer, France (FR FOS)",LNG ENDEAVOUR,226632184,4 июля 2026 г,Газовоз · флаг: Франция · Underway using Engine · возраст: 5 лет,0.0
2026-09-09,9988035,88790.0,115677.0,293.0,46.0,9.6,16.2,0.0,2026,Греция,LNG Tanker (танкер для перевозки сжиженного природного газа),Underway using Engine / В пути,LOW,"Darwin LNG, Australia (AU DRW)","порт Маб-Та-Пут. Его высокая скорость перехода (16.2 узла) подтверждает статус современного высокопроизводительного судна, задействованного в интенсивной торговле сжиженным газом между австралийскими экспортными терминалами и энергетическими рынками Юго-Восточной Азии",MINERVA ROXANNE,241980000,4 июня 2026 г,"LNG Tanker · флаг: Греция · следует в: порт Маб-Та-Пут. Его высокая скорость перехода (16.2 узла) подтверждает статус современного высокопроизводительного судна, задействованного в интенсивной торговле сжиженным газом между австралийскими экспортными терминалами и энергетическими рынками Юго-Восточной Азии · Underway using Engine",0.0
2026-09-09,9982677,88788.0,114419.0,290.02,45.8,9.0,14.0,1.0,2025,Либерия,Судно для перевозки сжиженного природного газа / LNG Tanker,Underway using Engine / В пути,LOW,"Gladstone LNG, Australia (AU GLA)","Уолфиш-Бей, Намибия (Walvis Bay, Namibia) (плановое прибытие по расписанию ожидалось 4 августа 2026 г.)",AL KHEESAH,636024758,"25 октября 2026 г., 19:30 UTC","Судно для перевозки сжиженного природного газа / LNG Tanker · флаг: Либерия · следует в: Уолфиш-Бей, Намибия (Walvis Bay, Namibia) (плановое прибытие по расписанию ожидалось 4 августа 2026 г.) · Underway using Engine · возраст: 1 лет",0.0
2026-09-09,9888766,88779.0,114864.0,293.0,45.8,9.3,12.0,4.0,2022,Франция,Танкер для перевозки сжиженного природного газа / СПГ-газовоз (LNG Tanker),Underway using Engine / В пути,LOW,"Мугардос, Испания (Mugardos, Spain)","Калкасью-Пасс, США / Calcasieu Pass, United States",ORION MONET (экс-Orion Star),228451800,20 августа 2026 г,"Танкер для перевозки сжиженного природного газа / СПГ-газовоз · флаг: Франция · маршрут: Мугардос, Испания (Mugardos, Spain) → Калкасью-Пасс, США / Calcasieu Pass, United States · Underway using Engine · возраст: 4 лет",0.0
2026-09-09,9874492,88775.0,115408.0,293.0,45.8,10.1,17.8,6.0,2020,Франция,Газовоз (LNG Tanker),At Anchor / На якорной стоянке,LOW,"Bonny LNG, Nigeria (NG BNL)","Grain LNG, UK (GB GRA)",LNG MEKONG,226519580,6 июля 2026 г,Газовоз · флаг: Франция · At Anchor · возраст: 6 лет,0.0
2026-09-09,9874480,88744.0,115408.0,293.0,46.0,11.5,16.4,5.0,2021,Франция,Газовоз (LNG Carrier),Underway using Engine / В пути,LOW,"Gladstone LNG, Australia (AU GLA)","режиме ожидания распоряжений (""For Orders"")",LNG ENTERPRISE,228343154,"21 октября 2026 г., 08:00 UTC","Газовоз · флаг: Франция · следует в: режиме ожидания распоряжений (""For Orders"") · Underway using Engine · возраст: 5 лет",0.0
2026-09-09,9758844,88700.0,122142.0,299.9,48.9,9.6,14.0,7.0,2019,Панама,"СПГ-танкер (LNG Tanker, Membrane Type)",Underway using Engine / В пути,LOW,"Tangguh LNG, Indonesia (ID TGH)","Revithoussa, Greece (GR REV)",ENERGY 8844,353363199,"2 сентября 2026 г., 13:45 UTC",СПГ-танкер · флаг: Панама · Underway using Engine · возраст: 7 лет,0.0
2026-09-09,9709037,88684.0,115174.0,293.2,45.8,9.4,17.5,8.0,2018,Маршалловы Острова 2. Технические характеристики,"Газовоз LNG (LNG Carrier, мембранный тип вместимостью ~174,000 куб. м)",активный транзитный ход,EXTREME,"Bintulu LNG, Malaysia (MY BTU)","Ningbo, China (CN NGB)",FLEX RAINBOW,538007620,2 августа 2026 г,Газовоз LNG · флаг: Маршалловы Острова 2. Технические характеристики · активный транзитный ход · возраст: 8 лет,0.0
2026-09-09,9752565,88677.0,121981.0,299.9,48.9,9.3,11.5,7.0,2019,Япония,LNG Tanker (танкер для перевозки сжиженного природного газа),Underway using Engine / В пути,LOW,"Sabine Pass LNG, USA (US SAB)",балласте или с частичной загрузкой,ENERGY GLORY,431776000,8 июня 2026 г,LNG Tanker · флаг: Япония · следует в: балласте или с частичной загрузкой · Underway using Engine · возраст: 7 лет,0.0
2026-09-09,9736092,88676.0,121982.0,299.9,48.9,9.5,0.0,8.0,2018,Япония,Газовоз (LNG Tanker),At anchor,LOW,"Пригородое (Prigorodnoye), Россия (отход 4 июня 2026 г.)",RU PGN,ENERGY LIBERTY,431540000,9 июня 2026 г,"Газовоз · флаг: Япония · маршрут: Пригородое (Prigorodnoye), Россия (отход 4 июня 2026 г.) → Пригородое (Россия) в порт Йокогама. Судно находится в штатном режиме движения, прибытие ожидается в соответствии с текущим расписанием · На ходу под двигателем (Under way) · возраст: 8 лет",0.656
2026-09-09,9758832,88668.0,121981.0,299.9,48.9,9.7,2.2,7.0,2019,Япония,LNG Tanker / LNGC,Under way using engine,LOW,"Судно покинуло порт Инкоо (Финляндия) 14 мая 2026 года, как показано в image_5dd744.jpg",ES FRO,ATLAS 8832,431048000,6 июня 2026 г,"флаг: Япония · маршрут: Судно покинуло порт Инкоо (Финляндия) 14 мая 2026 года, как показано в image_5dd744.jpg → загруженном состоянии · At Anchor · возраст: 7 лет",0.419
2026-09-09,9750220,88613.0,114996.0,290.1,46.95,9.4,17.8,9.0,2017,Гонкон г,Газовоз (LNG Tanker),Underway using Engine / В пути,LOW,"Corpus Christi LNG, USA (US CRP)",порт «FOR ORDERS» (ожидание распоряжений о следующем пункте назначения).ETA: 1 июля 2026 г,PAN ASIA,636683513,1 июля 2026 г,"поставки СПГ между Австралией (Гладстон/Барроу-Айленд) и рынками Азии (Китай/Корея). Статус «FOR ORDERS» часто указывает на участие в спотовых операциях или ожидание перенаправления по рыночной конъюнктуре.3. Комплаенс-профильСтатус: НИЗКИЙ РИСК / НАДЕЖНЫЙ АКТИВ (Tier 1).Корпоративная связь: Судно находится под управлением Seapeak Maritime (Glasgow) Ltd, одного из крупнейших и наиболее авторитетных операторов газовозов в мире. Владелец — Pan Asia LNG Transportation Co Ltd",0.0
2026-09-09,9886744,88600.0,108092.0,300.0,49.0,11.2,15.6,22.0,2004,Мальта,Газовоз (LNG Carrier),На ходу с использованием двигателя,LOW,"Cove Point LNG, USA (US COV)","«OPEN SEA FOR ORDERS» (Открытое море, ожидает распоряжений)",CLEAN COPANO,215226512,"20 октября 2026 г., 03:15 UTC","Газовоз · флаг: Мальта · следует в: «OPEN SEA FOR ORDERS» (Открытое море, ожидает распоряжений) · На ходу с использованием двигателя",0.0
2026-09-09,9889904,88592.0,115311.0,293.0,46.0,11.3,17.0,4.0,2022,Мальта,Газовоз (LNG Carrier),Underway using Engine / В пути,LOW,"Sabine Pass LNG, USA (US SAB)","режиме ожидания распоряжений (""For Orders"")",ORION SEA,229917359,"16 сентября 2026 г., 21:30 UTC","Газовоз · флаг: Мальта · следует в: режиме ожидания распоряжений (""For Orders"") · Underway using Engine · возраст: 4 лет",0.0
2026-09-09,9889916,88592.0,115311.0,293.16,45.8,9.7,14.4,4.0,2022,Мальта,Газовоз (LNG Tanker),kn,LOW,"Tangguh LNG, Indonesia (ID TGH)",открытое море («OPEN SEA FOR ORDERS») в ожидании дальнейших коммерческих распоряжений. ETA в целевую зону — 15 августа 2026 г,ORION SUN,215089672,"30 августа 2026 г., 19:15 UTC",Газовоз · флаг: Мальта · следует в: открытое море («OPEN SEA FOR ORDERS») в ожидании дальнейших коммерческих распоряжений. ETA в целевую зону — 15 августа 2026 г · kn · возраст: 4 лет,0.0
2026-09-09,9863182,88592.0,115345.0,293.0,45.8,9.2,16.7,6.0,2020,Мальта,Газовоз / LNG Tanker,At Anchor / На якорной стоянке,LOW,Сингапур (якорная стоянка 1),В открытом море для получения инструкций (OPEN SEA FOR ORDERS),DORADO LNGI MO номер: 9863182,215578000,19 августа 2026 г,"глобальных морских транспортировках сжиженного природного газа. Классификационное общество — Американское бюро судоходства (ABS, член IACS)",0.0
2026-09-09,9851787,88592.0,115345.0,293.16,45.8,9.6,17.2,6.0,2020,Мальта,Судно для перевозки сжиженного природного газа / LNG Carrier (Large),транзит после прохождения Суэцкого канала через Средиземное море / Эгейское море,LOW,"Рейд Суэца / Порт-Саид, Египет (As Suways / Port Said, Egypt)","В распоряжении / Заказах (FOR ORDERS) Технические характеристикиДедвейт (DWT): 88 592 тонны Валовая вместимость (GT): 115 345 Емкость груза (LNG): ~174 000 куб. м Размеры: Длина (LOA) — 293.16 м, ширина (Beam) — 45.80 м (округленно 293 x 46 м) Текущая осадка: 9.6 м Навигационные параметры: Навигационный статус — на ходу (Under way), курс — 284°, скорость — 17.2 узла (транзит после прохождения Суэцкого канала через Средиземное море / Эгейское море). Последний порт / Локация: Рейд Суэца / Порт-Саид, Египет (As Suways / Port Said, Egypt — отход 5 августа 2026 г.). Операционный профиль и комплаенсОператор / Менеджмент: Судно находится под управлением греческой судоходной компании TMS Cardiff Gas Ltd.Санкционный статус: НИЗКИЙ РИСК / ЧИСТЫЙ ПРОФИЛЬ (LOW / CLEARED).Факторы риска: Современный крупнотоннажный газовоз под европейским флагом (Мальта, класс ABS, построено на верфи Samsung Heavy Industries в Южной Корее), выполняющий регулярные глобальные рейсы по транспортировке СПГ. Судно имеет безупречную коммерческую и техническую историю, международные санкционные ограничения (OFAC/EU) отсутствуют. \",QOGIR,215524000,5 августа 2026 г,"Судно для перевозки сжиженного природного газа / LNG Carrier · флаг: Мальта · маршрут: Рейд Суэца / Порт-Саид, Египет (As Suways / Port Said, Egypt) → В распоряжении / Заказах (FOR ORDERS) Технические характеристикиДедвейт (DWT): 88 592 тонны Валовая вместимость (GT): 115 345 Емкость груза (LNG): ~174 000 куб. м Размеры: Длина (LOA) — 293.16 м, ширина (Beam) — 45.80 м (округленно 293 x 46 м) Текущая осадка: 9.6 м Навигационные параметры: Навигационный статус — на ходу (Under way), курс — 284°, скорость — 17.2 узла (транзит после прохождения Суэцкого канала через Средиземное море / Эгейское море). Последний порт / Локация: Рейд Суэца / Порт-Саид, Египет (As Suways / Port Said, Egypt — отход 5 августа 2026 г.). Операционный профиль и комплаенсОператор / Менеджмент: Судно находится под управлением греческой судоходной компании TMS Cardiff Gas Ltd.Санкционный статус: НИЗКИЙ РИСК / ЧИСТЫЙ ПРОФИЛЬ (LOW / CLEARED).Факторы риска: Современный крупнотоннажный газовоз под европейским флагом (Мальта, класс ABS, построено на верфи Samsung Heavy Industries в Южной Корее), выполняющий регулярные глобальные рейсы по транспортировке СПГ. Судно имеет безупречную коммерческую и техническую историю, международные санкционные ограничения (OFAC/EU) отсутствуют. \ · транзит после прохождения Суэцкого канала через Средиземное море · возраст: 6 лет",0.0
2026-09-09,9875800,88592.0,115345.0,293.0,45.8,9.6,14.0,5.0,2021,Мальта,"Газовоз (LNG Tanker, мембранный тип)",Underway using Engine / В пути,LOW,"Tangguh LNG, Indonesia (ID TGH)","Revithoussa, Greece (GR REV)",LNGSHIPS EMPRESSIMO номер: 9875800,248903117,"24 октября 2026 г., 21:00 UTC","глобальных логистических цепочках, часто выполняя рейсы между энергетическими терминалами стран Карибского бассейна и крупными импортерами.3. Комплаенс-профильТехнический менеджер (ISM): TMS Cardiff Gas Ltd. (Афины, Греция) — оператор мирового класса. Регистровый владелец: Cardiff LNG Kappa Owning LLC. Статус: НИЗКИЙ РИСК / ЛЕГИТИМНЫЙ.Анализ:Управление: Судно находится под профессиональным управлением TMS Cardiff Gas, компании с безупречной международной репутацией",0.0
2026-09-09,9885855,88235.0,115635.0,293.0,45.8,9.6,16.0,4.0,2022,Мальта,LNG Tanker,Under way using engine,LOW,"Ras Laffan, Qatar (QA RLF)","Revithoussa, Greece (GR REV)",MINERVA AMORGOS,256047000,"8 сентября 2026 г., 03:45 UTC",LNG Tanker · флаг: Мальта · Underway using Engine · возраст: 4 лет,0.655
2026-09-09,9864916,88184.0,115636.0,293.16,45.8,9.5,15.5,6.0,2020,Бермудские острова,Танкер для перевозки сжиженного природного газа (LNG Tanker),На ходу (Under way),LOW,"Tangguh LNG, Indonesia (ID TGH)",открытое море в ожидании дальнейших указаний (OPEN SEA FOR ORDERS),GASLOG GEORGETOWN,636463010,"24 сентября 2026 г., 07:30 UTC",Танкер для перевозки сжиженного природного газа · флаг: Бермудские острова · следует в: открытое море в ожидании дальнейших указаний (OPEN SEA FOR ORDERS) · На ходу (Under way) · возраст: 6 лет,0.0
2026-09-09,9977244,88090.0,115728.0,290.0,46.0,9.6,14.0,1.0,2025,Либерия IMO номер: 9977244 Год постройки: 2025,Газовоз для перевозки сжиженного природного газа (LNG Tanker / Large),"На ходу (Under way). Маршрут: Судно находится в плавании в Индийском океане. Назначение указано как «FOR ORDERS» (ожидание распоряжений), расчетное время прибытия в целевую зону — 20 июня 2026 года в 00:01. История: Последний зафиксированный порт захода — стоянка Порт-Саид (Египет), которую судно покинуло 17 мая 2026 года. Эксплуатация и управлениеКонтекст: Судно является новейшим газовозом, переданным в эксплуатацию в первой половине 2025 года. Оно представляет собой высокотехнологичный танкер, соответствующий современным международным стандартам безопасности и экологичности морских перевозок энергоносителей.Операционная деятельность: Несмотря на статус «For Orders», судно активно задействовано на глобальных маршрутах транспортировки СПГ. Имя судна («Umm Al Houl») традиционно ассоциируется с энергетическими проектами Катара (один из крупнейших мировых экспортеров СПГ), что указывает на его возможную интеграцию в логистические цепочки катарских энергетических компаний (например, Qatargas или Nakilat)",LOW,"Sabetta, Russia (RU SAB)","Gate Terminal Rotterdam, Netherlands (NL RTM)",UMM AL HOULТип судна: Газовоз для перевозки сжиженного природного газа (LNG Tanker / Large),636004819,"30 августа 2026 г., 17:30 UTC","верфь Samsung Heavy Industries, Южная Корея",0.0
2026-09-09,9977282,88024.0,115728.0,290.0,46.0,9.4,17.6,1.0,2025,Либерия,Газовоз (LNG Tanker),Underway using Engine / В пути,LOW,"Ras Laffan, Qatar (QA RLF)","Tianjin, China (CN TJN)",SIMSIMAH,636653078,26 июня 2026 г,"глобальной торговле сжиженным природным газом, осуществляя трансокеанские переходы между крупными экспортными терминалами и потребительскими хабами.3. Комплаенс-профильОператор (ISM) / Менеджер: Bernhard Schulte Shipmanagement (BSM) / Orion Global Transport France. Собственник: Global Meridian Holdings Ltd (связанная структура). Статус: НИЗКИЙ РИСК / НАДЕЖНЫЙ АКТИВ.Анализ:Менеджмент: Bernhard Schulte Shipmanagement — один из крупнейших и наиболее авторитетных независимых менеджеров судов в мире, обеспечивающий соблюдение самых строгих международных стандартов безопасности и комплаенса. Санкции: Актив не находится в санкционных списках. Судно эксплуатируется в рамках прозрачных рыночных механизмов под профессиональным управлением.Прозрачность: Высокая. Идентификационные данные судна стабильны, судно новое, регулярно проходит проверки портового контроля, что делает его надежным контрагентом.4. РезюмеSIMSIMAH — это современный высокотехнологичный газовоз, эксплуатируемый профессиональным международным менеджером. Актив полностью легитимен, прозрачен и не несет санкционных рисков. Является высоконадежным контрагентом для работы в рамках любых международных энергетических цепочек поставок",0.0
2026-09-09,9744013,88016.0,115024.0,293.16,45.8,9.6,12.9,8.0,2018,Бермудские острова,Газовоз (LNG Tanker),Underway using Engine / В пути,LOW,"Ras Laffan, Qatar (QA RLF)","Fos-sur-Mer, France (FR FOS)",GASLOG GENOA,636352123,6 июля 2026 г,Газовоз · флаг: Бермудские острова · Underway using Engine · возраст: 8 лет,0.0
2026-09-09,9977268,88000.0,115728.0,290.0,46.0,11.5,14.9,1.0,2025,Либерия,Газовоз (LNG Tanker),Underway using Engine / В пути,HIGH,"Cove Point LNG, USA (US COV)","Ningbo, China (CN NGB)",LESHATT,636797621,4 июля 2026 г,Газовоз · флаг: Либерия · Underway using Engine · возраст: 1 лет,0.0
2026-09-09,9977270,87986.0,115728.0,290.0,45.8,9.2,1.9,1.0,2025,Либерия,Газовоз (LNG Tanker),Under way using engine,LOW,"Tangguh LNG, Indonesia (ID TGH)",ATLANTIC FOR ORDERS,AL SAILIYA,636023881,28 июля 2026 г,Газовоз · флаг: Либерия · следует в: Мексиканский залив · At Anchor · возраст: 1 лет,0.656
2026-09-09,9707510,87981.0,112764.0,291.08,45.8,9.5,14.0,10.0,2016,Бермудские Острова,"СПГ-танкер (LNG Tanker, Membrane Type)",Underway using Engine / В пути,LOW,"Angola LNG, Angola (AO LNG)",порт Гладстон (Gladstone),GASLOG GIBRALTAR,636760703,1 июля 2026 г,СПГ-танкер · флаг: Бермудские Острова · следует в: порт Гладстон (Gladstone) · Underway using Engine · возраст: 10 лет,0.0
2026-09-09,9687019,87975.0,112764.0,291.08,45.8,9.6,14.0,10.0,2016,Бермудские острова,Газовоз (LNG Tanker),"На ходу (в пути). Текущий статус: Пункт назначения — «OPEN SEA FOR ORDERS» (открытое море для получения дальнейших инструкций), ETA 24 июня 2026 г. Последний порт: Юн-ань (Yung An), Тайвань (отход 9 июня 2026 г.).Анализ: Судно является специализированным газовозом высокого класса. Статус «OPEN SEA FOR ORDERS» после выгрузки в тайваньском терминале СПГ является стандартной практикой для рынка спотовых перевозок LNG: судно ожидает распределения под новый фрахт.3. История и эксплуатацияКомплаенс-профиль: НИЗКИЙ РИСК.Анализ:Менеджмент: Судно управляется компанией GasLog LNG Services Ltd (Пирей, Греция). Это один из наиболее авторитетных мировых операторов в секторе LNG-перевозок. Статус: Актив полностью прозрачен, не подпадает под санкции и работает в интересах крупнейших международных энергетических компаний. Технические стандарты судов компании GasLog соответствуют самым жестким требованиям безопасности (OCIMF/SIRE).Репутация: Суда данного типа и оператора используются в долгосрочных и спотовых контрактах ведущими энергетическими игроками (например, Shell), что исключает их вовлеченность в «серые» или нелегальные логистические схемы.4. РезюмеGASLOG GREECE (IMO 9687019) — это высокотехнологичный и прозрачный коммерческий актив. Операционный профиль судна соответствует высшим международным стандартам морской торговли СПГ.Комплаенс-рекомендация: Уровень риска взаимодействия с данным судном оценивается как низкий.Рекомендация: Судно является первоклассным контрагентом. Стандартная процедура проверки (Due Diligence) является достаточной для подтверждения легитимности сделки",LOW,"Юн-ань (Yung An), Тайвань (отход 9 июня 2026 г.).Анализ: Судно является специализированным газовозом высокого класса. Статус «OPEN SEA FOR ORDERS» после выгрузки в тайваньском терминале СПГ является стандартной практикой для рынка спотовых перевозок LNG: судно ожидает распределения под новый фрахт.3. История и эксплуатацияКомплаенс-профиль: НИЗКИЙ РИСК.Анализ:Менеджмент: Судно управляется компанией GasLog LNG Services Ltd (Пирей, Греция). Это один из наиболее авторитетных мировых операторов в секторе LNG-перевозок. Статус: Актив полностью прозрачен, не подпадает под санкции и работает в интересах крупнейших международных энергетических компаний. Технические стандарты судов компании GasLog соответствуют самым жестким требованиям безопасности (OCIMF/SIRE).Репутация: Суда данного типа и оператора используются в долгосрочных и спотовых контрактах ведущими энергетическими игроками (например, Shell), что исключает их вовлеченность в «серые» или нелегальные логистические схемы.4. РезюмеGASLOG GREECE (IMO 9687019) — это высокотехнологичный и прозрачный коммерческий актив. Операционный профиль судна соответствует высшим международным стандартам морской торговли СПГ.Комплаенс-рекомендация: Уровень риска взаимодействия с данным судном оценивается как низкий.Рекомендация: Судно является первоклассным контрагентом. Стандартная процедура проверки (Due Diligence) является достаточной для подтверждения легитимности сделки","Zeebrugge LNG, Belgium (BE ZEE)",GASLOG GREECE,636125543,24 июня 2026 г,"Газовоз · флаг: Бермудские острова · отход: Юн-ань (Yung An), Тайвань (отход 9 июня 2026 г.).Анализ: Судно является специализированным газовозом высокого класса. Статус «OPEN SEA FOR ORDERS» после выгрузки в тайваньском терминале СПГ является стандартной практикой для рынка спотовых перевозок LNG: судно ожидает распределения под новый фрахт.3. История и эксплуатацияКомплаенс-профиль: НИЗКИЙ РИСК.Анализ:Менеджмент: Судно управляется компанией GasLog LNG Services Ltd (Пирей, Греция). Это один из наиболее авторитетных мировых операторов в секторе LNG-перевозок. Статус: Актив полностью прозрачен, не подпадает под санкции и работает в интересах крупнейших международных энергетических компаний. Технические стандарты судов компании GasLog соответствуют самым жестким требованиям безопасности (OCIMF/SIRE).Репутация: Суда данного типа и оператора используются в долгосрочных и спотовых контрактах ведущими энергетическими игроками (например, Shell), что исключает их вовлеченность в «серые» или нелегальные логистические схемы.4. РезюмеGASLOG GREECE (IMO 9687019) — это высокотехнологичный и прозрачный коммерческий актив. Операционный профиль судна соответствует высшим международным стандартам морской торговли СПГ.Комплаенс-рекомендация: Уровень риска взаимодействия с данным судном оценивается как низкий.Рекомендация: Судно является первоклассным контрагентом. Стандартная процедура проверки (Due Diligence) является достаточной для подтверждения легитимности сделки · На ходу (в пути). Текущий статус: Пункт назначения — «OPEN SEA FOR ORDERS» (открытое море для получения дальнейших инструкций), ETA 24 июня 2026 г. Последний порт: Юн-ань (Yung An), Тайвань (отход 9 июня 2026 г.).Анализ: Судно является специализированным газовозом высокого класса. Статус «OPEN SEA FOR ORDERS» после выгрузки в тайваньском терминале СПГ является стандартной практикой для рынка спотовых перевозок LNG: судно ожидает распределения под новый фрахт.3. История и эксплуатацияКомплаенс-профиль: НИЗКИЙ РИСК.Анализ:Менеджмент: Судно управляется компанией GasLog LNG Services Ltd (Пирей, Греция). Это один из наиболее авторитетных мировых операторов в секторе LNG-перевозок. Статус: Актив полностью прозрачен, не подпадает под санкции и работает в интересах крупнейших международных энергетических компаний. Технические стандарты судов компании GasLog соответствуют самым жестким требованиям безопасности (OCIMF · возраст: 10 лет",0.0
2026-09-09,9956616,87968.0,115728.0,291.3,45.8,11.4,15.5,1.0,2025,Либерия,"Танкер для перевозки сжиженного природного газа (LNG Tanker), классификация HAZ-D.",Under way using engine,LOW,"Corpus Christi LNG, USA (US CRP)",FOR ORDERS,GAS 6616,636023325,"26 октября 2026 г., 00:45 UTC",Танкер для перевозки сжиженного природного газа · флаг: Либерия · следует в: определенный регион ожидания для получения дальнейших инструкций по фрахту · Underway using Engine · возраст: 1 лет,0.656
2026-09-09,9744025,87955.0,115024.0,293.16,45.8,11.0,12.9,7.0,2019,Бермудские острова,"Газовоз (LNG Tanker, HAZ-D)",Underway using Engine / В пути,LOW,"Darwin LNG, Australia (AU DRW)","Revithoussa, Greece (GR REV)",GASLOG GLADSTONE,636233678,25 июня 2026 г,Газовоз · флаг: Бермудские острова · Underway using Engine · возраст: 7 лет,0.0
2026-09-09,9687021,87889.0,112764.0,291.08,45.8,11.6,15.6,10.0,2016,Бермудские острова,"Танкер для перевозки сжиженного природного газа (LNG Tanker, Large)",Underway using Engine / В пути,HIGH,"Sabetta, Russia (RU SAB)",порт Юн-Ань (Yung An,GASLOG GLASGOW,636994779,23 июня 2026 г,Танкер для перевозки сжиженного природного газа · флаг: Бермудские острова · следует в: порт Юн-Ань (Yung An · Underway using Engine · возраст: 10 лет,0.0
2026-09-09,9956587,87886.0,115728.0,290.0,45.8,9.4,18.6,2.0,2024,Мальта,Судно для перевозки сжиженного природного газа / LNG Tanker (категория HAZ-D),At Anchor / На якорной стоянке,LOW,"Йосу (якорная стоянка), Южная Корея (Yeosu Anch., Korea)",В распоряжении / На указания (FOR ORDERS),ORION SPIRIT,256920000,11 августа 2026 г,"Судно для перевозки сжиженного природного газа / LNG Tanker · флаг: Мальта · маршрут: Йосу (якорная стоянка), Южная Корея (Yeosu Anch., Korea) → В распоряжении / На указания (FOR ORDERS) · At Anchor · возраст: 2 лет",0.0
2026-09-09,9977311,87883.0,115728.0,290.0,46.0,9.6,18.5,0.0,2026,Либерия,"Газовоз (LNG Tanker, HAZ-D)",Underway using Engine / В пути,LOW,"Darwin LNG, Australia (AU DRW)",один из важнейших новых экспортных хабов СПГ в США (Plaquemines). Высокая скорость хода (18.5 уз) подтверждает важность судна для оперативного пополнения энергетических запасов,UMM AL ZUBAR,636318245,4 июля 2026 г,Газовоз · флаг: Либерия · следует в: один из важнейших новых экспортных хабов СПГ в США (Plaquemines). Высокая скорость хода (18.5 уз) подтверждает важность судна для оперативного пополнения энергетических запасов · Underway using Engine,0.0
2026-09-09,9896452,87782.0,115466.0,293.16,45.8,9.5,8.8,3.0,2023,Сингапур,Газовоз / LNG Tanker,At Anchor / На якорной стоянке,LOW,Сингапур (якорная стоянка 3),"Барроу-Айленд, Австралия (Barrow Island, Australia)",SERI DAYA,563183600,5 августа 2026 г,глобальных морских транспортировках сжиженного природного газа. Классификационное общество — ведущие члены IACS,0.0
2026-09-09,9627954,87750.0,102315.0,290.0,44.0,9.9,10.9,13.0,2013,Мальта,Крупнотоннажный газовоз для перевозки сжиженного природного газа / СПГ-танкер (LNG Tanker / Large LNG Carrier),Underway using Engine / В пути,LOW,"Кочин, Индия (Cochin, India)","Zeebrugge LNG, Belgium (BE ZEE)",WILFORCE,256276000,21 июля 2026 г,"Крупнотоннажный газовоз для перевозки сжиженного природного газа / СПГ-танкер · флаг: Мальта · отход: Кочин, Индия (Cochin, India) · Underway using Engine · возраст: 13 лет",0.0
2026-09-09,9783124,87750.0,107055.0,163.86,24.5,7.0,14.0,20.0,2006,NETHERLANDS,LNG Tanker (Танкер для перевозки сжиженного природного газа),Moored (Пришвартовано),LOW,"ES FRO (Эль-Ферроль, Испания)","ES MGR (Мугардос, Испания)",CORAL ENERGICE,9783124,11 мая 2026 г,Нидерланды,0.0
2026-09-09,9627966,87677.0,102315.0,290.0,44.0,11.0,19.8,13.0,2013,Мальта IMO номер: 9627966 Год постройки: 2013,Газовоз (LNG Tanker / Large),"На ходу (Under way) Местоположение: Согласно актуальным AIS-данным, судно находится в северной части Индийского океана. Операционные данные: Текущая осадка составляет 11.0 м, скорость — 19.8 узлов. Судно следует с назначением «FOR ORDERS» (ожидание распоряжений), расчетная дата прибытия — 19 июня 2026 года в 03:00. История: Последний порт захода — Сабин (США), который судно покинуло 10 мая 2026 года. ЭксплуатацияУправление: Судно находится в техническом управлении AWILCO LNG TECHNICAL MGMT AS, коммерческий менеджмент осуществляется AWILCO LNG ASA. Владельцем является TIANJIN BLUE OCEAN-II LEASING. Интенсивность: За период наблюдений зафиксировано 17 портовых заходов со средней скоростью хода 16.4 узла (максимальная — 22.0 узла)",LOW,"Tangguh LNG, Indonesia (ID TGH)","Fos-sur-Mer, France (FR FOS)",WILPRIDEТип судна: Газовоз (LNG Tanker / Large),229358798,"15 сентября 2026 г., 11:45 UTC","Газовоз · флаг: Мальта IMO номер: 9627966 Год постройки: 2013 · На ходу (Under way) Местоположение: Согласно актуальным AIS-данным, судно находится в северной части Индийского океана. Операционные данные: Текущая осадка составляет 11.0 м, скорость — 19.8 узлов. Судно следует с назначением «FOR ORDERS» (ожидание распоряжений), расчетная дата прибытия — 19 июня 2026 года в 03:00. История: Последний порт захода — Сабин (США), который судно покинуло 10 мая 2026 года. ЭксплуатацияУправление: Судно находится в техническом управлении AWILCO LNG TECHNICAL MGMT AS, коммерческий менеджмент осуществляется AWILCO LNG ASA. Владельцем является TIANJIN BLUE OCEAN-II LEASING. Интенсивность: За период наблюдений зафиксировано 17 портовых заходов со средней скоростью хода 16.4 узла (максимальная — 22.0 узла) · возраст: 13 лет",0.0
2026-09-09,9692002,87674.0,115995.0,299.5,46.0,9.5,11.9,11.0,2015,Бермудские Острова,Крупнотоннажный газовоз для сжиженного природного газа класса Q-Flex / LNGC (LNG Tanker / HAZ-D),At Anchor / На якорной стоянке,EXTREME,"Hammerfest LNG, Norway (NO HAM)","Бонни, Нигерия (Bonny, Nigeria), плановое",LNG BONNY II,310720000,19 августа 2026 г,"Крупнотоннажный газовоз для сжиженного природного газа класса Q-Flex / LNGC · флаг: Бермудские Острова · следует в: Бонни, Нигерия (Bonny, Nigeria), плановое · At Anchor · возраст: 11 лет",0.0
2026-09-09,9981386,87405.0,114321.0,300.0,46.0,11.4,18.0,1.0,2025,Франция,Газовоз (LNG Tanker),Under way using engine,LOW,"Hammerfest LNG, Norway (NO HAM)",EUROPE FOR ORDERS,AL ZORE,228463900,26 июня 2026 г,Газовоз · флаг: Франция · Underway using Engine · возраст: 1 лет,0.656
2026-09-09,9482299,87294.0,104537.0,291.0,43.4,9.3,13.2,15.0,2011,Багамские Острова,Газовоз (LNG Carrier),Underway using Engine / В пути,LOW,"Sabetta, Russia (RU SAB)",порт Сойо (Ангола). Ожидаемое время прибытия (ETA) — 18 июня,SONANGOL ETOSHA,308275222,"6 октября 2026 г., 21:45 UTC",Газовоз · флаг: Багамские Острова · следует в: порт Сойо (Ангола). Ожидаемое время прибытия (ETA) — 18 июня · Underway using Engine · возраст: 15 лет,0.0
2026-09-09,9483877,87257.0,141136.0,300.03,52.0,11.6,20.6,15.0,2011,Япония,Крупнотоннажный газовоз / Танкер для сжиженного природного газа (LNG Tanker),Underway using Engine / В пути,EXTREME,австралийского экспортного терминала СПГ,"Хитачи, Япония (Hitachi, Japan), плановое",ENERGY HORIZON,432807000,19 августа 2026 г,"Крупнотоннажный газовоз / Танкер для сжиженного природного газа · флаг: Япония · маршрут: австралийского экспортного терминала СПГ → Хитачи, Япония (Hitachi, Japan), плановое · Underway using Engine · возраст: 15 лет",0.0
2026-09-09,9360922,87194.0,114277.0,298.43,46.0,9.7,4.9,16.0,2010,Багамские Острова,Танкер для перевозки сжиженного природного газа (LNG Tanker / Moss Rosenberg type),"На ходу (Under way, курс 117°, скорость 4.9 узла). Пункт назначения: Port Moresby, Papua New Guinea (терминал PNG LNG). Расчетный ETA: 3 августа 2026 года (19:00 UTC). Вышло с якорной стоянки Пенгеранг (Pengerang Anch., Malaysia) 18 июля 2026 года (00:36 UTC)",EXTREME,"Sabetta, Russia (RU SAB)","Port Moresby, Papua New Guinea (терминал PNG LNG)",GIGIRA LAITEBO,309415000,3 августа 2026 г,Bahamas,0.0
2026-09-09,9690169,87147.0,116568.0,292.0,47.8,9.2,13.7,10.0,2016,Бермудские Острова,Танкер для перевозки сжиженного природного газа / LNG Carrier,Underway using Engine / В пути,LOW,"Сейнуш, Португалия (Sines, Portugal)","Бонни, Нигерия (Bonny, Nigeria)",LNG ABUJA II,310730000,10 сентября 2026 г,"Танкер для перевозки сжиженного природного газа / LNG Carrier · флаг: Бермудские Острова · маршрут: Сейнуш, Португалия (Sines, Portugal) → Бонни, Нигерия (Bonny, Nigeria) · Underway using Engine · возраст: 10 лет",0.0
2026-09-09,9690157,87139.0,116568.0,292.0,48.0,11.5,14.9,11.0,2015,Бермудские острова,Газовоз (LNG Tanker),Under way using engine,LOW,"Gladstone LNG, Australia (AU GLA)",FRFOS,LNG PORT-HARCOURT IIIMO номер: 9690157,310719000,"24 сентября 2026 г., 16:30 UTC",Газовоз · флаг: Бермудские острова · Underway · возраст: 11 лет,0.419
2026-09-09,9361639,87130.0,114277.0,298.43,46.0,11.9,21.1,16.0,2010,Багамские Острова,Судно для перевозки сжиженного природного газа / LNG Tanker (категория HAZ-D),Underway using Engine / В пути,LOW,"Лесе, Папуа — Новая Гвинея (Lese, Papua New Guinea)","TW YN (Юньань / Юнъань, Тайвань)",SPIRIT OF HELA,311013700,9 августа 2026 г,"Судно для перевозки сжиженного природного газа / LNG Tanker · флаг: Багамские Острова · маршрут: Лесе, Папуа — Новая Гвинея (Lese, Papua New Guinea) → TW YN (Юньань / Юнъань, Тайвань) · Underway using Engine · возраст: 16 лет",0.0
2026-09-09,9475600,87104.0,106267.0,291.08,43.4,11.8,13.6,15.0,2011,Багамские острова,Газовоз (LNG Tanker),На ходу (Under way),HIGH,"Sabine Pass LNG, USA (US SAB)",порт Дахедж (Dahej),SONANGOL SAMBIZANGA,309757691,"29 октября 2026 г., 05:45 UTC",Газовоз · флаг: Багамские острова · следует в: порт Дахедж (Dahej) · На ходу (Under way) · возраст: 15 лет,0.0
2026-09-09,9690171,86925.0,116568.0,292.0,47.8,9.4,12.3,10.0,2016,Бермудские острова,Газовоз для перевозки сжиженного природного газа (LNG Tanker),На ходу (Under way),LOW,"Corpus Christi LNG, USA (US CRP)",порт Бонни (Bonny),LNG ABALAMABIE,636554517,28 июня 2026 г,Газовоз для перевозки сжиженного природного газа · флаг: Бермудские острова · следует в: порт Бонни (Bonny) · На ходу (Under way) · возраст: 10 лет,0.0
2026-09-09,9743875,86497.0,136716.0,288.0,48.94,11.5,11.5,8.0,2018,Япония,Судно для перевозки сжиженного природного газа / LNG Tanker,Underway using Engine / В пути,LOW,"Дарвин, Австралия (Darwin, Australia)","Кавасаки, Япония (Kawasaki, Japan)",PACIFIC MIMOSA,431778000,16 августа 2026 г,"долгосрочных цепочках поставок СПГ на японском направлении (маршруты из проектов в Океании и Австралии, включая терминалы в районе Дарвина)",0.0
2026-09-09,9640437,86401.0,106273.0,288.9,45.6,9.2,17.0,11.0,2015,Сингапур,LNG Tanker (танкер для перевозки сжиженного природного газа),Underway using Engine / В пути,LOW,"Angola LNG, Angola (AO LNG)",балластном рейсе. Высокая скорость перехода (17 узлов) свидетельствует о намерении судовладельца оперативно позиционировать актив под следующую погрузку,BW PAVILION VANDA,565513000,"22 октября 2026 г., 02:45 UTC",LNG Tanker · флаг: Сингапур · следует в: балластном рейсе. Высокая скорость перехода (17 узлов) свидетельствует о намерении судовладельца оперативно позиционировать актив под следующую погрузку · Underway using Engine · возраст: 11 лет,0.0
2026-09-09,9640645,86383.0,105387.0,288.9,45.6,9.2,14.0,11.0,2015,Сингапур IMO номер: 9640645 Год постройки: 2015,Танкер для перевозки сжиженного природного газа (LNG Tanker),"Пришвартовано (Moored).Маршрут: Судно находится в порту Барроу-Айленд (Barrow Island), Австралия. Согласно данным AIS, прибытие в этот порт ожидается в рамках текущего рейсового задания (ETA: 23 июня 2026 г.).Операционные данные: Текущая скорость — 0.0 узла, осадка — 9.2 м.История: Последний зафиксированный порт захода перед текущей стоянкой — Шикама (Shikama), Япония (прибытие 11 июня 2026 года).Эксплуатация и управлениеЗарегистрированный владелец: BW Pavilion Leeara Pte Ltd. Коммерческий менеджер: BW LNG AS (Норвегия). Технический менеджер (ISM): BW Fleet Management AS (Норвегия). Комплаенс-статусСудно BW PAVILION LEEARA (IMO 9640645) является современным активом, находящимся в долгосрочном чартере компании Pavilion Energy. Активы группы BW Group имеют высокую репутацию, прозрачную структуру владения и управления, и не фигурируют в санкционных списках. Судно регулярно эксплуатируется на маршрутах транспортировки СПГ между ключевыми терминалами Азиатско-Тихоокеанского региона и Австралии",LOW,"Darwin LNG, Australia (AU DRW)",этот порт ожидается в рамках текущего рейсового задания (ETA: 23 июня 2026 г.).Операционные данные: Текущая скорость — 0.0 узла,BW PAVILION LEEARAТип судна: Танкер для перевозки сжиженного природного газа (LNG Tanker),563681286,23 июня 2026 г,"верфь Hyundai Heavy Industries, Южная Корея",0.0
2026-09-09,9520376,86170.0,109004.0,291.07,45.0,11.7,13.6,16.0,2010,Панама,LNG Tanker (танкер для перевозки сжиженного природного газа),Underway using Engine / В пути,LOW,"Darwin LNG, Australia (AU DRW)","Zeebrugge LNG, Belgium (BE ZEE)",METHANE MICKIE HARPER,352346000,7 июня 2026 г,LNG Tanker · флаг: Панама · Underway using Engine · возраст: 16 лет,0.0
2026-09-09,9645748,86161.0,136710.0,288.0,48.94,11.2,13.3,10.0,2016,Япония,Газовоз (LNG Tanker),Ошвартовано (Moored),LOW,"Cove Point LNG, USA (US COV)",порт Сакаи 8 июня 2026 г. в 22:47 UTC,LNG MARS,431238191,"9 октября 2026 г., 22:45 UTC",Газовоз · флаг: Япония · следует в: порт Сакаи 8 июня 2026 г. в 22:47 UTC · Ошвартовано (Moored) · возраст: 10 лет,0.0
2026-09-09,9666998,86121.0,136739.0,288.0,48.94,10.3,12.4,11.0,2015,Багамские острова,Газовоз (LNG Tanker),Underway using Engine / В пути,LOW,"Darwin LNG, Australia (AU DRW)","Barcelona Regas, Spain (ES BCN)",LNG JUROJIN,309215352,28 июня 2026 г,Газовоз · флаг: Багамские острова · Underway using Engine · возраст: 11 лет,0.0
2026-09-09,9696149,86044.0,136739.0,288.0,48.94,11.4,14.0,10.0,2016,Багамские Острова,Газовоз (LNG Tanker),Underway using Engine / В пути,LOW,терминала Барроу-Айленд (Австралия),"Barcelona Regas, Spain (ES BCN)",LNG SATURN,308030936,27 июня 2026 г,Газовоз · флаг: Багамские Острова · отход: терминала Барроу-Айленд (Австралия) · Underway using Engine · возраст: 10 лет,0.0
2026-09-09,9431147,85550.0,104371.0,315.0,50.03,9.5,15.5,5.0,2021,Маршалловы Острова,"Танкер для перевозки сжиженного природного газа (LNG Tanker, Hazard D)",На ходу с использованием двигателя,LOW,"Галле, Шри-Ланка","Сингапур, Сингапур",AL BAHIYA,538971892,"28 октября 2026 г., 05:45 UTC","Танкер для перевозки сжиженного природного газа · флаг: Маршалловы Острова · маршрут: Галле, Шри-Ланка → Сингапур, Сингапур · На ходу с использованием двигателя",0.0
2026-09-09,9323687,85513.0,100244.0,288.22,44.2,9.6,15.8,19.0,2007,Маршалловы Острова,LNG Tanker,Underway using Engine / В пути,LOW,"Gladstone LNG, Australia (AU GLA)",Южно-Китайское море. Пункт назначения обозначен как «SOUTH CHINA SEA»,CLEAN ENERGY,538002742,"6 сентября 2026 г., 15:45 UTC",LNG Tanker · флаг: Маршалловы Острова · следует в: Южно-Китайское море. Пункт назначения обозначен как «SOUTH CHINA SEA» · Underway using Engine · возраст: 19 лет,0.0
2026-09-09,9323675,85224.0,100481.0,288.15,44.2,9.3,0.0,18.0,2008,Либерия,Газовоз / Танкер для перевозки сжиженного природного газа (LNG Tanker / Moss Rosenberg type),At anchor,LOW,"Angola LNG, Angola (AO LNG)",RU PGN,GRAND COSMOS (экс-Grace Cosmos),636024872,30 июля 2026 г,"Газовоз / Танкер для перевозки сжиженного природного газа · флаг: Либерия · следует в: Рейд Пригородного, Россия / Prigorodnoye Anch., Russia, фактическое время прибытия (ATA): 12 августа 2026 г., 19:28 UTC, курс — 294.1°, скорость — 0.0 узлов, статус: На якорной стоянке (At anchor), текущая осадка — 9.2 м, последний порт выхода — Ниигата, Япония (Niigata — отход 30 июля 2026 г., 01:21 UTC) · At Anchor · возраст: 18 лет",0.655
2026-09-09,9315707,85214.0,100341.0,288.18,44.2,9.1,0.9,19.0,2007,Багамские Острова,Газовоз / LNG Tanker (категория HAZ-A),Underway using Engine / В пути,LOW,"Тайчжун, Тайвань (Taichung, Taiwan)","Сингапур (Singapore, Singapore)",GRACE ACACIA,308136000,19 августа 2026 г,"Газовоз / LNG Tanker · флаг: Багамские Острова · маршрут: Тайчжун, Тайвань (Taichung, Taiwan) → Сингапур (Singapore, Singapore) · Underway using Engine · возраст: 19 лет",0.0
2026-09-09,9655042,85000.0,103700.0,280.5,43.4,9.4,11.6,2.0,2024,Маршалловы Острова,LNG Tanker (Газовоз СПГ),Underway using Engine (На ходу),LOW,"KR KAN (Квангян, Южная Корея)",FOR ORDERS (Ожидает распоряжений),KOOL FROST,538004975,"16 октября 2026 г., 19:30 UTC",MARSHALL ISLANDS,0.0
2026-09-09,9970674,85000.0,115000.0,295.0,46.0,9.5,0.0,0.0,2026,Маршалловы Острова,Газовоз (LNG Tanker),At anchor,LOW,"Cove Point LNG, USA (US COV)",SINGAPORE PGBG,VANTAGE LNG,538011431,8 августа 2026 г,Газовоз · флаг: Маршалловы Острова · Underway using Engine,0.415
2026-09-09,9325893,84992.0,97432.0,285.4,43.4,9.6,14.0,18.0,2008,Сингапур,"СПГ-танкер (LNG Tanker, Membrane Type)",Underway using Engine / В пути,LOW,"Corpus Christi LNG, USA (US CRP)","Fos-sur-Mer, France (FR FOS)",TANGGUH TOWUTI,567441584,"17 сентября 2026 г., 10:15 UTC","согласно регистрационным данным, несмотря на временные ошибки в AIS-сервисах",0.0
2026-09-09,9271248,84878.0,121597.0,288.0,49.0,9.6,14.0,20.0,2006,Норвегия,"СПГ-танкер (LNG Tanker, Moss Type)",Out of Service / Выведено из эксплуатации,HIGH,"Cove Point LNG, USA (US COV)","Incheon, South Korea (KR INC)",ARCTIC PRINCESS,259685756,"28 октября 2026 г., 01:00 UTC",СПГ-танкер · флаг: Норвегия · Out of Service · возраст: 20 лет,0.0
2026-09-09,9320374,84823.0,97491.0,285.0,43.4,9.1,15.1,20.0,2006,Маршалловы острова,Газовоз (LNG Tanker),Underway using Engine / В пути,LOW,"Angola LNG, Angola (AO LNG)",регион «ATLANTIC BASIN»). Текущие данные:Скорость: 15.1 уз. Осадка: 9.1 м.Активность: Судно находится в управлении Energos Infrastructure (совместное предприятие New Fortress Energy и Apollo Global Management). Активы данной компании часто используются для инфраструктурных проектов СПГ,ENERGOS MARIA (исторически: GOLAR MARIA)IMO номер: 9320374,538185648,"30 сентября 2026 г., 16:00 UTC",Газовоз · флаг: Маршалловы острова · следует в: регион «ATLANTIC BASIN»). Текущие данные:Скорость: 15.1 уз. Осадка: 9.1 м.Активность: Судно находится в управлении Energos Infrastructure (совместное предприятие New Fortress Energy и Apollo Global Management). Активы данной компании часто используются для инфраструктурных проектов СПГ · Underway using Engine · возраст: 20 лет,0.0
2026-09-09,9315692,84682.0,100244.0,288.22,44.2,9.4,17.7,19.0,2007,Маршалловы Острова,Танкер для перевозки сжиженного природного газа / Газовоз LNG (LNG Tanker / HAZ-D),At Anchor / На якорной стоянке,EXTREME,"Sabine Pass LNG, USA (US SAB)","Tianjin, China (CN TJN)",OB RIVER (ранее — Clean Power),538002846,18 августа 2026 г,удобный флаг,0.0
2026-09-09,9317999,84598.0,100244.0,288.22,44.2,11.4,17.0,18.0,2008,Маршалловы острова,Газовоз для перевозки сжиженного природного газа (LNG Tanker / Membrane Type),На ходу (Under way),LOW,"Bonny LNG, Nigeria (NG BNL)",Атлантический океан,AMUR RIVER,538719664,23 июня 2026 г,Газовоз для перевозки сжиженного природного газа · флаг: Маршалловы острова · следует в: Атлантический океан · На ходу (Under way) · возраст: 18 лет,0.0
2026-09-09,9629598,84585.0,100236.0,288.0,44.2,9.6,14.0,13.0,2013,Маршалловы Острова,"Танкер для перевозки сжиженного природного газа (LNG Tanker, Large)",At Anchor / На якорной стоянке,LOW,"Sabetta, Russia (RU SAB)","Tianjin, China (CN TJN)",LENA RIVERIMO номер: 9629598,538900726,"26 сентября 2026 г., 08:45 UTC",Танкер для перевозки сжиженного природного газа · флаг: Маршалловы Острова · At Anchor · возраст: 13 лет,0.0
2026-09-09,9629586,84565.0,100236.0,288.1,44.2,9.6,14.0,13.0,2013,Маршалловы Острова,"Танкер для перевозки сжиженного природного газа (LNG Tanker, Large)",At Anchor / На якорной стоянке,LOW,"Cove Point LNG, USA (US COV)","Revithoussa, Greece (GR REV)",YENISEI RIVER,538633965,"9 октября 2026 г., 07:30 UTC","перевозках российского СПГ, что делает его объектом повышенного внимания в контексте международной санкционной политики",0.0
2026-09-09,9975533,84500.0,103090.0,293.5,46.0,11.3,14.0,13.0,2013,ЛИБЕРИЯ,LNG Tanker (Танкер для перевозки сжиженного природного газа),Moored (Ошвартовано/Стоит у причала),LOW,"Китимат, Канада (CA KTM)","Пхёнтхэк, Южная Корея (KR PTK)",PUTERI SARAWAK,636529135,19 мая 2026 г,LIBERIA,0.0
2026-09-09,9333632,84467.0,101957.0,288.43,44.2,11.2,15.3,18.0,2008,Багамские Острова,Газовоз / LNG Tanker (категория HAZ-A),Underway using Engine / В пути,LOW,"Тангу, Индонезия (Tangguh, Indonesia — прибытие 31 июля 2026 г., 21:45 UTC, около 6 дней назад; порт крупного индонезийского проекта по добыче и сжижению природного газа)","Квангджун, Южная Корея (Gwangyang, Korea)",TANGGUH HIRI,309787000,19 августа 2026 г,"Газовоз / LNG Tanker · флаг: Багамские Острова · маршрут: Тангу, Индонезия (Tangguh, Indonesia — прибытие 31 июля 2026 г., 21:45 UTC, около 6 дней назад; порт крупного индонезийского проекта по добыче и сжижению природного газа) → Квангджун, Южная Корея (Gwangyang, Korea) · Underway using Engine · возраст: 18 лет",0.0
2026-09-09,9714276,84333.0,133948.0,290.0,49.0,11.0,12.1,10.0,2016,Малайзия,"СПГ-танкер (LNG Tanker, Moss-Type)",Underway using Engine / В пути,LOW,"Bintulu LNG, Malaysia (MY BTU)",порт Пхёнтхэк (Южная Корея),SERI CAMELLIA,533007120,"10 октября 2026 г., 23:15 UTC",СПГ-танкер · флаг: Малайзия · следует в: порт Пхёнтхэк (Южная Корея) · Underway using Engine · возраст: 10 лет,0.0
2026-09-09,9333591,84303.0,102064.0,288.43,44.2,11.1,18.0,19.0,2007,Российская Федерация (Russia) — переход под национальный флаг в 2026 году,Танкер для перевозки сжиженного природного газа (LNG Tanker),At Anchor / На якорной стоянке,HIGH,"Cove Point LNG, USA (US COV)","Yokohama, Japan (JP YOK)",ARCTIC EXPRESS (ранее British Emerald),273270890,"10 сентября 2026 г., 04:30 UTC",логистических цепочках по вывозу сжиженного природного газа с подсанкционных российских проектов (включая загрузку через плавучее хранилище НОВАТЭК «Саам ПХГ» в Мурманской области),0.0
2026-09-09,9714288,84303.0,133948.0,290.0,46.4,11.4,14.0,9.0,2017,Малайзия,Газовоз (LNG Tanker),Underway / В плавании,LOW,"Angola LNG, Angola (AO LNG)","Zeebrugge LNG, Belgium (BE ZEE)",SERI CENDERAWASIH,533061703,"30 сентября 2026 г., 14:45 UTC",Газовоз · флаг: Малайзия · Underway · возраст: 9 лет,0.0
2026-09-09,9333606,84155.0,102410.0,288.43,44.2,9.7,0.5,18.0,2008,Мальта (Malta Flag) — европейский международный реестр высшей категории надежности,Танкер-газовоз СПГ (LNG Carrier),At Anchor / На якорной стоянке,EXTREME,"Darwin LNG, Australia (AU DRW)","Ningbo, China (CN NGB)","COOL RANGER (ранее Golar Frost, Grace Acacia)",256492000,"31 октября 2026 г., 13:45 UTC",Paris MoU White List,0.0
2026-09-09,9926714,84050.0,102541.0,297.0,46.43,11.5,14.6,5.0,2021,FRANCE,LNG Tanker (Танкер для перевозки сжиженного природного газа),Underway using Engine / В пути,LOW,"US NSS (Сабин-Пасс, США)","NL EEM (Эмсхавен, Нидерланды)",NANTES KNUTSEN,9926714,25 мая 2026 г,Франция,0.0
2026-09-09,9269960,83965.0,98798.0,288.2,43.4,11.5,10.0,20.0,2006,Бермудские Острова,LNG Tanker / LNGC,Under way using engine,LOW,Западной Африки,Бангладеш,VESSEL 9960,636014506,25 июня 2026 г,флаг: Бермудские Острова · маршрут: Западной Африки → Бангладеш · Underway using Engine · возраст: 20 лет,0.397
2026-09-09,9311567,83961.0,98798.0,288.2,43.4,9.1,12.0,19.0,2007,Бермудские Острова,Газовоз для перевозки сжиженного природного газа / LNG Carrier (Hazardous Cargo A),Underway using Engine / В пути,LOW,"Дахедж, Индия (Dahej, India)","Пасир-Гуданг, Джохор, Малайзия (Pasir Gudang, Johor, Malaysia)",LNG KANO,310534000,15 августа 2026 г,"Газовоз для перевозки сжиженного природного газа / LNG Carrier · флаг: Бермудские Острова · маршрут: Дахедж, Индия (Dahej, India) → Пасир-Гуданг, Джохор, Малайзия (Pasir Gudang, Johor, Malaysia) · Underway using Engine · возраст: 19 лет",0.0
2026-09-09,9372999,83959.0,100545.0,288.0,44.2,11.2,16.2,18.0,2008,Панама,Крупнотоннажный газовоз СПГ / LNG Carrier (категория HAZ-A),интенсивный трансконтинентальный переход после выхода из акватории Мексиканского залива / порта Сабина,LOW,"Сабина, США (Sabine, USA)","Тхонъён, Южная Корея (Tongyeong, Korea)",HYUNDAI ECOPIA,370983000,14 августа 2026 г,спотовых и долгосрочных цепочках поставок сжиженного природного газа (LNG) с экспортных терминалов США на крупные регазификационные терминалы Республики Корея (Тхонъён/Пхентхэк),0.0
2026-09-09,9691137,83752.0,127088.0,293.0,48.9,10.3,11.3,9.0,2017,Панама,LNG Tanker (танкер для перевозки сжиженного природного газа),Underway using Engine / В пути,LOW,"Bintulu LNG, Malaysia (MY BTU)",балласте для последующей загрузки в Омане,BISHU MARU,374216000,19 июня 2026 г,LNG Tanker · флаг: Панама · следует в: балласте для последующей загрузки в Омане · Underway using Engine · возраст: 9 лет,0.0
2026-09-09,9311579,83688.0,98798.0,288.2,43.4,9.3,6.9,19.0,2007,Бермудские Острова,Танкер для перевозки сжиженного природного газа / СПГ-газовоз (LNG Tanker),At Anchor / На якорной стоянке,LOW,"Санта-Крус-де-Тенерифе, Испания (Santa Cruz de Tenerife Anch., Spain)","Бонни, Нигерия / Bonny, Nigeria",LNG ONDO,310550000,27 августа 2026 г,"Танкер для перевозки сжиженного природного газа / СПГ-газовоз · флаг: Бермудские Острова · маршрут: Санта-Крус-де-Тенерифе, Испания (Santa Cruz de Tenerife Anch., Spain) → Бонни, Нигерия / Bonny, Nigeria · At Anchor · возраст: 19 лет",0.0
2026-09-09,9311581,83688.0,98798.0,288.2,43.4,9.4,8.6,18.0,2008,Бермудские Острова,Крупнотоннажный газовоз для перевозки сжиженного природного газа / СПГ-танкер (LNG Tanker / Large LNG Carrier),Underway using Engine / В пути,LOW,"Уэльва, Испания (Huelva, Spain)","Бонни, Нигерия (Bonny, Nigeria)",LNG,310565000,11 августа 2026 г,"Крупнотоннажный газовоз для перевозки сжиженного природного газа / СПГ-танкер · флаг: Бермудские Острова · маршрут: Уэльва, Испания (Huelva, Spain) → Бонни, Нигерия (Bonny, Nigeria) · Underway using Engine · возраст: 18 лет",0.0
2026-09-09,9759240,83571.0,101957.0,299.9,48.9,9.7,16.5,8.0,2018,Панама,Газовоз СПГ (LNG Tanker),Under way using engine,LOW,"Corpus Christi LNG, USA (US CRP)",USLCH,MARVEL EAGLE,374375000,17 июня 2026 г,Газовоз СПГ · флаг: Панама · На ходу (в пути) · возраст: 8 лет,0.419
2026-09-09,9969376,83400.0,90072.0,229.9,37.0,11.2,14.5,2.0,2024,ПАНАМА,LPG Tanker (Танкер для перевозки сжиженного нефтяного газа),Underway using Engine (На ходу),LOW,"Хьюстон, США (US HOU)","Сакай, Япония (JP SAK)",ENEOS GLORY,353994220,21 мая 2026 г,PANAMA,0.0
2026-09-09,9329679,83365.0,95729.0,283.06,43.4,9.3,18.1,19.0,2007,Малайзия,Газовоз / LNG Tanker,Underway using Engine / В пути,LOW,"Йоккаити, Япония (Yokkaichi, Japan)","Бинтулу, Малайзия (BTU.MY)",SERI AYU,533942000,11 августа 2026 г,"регулярных экспортных перевозках сжиженного природного газа с терминалов Малайзии (порт Бинтулу, Саравак) в страны Азиатско-Тихоокеанского региона",0.0
2026-09-09,9799305,83350.0,90018.0,99.97,16.5,5.0,5.5,22.0,2004,CHINA,LPG/Chemical Tanker (Газовоз/Химовоз),Underway using Engine (На ходу),LOW,"CN CJG (Цаоцзин, КНР — крупный химический индустриальный кластер в Шанхае)","SHANGHAI (Шанхай, КНР)",NAN YU 6,9799305,20 мая 2026 г,Китай,0.0
2026-09-09,9266994,83160.0,97561.0,285.47,43.4,9.3,7.9,21.0,2005,Бермудские острова,Газовоз (LNG Carrier),Underway using Engine / В пути,LOW,"Corpus Christi LNG, USA (US CRP)","Grain LNG, UK (GB GRA)",LNG ENUGU,636405228,"18 октября 2026 г., 23:30 UTC",Газовоз · флаг: Бермудские острова · Underway using Engine · возраст: 21 лет,0.0
2026-09-09,1049871,83100.0,89748.0,230.0,37.0,8.0,13.0,11.0,2015,МАРШАЛЛОВЫ ОСТРОВА,LPG Tanker (Танкер для перевозки сжиженного нефтяного газа / газовоз),Restricted Manoeuvrability (Ограниченная маневренность),LOW,"Ульсан, Южная Корея (KR USN)",HHI-3493 SEA TRIAL (Морские испытания верфи HD Hyundai Heavy Industries),ETHANE CORAL,538123212,20 мая 2026 г. в 12:25 (UTC+9),MARSHALL ISLANDS,0.0
2026-09-09,9267003,83068.0,97561.0,285.4,43.4,9.4,13.5,21.0,2005,Бермудские острова,Газовоз (LNG Tanker),Underway using Engine / В пути,LOW,"Gladstone LNG, Australia (AU GLA)",порт Бонни (Нигерия) для выполнения операций по погрузке СПГ,LNG OYO,636531408,"29 сентября 2026 г., 19:30 UTC",Газовоз · флаг: Бермудские острова · следует в: порт Бонни (Нигерия) для выполнения операций по погрузке СПГ · Underway using Engine · возраст: 21 лет,0.0
2026-09-09,9141962,83050.0,89694.0,99.8,16.4,4.6,8.1,15.0,2011,PALAU,LPG Tanker (Танкер для перевозки сжиженного газа),Underway using Engine (На ходу под мотором),MID,"KHOR FAKKAN ANCH (Якорная стоянка Хор-Факкан, ОАЭ)","OM DQM (Дукм, Оман)",GAS RGA,511101895,6 мая 2026 г. в 12:00 (UTC+4),Палау,0.0
2026-09-09,9397286,83000.0,101260.0,315.06,50.03,12.0,0.6,3.0,2023,MARSHALL ISLANDS,LNG Tanker (Танкер для перевозки сжиженного природного газа),Underway (На ходу),LOW,"RAS LAFFAN ANCH (Якорная стоянка Рас-Лаффан, Катар)",QATAR,AL GHASHAMIYA,538003353,4 мая 2026 г,Маршалловы Острова,0.0
2026-09-09,9267015,82971.0,97561.0,285.4,43.4,9.0,10.2,20.0,2006,Бермудские острова,Газовоз (LNG Tanker),Underway using Engine / В пути,HIGH,"Sabine Pass LNG, USA (US SAB)",порт Санта-Крус-де-Тенерифе (Испания),LNG BENUE,636288012,19 июня 2026 г,Газовоз · флаг: Бермудские острова · следует в: порт Санта-Крус-де-Тенерифе (Испания) · Underway using Engine · возраст: 20 лет,0.0
2026-09-09,9490961,82929.0,100723.0,285.0,43.4,9.4,14.2,15.0,2011,Багамские Острова,"Танкер для перевозки сжиженного природного газа (LNG Tanker, Large)",Underway using Engine / В пути,HIGH,"Hammerfest LNG, Norway (NO HAM)",направлении порта Сойо (Ангола). Ожидаемое время прибытия: 10 июля 2026 г,LNG 0961,309424516,10 июля 2026 г,Танкер для перевозки сжиженного природного газа · флаг: Багамские Острова · следует в: направлении порта Сойо (Ангола). Ожидаемое время прибытия: 10 июля 2026 г · Underway using Engine · возраст: 15 лет,0.0
2026-09-09,9491812,82834.0,100723.0,285.36,43.4,9.6,18.6,14.0,2012,Багамские острова IMO номер: 9491812 Год постройки: 2012,Газовоз для перевозки сжиженного природного газа (LNG Tanker / Membrane Type),"На ходу (Under way). Маршрут: Судно направляется в порт Сойо (Soyo), Ангола. Операционные данные: Текущая скорость — 18.6 узла, осадка — 9.6 м. Расчетное время прибытия (ETA) в Сойо — 22 июня 2026 года в 05:00. История: Последний зафиксированный порт захода — Сойо (Ангола), который судно покинуло 10 мая 2026 года. Эксплуатация и управлениеУправление:ISM Manager: NYK Shipmanagement Pte Ltd (Сингапур), подразделение крупного японского судовладельца NYK Line.Статус: CUBAL является надежным и активным LNG-танкером. Судно не имеет санкционных ограничений и регулярно участвует в международных перевозках СПГ, в частности, поддерживая экспортные операции из Анголы (терминал Angola LNG в Сойо)",LOW,"Ras Laffan, Qatar (QA RLF)",порт Сойо (Soyo),CUBAL,308308399,"30 октября 2026 г., 04:30 UTC","верфь Samsung Heavy Industries, Южная Корея",0.0
2026-09-09,9490959,82729.0,100723.0,285.36,43.4,9.6,14.0,15.0,2011,Багамские Острова,Танкер для перевозки сжиженного природного газа (LNG Carrier).,Underway using Engine / В пути,LOW,"Angola LNG, Angola (AO LNG)","Barcelona Regas, Spain (ES BCN)",MALANJE (ранее MAHANJA),311038600,9 июня 2026 г,Танкер для перевозки сжиженного природного газа · флаг: Багамские Острова · Underway using Engine · возраст: 15 лет,0.0
2026-09-09,9680190,82564.0,101427.0,285.0,43.4,11.7,14.2,9.0,2017,Багамские Острова,"СПГ-танкер (LNG Tanker, Membrane Type)",Underway using Engine / В пути,LOW,"Ras Laffan, Qatar (QA RLF)",порт Йоккаити (Yokkaichi),ASIA VENTURE,309826708,"13 октября 2026 г., 04:30 UTC",СПГ-танкер · флаг: Багамские Острова · следует в: порт Йоккаити (Yokkaichi) · Underway using Engine · возраст: 9 лет,0.0
2026-09-09,9606948,82487.0,101427.0,285.0,43.4,9.3,14.0,12.0,2014,Багамские Острова,"СПГ-танкер (LNG Tanker, Membrane Type)",Underway using Engine / В пути,LOW,"Tangguh LNG, Indonesia (ID TGH)",порт Ашбертон (Ashburton),ASIA VISION,308947230,"1 ноября 2026 г., 19:45 UTC","крупных энергетических проектах. В ряде баз данных фигурирует аффилированность с интересами Chevron, что подтверждает статус актива как «белого» и высоколиквидного",0.0
2026-09-09,9610779,82434.0,101427.0,285.0,43.4,9.4,17.7,11.0,2015,Багамские острова,LNG Tanker (газовоз СПГ),Underway using Engine / В пути,HIGH,"Sabetta, Russia (RU SAB)","Barcelona Regas, Spain (ES BCN)",ASIA ENDEAVOUR,311000185,6 июня 2026 г,LNG Tanker · флаг: Багамские острова · Underway using Engine · возраст: 11 лет,0.0
2026-09-09,9606950,82424.0,101427.0,285.0,43.4,11.2,12.2,12.0,2014,Багамские Острова,"СПГ-танкер (LNG Tanker, Membrane Type)",Underway using Engine / В пути,LOW,"Tangguh LNG, Indonesia (ID TGH)",порт Мидзусима (JP MIZ A),ASIA ENERGY,309075490,"11 сентября 2026 г., 17:00 UTC",СПГ-танкер · флаг: Багамские Острова · следует в: порт Мидзусима (JP MIZ A) · Underway using Engine · возраст: 12 лет,0.0
2026-09-09,9877341,82350.0,100467.0,293.16,46.1,9.8,14.0,6.0,2020,MALTA,LNG Tanker (Танкер для перевозки сжиженного природного газа).,Moored (Пришвартовано),LOW,"KR USN (Ульсан, Южная Корея)","US LCH (Лейк-Чарльз, США)",MINERVA CHIOS,9877341,8 мая 2026 г,Мальта,0.0
2026-09-09,9352860,82291.0,97818.0,285.1,43.4,9.6,18.1,16.0,2010,Бермудские острова,"Танкер для перевозки сжиженного природного газа (LNG Tanker, Large)",Underway using Engine / В пути,HIGH,"Bonny LNG, Nigeria (NG BNL)",режиме «FOR ORDERS» (в ожидании дальнейших коммерческих распоряжений),GASLOG SAVANNAH,636517251,"12 сентября 2026 г., 19:00 UTC",Танкер для перевозки сжиженного природного газа · флаг: Бермудские острова · следует в: режиме «FOR ORDERS» (в ожидании дальнейших коммерческих распоряжений) · Underway using Engine · возраст: 16 лет,0.0
2026-09-09,9791200,82287.0,135951.0,299.0,48.0,11.9,18.0,7.0,2019,Багамские Острова,Танкер для перевозки сжиженного природного газа / LNG Carrier (Large),At Anchor / На якорной стоянке,LOW,"Пенья-Бланка (якорная стоянка Панамского канала), Панама (Pena Blanca Anch., Panama)","Кисарадзу, Япония (Kisarazu, Japan)",SHINSHU MARU,311000845,15 августа 2026 г,долгосрочных и спотовых контрактах по транспортировке СПГ на транстихоокеанских маршрутах,0.0
2026-09-09,9342487,82265.0,104484.0,286.0,43.4,11.2,17.1,17.0,2009,Дания,"Танкер для перевозки сжиженного природного газа (LNG Tanker, Large)",Underway using Engine / В пути,HIGH,"Hammerfest LNG, Norway (NO HAM)","Fos-sur-Mer, France (FR FOS)","SEAPEAK MAGELLAN (ранее: MAGELLAN SPIRIT, MAERSK MAGELLAN)",636123130,"31 августа 2026 г., 13:30 UTC",Танкер для перевозки сжиженного природного газа · флаг: Дания · Underway using Engine · возраст: 17 лет,0.0
2026-09-09,9791212,82254.0,135951.0,299.9,48.9,9.6,14.0,7.0,2019,Багамские Острова,Газовоз (LNG Tanker / СПГ-танкер),На ходу (в пути),HIGH,"Кисарадзу, Япония (отход 13 июня 2026 г.)",порт Лейк-Чарльз,SOHSHU MARU,309891492,1 августа 2026 г,"Газовоз · флаг: Багамские Острова · маршрут: Кисарадзу, Япония (отход 13 июня 2026 г.) → порт Лейк-Чарльз · На ходу (в пути) · возраст: 7 лет",0.0
2026-09-09,9958315,82250.0,100345.0,295.0,46.4,9.0,17.5,17.0,2009,СИНГАПУР,LNG Tanker (Танкер для перевозки сжиженного природного газа),Restricted Manoeuvrability (Ограниченная маневренность),LOW,"Анъён, Южная Корея (KR ANJ / Anjeong, South Korea)",HO2525 SEA TRIAL,NORTH OCEAN,564271268,"24 сентября 2026 г., 04:30 UTC",SINGAPORE,0.0
2026-09-09,9339260,82187.0,104169.0,285.0,43.4,9.6,14.0,18.0,2008,Маршалловы Острова,"СПГ-танкер (LNG Tanker, Membrane Type)",Underway / В плавании,LOW,"Hammerfest LNG, Norway (NO HAM)","Yokohama, Japan (JP YOK)",SEAPEAK ARWA,538996902,"9 сентября 2026 г., 04:30 UTC",СПГ-танкер · флаг: Маршалловы Острова · Underway · возраст: 18 лет,0.0
2026-09-09,9624938,82181.0,102100.0,280.06,43.4,10.5,14.0,12.0,2014,Маршалловы Острова,Газовоз СПГ / LNG Carrier (TFDE / Membrane Type),"вероятный длительный отстой, плавучее хранилище (FSRU/FLNG профиль",LOW,"Darwin LNG, Australia (AU DRW)","Альтамира, Мексика (Altamira, Mexico)",NFE PENGUIN (бывш. Golar Penguin до июля 2023 года),538004979,31 декабря 2026 г,цепочках поставок LNG (включая проекты NFE в Мексике и Карибском бассейне). Прямые санкционные ограничения (OFAC/EU) отсутствуют,0.0
2026-09-09,9600530,82178.0,98451.0,285.12,43.4,9.6,14.0,13.0,2013,Бермудские острова,Газовоз (LNG Carrier — танкер для перевозки СПГ),На ходу (в пути),HIGH,"Уизнелл-Бэй (Withnell Bay), Австралия (отход 31 мая 2026 г.)",акваторию Тихого океана (назначение PACIFIC),GASLOG SANTIAGO,636664222,31 мая 2026 г,"Газовоз · флаг: Бермудские острова · маршрут: Уизнелл-Бэй (Withnell Bay), Австралия (отход 31 мая 2026 г.) → акваторию Тихого океана (назначение PACIFIC) · На ходу (в пути) · возраст: 13 лет",0.0
2026-09-09,9774135,82137.0,135977.0,300.0,48.9,9.6,14.0,8.0,2018,Багамы,Газовоз для перевозки сжиженного природного газа (LNG Tanker / Large),Underway using Engine / В пути,LOW,"Cove Point LNG, USA (US COV)",— Япония,LNG SAKURA,308755002,"23 октября 2026 г., 16:00 UTC",Газовоз для перевозки сжиженного природного газа · флаг: Багамы · следует в: — Япония · Underway using Engine · возраст: 8 лет,0.0
2026-09-09,9336749,82095.0,104169.0,285.0,43.4,11.4,5.6,18.0,2008,Маршалловы Острова,Газовоз для перевозки СПГ / LNG Carrier (HAZ-A),Underway using Engine / В пути,EXTREME,"Sabine Pass LNG, USA (US SAB)","Gate Terminal Rotterdam, Netherlands (NL RTM)",SEAPEAK MARIB (историческое название: Marib Spirit),538001576,14 августа 2026 г,"долгосрочных цепочках поставок с участием проекта Yemen LNG (YLNG), работая под корпоративным управлением совместных предприятий",0.0
2026-09-09,9122253,82050.0,88614.0,96.0,15.0,4.5,13.3,14.0,2012,ЯПОНИЯ,LPG/Chemical Tanker (Танкер для перевозки сжиженного нефтяного газа и химикатов),Under way using engine,LOW,"Такамацу, Япония (JP TSG)",===URAYASU OFF,STAR PHENIX,431100206,"27 октября 2026 г., 04:00 UTC",JAPAN,0.401
2026-09-09,9624914,82048.0,102100.0,280.57,43.4,7.0,14.0,13.0,2013,Сингапур,Газовоз СПГ / LNG Tanker,стационарное / швартовочное положение,EXTREME,"Bintulu LNG, Malaysia (MY BTU)","Gate Terminal Rotterdam, Netherlands (NL RTM)",HOEGH GANDRIA,563216800,"30 августа 2026 г., 06:30 UTC","глобальных и региональных цепочках поставок СПГ (история рейсов включает ключевые экспортные хабы Катара, такие как Рас-Лаффан, и маршруты в Азиатско-Тихоокеанский регион). Работа под юрисдикцией Сингапура гарантирует соблюдение высоких стандартов морского комплаенса и безопасности. Прямых признаков нарушения санкционных режимов или участия в нелегальных схемах нет",0.0
2026-09-09,9322803,82030.0,97874.0,285.1,43.3,9.1,12.0,19.0,2007,Бермудские Острова,Танкер для перевозки сжиженного природного газа / СПГ-газовоз (LNG Tanker),Under way using engine,LOW,"Bintulu LNG, Malaysia (MY BTU)",NG BON,LNG BORNO,310543000,14 августа 2026 г,"Танкер для перевозки сжиженного природного газа / СПГ-газовоз · флаг: Бермудские Острова · следует в: Бонни, Нигерия / Bonny, Nigeria · Underway using Engine · возраст: 19 лет",0.419
2026-09-09,9638915,82023.0,98075.0,285.12,43.4,11.3,0.0,11.0,2015,Бермудские Острова,Газовоз / Танкер для перевозки СПГ (LNG Tanker - HAZ-B),At anchor,EXTREME,"Sabine Pass LNG, USA (US SAB)","Zeebrugge LNG, Belgium (BE ZEE)",GASLOG SALEM,310699000,6 августа 2026 г,Газовоз / Танкер для перевозки СПГ · флаг: Бермудские Острова · At Anchor · возраст: 11 лет,0.85
2026-09-09,9995727,82000.0,119000.0,299.0,46.0,9.6,14.0,0.0,2026,Маршалловы Острова,Газовоз (LNG Tanker / New Panamax),Underway using Engine / В пути,LOW,"Angola LNG, Angola (AO LNG)","Gate Terminal Rotterdam, Netherlands (NL RTM)",ALCAIOS I,538061037,"10 сентября 2026 г., 08:30 UTC",Газовоз · флаг: Маршалловы Острова · Underway using Engine,0.0
2026-09-09,9995739,82000.0,119000.0,82000.0,8203.0,9.6,14.0,0.0,2026,Мальта,Газовоз (LNG Tanker),Underway using Engine / В пути,LOW,"Cove Point LNG, USA (US COV)","Yokohama, Japan (JP YOK)",ANTAIOS I,248111370,"28 августа 2026 г., 07:00 UTC",Газовоз · флаг: Мальта · Underway using Engine,0.0
2026-09-09,9341689,81950.0,121675.0,289.5,49.0,9.6,14.0,17.0,2009,Багамские Острова,Газовоз (LNG Tanker),Underway / В плавании,LOW,"Angola LNG, Angola (AO LNG)","Revithoussa, Greece (GR REV)",LNG JUPITER,309402047,"3 ноября 2026 г., 18:30 UTC",Газовоз · флаг: Багамские Острова · Underway · возраст: 17 лет,0.0
2026-09-09,9640023,81893.0,102097.0,280.57,43.4,11.6,14.8,11.0,2015,Мальта,"Газовоз (LNG Tanker, HAZ-C)",Underway using Engine / В пути,LOW,"Sabine Pass LNG, USA (US SAB)","Shanghai LNG, China (CN SHA)",COOL EXPLORER,215138624,30 июня 2026 г,Газовоз · флаг: Мальта · Underway using Engine · возраст: 11 лет,0.0
2026-09-09,9636797,81891.0,102097.0,280.5,43.4,9.0,14.0,12.0,2014,Мальта,СПГ-танкер (LNG Tanker),Underway using Engine / В пути,LOW,"Sabetta, Russia (RU SAB)",порт Дарвин (Darwin),COOL RUNNER,248414663,"12 сентября 2026 г., 17:15 UTC",СПГ-танкер · флаг: Мальта · следует в: порт Дарвин (Darwin) · Underway using Engine · возраст: 12 лет,0.0
2026-09-09,9636785,81890.0,102097.0,280.57,43.4,9.6,16.6,13.0,2013,Мальта,LNG Tanker,Underway using Engine / В пути,LOW,"Darwin LNG, Australia (AU DRW)",зону ожидания или к месту следующей потенциальной загрузки/выгрузки,COOL VOYAGER,229553000,"18 октября 2026 г., 02:15 UTC",LNG Tanker · флаг: Мальта · следует в: зону ожидания или к месту следующей потенциальной загрузки/выгрузки · Underway using Engine · возраст: 13 лет,0.0
2026-09-09,9638903,81855.0,98075.0,285.12,43.4,9.3,14.0,12.0,2014,Бермудские острова,"Газовоз (LNG Tanker, класс HAZ-A)",kn,LOW,"Cove Point LNG, USA (US COV)","Ningbo, China (CN NGB)",GASLOG SARATOGA,636514457,"20 октября 2026 г., 21:45 UTC",Газовоз · флаг: Бермудские острова · kn · возраст: 12 лет,0.0
2026-09-09,9634098,81853.0,98075.0,285.12,43.4,11.1,16.6,12.0,2014,Бермудские Острова,Судно для перевозки сжиженного природного газа / LNG Tanker (категория HAZ-B),Underway using Engine / В пути,LOW,"Гладстон, Австралия (Gladstone, Australia)","Мап-Та-Пхут, Таиланд (Map Ta Phut, Thailand / Mab Tapud)",SOLARIS,310679000,12 августа 2026 г,"Судно для перевозки сжиженного природного газа / LNG Tanker · флаг: Бермудские Острова · маршрут: Гладстон, Австралия (Gladstone, Australia) → Мап-Та-Пхут, Таиланд (Map Ta Phut, Thailand / Mab Tapud) · Underway using Engine · возраст: 12 лет",0.0
2026-09-09,9785500,81747.0,107049.0,305.84,43.4,10.5,4.0,8.0,2018,Маршалловы Острова,Плавучая установка для хранения и регазификации СПГ / Судно для шельфовой переработки газа (FSRU / Offshore Processing Ship / LNG Carrier),"судно задействовано в региональных/оффшорных операциях, позиционирование фиксируется по спутниковым данным",LOW,"Cove Point LNG, USA (US COV)","Не указан / Заказы (Destination not available / For orders) Технические характеристикиДедвейт (DWT): 81 747 тоннВаловая вместимость (GT): 107 049 Размеры: Длина (LOA) — 305.84 м, ширина (Beam) — 43.40 м Текущая осадка: 10.5 м Навигационные параметры: Курс — 299.1°, скорость — 4.0 узла (судно задействовано в региональных/оффшорных операциях, позиционирование фиксируется по спутниковым данным). Операционный профиль и комплаенсОператор / Менеджмент: Коммерческим управлением судна занимается Golar LNG / Wilhelmsen Ship Management. Судно специализируется на работе с сжиженным природным газом в качестве плавучего терминала (FSRU). Санкционный статус: НИЗКИЙ РИСК / ЧИСТЫЙ ПРОФИЛЬ (LOW / CLEARED). Факторы риска: Высокотехнологичное специализированное судно под флагом Маршалловых Островов, класс поддерживается ведущим международным классификационным обществом DNV (член IACS). Юридический, экологический и коммерческий профиль полностью прозрачен, признаков санкционных ограничений, правовых нарушений или навигационных аномалий не зафиксировано",ENERGOS NANOOK (бывш. GOLAR NANOOK),538007148,"3 сентября 2026 г., 17:00 UTC","региональных/оффшорных операциях, позиционирование фиксируется по спутниковым данным). Операционный профиль и комплаенсОператор / Менеджмент: Коммерческим управлением судна занимается Golar LNG / Wilhelmsen Ship Management. Судно специализируется на работе с сжиженным природным газом в качестве плавучего терминала (FSRU)",0.0
2026-09-09,9637325,81534.0,102200.0,280.57,43.4,9.6,14.0,11.0,2015,Маршалловы Острова,Танкер для перевозки сжиженного природного газа (LNG Carrier).,Underway using Engine / В пути,HIGH,"Bintulu LNG, Malaysia (MY BTU)","Ningbo, China (CN NGB)",KOOL ICE (ранее GOLAR ICE),538004976,"25 сентября 2026 г., 01:45 UTC",прозрачной коммерческой логистике энергетических компаний высшего эшелона,0.0
2026-09-09,1051642,81250.0,87750.0,230.0,32.0,7.9,0.1,0.0,2026,Либерия,LPG Tanker (Танкер для перевозки сжиженного газа),At anchor (На якоре),LOW,"Marcus Hook, USA (US MHK)","Rotterdam, Netherlands (NL RTM)",ENERGIA SOLEIL,636025680,"11 октября 2026 г., 14:45 UTC",регулярных рейсах между портами Азии и США. Риск взаимодействия оценивается как низкий,0.0
2026-09-09,9878876,81100.0,98942.0,295.0,45.03,9.5,13.6,23.0,2003,Либерия,Танкер для перевозки сжиженного природного газа (LNG Tanker),На ходу с использованием двигателя (Underway using Engine),LOW,Сингапур (Singapore Anch. 1),«FOR ORDERS» (Ожидание дальнейших распоряжений),MU LAN,636754163,"30 августа 2026 г., 23:15 UTC",Танкер для перевозки сжиженного природного газа · флаг: Либерия · маршрут: Сингапур (Singapore Anch. 1) → «FOR ORDERS» (Ожидание дальнейших распоряжений) · На ходу с использованием двигателя (Underway using Engine),0.0
2026-09-09,9300817,81034.0,96671.0,285.1,43.4,9.6,14.0,21.0,2005,Россия IMO номер: 9300817 Год постройки: 2005,Газовоз для перевозки сжиженного природного газа (LNG Tanker),"На ходу (Under way). Местоположение: Судно совершает переход через Индийский океан. Назначение указано как «FOR ORDERS» (ожидание распоряжений), расчетное время прибытия — 23 июня 2026 года в 11:00. История смен имен: Ранее судно было известно под названиями SALALAH LNG, CAGRI LNG и OCEAN LNG.Операционная активность: Судно имеет сложную историю эксплуатации, включая длительные периоды стоянки на якоре. В последнее время его маршруты включают заходы в порты, связанные с российскими северными проектами (например, Ура-Губа), что может свидетельствовать о его использовании в логистике российского СПГ. Эксплуатация и управлениеУправление: Согласно актуальным данным, оператором судна является компания Fidelity Denizcilik ve Ticaret, а зарегистрированным владельцем — Mighty Ocean Shipping Ltd. Риски: Судно имеет флаг Российской Федерации. В текущих геополитических условиях суда, связанные с российским энергетическим экспортом, требуют тщательной проверки на предмет соблюдения санкционных режимов (включая ограничения на доступ к портам или страховому покрытию)",LOW,"Angola LNG, Angola (AO LNG)","Barcelona Regas, Spain (ES BCN)",KOSMOS,273476720,23 июня 2026 г,"Газовоз для перевозки сжиженного природного газа · флаг: Россия IMO номер: 9300817 Год постройки: 2005 · На ходу (Under way). Местоположение: Судно совершает переход через Индийский океан. Назначение указано как «FOR ORDERS» (ожидание распоряжений), расчетное время прибытия — 23 июня 2026 года в 11:00. История смен имен: Ранее судно было известно под названиями SALALAH LNG, CAGRI LNG и OCEAN LNG.Операционная активность: Судно имеет сложную историю эксплуатации, включая длительные периоды стоянки на якоре. В последнее время его маршруты включают заходы в порты, связанные с российскими северными проектами (например, Ура-Губа), что может свидетельствовать о его использовании в логистике российского СПГ. Эксплуатация и управлениеУправление: Согласно актуальным данным, оператором судна является компания Fidelity Denizcilik ve Ticaret, а зарегистрированным владельцем — Mighty Ocean Shipping Ltd. Риски: Судно имеет флаг Российской Федерации. В текущих геополитических условиях суда, связанные с российским энергетическим экспортом, требуют тщательной проверки на предмет соблюдения санкционных режимов (включая ограничения на доступ к портам или страховому покрытию) · возраст: 21 лет",0.0
2026-09-09,9904699,81000.0,108406.0,293.5,46.0,9.6,14.0,0.0,2026,Российская Федерация,"Танкер для перевозки сжиженного природного газа (LNG Tanker, ледовый класс)",Underway using Engine / В пути,HIGH,"Angola LNG, Angola (AO LNG)","Shanghai LNG, China (CN SHA)",ZVEZDA 044,273074194,"24 октября 2026 г., 00:00 UTC",Танкер для перевозки сжиженного природного газа · флаг: Российская Федерация · Underway using Engine,0.0
2026-09-09,9904687,81000.0,108406.0,293.5,46.0,9.6,14.0,0.0,2026,Российская Федерация,"Танкер для перевозки сжиженного природного газа (LNG Tanker, ледовый класс)",Underway using Engine / В пути,HIGH,"Darwin LNG, Australia (AU DRW)","Ningbo, China (CN NGB)",SERGEI WITTEIMO номер: 9904687,273203454,"2 сентября 2026 г., 20:30 UTC",Танкер для перевозки сжиженного природного газа · флаг: Российская Федерация · Underway using Engine,0.0
2026-09-09,9275347,80920.0,118363.0,289.5,49.0,10.0,0.0,22.0,2004,Багамские Острова,"Танкер для перевозки сжиженного природного газа (LNG Tanker, Large)",Moored,HIGH,"Bonny LNG, Nigeria (NG BNL)",DZAZW,LALLA FATMA N'SOUMERIMO номер: 9275347,311775000,"10 сентября 2026 г., 14:15 UTC","перевозках сжиженного природного газа из экспортных терминалов Алжира (преимущественно Арзев) в международные порты (часто Турция). В данный момент судно демонстрирует низкую скорость, что типично для маневрирования при выходе из зоны якорной стоянки или ожидания дальнейших коммерческих распоряжений. 3. Комплаенс-профильОператор/Менеджер: Hyproc Shipping Co Spa (Алжир). Собственник: Sonatrach (государственная энергетическая компания Алжира).Статус: НИЗКИЙ РИСК / НАДЕЖНЫЙ АКТИВ.Корпоративная связь: Управляется государственной компанией Hyproc Shipping, являющейся подразделением Sonatrach. Это прозрачный государственный бизнес",0.412
2026-09-09,9595539,80900.0,87372.0,96.0,15.0,5.4,13.3,35.0,1991,ЯПОНИЯ,LPG/Chemical Tanker (Танкер для перевозки сжиженного газа и химикатов),Under way using engine,LOW,"Амагасаки, Япония (JP ANE)",>JP HHR OFF,PHENIX LEGEND,431661000,"25 сентября 2026 г., 20:15 UTC",JAPAN,0.655
2026-09-09,9277620,80889.0,118876.0,289.5,49.0,10.0,4.7,20.0,2006,Багамские Острова,Газовоз (LNG Tanker),На ходу (Under way),LOW,"Sabine Pass LNG, USA (US SAB)","Yokohama, Japan (JP YOK)",LNG DREAM,308308229,"19 октября 2026 г., 21:00 UTC",Газовоз · флаг: Багамские Острова · На ходу (Under way) · возраст: 20 лет,0.0
2026-09-09,9217967,80850.0,87318.0,69.95,12.5,4.7,11.8,21.0,2005,ЯПОНИЯ,LPG Tanker (Танкер для перевозки сжиженного нефтяного газа),Underway using Engine (На ходу),LOW,"Мидзусима, Япония (JP MIZ)","Йоккаити, Япония (JP YKK)",RYOKA MARU NO.103,432724372,21 мая 2026 г,JAPAN,0.0
2026-09-09,9469235,80750.0,98515.0,86.29,15.1,4.7,14.0,2.0,2024,ЯПОНИЯ,LNG Tanker (Танкер для перевозки сжиженного природного газа),At Anchor (На якоре),LOW,"Хакодате, Япония (JP HKD)","Хакодате, ЯПОНИЯ (HAKODATE ANCH / JP HKP SECTION 6)",KAKUREI MARU,431972761,19 мая 2026 г,JAPAN,0.0
2026-09-09,9443683,80300.0,97966.0,345.0,53.83,9.4,14.0,10.0,2016,MARSHALL ISLANDS,LNG Tanker (Танкер для перевозки СПГ),At Anchor (На якоре),LOW,"CN CFD (Цаофэйдянь, Китай)","MUMBAI ANCH (Мумбаи, Индия)",AL DAFNA,9443683,"27 октября 2026 г., 15:15 UTC",Маршалловы Острова,0.0
2026-09-09,9876737,80150.0,97783.0,293.5,46.0,9.4,10.6,11.0,2015,BERMUDA,LNG Tanker (Танкер для перевозки сжиженного природного газа),Underway using Engine (На ходу),LOW,"TW YAN (Юн-Ань, Тайвань)",FOR ORDERS (Ожидание распоряжений),GASLOG WINCHESTER,9876737,"4 октября 2026 г., 07:30 UTC",Бермуды,0.0
2026-09-09,9372779,80100.0,86508.0,67.8,11.5,3.9,12.3,28.0,1998,ЯПОНИЯ,LPG Tanker (Танкер для перевозки сжиженного нефтяного газа),Underway using Engine (На ходу),LOW,"Анегасаки, Япония (JP ANE)","Сакай, ЯПОНИЯ (JP SAK)",KOSHIN MARU NO.21,433354715,22 мая 2026 г,JAPAN,0.0
2026-09-09,9351971,80023.0,122361.0,288.0,49.0,11.1,13.8,17.0,2009,Багамские Острова,"СПГ-танкер (LNG Tanker, Membrane Type)",Underway using Engine / В пути,LOW,"Sabine Pass LNG, USA (US SAB)",порт Оита (Oita),PACIFIC ENLIGHTEN,308099308,"28 октября 2026 г., 16:45 UTC",СПГ-танкер · флаг: Багамские Острова · следует в: порт Оита (Oita) · Underway using Engine · возраст: 17 лет,0.0
2026-09-09,9977323,80000.0,112000.0,290.0,46.0,9.2,12.2,0.0,2026,Либерия,Газовоз (LNG Tanker),Under way using engine,LOW,"Tangguh LNG, Indonesia (ID TGH)",ESALG>USNSS,UMM HEESH,636024889,1 августа 2026 г,Газовоз · флаг: Либерия · следует в: Мексиканский залив для загрузки на терминалах СПГ в США. Длительный переход подтверждает использование судна на дальнемагистральных маршрутах · Underway using Engine,0.656
2026-09-09,9977335,80000.0,112000.0,290.0,46.0,9.2,14.0,0.0,2026,Либерия,Газовоз (LNG Tanker),Underway / В плавании,LOW,"Sabetta, Russia (RU SAB)","Shanghai LNG, China (CN SHA)",UMM AL SHUBRUM,636539266,24 июня 2026 г,Газовоз · флаг: Либерия · Underway,0.0
2026-09-09,1023401,80000.0,117000.0,290.0,46.0,9.0,0.1,0.0,2026,Сингапур,"Танкер для перевозки сжиженного природного газа (LNG Tanker, Large)",At Anchor / На якорной стоянке,LOW,"Hammerfest LNG, Norway (NO HAM)","Zeebrugge LNG, Belgium (BE ZEE)",DIAMOND GAS JADE,565577190,"7 сентября 2026 г., 07:30 UTC",Танкер для перевозки сжиженного природного газа · флаг: Сингапур · At Anchor,0.0
2026-09-09,9216298,79885.0,114354.0,288.73,48.09,9.6,14.0,24.0,2002,Российская Федерация IMO номер: 9216298 Год постройки: 2002,Газовоз для перевозки сжиженного природного газа (LNG Tanker),"На ходу (Under way). Маршрут: Назначение указано как «FOR ORDERS» (ожидание распоряжений). По состоянию на июнь 2026 года судно активно используется в логистике российского СПГ. История: Судно является частью так называемого «теневого флота» (shadow fleet), созданного для обхода международных санкций, наложенных на энергетический сектор РФ, в частности на проект «Арктик СПГ-2». Судно неоднократно меняло названия и флаги (Палау, Либерия и др.) для сокрытия операционной деятельности. Эксплуатация и управлениеУправление:ISM и коммерческий менеджмент: SMP Techmanagement LLC (Российская Федерация). Зарегистрированный владелец: Lule One Services Inc. Санкционный статус: Судно находится под санкциями США, Великобритании, Канады, Евросоюза, Швейцарии и Украины. Ограничения введены в связи с участием судна в транспортировке энергоносителей, способствующих развитию энергетической инфраструктуры РФ, находящейся под санкциями, а также за использование «теневых» методов навигации (отключение AIS, передача грузов STS)",HIGH,"Corpus Christi LNG, USA (US CRP)","Revithoussa, Greece (GR REV)","ARCTIC VOSTOK (ранее: ASYA ENERGY, EAST ENERGY, TRADER IV)",273975809,"24 октября 2026 г., 21:30 UTC","верфь Hyundai Heavy Industries, Южная Корея",0.0
2026-09-09,9262209,79633.0,115993.0,288.74,48.0,10.4,0.0,22.0,2004,Бермудские острова,Газовоз для перевозки сжиженного природного газа (LNG Tanker),Moored,LOW,"Bonny LNG, Nigeria (NG BNL)",TENERIFE,LNG AKWA IBOM,310453000,28 июня 2026 г,Bermuda,0.419
2026-09-09,9350927,79605.0,101126.0,289.93,44.7,9.6,14.0,17.0,2009,Панама,Газовоз (LNG Tanker),Out of Service / Выведено из эксплуатации,HIGH,"Tangguh LNG, Indonesia (ID TGH)",порт Сипитанг (Малайзия,TRINITY GLORY,372469851,10 августа 2026 г,удобный флаг,0.0
2026-09-09,9375721,79592.0,101129.0,289.93,44.7,9.7,10.9,16.0,2010,Панама,Газовоз / СПГ-танкер (LNG Tanker),Underway using Engine / В пути,LOW,Сингапур (Singapore Anch. 1),НА РЕЙСЕ / В ОЖИДАНИИ РАСПОРЯЖЕНИЙ (FOR ORDER),POINT FORTIN (экс-GDF Suez Point Fortin),370833000,24 августа 2026 г,глобальных цепях поставок СПГ и имеет прозрачную историю эксплуатации. Прямые санкционные ограничения или юридические риски со стороны регуляторов (OFAC/ЕС) полностью отсутствуют,0.0
2026-09-09,9331048,79576.0,97491.0,285.4,43.45,9.6,8.3,19.0,2007,Панама,LNG Tanker (газовоз),Underway using Engine / В пути,LOW,"Cove Point LNG, USA (US COV)","Gate Terminal Rotterdam, Netherlands (NL RTM)",MARAN GAS CORONIS,352006723,4 июня 2026 г,LNG Tanker · флаг: Панама · Underway using Engine · возраст: 19 лет,0.0
2026-09-09,9319404,79556.0,101094.0,289.93,44.7,9.7,11.3,18.0,2008,Российская Федерация (Russia) — национальный государственный реестр. Технические характеристики,Газовоз / Танкер для перевозки СПГ (LNG Tanker / Gas Carrier),At Anchor / На якорной стоянке,MID,"Corpus Christi LNG, USA (US CRP)","Grain LNG, UK (GB GRA)",AVACHA (Авача),273121500,"24 октября 2026 г., 04:30 UTC",Газовоз / Танкер для перевозки СПГ · флаг: Российская Федерация (Russia) — национальный государственный реестр. Технические характеристики · At Anchor · возраст: 18 лет,0.0
2026-09-09,9262235,79541.0,115993.0,288.0,48.0,6.5,14.0,20.0,2006,Бермудские Острова,Газовоз для перевозки сжиженного природного газа (LNG Tanker),статичное положение / завершение локальных операций,EXTREME,"Angola LNG, Angola (AO LNG)","Shanghai LNG, China (CN SHA)",LNG RIVER NIGER,310479000,"5 октября 2026 г., 23:15 UTC",Великобритания,0.0
2026-09-09,9675200,79450.0,96929.0,88.0,15.3,4.6,0.2,13.0,2013,ЯПОНИЯ,LNG Tanker (Танкер для перевозки сжиженного природного газа),At Anchor (На якоре),LOW,"Ниси, Япония (NISHI)","Хакодате, ЯПОНИЯ (HAKODATE ANCH / JP HKP OFF)",KAKUYU MARU,432913598,20 мая 2026 г,JAPAN,0.0
2026-09-09,9230048,79363.0,94822.0,279.8,43.4,9.4,14.0,24.0,2002,Индонезия,Танкер для перевозки сжиженного природного газа (LNG Tanker),"На якоре (At anchor, скорость 0.0 узлов). Пункт назначения: Pasir Gudang, Johor, Malaysia. Стоянка на якорной позиции Пенгеранг (Pengerang Anch., Malaysia) зафиксирована с 21 июля 2026 года (ATA: 09:54 UTC)",EXTREME,"Ras Laffan, Qatar (QA RLF)","Pasir Gudang, Johor, Malaysia. Стоянка на якорной позиции Пенгеранг (Pengerang Anch., Malaysia) зафиксирована с 21 июля 2026 года (ATA: 09:54 UTC)",GAS POLARIS (историческое наименование: Hyundai Utopia),525121118,"28 августа 2026 г., 23:00 UTC",ранее — Южная Корея,0.0
2026-09-09,9849277,79300.0,85644.0,230.0,36.64,8.2,15.8,33.0,1993,ЛИБЕРИЯ,LPG Tanker (Танкер для перевозки сжиженного нефтяного газа),Underway using Engine (На ходу),LOW,"Дунгуань, КИТАЙ (CN DGG)","Бальбоа, ПАНАМА (PA BLB)",VEGA SAGE,636246166,10 июня 2026 г,LIBERIA,0.0
2026-09-09,9321744,79084.0,95753.0,283.06,43.4,9.6,13.6,19.0,2007,Бермудские острова,LNG Tanker,At Anchor / На якорной стоянке,LOW,"Angola LNG, Angola (AO LNG)","Yokohama, Japan (JP YOK)",SHANDONG REDWOOD (историческое название: METHANE HEATHER SALLY),310528000,6 июня 2026 г,LNG Tanker · флаг: Бермудские острова · At Anchor · возраст: 19 лет,0.0
2026-09-09,9321768,79058.0,95753.0,283.06,43.4,9.0,4.9,19.0,2007,Бермудские Острова,Танкер для перевозки сжиженного природного газа / СПГ-газовоз / FSRU-профиль (LNG Tanker),Underway using Engine / В пути,EXTREME,"Bonny LNG, Nigeria (NG BNL)","Incheon, South Korea (KR INC)",EXCELERATE SHENANDOAH,310540000,24 сентября 2026 г,Танкер для перевозки сжиженного природного газа / СПГ-газовоз / FSRU-профиль · флаг: Бермудские Острова · Underway using Engine · возраст: 19 лет,0.0
2026-09-09,9202039,79050.0,85374.0,107.86,16.8,4.8,0.1,2.0,2024,Антигуа и Барбуда,LPG/Chemical Tanker (Танкер для перевозки сжиженного газа и химикатов),At Anchor (На якоре),LOW,"Yeosu, South Korea (KR YOS)","Ningbo, China (CN NGB)",PIONEER 2039,304050864,"10 сентября 2026 г., 08:00 UTC",ANTIGUA AND BARBUDA,0.0
2026-09-09,9307188,79046.0,95753.0,283.06,43.4,9.1,11.6,20.0,2006,Гонконг,Газовоз / Танкер для перевозки сжиженного природного газа (LNG Tanker / Moss Rosenberg type),Underway using Engine / В пути,LOW,китайского терминала Тяньцзинь,"Пригородное, Россия / Prigorodnoye, Russia",GRAND REACH (экс-Methane Rita Andrea),477248600,18 августа 2026 г,"Газовоз / Танкер для перевозки сжиженного природного газа · флаг: Гонконг · маршрут: китайского терминала Тяньцзинь → Пригородное, Россия / Prigorodnoye, Russia · Underway using Engine · возраст: 20 лет",0.0
2026-09-09,9936537,78700.0,84996.0,180.0,28.74,10.1,11.6,33.0,1993,SINGAPORE,LPG Tanker (Танкер для перевозки сжиженного нефтяного газа),Under way using engine,LOW,"CO CTG (Картахена, Колумбия)",ES CAR,CHRYSOPIGI LADY,563198600,"17 сентября 2026 г., 13:00 UTC",Сингапур,0.398
2026-09-09,9307176,78594.0,95885.0,283.06,43.4,9.2,1.9,21.0,2005,Багамские острова,Танкер для перевозки сжиженного природного газа (LNG Tanker),На ходу (Under way),HIGH,"Cove Point LNG, USA (US COV)",район якорной стоянки порта Мундра (Mundra OPL),AL DEEBEL,309520251,"24 октября 2026 г., 10:15 UTC",Танкер для перевозки сжиженного природного газа · флаг: Багамские острова · следует в: район якорной стоянки порта Мундра (Mundra OPL) · На ходу (Under way) · возраст: 21 лет,0.0
2026-09-09,9298399,78542.0,95821.0,283.0,43.4,9.6,14.0,21.0,2005,Багамские острова IMO номер: 9298399 Год постройки: 2005,Танкер для перевозки сжиженного природного газа (LNG Tanker),"По состоянию на июнь 2026 года судно является активным коммерческим судном. Последние данные AIS указывают на движение в сторону порта Рас-Лаффан (Ras Laffan), Катар. Эксплуатация и управлениеВладелец: Peninsula LNG Transport No. 2 Ltd. Коммерческий и технический менеджер: K Line LNG Shipping (UK) Ltd. (Великобритания). Комплаенс-статусСудно AL THAKHIRA (IMO 9298399) не находится под санкциями.Это высокопрозрачный коммерческий актив, эксплуатируемый крупным международным оператором в рамках легальных энергетических контрактов. Судно не имеет отношения к «теневому флоту» или деятельности по обходу международных ограничений",HIGH,"Darwin LNG, Australia (AU DRW)","Ningbo, China (CN NGB)",AL THAKHIRAТип судна: Танкер для перевозки сжиженного природного газа (LNG Tanker),309657954,"24 октября 2026 г., 16:00 UTC","верфь Samsung Heavy Industries, Южная Корея",0.0
2026-09-09,9285952,78489.0,95824.0,283.0,43.4,9.4,15.8,21.0,2005,Багамские Острова,Танкер для перевозки сжиженного природного газа / СПГ-газовоз (LNG Tanker),высокая крейсерская скорость,EXTREME,"Gladstone LNG, Australia (AU GLA)","Incheon, South Korea (KR INC)",LUSAIL (ранее — Al Wosail),311628000,27 сентября 2026 г,Танкер для перевозки сжиженного природного газа / СПГ-газовоз · флаг: Багамские Острова · высокая крейсерская скорость · возраст: 21 лет,0.0
2026-09-09,9878711,78200.0,95404.0,299.16,45.83,9.8,0.0,25.0,2001,MARSHALL ISLANDS,LNG Tanker (Танкер для перевозки сжиженного природного газа),Moored,LOW,"US YIG (Инглсайд, Техас, США)",OPEN SEA FOR ORDER,CELSIUS CHARLOTTE,538009152,"7 сентября 2026 г., 13:00 UTC",Маршалловы Острова,0.419
2026-09-09,9315719,77969.0,100256.0,288.18,44.2,9.1,12.7,19.0,2007,Индонезия IMO номер: 9315719 Год постройки: 2007,Танкер для перевозки сжиженного природного газа (LNG Tanker),"На якоре (At anchor) Местоположение: Якорная стоянка в районе Белаван, Суматра, Индонезия. Операционные данные: Текущая осадка составляет 9.1 м. Последние данные о местоположении судна поступали с длительными интервалами, судно находится на якорной стоянке продолжительное время (с апреля 2026 года). История: Последний зафиксированный заход в порт — Белаван (Индонезия), ATA 17 апреля 2026 года. ЭксплуатацияГеография работы: Основные регионы эксплуатации включают Индонезию и Японию.Интенсивность: За период наблюдений зафиксировано 13 портовых заходов со средней скоростью хода 12.7 узлов (максимальная — 18.8 узлов)",LOW,"Hammerfest LNG, Norway (NO HAM)",порт — Белаван (Индонезия),LNG NOBLEТип судна: Танкер для перевозки сжиженного природного газа (LNG Tanker),525817543,"30 сентября 2026 г., 17:00 UTC","Танкер для перевозки сжиженного природного газа · флаг: Индонезия IMO номер: 9315719 Год постройки: 2007 · следует в: порт — Белаван (Индонезия) · На якоре (At anchor) Местоположение: Якорная стоянка в районе Белаван, Суматра, Индонезия. Операционные данные: Текущая осадка составляет 9.1 м. Последние данные о местоположении судна поступали с длительными интервалами, судно находится на якорной стоянке продолжительное время (с апреля 2026 года). История: Последний зафиксированный заход в порт — Белаван (Индонезия), ATA 17 апреля 2026 года. ЭксплуатацияГеография работы: Основные регионы эксплуатации включают Индонезию и Японию.Интенсивность: За период наблюдений зафиксировано 13 портовых заходов со средней скоростью хода 12.7 узлов (максимальная — 18.8 узлов) · возраст: 19 лет",0.0
2026-09-09,9230050,77822.0,93786.0,277.0,43.4,9.6,14.0,24.0,2002,Бельгия,Газовоз (LNG Carrier) / FLNG (по ряду классификаций),Underway / В плавании,LOW,"Angola LNG, Angola (AO LNG)","Yokohama, Japan (JP YOK)",EXCALIBUR,636687365,"27 сентября 2026 г., 23:30 UTC",Газовоз · флаг: Бельгия · Underway · возраст: 24 лет,0.0
2026-09-09,9246621,77777.0,94499.0,277.0,43.4,9.6,14.0,23.0,2003,Россия,"Танкер для перевозки сжиженного природного газа (LNG Tanker, Large)",Underway using Engine / В пути,LOW,"Bintulu LNG, Malaysia (MY BTU)","Revithoussa, Greece (GR REV)",PORTOVYY,273744411,"25 октября 2026 г., 09:30 UTC","с 2021—2022 гг., ранее — Мальта",0.0
2026-09-09,9256602,77712.0,93786.0,279.8,43.4,9.6,6.5,21.0,2005,Россия,Танкер для перевозки сжиженного природного газа (LNG),На ходу (в пути),HIGH,"Bintulu LNG, Malaysia (MY BTU)","Tianjin, China (CN TJN)",ARCTIC PIONEER,273340210,"5 сентября 2026 г., 07:45 UTC",Танкер для перевозки сжиженного природного газа · флаг: Россия · На ходу (в пути) · возраст: 21 лет,0.0
2026-09-09,9253715,77707.0,93899.0,277.0,43.4,9.6,14.0,23.0,2003,Маршалловы Острова,"Танкер для перевозки сжиженного природного газа (LNG Tanker, Large)",Underway using Engine / В пути,LOW,"Gladstone LNG, Australia (AU GLA)","Yokohama, Japan (JP YOK)",ENERGOS PRINCESS,538319219,"3 сентября 2026 г., 09:45 UTC",Танкер для перевозки сжиженного природного газа · флаг: Маршалловы Острова · Underway using Engine · возраст: 23 лет,0.0
2026-09-09,9243148,77551.0,93844.0,277.0,43.4,9.6,14.0,23.0,2003,Россия,СПГ-танкер (LNG Tanker),Out of Service / Выведено из эксплуатации,HIGH,"Gladstone LNG, Australia (AU GLA)","Yokohama, Japan (JP YOK)",GAS 3148,273163325,"30 августа 2026 г., 09:30 UTC",СПГ-танкер · флаг: Россия · Out of Service · возраст: 23 лет,0.0
2026-09-09,9183269,77512.0,113998.0,288.71,48.2,9.7,0.1,26.0,2000,Маршалловы Острова,Судно для перевозки сжиженного природного газа / LNG Tanker (категория HAZ-D),At Anchor / На якорной стоянке,LOW,"Окпо (якорная стоянка), Южная Корея (Okpo Anch., Korea)","Gate Terminal Rotterdam, Netherlands (NL RTM)",HYUNDAI OCEANPIA,538009542,3 августа 2026 г,"Судно для перевозки сжиженного природного газа / LNG Tanker · флаг: Маршалловы Острова · отход: Окпо (якорная стоянка), Южная Корея (Okpo Anch., Korea) · At Anchor · возраст: 26 лет",0.0
2026-09-09,9230062,77410.0,94440.0,277.0,43.4,9.6,13.2,23.0,2003,Маршалловы острова IMO номер: 9230062 Год постройки: 2003,Газовоз (LNG Tanker),"На ходу (Under way).Маршрут: Судно следует в порт Дахедж (Dahej), Индия. Ожидаемое время прибытия — 12 июня 2026 г. Операционные данные: Последние зафиксированные данные AIS (по состоянию на 10 июня 2026 г.) указывают на движение со скоростью 13.2 узла и осадку 11.7 м. История: Последний зафиксированный порт захода — якорная стоянка Хор-Факкан (Khor al Fakkan), ОАЭ, который судно покинуло 10 июня 2026 года. Эксплуатация и управлениеЗарегистрированный владелец: Marigold LNG Ltd. Коммерческий/бенефициарный владелец: Kratos Gas Transport LLC. Комплаенс-статусСудно MARIGOLD LNG (IMO 9230062) активно эксплуатируется на рынке СПГ.Аналитическая оценка: Несмотря на то, что название судна может вызывать путаницу с другими судами, включенными в санкционные списки (например, танкер ""Marigold"" с IMO 9242118, который связан с теневым флотом), судно MARIGOLD LNG (IMO 9230062) не находится под санкциями. Оно является действующим газовозом и регулярно используется для коммерческих перевозок СПГ, в том числе в азиатском регионе",HIGH,"Bintulu LNG, Malaysia (MY BTU)",порт Дахедж (Dahej),MARIGOLD LNGТип судна: Газовоз (LNG Tanker),538429778,12 июня 2026 г,"Газовоз · флаг: Маршалловы острова IMO номер: 9230062 Год постройки: 2003 · следует в: порт Дахедж (Dahej) · На ходу (Under way).Маршрут: Судно следует в порт Дахедж (Dahej), Индия. Ожидаемое время прибытия — 12 июня 2026 г. Операционные данные: Последние зафиксированные данные AIS (по состоянию на 10 июня 2026 г.) указывают на движение со скоростью 13.2 узла и осадку 11.7 м. История: Последний зафиксированный порт захода — якорная стоянка Хор-Факкан (Khor al Fakkan), ОАЭ, который судно покинуло 10 июня 2026 года. Эксплуатация и управлениеЗарегистрированный владелец: Marigold LNG Ltd. Коммерческий · возраст: 23 лет",0.0
2026-09-09,9317315,77282.0,118608.0,289.5,49.05,11.8,16.8,20.0,2006,Российская Федерация,Газовоз для перевозки СПГ (LNG Tanker),На ходу (в Южной Атлантике),EXTREME,"Sabine Pass LNG, USA (US SAB)","Gate Terminal Rotterdam, Netherlands (NL RTM)",LUCH,273099916,"27 октября 2026 г., 22:15 UTC",Russian Federation,0.0
2026-09-09,9246578,77228.0,90835.0,284.4,42.5,9.4,4.8,22.0,2004,Испания,Газовоз (LNG Tanker / СПГ-танкер),Underway using Engine / В пути,LOW,"Gladstone LNG, Australia (AU GLA)","Barcelona Regas, Spain (ES BCN)",CADIZ KNUTSEN,224740171,"29 августа 2026 г., 10:15 UTC",Газовоз · флаг: Испания · Underway using Engine · возраст: 22 лет,0.0
2026-09-09,9338797,77204.0,90478.0,284.38,42.5,11.5,13.6,19.0,2007,Испания,Газовоз (LNG Tanker),На ходу (Underway using Engine),LOW,"Tangguh LNG, Indonesia (ID TGH)",порт Пхёнтхэк (Южная Корея) согласно актуальному графику,SESTAO KNUTSEN,224363353,11 июня 2026 г,Газовоз · флаг: Испания · следует в: порт Пхёнтхэк (Южная Корея) согласно актуальному графику · На ходу (Underway using Engine) · возраст: 19 лет,0.0
2026-09-09,9197624,77200.0,83376.0,68.5,11.5,4.5,12.6,18.0,2008,ЯПОНИЯ,LPG Tanker (Танкер для перевозки сжиженного нефтяного газа),Underway using Engine (На ходу),LOW,"Анегасаки, Япония (JP ANE)","Химедзи, ЯПОНИЯ (JP HIM)",HOUYOSHI MARU,431315641,22 мая 2026 г,JAPAN,0.0
2026-09-09,9403671,77089.0,118634.0,289.5,49.0,9.6,10.5,16.0,2010,Панама,LNG Tanker,At Anchor / На якорной стоянке,LOW,"Tangguh LNG, Indonesia (ID TGH)","Gate Terminal Rotterdam, Netherlands (NL RTM)",TAITAR NO. 3,372195000,"3 сентября 2026 г., 08:00 UTC",LNG Tanker · флаг: Панама · At Anchor · возраст: 16 лет,0.0
2026-09-09,9403645,77089.0,118634.0,289.5,49.0,10.0,14.0,17.0,2009,Панама (Panama) — стандартный открытый международный реестр,Спецсудно для перевозки сжиженного природного газа (LNG Tanker / Moss or Membrane LNG Carrier),At Anchor / На якорной стоянке,EXTREME,"Gladstone LNG, Australia (AU GLA)",S.C.S. FOR ORDER (South China Sea / Южно-Китайское море),TAITAR NO. 2,372307000,"27 октября 2026 г., 01:15 UTC",стандартной международной логистике сжиженного природного газа в Азиатско-Тихоокеанском регионе,0.0
2026-09-09,9403669,77089.0,118634.0,289.5,49.0,9.8,2.0,17.0,2009,Панама (Panama) Технические характеристики,Танкер-газовоз СПГ (LNG Carrier),At Anchor / На якорной стоянке,HIGH,"Ras Laffan, Qatar (QA RLF)","FOR ORDER (выход из Сингапура, рейдовое ожидание)Классификационное общество: ClassNK (Nippon Kaiji Kyokai) / IACS MemberОперационный менеджмент и структура владенияЗарегистрированный владелец: NIMIC No. 1 S.A. Коммерческий и ISM-менеджер: NIMIC Ship Management Co., Ltd. (Тайбэй, Тайвань / совместное предприятие NYK Line и CPC Corporation).Назначение танкера: Специализированный СПГ-газовоз, долгосрочно зафрахтованный государственной энергетической компанией Тайваня (CPC Corporation) для регулярных челночных поставок сжиженного природного газа из Катара (Рас-Лаффан) на терминалы Тайваня (Тайчжун, Гаосюн / Юнъань). Анализ рисков и комплаенс-профильСанкционный статус: САНКЦИОННЫЕ ОГРАНИЧЕНИЯ ОТСУТСТВУЮТ (проверено по OFAC, EU, UN, UK). Уровень риска: НИЗКИЙ / БЕЛЫЙ ФЛОТ (LOW RISK / WHITE FLEET).Ключевые факторы:Инфраструктурный стратегический актив: Судно является частью специализированного контракта на обеспечение энергобезопасности Тайваня, работая по регулярным прямым контрактам между Катаром (QatarEnergy) и CPC Corp.Высококлассный технический менеджмент: Находится в управлении совместной структуры японского гиганта NYK Line (Nippon Yusen Kaisha), что гарантирует соблюдение высочайших международных стандартов безопасности для СПГ-тоннажа.Прозрачность работы: Судно японской постройки (Mitsubishi Heavy Industries), с классом ClassNK (IACS), постоянно транслирует AIS. Статус ""FOR ORDER"" в районе Сингапура является стандартным технологическим окном для бункеровки, ожидания слота разгрузки или смены предписания терминала.Заключение для целей Due Diligenc",TAITAR NO. 1,371846000,"2 ноября 2026 г., 02:15 UTC","Танкер-газовоз СПГ · флаг: Панама (Panama) Технические характеристики · следует в: FOR ORDER (выход из Сингапура, рейдовое ожидание)Классификационное общество: ClassNK (Nippon Kaiji Kyokai) / IACS MemberОперационный менеджмент и структура владенияЗарегистрированный владелец: NIMIC No. 1 S.A. Коммерческий и ISM-менеджер: NIMIC Ship Management Co., Ltd. (Тайбэй, Тайвань / совместное предприятие NYK Line и CPC Corporation).Назначение танкера: Специализированный СПГ-газовоз, долгосрочно зафрахтованный государственной энергетической компанией Тайваня (CPC Corporation) для регулярных челночных поставок сжиженного природного газа из Катара (Рас-Лаффан) на терминалы Тайваня (Тайчжун, Гаосюн / Юнъань). Анализ рисков и комплаенс-профильСанкционный статус: САНКЦИОННЫЕ ОГРАНИЧЕНИЯ ОТСУТСТВУЮТ (проверено по OFAC, EU, UN, UK). Уровень риска: НИЗКИЙ / БЕЛЫЙ ФЛОТ (LOW RISK / WHITE FLEET).Ключевые факторы:Инфраструктурный стратегический актив: Судно является частью специализированного контракта на обеспечение энергобезопасности Тайваня, работая по регулярным прямым контрактам между Катаром (QatarEnergy) и CPC Corp.Высококлассный технический менеджмент: Находится в управлении совместной структуры японского гиганта NYK Line (Nippon Yusen Kaisha), что гарантирует соблюдение высочайших международных стандартов безопасности для СПГ-тоннажа.Прозрачность работы: Судно японской постройки (Mitsubishi Heavy Industries), с классом ClassNK (IACS), постоянно транслирует AIS. Статус ""FOR ORDER"" в районе Сингапура является стандартным технологическим окном для бункеровки, ожидания слота разгрузки или смены предписания терминала.Заключение для целей Due Diligenc · At Anchor · возраст: 17 лет",0.0
2026-09-09,1030234,76850.0,82998.0,230.0,36.0,8.2,13.0,2.0,2024,SINGAPORE,LPG Tanker (Танкер для перевозки сжиженного нефтяного газа).,At Anchor (На якоре),LOW,"PA BLB (Бальбоа, Панама)","PORT ARTHUR ANCH (Якорная стоянка Порт-Артур, США)",GAS ORCHID,1030234,7 мая 2026 г,Сингапур,0.0
2026-09-09,9296688,76700.0,82836.0,67.8,11.5,3.5,13.0,34.0,1992,ЯПОНИЯ,LPG Tanker (Танкер для перевозки сжиженного нефтяного газа),At Anchor (На якоре),LOW,"Хирохата, Япония (JP HRH)",Якорная стоянка Сакайде (SAKAIDE ANCH),HAKUSEI MARU NO.15,433434436,21 мая 2026 г,JAPAN,0.0
2026-09-09,9940978,76500.0,82620.0,230.0,32.0,8.6,13.0,4.0,2022,MARSHALL ISLANDS,LPG Tanker (Танкер для перевозки сжиженного нефтяного газа).,Moored (Пришвартовано),LOW,"TR DYL (Дортйол, Турция)","US NDX (Недерленд, США)",TSUBAKI,9940978,7 мая 2026 г,Маршалловы Острова,0.0
2026-09-09,9512836,76500.0,82620.0,67.8,11.5,4.2,12.8,27.0,1999,ЯПОНИЯ,LPG Tanker (Танкер для перевозки сжиженного нефтяного газа),Underway using Engine (На ходу),LOW,"Кавасаки, Япония (JP KWS)","Нихама, Япония (JP IHA)",SHORYU MARU,432917615,21 мая 2026 г,JAPAN,0.0
2026-09-09,9909390,76300.0,82404.0,66.99,12.0,4.2,11.0,4.0,2022,ЯПОНИЯ,LPG Tanker (Танкер для перевозки сжиженного нефтяного газа),Underway using Engine (На ходу),LOW,"Кавасаки, Япония (JP KWS)","Ниихама, ЯПОНИЯ (JP IHA)",HOSEI MARU NO.3,432954784,21 мая 2026 г,JAPAN,0.0
2026-09-09,9261205,76229.0,94446.0,275.98,43.4,9.6,13.6,21.0,2005,Коморские острова,СПГ-танкер (LNG Tanker),На якоре (At anchor),MID,"Bonny LNG, Nigeria (NG BNL)","Revithoussa, Greece (GR REV)",MUTIARA,616057388,"19 октября 2026 г., 00:15 UTC",Comoros,0.0
2026-09-09,9201126,75950.0,82026.0,67.85,11.5,4.2,13.0,23.0,2003,Монголия,LPG Tanker (Танкер для перевозки СНГ),Stopped (Остановлено / Вне зоны действия AIS),HIGH,"BD CGP (Читтагонг, Бангладеш)",CHITTAGONG,GAS 1126,457900595,21 октября 2024 г. в 09:00 UTC+6,MONGOLIA,0.0
2026-09-09,9276389,75485.0,118571.0,289.5,48.4,9.6,14.0,20.0,2006,Багамские Острова,"СПГ-танкер (LNG Tanker, Moss Type)",Underway / В плавании,LOW,"Corpus Christi LNG, USA (US CRP)","Shanghai LNG, China (CN SHA)",ARCTIC DISCOVERER,309700193,"27 сентября 2026 г., 10:00 UTC",СПГ-танкер · флаг: Багамские Острова · Underway · возраст: 20 лет,0.0
2026-09-09,9522415,75150.0,81162.0,230.0,36.64,11.1,14.6,26.0,2000,PANAMA,LPG Tanker (Танкер для перевозки сжиженного нефтяного газа),Underway using Engine / В пути,LOW,"US HOU (Хьюстон, США)","PA CTB (Кристобаль, Панама)",GAS POWER,9522415,13 мая 2026 г,Панама,0.0
2026-09-09,9238040,75074.0,93498.0,278.8,42.6,7.0,7.7,23.0,2003,Маршалловы острова,СПГ-танкер (LNG Tanker),На якоре (At anchor),LOW,"Angola LNG, Angola (AO LNG)","Incheon, South Korea (KR INC)",SINGAPORE ENERGY,538690071,"28 сентября 2026 г., 12:30 UTC",СПГ-танкер · флаг: Маршалловы острова · На якоре (At anchor) · возраст: 23 лет,0.0
2026-09-09,9250191,75059.0,93498.0,278.85,42.6,8.8,8.6,23.0,2003,Маршалловы острова,СПГ-танкер (LNG Tanker),На якоре (At anchor),LOW,"Angola LNG, Angola (AO LNG)","Ningbo, China (CN NGB)",MERCHANT,538426115,"1 октября 2026 г., 15:15 UTC",СПГ-танкер · флаг: Маршалловы острова · На якоре (At anchor) · возраст: 23 лет,0.0
2026-09-09,9863223,74999.0,68999.0,228.4,38.0,11.2,13.2,6.0,2020,Сингапур,LNG Tanker / LNGC,Under way using engine,LOW,"Yokohama, Japan (JP YOK)",SINGAPORE,VESSEL 3223,563108400,"28 сентября 2026 г., 19:00 UTC",флаг: Сингапур · At Anchor · возраст: 6 лет,0.419
2026-09-09,9307748,74950.0,80946.0,230.0,36.0,7.7,13.0,36.0,1990,ANGOLA,LPG Tanker (Танкер для перевозки сжиженного газа),At Anchor (На якоре),LOW,"CN QZH (Qinzhou, Китай)","AE KLF (Khor Fakkan, ОАЭ)",ASTRAM,603914000,17 апреля 2026 г. в 11:00 (UTC+4),Ангола,0.0
2026-09-09,9853383,74750.0,80730.0,59.52,11.0,3.5,11.6,7.0,2019,ЯПОНИЯ,LPG Tanker (Танкер для перевозки сжиженного нефтяного газа),Underway using Engine (На ходу),LOW,"Анегасаки, Япония (JP ANE)","Отаке, ЯПОНИЯ (JP OTK)",NIKKO MARU NO.28,431606496,22 мая 2026 г,JAPAN,0.0
2026-09-09,9799379,74650.0,80622.0,231.57,36.62,12.6,15.1,12.0,2014,Мальта,Танкер для перевозки сжиженного газа (LPG Tanker),На ходу с использованием двигателя,LOW,"Хьюстон, США","Тяньцзинь, Китай (CN TXG)",INEOS MARLIN,229649456,"9 октября 2026 г., 03:45 UTC","Танкер для перевозки сжиженного газа · флаг: Мальта · маршрут: Хьюстон, США → Тяньцзинь, Китай (CN TXG) · На ходу с использованием двигателя",0.0
2026-09-09,9338929,74497.0,120525.0,289.5,49.0,9.6,0.0,18.0,2008,Кипр,Газовоз (LNG Tanker),At anchor,LOW,"Нагоя, Япония (отход 6 июня 2026 г.)",RU PGN,GRAND MEREYA,209856000,1 июля 2026 г,"поставки с российского проекта «Сахалин-2» (порт Пригородное) в страны Азиатско-Тихоокеанского региона, что подтверждается историей заходов",0.655
2026-09-09,9789324,74150.0,80082.0,179.92,28.43,7.1,0.4,14.0,2012,BELGIUM,LPG Tanker (Танкер для перевозки сжиженного углеводородного газа),At Anchor (На якоре),LOW,"IN VTZ (Вишакхапатнам, Индия)","MUMBAI ANCH (Мумбаи, Индия)",WEPION,9789324,"9 октября 2026 г., 20:15 UTC",Бельгия,0.0
2026-09-09,9332054,74127.0,122239.0,288.0,49.0,9.5,0.0,19.0,2007,Кипр,Газовоз / Танкер для перевозки сжиженного природного газа (LNG Tanker / Moss Rosenberg type),At anchor,LOW,"Tangguh LNG, Indonesia (ID TGH)",Не указан / Отсутствует (Destination not available),GRAND ELENA,209407000,2 июня 2026 г,Газовоз / Танкер для перевозки сжиженного природного газа · флаг: Кипр · следует в: Не указан / Отсутствует (Destination not available) · At Anchor · возраст: 19 лет,0.654
2026-09-09,9256200,74067.0,93227.0,278.8,42.6,9.3,0.3,22.0,2004,Багамские Острова,Танкер для перевозки сжиженного природного газа / СПГ-газовоз (LNG Tanker),низкая скорость / маневрирование или стоянка,EXTREME,"Hammerfest LNG, Norway (NO HAM)","Tianjin, China (CN TJN)",FUWAIRIT,311605000,11 августа 2026 г,Танкер для перевозки сжиженного природного газа / СПГ-газовоз · флаг: Багамские Острова · низкая скорость · возраст: 22 лет,0.0
2026-09-09,9338955,74044.0,122239.0,288.0,49.03,9.3,4.2,18.0,2008,Кипр,Газовоз / Танкер для перевозки сжиженного природного газа (LNG Tanker / Moss Rosenberg type),малый ход / дрейф в ожидании приказов,LOW,"Sabine Pass LNG, USA (US SAB)",Для указаний / В распоряжении фрахтователя (FOR ORDERS),GRAND ANIVA,212883000,31 июля 2026 г,Газовоз / Танкер для перевозки сжиженного природного газа · флаг: Кипр · следует в: Для указаний / В распоряжении фрахтователя (FOR ORDERS) · малый ход · возраст: 18 лет,0.0
2026-09-09,9706504,74000.0,79920.0,225.0,36.62,9.4,13.6,9.0,2017,БАГАМСКИЕ ОСТРОВА,LPG Tanker (Танкер для перевозки сжиженного нефтяного газа),Underway using Engine (На ходу),LOW,"Йоккаити, Япония (JP YKK)","Кавасаки, ЯПОНИЯ (JP KWS)",CHEYENNE,309136192,21 мая 2026 г,BAHAMAS,0.0
2026-09-09,9256793,73989.0,93410.0,278.8,42.6,9.0,10.8,22.0,2004,Индонезия,Судно для перевозки сжиженного природного газа / LNG Tanker (категория HAZ-A),Underway using Engine / В пути,LOW,"Бланг-Ланчанг, Индонезия (Blang Lancang, Indonesia)",PGBG SPORE (Пангелан / Сингапур),PRIMA CONCORD,525401281,8 августа 2026 г,региональных и экспортных поставках сжиженного газа из портов Индонезии,0.0
2026-09-09,9255854,73705.0,93226.0,278.85,42.6,9.5,5.9,22.0,2004,Мальта,Газовоз (LNG Tanker),kn,EXTREME,"Darwin LNG, Australia (AU DRW)","Gate Terminal Rotterdam, Netherlands (NL RTM)",MILAHA RAS LAFFAN,229401097,"19 сентября 2026 г., 10:00 UTC",Газовоз · флаг: Мальта · kn · возраст: 22 лет,0.0
2026-09-09,9250725,73659.0,96165.0,287.0,43.4,8.5,10.7,22.0,2004,Сент-Китс и Невис (согласно данным AIS) / Маршалловы острова,Танкер для перевозки сжиженного природного газа (LNG Tanker),На якоре (At anchor),MID,"Angola LNG, Angola (AO LNG)","Tianjin, China (CN TJN)",HONGKONG ENERGY,538966026,"16 октября 2026 г., 18:00 UTC",согласно характеристикам судна,0.0
2026-09-09,9074652,73100.0,116703.0,290.14,48.1,9.6,14.0,29.0,1997,Либерия,Танкер для перевозки сжиженного природного газа (LNG Tanker),"На ходу.Текущий статус: Пункт назначения — Хор-Факкан, ОАЭ. Последний порт: Дабхол, Индия (отход 6 июня 2026 г.).Анализ: Судно является активным коммерческим активом, эксплуатируемым компанией ADNOC Logistics & Services (Абу-Даби, ОАЭ). Маршрут судна связан с региональными энергетическими цепочками поставок. Несмотря на то, что ранее фиксировались случаи отключения транспондеров AIS (характерно для судов в зонах повышенной геополитической напряженности, таких как Ормузский пролив), на данный момент судно работает в штатном режиме в рамках легитимной логистики LNG-флота ADNOC. 3. История и эксплуатацияКомплаенс-профиль: НИЗКИЙ РИСК.Анализ:Владение и управление: Судно принадлежит и управляется National Gas Shipping (ADNOC Logistics & Services), что является прозрачной и верифицируемой структурой. Статус: Судно не находится под санкциями. Оно регулярно заходит в международные терминалы и перевозит энергетические грузы в интересах государственной компании ОАЭ.Операционный контекст: Упоминания в аналитических отчетах (Kpler, Maritime Executive) связаны с мониторингом транзитов через Ормузский пролив в периоды осложнения ситуации в Персидском заливе, а не с участием в нелегальных схемах.4. РезюмеUMM AL ASHTAN (IMO 9074652) — это легитимный газовоз, задействованный в регулярной экспортной логистике СПГ (LNG) из региона Персидского залива. Уровень прозрачности менеджмента и характер эксплуатации позволяют классифицировать актив как надежный.Комплаенс-рекомендация: Уровень риска взаимодействия с данным судном оценивается как низкий.Рекомендация: Стандартная процедура проверки контрагента (Due Diligence) является достаточной. Дополнительные меры проверки не требуются",LOW,"Дабхол, Индия (отход 6 июня 2026 г.).Анализ: Судно является активным коммерческим активом, эксплуатируемым компанией ADNOC Logistics & Services (Абу-Даби, ОАЭ). Маршрут судна связан с региональными энергетическими цепочками поставок. Несмотря на то, что ранее фиксировались случаи отключения транспондеров AIS (характерно для судов в зонах повышенной геополитической напряженности, таких как Ормузский пролив), на данный момент судно работает в штатном режиме в рамках легитимной логистики LNG-флота ADNOC. 3. История и эксплуатацияКомплаенс-профиль: НИЗКИЙ РИСК.Анализ:Владение и управление: Судно принадлежит и управляется National Gas Shipping (ADNOC Logistics & Services), что является прозрачной и верифицируемой структурой. Статус: Судно не находится под санкциями. Оно регулярно заходит в международные терминалы и перевозит энергетические грузы в интересах государственной компании ОАЭ.Операционный контекст: Упоминания в аналитических отчетах (Kpler, Maritime Executive) связаны с мониторингом транзитов через Ормузский пролив в периоды осложнения ситуации в Персидском заливе, а не с участием в нелегальных схемах.4. РезюмеUMM AL ASHTAN (IMO 9074652) — это легитимный газовоз, задействованный в регулярной экспортной логистике СПГ (LNG) из региона Персидского залива. Уровень прозрачности менеджмента и характер эксплуатации позволяют классифицировать актив как надежный.Комплаенс-рекомендация: Уровень риска взаимодействия с данным судном оценивается как низкий.Рекомендация: Стандартная процедура проверки контрагента (Due Diligence) является достаточной. Дополнительные меры проверки не требуются","Grain LNG, UK (GB GRA)",UMM AL ASHTAN,636430129,6 июня 2026 г,"Танкер для перевозки сжиженного природного газа · флаг: Либерия · отход: Дабхол, Индия (отход 6 июня 2026 г.).Анализ: Судно является активным коммерческим активом, эксплуатируемым компанией ADNOC Logistics & Services (Абу-Даби, ОАЭ). Маршрут судна связан с региональными энергетическими цепочками поставок. Несмотря на то, что ранее фиксировались случаи отключения транспондеров AIS (характерно для судов в зонах повышенной геополитической напряженности, таких как Ормузский пролив), на данный момент судно работает в штатном режиме в рамках легитимной логистики LNG-флота ADNOC. 3. История и эксплуатацияКомплаенс-профиль: НИЗКИЙ РИСК.Анализ:Владение и управление: Судно принадлежит и управляется National Gas Shipping (ADNOC Logistics & Services), что является прозрачной и верифицируемой структурой. Статус: Судно не находится под санкциями. Оно регулярно заходит в международные терминалы и перевозит энергетические грузы в интересах государственной компании ОАЭ.Операционный контекст: Упоминания в аналитических отчетах (Kpler, Maritime Executive) связаны с мониторингом транзитов через Ормузский пролив в периоды осложнения ситуации в Персидском заливе, а не с участием в нелегальных схемах.4. РезюмеUMM AL ASHTAN (IMO 9074652) — это легитимный газовоз, задействованный в регулярной экспортной логистике СПГ (LNG) из региона Персидского залива. Уровень прозрачности менеджмента и характер эксплуатации позволяют классифицировать актив как надежный.Комплаенс-рекомендация: Уровень риска взаимодействия с данным судном оценивается как низкий.Рекомендация: Стандартная процедура проверки контрагента (Due Diligence) является достаточной. Дополнительные меры проверки не требуются · На ходу.Текущий статус: Пункт назначения — Хор-Факкан, ОАЭ. Последний порт: Дабхол, Индия (отход 6 июня 2026 г.).Анализ: Судно является активным коммерческим активом, эксплуатируемым компанией ADNOC Logistics & Services (Абу-Даби, ОАЭ). Маршрут судна связан с региональными энергетическими цепочками поставок. Несмотря на то, что ранее фиксировались случаи отключения транспондеров AIS (характерно для судов в зонах повышенной геополитической напряженности, таких как Ормузский пролив), на данный момент судно работает в штатном режиме в рамках легитимной логистики LNG-флота ADNOC. 3. История и эксплуатацияКомплаенс-профиль: НИЗКИЙ РИСК.Анализ:Владение и управление: Судно принадлежит и управляется National Gas Shipping (ADNOC Logistics & Services), что является прозрачной и верифицируемой структурой. Статус: Судно не находится под санкциями. Оно регулярно заходит в международные терминалы и перевозит энергетические грузы в интересах государственной компании ОАЭ.Операционный контекст: Упоминания в аналитических отчетах (Kpler, Maritime Executive) связаны с мониторингом транзитов через Ормузский пролив в периоды осложнения ситуации в Персидском заливе, а не с участием в нелегальных схемах.4. РезюмеUMM AL ASHTAN (IMO 9074652) — это легитимный газовоз, задействованный в регулярной экспортной логистике СПГ (LNG) из региона Персидского залива. Уровень прозрачности менеджмента и характер эксплуатации позволяют классифицировать актив как надежный.Комплаенс-рекомендация: Уровень риска взаимодействия с данным судном оценивается как низкий.Рекомендация: Стандартная процедура проверки контрагента (Due Diligence) является достаточной. Дополнительные меры проверки не требуются · возраст: 29 лет",0.0
2026-09-09,9904194,73100.0,89182.0,297.0,46.43,9.0,16.1,11.0,2015,Франция [FR],LNG Tanker (Танкер-газовоз),Underway using Engine / В пути,LOW,"CN ZUH (Чжухай, Китай)",Канаду,AZURE 4194,228420100,24 апреля 2026 г,ключевых операциях по развитию канадского экспорта газа:,0.0
2026-09-09,9172636,73050.0,78894.0,230.0,36.6,7.4,0.4,8.0,2018,Габон,Газовоз (LPG Tanker),На якоре (At Anchor),MID,"Дунгуань, Китай (CN DGG)","Галле, Шри-Ланка (LK GAL)",GAS STRENGTH,626613043,"30 августа 2026 г., 07:15 UTC","Газовоз · флаг: Габон · маршрут: Дунгуань, Китай (CN DGG) → Галле, Шри-Ланка (LK GAL) · На якоре (At Anchor)",0.0
2026-09-09,9431111,73050.0,89121.0,315.0,50.03,9.4,0.2,17.0,2009,Marshall Islands,LNG Tanker (Танкер для перевозки СПГ),At Anchor (На якоре),LOW,"CN DJK (Дунцзякоу, Китай)","MUMBAI ANCH (Мумбаи, Индия)",AL KHATTIYA,9431111,"24 сентября 2026 г., 21:15 UTC",Маршалловы Острова,0.0
2026-09-09,9014420,72950.0,78786.0,170.0,27.36,7.4,0.3,28.0,1998,COMOROS,LPG Tanker (Танкер для перевозки сжиженного газа),At Anchor (На якоре),MID,"DE BRB (Брунсбюттель, Германия)","SOHAR (Сухар, Оман)",SARAH,620800004,10 апреля 2026 г. в 22:00 (UTC+4),Коморские острова,0.0
2026-09-09,9253222,72727.0,111459.0,290.0,46.0,9.5,9.0,22.0,2004,Сингапур,СПГ-танкер (LNG Tanker),На якоре (At anchor),LOW,"Tangguh LNG, Indonesia (ID TGH)","Ningbo, China (CN NGB)",SHANDONG JUNIPER,567399443,"29 октября 2026 г., 03:15 UTC",СПГ-танкер · флаг: Сингапур · На якоре (At anchor) · возраст: 22 лет,0.0
2026-09-09,7382720,72703.0,118031.0,293.74,62.6,9.6,14.0,51.0,1975,Маршалловы Острова,"Плавучая установка для сжижения природного газа (FLNG). В ряде баз данных по AIS может классифицироваться как «Offshore Support Vessel» (судно обеспечения), что является технической особенностью классификации подобных промышленных установок.",Underway / В плавании,HIGH,"Hammerfest LNG, Norway (NO HAM)","Grain LNG, UK (GB GRA)",GAS 2720,538004197,"16 сентября 2026 г., 03:00 UTC",Плавучая установка для сжижения природного газа · флаг: Маршалловы Острова · Underway · возраст: 51 лет,0.0
2026-09-09,9264910,72571.0,111539.0,290.0,46.0,6.9,14.0,20.0,2006,Индонезия,Газовоз СПГ / LNG Tanker (Hazardous Category A),статус: дрейф / дрейфующее положение,EXTREME,"Darwin LNG, Australia (AU DRW)","Gate Terminal Rotterdam, Netherlands (NL RTM)",PRIMA CARRIER,525301553,"4 сентября 2026 г., 18:00 UTC","стратегических цепочках поставок СПГ внутри индонезийского архипелага (маршруты между терминалами Танггух, Бонтанг и верфями/портами обслуживания, такими как Seatrium в Сингапуре/регионе). Возрастной газовоз (2006 г. постройки) работает под флагом Индонезии, выполняя специализированные внутренние и региональные рейсы. Прямых санкционных нарушений нет, но актив требует стандартных процедур комплаенс-контроля (проверка оператора и технического состояния судовых систем)",0.0
2026-09-09,9247962,72490.0,111553.0,290.0,46.0,9.2,12.2,23.0,2003,Багамские Острова (Bahamas) — международный «белый» судовой реестр,Танкер-газовоз СПГ (LNG Tanker),At Anchor / На якорной стоянке,EXTREME,"Angola LNG, Angola (AO LNG)","Shanghai LNG, China (CN SHA)",PACIFIC NOTUS,311573000,"4 сентября 2026 г., 02:30 UTC",строгих долгосрочных контрактах на перевозку СПГ с терминала Wheatstone LNG (Австралия) в Японию,0.0
2026-09-09,9260603,72450.0,88389.0,86.25,15.1,3.8,11.8,7.0,2019,ЯПОНИЯ,LNG Tanker (Танкер для перевозки сжиженного природного газа),Underway using Engine (На ходу),LOW,"Мацуяма (якорная стоянка), Япония (MATSUYAMA ANCH)","Химедзи, ЯПОНИЯ (JP HIM)",SHINJU MARU NO.1,433851960,22 мая 2026 г,JAPAN,0.0
2026-09-09,9780732,72400.0,78192.0,225.13,36.63,7.8,14.6,22.0,2004,PANAMA,LPG Tanker,At Anchor / На якорной стоянке,LOW,"TUXPAN ANCH (Якорная стоянка Туспан, Мексика)","US BPT (Бомонт, Техас, США)",ALBERT II,9780732,15 мая 2026 г,Панама,0.0
2026-09-09,9941453,72250.0,78030.0,230.0,36.63,8.3,13.0,28.0,1998,SINGAPORE,LPG Tanker (Танкер для перевозки сжиженного газа),Moored (Пришвартовано),LOW,"US HOU (Хьюстон, США)","PA CTB (Cristobal, Панама)",MAOMING PAN,563208200,9 мая 2026 г. в 07:00 (UTC-5),Сингапур,0.0
2026-09-09,9989376,72200.0,77976.0,67.9,12.0,4.2,13.0,28.0,1998,ЯПОНИЯ,LPG/Chemical Tanker (Танкер для перевозки сжиженного газа и химических продуктов),Moored (Ошвартовано/У причала),LOW,"Нихама, Япония (JP IHA)","Маругаме, Япония (JP MAR)",KOUAN MARU,432740007,21 мая 2026 г,JAPAN,0.0
2026-09-09,9158240,72200.0,77976.0,115.31,16.8,7.0,0.1,8.0,2018,PALAU,LPG/Chemical Tanker (Танкер для перевозки сжиженного газа и химикатов),At Anchor (На якоре),MID,"PK BQM (Порт Касим, Пакистан)","SHARJAH OPL (Шарджа, ОАЭ)",MD 23,511101848,24 апреля 2026 г. в 14:00 (UTC+4),Палау,0.0
2026-09-09,9139696,71550.0,77274.0,169.9,27.43,7.2,13.0,23.0,2003,CAMEROON,LPG Tanker (Танкер для перевозки сжиженного газа),At Anchor (На якоре),MID,"ZHAPU ANCH (Якорная стоянка Жапу, Китай)","SHARJAH OPL (Внепортовая зона Шарджи, ОАЭ)",G YMM,613003392,10 апреля 2026 г. в 06:40 (UTC+4),Камерун,0.0
2026-09-09,1030272,71400.0,77112.0,230.0,36.0,9.4,13.0,0.0,2026,Сингапур,LPG Tanker (Танкер для перевозки сжиженного газа),At anchor (На якоре),LOW,"Marcus Hook, USA (US MHK)","Ningbo, China (CN NGB)",GAS SYRINGA,563087750,"2 ноября 2026 г., 15:00 UTC",LPG Tanker · флаг: Сингапур · At anchor (На якоре),0.0
2026-09-09,9264908,71250.0,76950.0,230.0,36.0,10.8,0.1,17.0,2009,HONG KONG,LPG Tanker (Танкер для перевозки сжиженного нефтяного газа),At Anchor (На якоре),LOW,"AE RUW (Эр-Рувайс, ОАЭ)","AE SHJ (Шарджа, ОАЭ)",LUMINA POLARIS,477223600,4 мая 2026 г. в 12:00 (UTC+4),Гонконг,0.0
2026-09-09,9196450,70300.0,75924.0,95.5,16.6,4.3,13.0,31.0,1995,PANAMA,LPG Tanker (Танкер для перевозки сжиженного нефтяного газа),At Anchor (На якоре),LOW,"AE HZP (Хамрия, ОАЭ)","AE HAM (Аль-Хамрия, ОАЭ)",XIN MING LONG,352005323,20 апреля 2026 г. в 10:00 (UTC+4),Панама,0.0
2026-09-09,9905978,70000.0,85400.0,239.4,36.6,8.0,13.3,16.0,2010,СИНГАПУР,LNG Tanker (Танкер для перевозки сжиженного природного газа),Underway using Engine (На ходу),LOW,"Бинтулу, Малайзия (MY BTU)","Шанхай, Китай (CN SHG)",LAGENDA SURIA,566341814,20 мая 2026 г,SINGAPORE,0.0
2026-09-09,1014113,69750.0,75330.0,229.9,37.0,11.2,13.0,17.0,2009,ПАНАМА,LPG Tanker (Танкер для перевозки сжиженного нефтяного газа),Moored (Ошвартовано),LOW,"Хьюстон, США (US HOU)","Tianjin, China (CN TJN)",ENEOS OCEAN,370696350,"31 октября 2026 г., 05:00 UTC",PANAMA,0.0
2026-09-09,9750244,69700.0,85034.0,290.0,46.95,9.7,19.8,3.0,2023,Гонконг [HK],LNG Tanker (Танкер-газовоз),Underway using Engine / В пути,LOW,"IN DAH (Дахедж, Индия)",балласте (пустым). Оно завершило разгрузку партии СПГ в Индии и возвращается в Атлантический бассейн,LNG 0244,477157200,"2 октября 2026 г., 02:30 UTC","LNG Tanker · флаг: Гонконг [HK] · маршрут: IN DAH (Дахедж, Индия) → балласте (пустым). Оно завершило разгрузку партии СПГ в Индии и возвращается в Атлантический бассейн · Underway using Engine",0.0
2026-09-09,9229233,69300.0,74844.0,154.16,23.0,6.0,13.0,11.0,2015,PANAMA,LPG Tanker (Танкер для перевозки сжиженного газа),At Anchor (На якоре),LOW,"AE JEA (Джебель-Али, ОАЭ)","ABU DHABI ANCH (Якорная стоянка Абу-Даби, ОАЭ)",ARD HORIZON,351143000,4 мая 2026 г,Панама,0.0
2026-09-09,9203758,68400.0,73872.0,228.3,36.0,8.0,14.0,19.0,2007,ЯПОНИЯ,LPG Tanker (Газовоз для перевозки сжиженного нефтяного газа),Underway using Engine / В пути,HIGH,"Rotterdam, Netherlands (NL RTM)",) при наличии статуса «Underway» в прошлом или «Stopped» сейчас переводит объект в категорию «High-Risk Anomaly»,PACIFIC 3758,636907214,"6 сентября 2026 г., 10:30 UTC",LPG Tanker · следует в: ) при наличии статуса «Underway» в прошлом или «Stopped» сейчас переводит объект в категорию «High-Risk Anomaly» · Underway using Engine,0.0
2026-09-09,8589038,68150.0,73602.0,228.3,36.0,4.6,13.6,3.0,2023,Китай,Газовоз (LPG Tanker / Hazard A (Major)),Underway using Engine (На ходу),LOW,"Ras Laffan, Qatar (QA RLF)","Tianjin, China (CN TJN)",BAO LE,413384010,20 мая 2026 г,CHINA,0.0
2026-09-09,9748227,68050.0,73494.0,225.22,36.64,8.2,13.0,5.0,2021,MARSHALL ISLANDS,LPG Tanker (Танкер для перевозки сжиженного нефтяного газа).,Moored (Пришвартовано),LOW,"CN LHE (Люхэн, Китай)","US NDX (Недерленд, США)",BW VAR,9748227,5 мая 2026 г,Маршалловы Острова,0.0
2026-09-09,1042562,67633.0,59319.0,229.9,36.6,9.2,0.0,0.0,2026,Маршалловы острова,Газовоз для перевозки СПГ и аммиака (LPG/VLAC — Very Large Ammonia Carrier),At anchor,LOW,"Chiba, Japan (JP CHB)",USNDX,GAZ RONIN,538011925,23 июня 2026 г,Marshall Islands,0.655
2026-09-09,9719410,67500.0,72900.0,225.13,36.6,9.1,0.1,28.0,1998,LIBERIA,LPG Tanker.,At Anchor (На якоре),LOW,"SA JEC (Джизан, Экономический город, Саудовская Аравия)",FOR ORDERS (Ожидание распоряжений),POINTIS,636021773,"1 сентября 2026 г., 09:30 UTC",Либерия,0.0
2026-09-09,1050117,67026.0,49500.0,228.3,36.0,12.0,4.4,0.0,2026,"Маршалловы Острова Валовая вместимость (GT): 49,500",Газовоз (LPG Tanker),Under way using engine,LOW,"Ain Sukhna, Egypt (EG ASU)",PACTB,ENERGY GUARDIANIMO номер: 1050117,538012413,"31 августа 2026 г., 02:45 UTC","Газовоз · флаг: Маршалловы Острова Валовая вместимость (GT): 49,500 · Underway",0.419
2026-09-09,9329722,67000.0,72360.0,225.0,36.63,8.0,13.0,31.0,1995,KUWAIT,LPG Tanker (Танкер для перевозки сжиженного нефтяного газа),Stopped (Остановлено),LOW,ID KSO (Индонезия),FUJAIRAH,GAS AL NEGEH,447087000,18 апреля 2026 г. в 05:00 (UTC+4),Кувейт,0.0
2026-09-09,9354612,66900.0,72252.0,225.0,36.6,7.2,0.5,30.0,1996,ПАНАМА,LPG Tanker (Танкер для перевозки сжиженного нефтяного газа),At Anchor (На якоре),LOW,"Халдия, Индия (IN HAL)",WAITING FOR ORDERS (Ожидание распоряжений),PINAR GAS,355250102,"8 октября 2026 г., 19:30 UTC",PANAMA,0.0
2026-09-09,8608872,66810.0,105015.0,272.0,47.2,8.9,13.4,37.0,1989,Либерия,"Оффшорное судно обеспечения (Offshore Support Vessel), классифицируется также как газовоз",На якоре (At anchor),HIGH,"Rotterdam, Netherlands (NL RTM)","Chiba, Japan (JP CHB)",KARMOL LNGT POWERSHIP ANTARCTICA,636370075,"23 сентября 2026 г., 19:30 UTC",Оффшорное судно обеспечения · флаг: Либерия · На якоре (At anchor) · возраст: 37 лет,0.0
2026-09-09,8608884,66695.0,105015.0,272.0,47.2,8.8,13.0,36.0,1990,Либерия,СПГ-танкер (LNG Tanker),На якоре (At anchor),HIGH,"Ras Laffan, Qatar (QA RLF)",Сунгай-Лингги (Малайзия) был завершен 13 марта 2026 года,KARADENIZ LNGT POWERSHIP OCEANIA,636658185,"16 октября 2026 г., 15:15 UTC",международных перевозках с посещением портов Австралии (Withnell Bay) и Японии (Sakai),0.0
2026-09-09,1017103,66615.0,55645.0,230.0,36.0,11.5,15.4,0.0,2026,Либерия,"Газовоз / VLGC (Very Large Gas Carrier, Fully Refrigerated LPG Tanker, категория HAZ-B)",интенсивный трансокеанский переход через Тихий океан в направлении портов Восточной Азии после прохождения зоны Панамского канала,LOW,"Рейд Пенья-Бланка, Панама (Pena Blanca Anch., Panama)","Нинбо, в ожидании распоряжений / Ningbo For Orders —",IVY COVE,636026044,26 августа 2026 г,"Газовоз / VLGC · флаг: Либерия · маршрут: Рейд Пенья-Бланка, Панама (Pena Blanca Anch., Panama) → Нинбо, в ожидании распоряжений / Ningbo For Orders — · интенсивный трансокеанский переход через Тихий океан в направлении портов Восточной Азии после прохождения зоны Панамского канала",0.0
2026-09-09,1042574,66350.0,59319.0,230.0,37.0,11.6,0.0,0.0,2026,Маршалловы Острова,Газовоз / LPG Tanker,Moored,LOW,"Панамский канал (тихоокеанская якорная стоянка) (Panama Canal Anch. Pacific, Panama)",FOR ORDERS,GAZ GOTHAM,538012175,26 июля 2026 г,"Газовоз / LPG Tanker · флаг: Маршалловы Острова · маршрут: Панамский канал (тихоокеанская якорная стоянка) (Panama Canal Anch. Pacific, Panama) → В распоряжении / Ожидание приказов (FOR ORDERS) (указанное в профиле · At Anchor",0.656
2026-09-09,9388819,66050.0,80581.0,345.0,55.03,9.2,0.1,23.0,2003,Marshall Islands,LNG Tanker (Танкер для перевозки сжиженного природного газа),At Anchor (На якоре),LOW,"CN CFD (Цаофэйдянь, Китай)","MUMBAI OPL (Мумбаи, Индия)",LIJMILIYA,9388819,"7 сентября 2026 г., 20:15 UTC",Маршалловы Острова,0.0
2026-09-09,9974591,65900.0,71172.0,73.9,14.0,4.2,11.6,33.0,1993,ЯПОНИЯ,LPG Tanker (Танкер для перевозки сжиженного нефтяного газа),Underway using Engine (На ходу),LOW,"Токуяма-Кудамацу, Япония (JP TXD)","Хиросима, Япония (JP HIJ)",KAYOH,432103710,21 мая 2026 г,JAPAN,0.0
2026-09-09,9734525,65050.0,70254.0,225.13,36.6,8.4,0.1,14.0,2012,SINGAPORE,LPG Tanker (Танкер для перевозки сжиженного нефтяного газа).,Stopped (Остановлено),LOW,"KR YOS (Йосу, Южная Корея)","US NDX (Недерленд, США)",SANSOVINO,9734525,6 мая 2026 г,Сингапур,0.0
2026-09-09,9206396,64550.0,69714.0,230.0,36.6,7.5,13.0,24.0,2002,HONG KONG,LPG Tanker (Танкер для перевозки сжиженного газа),Moored (Пришвартовано),LOW,"CN JSN (Цзиньшань, Китай)","SOHAR ANCH (Якорная стоянка Сохар, Оман)",MIGHTY NAVIGATOR,477227800,1 мая 2026 г. в 18:00 (UTC+4),Гонконг,0.0
2026-09-09,1054163,64423.0,49500.0,230.0,32.25,8.0,14.0,0.0,2026,Либерия,Газовоз (LPG Tanker),Underway / В плавании,LOW,"Rotterdam, Netherlands (NL RTM)",Ульсан 4 июня 2026 г. и в данный момент не имеет назначенного пункта назначения для коммерческого рейса,GAS ALTAIR,636742135,"22 сентября 2026 г., 02:00 UTC",Газовоз · флаг: Либерия · следует в: Ульсан 4 июня 2026 г. и в данный момент не имеет назначенного пункта назначения для коммерческого рейса · Underway,0.0
2026-09-09,9256597,64350.0,78507.0,270.0,43.4,9.3,7.9,17.0,2009,BAHAMAS,LNG Tanker (Танкер для перевозки сжиженного природного газа),Under way using engine,LOW,"FR FOS (Фос-сюр-Мер, Франция)",ESCAR,BERGE ARZEW,311745000,14 мая 2026 г,Багамы,0.656
2026-09-09,9002908,64220.0,69358.0,227.6,36.04,8.0,13.0,34.0,1992,Панама,LPG Tanker (газовоз),Out of Service / Выведено из эксплуатации,EXTREME,"Yeosu, South Korea (KR YOS)","Shanghai, China (CN SHA)",GLOBAL VIVIAN,373502000,"9 октября 2026 г., 06:30 UTC",LPG Tanker · флаг: Панама · Out of Service · возраст: 34 лет,0.0
2026-09-09,9405875,64200.0,69336.0,226.0,37.2,7.7,0.3,6.0,2020,ИНДИЯ,LPG Tanker (Танкер для перевозки сжиженного нефтяного газа),At Anchor (На якоре),LOW,"Халдия, Индия (IN HAL)","OFF GOK (Офшор Гокарна/район ожидания), FOR ORDERS (Ожидание распоряжений)",HISUI,419451470,"30 августа 2026 г., 18:30 UTC",INDIA,0.0
2026-09-09,1030246,64197.0,57585.0,230.0,37.0,12.0,0.6,1.0,2025,Сингапур,LPG Tanker (танкер для перевозки сжиженного газа),At Anchor / На якорной стоянке,LOW,"Marcus Hook, USA (US MHK)",пункт назначения — 23 июня 2026 года,GAS LOTUS,563294500,"7 октября 2026 г., 21:45 UTC",LPG Tanker · флаг: Сингапур · следует в: пункт назначения — 23 июня 2026 года · At Anchor · возраст: 1 лет,0.0
2026-09-09,1030301,64135.0,57585.0,230.0,36.0,8.1,0.1,1.0,2025,Сингапур,Газовоз (LPG Carrier / VLGC — Very Large Gas Carrier),At anchor,LOW,"Jubail, Saudi Arabia (SA JUB)","NEDERLAND,USA",GAS PEONY,563310900,"2 октября 2026 г., 09:00 UTC",международных логистических цепочках по перевозке сжиженного газа между регионами Азии и Америки,0.418
2026-09-09,9918171,64012.0,60776.0,229.0,36.6,10.3,0.0,4.0,2022,Либерия,Газовоз (LPG Tanker),At anchor,LOW,"Jubail, Saudi Arabia (SA JUB)",USNDX,STL YANGTZE,636021206,"23 октября 2026 г., 14:30 UTC",Газовоз · флаг: Либерия · At Anchor · возраст: 4 лет,0.419
2026-09-09,9935480,63824.0,61272.0,229.97,36.6,11.8,14.6,3.0,2023,Либерия,LPG Tanker (танкер для перевозки сжиженного нефтяного газа),At Anchor / На якорной стоянке,LOW,"Yeosu, South Korea (KR YOS)",пункт назначения — 26 июня 2026 года,STL HUANGPU,636021212,"18 сентября 2026 г., 09:30 UTC",LPG Tanker · флаг: Либерия · следует в: пункт назначения — 26 июня 2026 года · At Anchor · возраст: 3 лет,0.0
2026-09-09,9864306,63770.0,60611.0,230.0,36.6,8.6,2.4,5.0,2021,Сингапур,Газовоз (LPG Tanker / VLGC — Very Large Gas Carrier),Underway using Engine / В пути,LOW,"Primorsk, Russia (RU PRI)","Oita, Japan (JP OIT)",SERI EMORY,564977003,"15 октября 2026 г., 19:30 UTC",трансокеанских перевозках СУГ между экспортными терминалами США и международными рынками,0.0
2026-09-09,1076276,63500.0,58672.0,230.0,36.0,11.7,13.0,0.0,2026,Сингапур,Сверхкрупный газовоз / Сверхкрупный судно-этиленовоз (Very Large Ethane Carrier / VLGC / LPG Tanker),на якорной стоянке,LOW,"Рейд Панамского канала (Атлантическая сторона), Панама (Panama Canal Anch. Atlantic, Panama)","Tianjin, China (CN TJN)",ACS SP VOYAGER,563322200,11 августа 2026 г. в 22:41 UTC,"Сверхкрупный газовоз / Сверхкрупный судно-этиленовоз · флаг: Сингапур · отход: Рейд Панамского канала (Атлантическая сторона), Панама (Panama Canal Anch. Atlantic, Panama) · на якорной стоянке",0.0
2026-09-09,9468437,63250.0,77165.0,293.5,46.0,7.2,14.0,6.0,2020,Кипр,LNG Tanker (Газовоз),Moored (Ошвартовано),LOW,"Гаосюн, Тайвань (TW KHH)",порт Чжэпу и в настоящий момент ошвартован у терминала для проведения грузовых операций,TITAN UNIKUM,210478000,"11 октября 2026 г., 19:00 UTC",CYPRUS,0.0
2026-09-09,9655949,62150.0,67122.0,99.96,14.0,5.2,7.8,25.0,2001,Китай,Танкер для перевозки сжиженного газа и химических грузов (LPG/Chemical Tanker).,At Anchor / На якорной стоянке,LOW,"Ain Sukhna, Egypt (EG ASU)","Ningbo, China (CN NGB)",NAVIGATOR 5949,416904284,8 июня 2026 г,Танкер для перевозки сжиженного газа и химических грузов · флаг: Китай · At Anchor,0.0
2026-09-09,9431252,61100.0,65988.0,120.45,19.8,6.9,5.5,32.0,1994,Панама,LPG Tanker (Танкер для перевозки сжиженного нефтяного газа),Under way using engine,LOW,"CN STG (Шаньтоу, Китай)",TRAMB,PIONEER 1252,352002364,"9 октября 2026 г., 02:30 UTC",PANAMA,0.404
2026-09-09,9964546,60648.0,56222.0,230.0,36.6,8.9,16.3,2.0,2024,Сингапур,LNG Tanker / LNGC,Underway using Engine / В пути,LOW,"Яньтай, Китай (Yantai, China)","Бальбоа, Панама (Balboa, Panama)",GAS CHANGJIANG,563221400,31 августа 2026 г,"флаг: Сингапур · маршрут: Яньтай, Китай (Yantai, China) → Бальбоа, Панама (Balboa, Panama) · Underway using Engine · возраст: 2 лет",0.0
2026-09-09,9964558,60551.0,65395.0,230.0,36.6,12.3,13.9,2.0,2024,Сингапур IMO номер: 9964558Год постройки: 2024,Газовоз (LPG Tanker),"На ходу (использует двигатель).Маршрут: Следует в порт Яньтай (Yantai), Китай. Операционные данные: Текущая скорость — 13.9 узлов, осадка — 12.3 м. Расчетное время прибытия (ETA) — 20 июля 2026 года в 01:00. История: Последний зафиксированный порт захода — якорная стоянка Панамского канала (Atlantic side), которую судно покинуло 7 июня 2026 года. Эксплуатация и управлениеЗарегистрированный владелец: QIHANG ZHONGWAN LEASING (Китай). Коммерческий менеджер: WANHUA CHEMICAL SINGAPORE PTE (Сингапур). Технический менеджер (ISM): PG SHIPMANAGEMENT PTE LTD (Сингапур). Эксплуатационный и санкционный статусСанкционный статус: Судно не находится под международными санкциями.Профиль: GAS HUANGHE — современный газовоз (LPG Carrier) новейшей постройки (2024 год). Судно является высокотехнологичным коммерческим активом, задействованным в международных перевозках сжиженного газа под управлением профессиональных операторов. Судно не имеет рискованного профиля и эксплуатируется в рамках установленных международных коммерческих маршрутов",LOW,"Primorsk, Russia (RU PRI)",порт Яньтай (Yantai),GAS HUANGHEТип судна: Газовоз (LPG Tanker),566334855,20 июля 2026 г,"Газовоз · флаг: Сингапур IMO номер: 9964558Год постройки: 2024 · следует в: порт Яньтай (Yantai) · На ходу (использует двигатель).Маршрут: Следует в порт Яньтай (Yantai), Китай. Операционные данные: Текущая скорость — 13.9 узлов, осадка — 12.3 м. Расчетное время прибытия (ETA) — 20 июля 2026 года в 01:00. История: Последний зафиксированный порт захода — якорная стоянка Панамского канала (Atlantic side), которую судно покинуло 7 июня 2026 года. Эксплуатация и управлениеЗарегистрированный владелец: QIHANG ZHONGWAN LEASING (Китай). Коммерческий менеджер: WANHUA CHEMICAL SINGAPORE PTE (Сингапур). Технический менеджер (ISM): PG SHIPMANAGEMENT PTE LTD (Сингапур). Эксплуатационный и санкционный статусСанкционный статус: Судно не находится под международными санкциями.Профиль: GAS HUANGHE — современный газовоз (LPG Carrier) новейшей постройки (2024 год). Судно является высокотехнологичным коммерческим активом, задействованным в международных перевозках сжиженного газа под управлением профессиональных операторов. Судно не имеет рискованного профиля и эксплуатируется в рамках установленных международных коммерческих маршрутов · возраст: 2 лет",0.0
2026-09-09,1050571,60538.0,54048.0,230.0,34.0,8.1,0.0,0.0,2026,Маршалловы острова,Газовоз (LPG Tanker / VLGC),At anchor,LOW,"Jubail, Saudi Arabia (SA JUB)",USMAH,ENERGY PIONEER,538012312,24 июня 2026 г,Marshall Islands,0.419
2026-09-09,9965710,60526.0,65368.0,230.0,36.6,12.5,12.3,2.0,2024,Гонконг IMO номер: 9965710 Год постройки: 2024,Газовоз СУГ (LPG Tanker),Under way using engine,EXTREME,"Yeosu, South Korea (KR YOS)",PACTB,PACIFIC SP MINERVAТип судна: Газовоз СУГ (LPG Tanker),477928100,14 июня 2026 г,"сверхновое судно, возраст 2 года",0.414
2026-09-09,9974759,60506.0,56081.0,230.0,36.0,8.0,14.0,1.0,2025,Сингапур,"Газовоз (VLEC — Very Large Ethane Carrier, также классифицируется как LPG)",Underway using Engine / В пути,EXTREME,"Jubail, Saudi Arabia (SA JUB)",порт Кристобаль (Панама). Ожидаемое прибытие — 21 июня 2026 г. Операционная активность: GAS JESSAMINE — это высокотехнологичный газовоз нового поколения,GAS JESSAMINE,564052150,"21 сентября 2026 г., 11:30 UTC","легальной торговле энергоносителями между США и международными рынками. Судно не имеет связей с подсанкционными операторами или проектами, упомянутыми в последних отчетах OFAC (июнь 2026 г.). 4. РезюмеGAS JESSAMINE — это новейший промышленный актив, представляющий собой образец современных «зеленых» технологий в судоходстве. Эксплуатация судна полностью соответствует международным регуляторным требованиям. Комплаенс-риски отсутствуют",0.0
2026-09-09,9002491,60500.0,65340.0,223.99,36.0,11.3,3.4,23.0,2003,MOZAMBIQUE,LPG Tanker (Танкер для перевозки сжиженного нефтяного газа),"Underway using Engine (На ходу, работает двигатель)",LOW,"CN COZ (Чаочжоу, Китай)",SINGAPORE (Сингапур),PYRA,650000169,30 мая 2026 г. в 12:00 (UTC+8),Мозамбик,0.0
2026-09-09,9990519,60463.0,56103.0,230.0,36.0,10.5,0.0,1.0,2025,Либерия,LPG Tanker (танкер для перевозки сжиженного нефтяного газа),Moored,LOW,Яньтай 6 мая 2026 г.). С момента прибытия судно остается на якорной стоянке,"Oita, Japan (JP OIT)",PACIFIC INEOS SELA,636025257,"16 сентября 2026 г., 04:45 UTC",LPG Tanker · флаг: Либерия · отход: Яньтай 6 мая 2026 г.). С момента прибытия судно остается на якорной стоянке · At Anchor · возраст: 1 лет,0.651
2026-09-09,9990533,60435.0,56103.0,230.0,36.0,12.6,13.5,1.0,2025,Либерия,LPG танкер (LPG Tanker),На ходу под двигателем (Underway using Engine),LOW,"Хьюстон, США ()",порт Тяньцзинь Синган,PACIFIC INEOS MIO,636408069,12 июня 2026 г,"LPG танкер · флаг: Либерия · маршрут: Хьюстон, США () → порт Тяньцзинь Синган · На ходу под двигателем (Underway using Engine) · возраст: 1 лет",0.0
2026-09-09,1013846,60322.0,56222.0,230.0,36.0,12.5,13.7,1.0,2025,Либерия,LNG Tanker / LNGC,Underway using Engine / В пути,LOW,"Хьюстон, США ()","Яньтай, Китай (Yantai, China)",GAS MINJIANG,636024976,31 августа 2026 г,"флаг: Либерия · маршрут: Хьюстон, США () → Яньтай, Китай (Yantai, China) · Underway using Engine · возраст: 1 лет",0.0
2026-09-09,9919175,60206.0,56081.0,230.0,36.6,12.5,12.3,4.0,2022,Сингапур,Газовоз (LPG Tanker),На ходу (Under way using Engine),LOW,"Rotterdam, Netherlands (NL RTM)","Ulsan, South Korea (KR USN)",GAS BLUEBONNET,564204682,12 июня 2026 г,Газовоз · флаг: Сингапур · На ходу (Under way using Engine) · возраст: 4 лет,0.0
2026-09-09,1030260,59800.0,64584.0,230.0,36.0,9.5,13.0,14.0,2012,SINGAPORE,LPG Tanker (Танкер для перевозки сжиженного нефтяного газа).,At Anchor (На якоре),LOW,"CN LYG (Ляньюньган, Китай)","PORT ARTHUR ANCH (Якорная стоянка Порт-Артур, США)",GAS VIOLET,1030260,8 мая 2026 г,Сингапур,0.0
2026-09-09,9707508,59700.0,72834.0,291.08,45.8,9.5,5.4,24.0,2002,BERMUDA,LNG Tanker (Танкер для перевозки сжиженного природного газа).,"Underway using Engine (На ходу, используется двигатель)",LOW,ADRIATIC LNG (Италия),"US NSS (Сабин-Пасс, США)",GASLOG GENEVA,9707508,9 мая 2026 г,Бермудские острова,0.0
2026-09-09,9864966,59654.0,60784.0,229.98,36.5,12.3,15.6,5.0,2021,Сингапур,LPG Tanker (танкер для перевозки сжиженного нефтяного газа),At Anchor / На якорной стоянке,LOW,"Yanbu, Saudi Arabia (SA YNB)",направлении Кристобаля (Панама),SERI ERLANG,563123800,"10 октября 2026 г., 19:00 UTC",LPG Tanker · флаг: Сингапур · следует в: направлении Кристобаля (Панама) · At Anchor · возраст: 5 лет,0.0
2026-09-09,9864954,59642.0,60784.0,229.98,36.5,8.9,13.0,6.0,2020,Сингапур,LPG Tanker (танкер для перевозки сжиженного нефтяного газа),At Anchor / На якорной стоянке,LOW,"Primorsk, Russia (RU PRI)","Zhangpu, China (CN ZAP)",SERI EVEREST,563119500,"25 сентября 2026 г., 17:00 UTC",LPG Tanker · флаг: Сингапур · At Anchor · возраст: 6 лет,0.0
2026-09-09,9443401,59400.0,72468.0,345.0,53.83,9.4,14.0,13.0,2013,Marshall Islands,LNG Tanker (Танкер для перевозки сжиженного природного газа),At Anchor (На якоре),LOW,"KR INC (Инчхон, Южная Корея)","MUMBAI ANCH (Мумбаи, Индия)",AAMIRA,9443401,"16 октября 2026 г., 10:30 UTC",Маршалловы Острова,0.0
2026-09-09,9932581,59320.0,51931.0,227.0,36.6,8.0,13.5,3.0,2023,Маршалловы острова,Газовоз для перевозки сжиженного нефтяного газа (LPG Tanker / VLGC — Very Large Gas Carrier),На ходу (Under way),LOW,"Ras Laffan, Qatar (QA RLF)",порт Порт-Луи,KAEDE,538735524,14 июня 2026 г,международных логистических цепочках по перевозке энергоносителей из регионов Ближнего Востока и Азии,0.0
2026-09-09,9945203,59206.0,51976.0,227.0,36.6,8.0,0.0,2.0,2024,Либерия,Газовоз / LPG Tanker,At anchor,LOW,"Порт-Эдвард, Канада (Port Edward, Canada)",CA PRR,BOREAL VOYAGER,636023667,12 августа 2026 г,"Газовоз / LPG Tanker · флаг: Либерия · маршрут: Порт-Эдвард, Канада (Port Edward, Canada) → Цзяньинь, Китай (Jiangyin, China) · Underway using Engine · возраст: 2 лет",0.655
2026-09-09,9752280,59138.0,57509.0,227.86,36.5,11.7,15.1,10.0,2016,Маршалловы Острова,LPG Tanker (танкер для перевозки сжиженного нефтяного газа).,At Anchor / На якорной стоянке,LOW,"Jubail, Saudi Arabia (SA JUB)",порт Дахедж (Dahej),GAS 2280,538439057,3 июля 2026 г,LPG Tanker · флаг: Маршалловы Острова · следует в: порт Дахедж (Dahej) · At Anchor · возраст: 10 лет,0.0
2026-09-09,9849629,59100.0,63828.0,228.45,36.0,7.7,1.2,10.0,2016,KUWAIT,LPG Tanker (Танкер для перевозки сжиженного газа),"Underway using Engine (На ходу, под мотором)",LOW,"PH MVS (Маривелес, Филиппины)","OM SOH (Сохар, Оман) / SOHAR OPL",GAS AL AHMADIAH,447275000,25 апреля 2026 г. в 16:00 (UTC+4),Кувейт,0.0
2026-09-09,9752278,59087.0,57509.0,227.86,36.5,9.5,16.6,10.0,2016,Маршалловы Острова,Газовоз для перевозки этана / СУГ (VLEC — Very Large Ethane Carrier / LPG Tanker),Underway using Engine / В пути,LOW,"Ras Laffan, Qatar (QA RLF)","Ulsan, South Korea (KR USN)",ETHANE CRYSTALIMO номер: 9752278,538695900,4 июля 2026 г,Газовоз для перевозки этана / СУГ · флаг: Маршалловы Острова · Underway using Engine · возраст: 10 лет,0.0
2026-09-09,9752307,59083.0,57494.0,227.87,36.5,11.5,13.7,9.0,2017,Маршалловы Острова,Газовоз / Сверхкрупный газовоз (LPG / VLGC / Ethane carrier),At Anchor / На якорной стоянке,LOW,"Порт-Артур (якорная стоянка), США (Port Arthur Anch., United States)","Дахедж, Индия (Dahej, India)",ETHANE PEARL,538006977,1 сентября 2026 г,"Газовоз / Сверхкрупный газовоз · флаг: Маршалловы Острова · маршрут: Порт-Артур (якорная стоянка), США (Port Arthur Anch., United States) → Дахедж, Индия (Dahej, India) · At Anchor · возраст: 9 лет",0.0
2026-09-09,9752618,59069.0,57509.0,227.87,36.5,9.7,13.1,9.0,2017,Маршалловы Острова,Танкер для перевозки этана (VLEC — Very Large Ethane Carrier).,At Anchor / На якорной стоянке,LOW,"Sidi Kerir, Egypt (EG SDK)",направлении Бомонта (США),ETHANE TOPAZ,538006979,"28 октября 2026 г., 23:45 UTC",Танкер для перевозки этана · флаг: Маршалловы Острова · следует в: направлении Бомонта (США) · At Anchor · возраст: 9 лет,0.0
2026-09-09,9938511,58995.0,52121.0,227.0,36.6,7.6,13.0,4.0,2022,Либерия (LR),Танкер для перевозки сжиженного нефтяного газа (LPG Tanker).,судно на якоре,LOW,"Marcus Hook, USA (US MHK)",балласте или с минимальной загрузкой,PACIFICATOR,636021070,"25 октября 2026 г., 19:30 UTC",Танкер для перевозки сжиженного нефтяного газа · флаг: Либерия (LR) · следует в: балласте или с минимальной загрузкой · судно на якоре · возраст: 4 лет,0.0
2026-09-09,9415698,58950.0,63666.0,225.0,36.0,7.8,13.9,22.0,2004,ИНДИЯ,LPG Tanker (Танкер для перевозки сжиженного нефтяного газа),Underway using Engine (На ходу),LOW,"Кандла, Индия (IN IXY)","Халдия, ИНДИЯ (IN HAL)",GAS SHAKTI,419469826,25 мая 2026 г,INDIA,0.0
2026-09-09,9347504,58691.0,47173.0,225.0,36.6,8.3,12.3,19.0,2007,Португалия,"Газовоз LPG / Танкер (LPG Tanker, HAZ-B)",в активном ходовом транзите,EXTREME,"Порт-Кланга (Малайзия, отправление 3 июля 2026 года)","Chiba, Japan (JP CHB)","CAPTAIN JOHN N (исторические наименования: BW Empress, Berge Empress)",255915947,13 августа 2026 г,Регистр Мадейры — признанный «белый» флаг IMO,0.0
2026-09-09,9938054,58607.0,53638.0,229.9,36.6,8.9,0.0,3.0,2023,Либерия,Сверхкрупный газовоз / Газовоз класса VLGC (LPG Tanker / Very Large Gas Carrier),At anchor,LOW,"Рейд Суралая, Индонезия (Suralaya Anch)",IDTSE>>USNDX,HLS EMERALD,636022185,6 сентября 2026 г,"Сверхкрупный газовоз / Газовоз класса VLGC · флаг: Либерия · маршрут: Рейд Суралая, Индонезия (Suralaya Anch) → Недерленд, США (Nederland, United States) — порт на побережье Техаса (нефтегазовый и логистический хаб Sunoco / терминалы Beaumont-Port Arthur) · At Anchor · возраст: 3 лет",0.654
2026-09-09,9249049,58591.0,47046.0,225.28,36.6,12.2,14.4,23.0,2003,Панама,Газовоз / Танкер для перевозки СУГ (LPG Tanker / VLGC),At Anchor / На якорной стоянке,LOW,"Якорная стоянка марины Лимон-Бей, Панама ()","Нагоя, Япония (Nagoya, Japan)",KODAIJISAN,354453000,18 августа 2026 г,"Газовоз / Танкер для перевозки СУГ · флаг: Панама · маршрут: Якорная стоянка марины Лимон-Бей, Панама () → Нагоя, Япония (Nagoya, Japan) · At Anchor · возраст: 23 лет",0.0
2026-09-09,9315680,58585.0,63272.0,225.27,36.6,7.6,13.9,20.0,2006,Индия,Газовоз для перевозки СУГ (LPG Tanker),На ходу (в пути),LOW,"Jubail, Saudi Arabia (SA JUB)",порт Хьюстон (Houston),PINE GAS,419915068,20 июня 2026 г,Газовоз для перевозки СУГ · флаг: Индия · следует в: порт Хьюстон (Houston) · На ходу (в пути) · возраст: 20 лет,0.0
2026-09-09,9387750,58560.0,63245.0,225.28,36.6,10.2,13.0,17.0,2009,Маршалловы Острова,LPG Tanker (Танкер для перевозки сжиженного газа),Moored (Ошвартован),LOW,"Jubail, Saudi Arabia (SA JUB)","Chiba, Japan (JP CHB)",VISHVAKARMAA,538010314,"5 сентября 2026 г., 11:45 UTC",LPG Tanker · флаг: Маршалловы Острова · Moored (Ошвартован) · возраст: 17 лет,0.0
2026-09-09,9387762,58551.0,47266.0,225.28,36.6,8.3,13.0,17.0,2009,"Панама (согласно данным спецификации), хотя AIS может указывать на Арубу",Газовоз (LPG Tanker),На якоре (At anchor) в районе Сингапура,HIGH,"Houston, USA (US HOU)","Rotterdam, Netherlands (NL RTM)",GALVIN,351367222,"28 сентября 2026 г., 10:30 UTC","Газовоз · флаг: Панама (согласно данным спецификации), хотя AIS может указывать на Арубу · На якоре (At anchor) в районе Сингапура · возраст: 17 лет",0.0
2026-09-09,9555008,58495.0,53694.0,229.9,36.6,11.9,15.7,3.0,2023,Либерия,Газовоз / Танкер для сжиженного нефтяного газа (LPG Tanker),Underway using Engine / В пути,LOW,США,"Порвоо, Финляндия / Porvoo, Finland",OCEANUS AURORA,636021172,21 августа 2026 г,"Газовоз / Танкер для сжиженного нефтяного газа · флаг: Либерия · маршрут: США → Порвоо, Финляндия / Porvoo, Finland · Underway using Engine · возраст: 3 лет",0.0
2026-09-09,9407122,58448.0,47141.0,225.0,36.6,7.7,13.5,17.0,2009,Маршалловы Острова,Газовоз / Танкер для перевозки СУГ (LPG Tanker / VLGC),Underway using Engine / В пути,LOW,"Хуанхуа, Китай (Huanghua, China)","Йосу, Южная Корея (Yeosu, Korea)",FRITZIN,538010305,6 августа 2026 г,международных морских перевозках сжиженного углеводородного газа на маршрутах между терминалами Восточной Азии,0.0
2026-09-09,9744776,58400.0,63072.0,159.94,25.2,8.1,12.3,6.0,2020,Либерия,LPG Tanker (Танкер для перевозки сжиженного газа),Under way (На ходу),LOW,"Ras Laffan, Qatar (QA RLF)",порт Хьюстон. Текущая скорость и навигационный статус соответствуют графику прибытия,GASCHEM DOLLART,636024861,7 июня 2026 г,LPG Tanker · флаг: Либерия · следует в: порт Хьюстон. Текущая скорость и навигационный статус соответствуют графику прибытия · Under way (На ходу) · возраст: 6 лет,0.0
2026-09-09,9360879,58400.0,71248.0,315.0,50.0,9.3,0.2,17.0,2009,Багамские Острова,Газовоз (LNG Tanker),На якоре (At Anchor),LOW,"Галле, Шри-Ланка (Galle Anch.)",«FOR ORDERS» (Судно следует в ожидании коммерческих распоряжений),AL HUWAILA,308701952,"7 октября 2026 г., 19:30 UTC",Bahamas,0.0
2026-09-09,9350290,58400.0,63072.0,226.0,36.6,11.5,12.6,24.0,2002,INDIA,LPG Tanker (Танкер для перевозки сжиженного нефтяного газа),Underway (В пути),HIGH,"QA RLF (Ras Laffan, Катар)",INDIASHIP ALLINDIAN,BW LOYALTY,419001720,4 мая 2026 г,Индия,0.0
2026-09-09,9937074,58265.0,62926.0,230.0,37.0,8.0,13.0,2.0,2024,"Панама Габариты: Длина (LOA) — 230 м, ширина — 37 м 2. Оперативные данные (Контрольный блок)Навигационный статус: Moored (Ошвартован)Локация: Порт Фрипорт, США Скорость (Speed): 0.0 узла Осадка (Draught): 8.0 м Актуальность: Данные получены 7 июня 2026 года3. Анализ параметровАнализ скорости: Статус «Moored» подтверждает, что судно завершило переход и находится у причала в порту Фрипорт, США.Анализ осадки: Осадка 8.0 м при",LPG Tanker (Танкер для перевозки сжиженного газа),"Moored (Ошвартован)Локация: Порт Фрипорт, США Скорость (Speed): 0.0 узла Осадка (Draught): 8.0 м Актуальность: Данные получены 7 июня 2026 года3. Анализ параметровАнализ скорости: Статус «Moored» подтверждает, что судно завершило переход и находится у причала в порту Фрипорт, США.Анализ осадки: Осадка 8.0 м при дедвейте 58 265 т является рабочим показателем для данного класса судов в ходе проведения портовых операций.4. Риск-профильСанкции: Не числится в санкционных списках.Оператор: Современный танкер 2024 года постройки, входящий во флот PT Pertamina International Shipping. Заключение: Объект классифицируется как «Активен / Коммерческий энергетический транспорт». Судно выполняет плановую логистическую деятельность. Риск взаимодействия оценивается как низкий",LOW,"Ras Laffan, Qatar (QA RLF)","Oita, Japan (JP OIT)",PERTAMINA GAS DAHLIA,352003540,"8 сентября 2026 г., 13:45 UTC","LPG Tanker · флаг: Панама Габариты: Длина (LOA) — 230 м, ширина — 37 м 2. Оперативные данные (Контрольный блок)Навигационный статус: Moored (Ошвартован)Локация: Порт Фрипорт, США Скорость (Speed): 0.0 узла Осадка (Draught): 8.0 м Актуальность: Данные получены 7 июня 2026 года3. Анализ параметровАнализ скорости: Статус «Moored» подтверждает, что судно завершило переход и находится у причала в порту Фрипорт, США.Анализ осадки: Осадка 8.0 м при · Moored (Ошвартован)Локация: Порт Фрипорт, США Скорость (Speed): 0.0 узла Осадка (Draught): 8.0 м Актуальность: Данные получены 7 июня 2026 года3. Анализ параметровАнализ скорости: Статус «Moored» подтверждает, что судно завершило переход и находится у причала в порту Фрипорт, США.Анализ осадки: Осадка 8.0 м при дедвейте 58 265 т является рабочим показателем для данного класса судов в ходе проведения портовых операций.4. Риск-профильСанкции: Не числится в санкционных списках.Оператор: Современный танкер 2024 года постройки, входящий во флот PT Pertamina International Shipping. Заключение: Объект классифицируется как «Активен · возраст: 2 лет",0.0
2026-09-09,9930296,58247.0,53573.0,229.9,36.6,12.0,15.1,3.0,2023,Маршалловы Острова,Танкер для перевозки сжиженного нефтяного газа (LPG Tanker).,Underway using Engine / В пути,LOW,"Yeosu, South Korea (KR YOS)",порт Мангалор (Mangalore),GAS 0296,538611974,28 июня 2026 г,Танкер для перевозки сжиженного нефтяного газа · флаг: Маршалловы Острова · следует в: порт Мангалор (Mangalore) · Underway using Engine · возраст: 3 лет,0.0
2026-09-09,9337731,58200.0,71004.0,315.17,50.04,9.6,10.6,4.0,2022,ОМАН,LNG Tanker (Танкер для перевозки сжиженного природного газа),Underway using Engine (На ходу),LOW,"Янцзян (Янцзян), Китай (CN YKG)",указанный район для получения дальнейших коммерческих инструкций,TEMBEK,636040328,"28 октября 2026 г., 22:15 UTC","LNG Tanker · флаг: ОМАН · маршрут: Янцзян (Янцзян), Китай (CN YKG) → указанный район для получения дальнейших коммерческих инструкций · Underway using Engine (На ходу)",0.0
2026-09-09,9320764,58159.0,47386.0,225.27,36.6,11.6,14.8,18.0,2008,Индия,Газовоз / LPG Tanker,Underway using Engine / В пути,LOW,"Хьюстон, США (Houston, United States)","Мангалур, Индия (Mangalore, India)",BW OAK,419001669,3 августа 2026 г,"Газовоз / LPG Tanker · флаг: Индия · маршрут: Хьюстон, США (Houston, United States) → Мангалур, Индия (Mangalore, India) · Underway using Engine · возраст: 18 лет",0.0
2026-09-09,9969845,58155.0,54492.0,230.0,36.6,8.4,14.9,2.0,2024,Сингапур,Газовоз (LPG Tanker / VLGC),На ходу (в районе исключительной экономической зоны Южной Африки),LOW,"Houston, USA (US HOU)",порт Хьюстон (Houston),GAS VELA,565870542,25 июня 2026 г,Singapore,0.0
2026-09-09,9320752,58136.0,47386.0,225.27,36.6,12.0,13.4,19.0,2007,Индия,Multi Purpose Offshore Vessel (Многоцелевое судно обеспечения офшорных платформ),Underway using Engine / В пути,LOW,Singapore (SG SIN),порт Кристобаль (Панама) с ожидаемым временем прибытия (ETA) 8 июня 2026 года,PACIFIC 0752,419252731,"14 октября 2026 г., 16:00 UTC",флаг: Индия · следует в: порт Кристобаль (Панама) с ожидаемым временем прибытия (ETA) 8 июня 2026 года · Underway using Engine · возраст: 19 лет,0.0
2026-09-09,9320740,58123.0,47386.0,225.48,36.6,8.0,13.7,19.0,2007,Индия,Газовоз / Крупнотоннажный газовоз (LPG Tanker / VLGC),Under way using engine,LOW,"Кочин, Индия (Cochin, India)","Арзев, Алжир (Arzew, Algeria)",BW BIRCH,419001563,8 сентября 2026 г,"Газовоз / Крупнотоннажный газовоз · флаг: Индия · маршрут: Кочин, Индия (Cochin, India) → Арзев, Алжир (Arzew, Algeria) · снижение хода · возраст: 19 лет",0.395
2026-09-09,9320738,58063.0,47386.0,225.48,36.6,8.2,11.0,19.0,2007,Зимбабве,Газовоз (LPG / VLGC),kn,LOW,"Yanbu, Saudi Arabia (SA YNB)",зону Раопинг (Raoping,"FAS GAS (бывш. GAS SERENITY, GAS PRINCESS)",636596480,"18 сентября 2026 г., 08:45 UTC",флаг «удобства» для судов такого типа,0.0
2026-09-09,9933509,58060.0,62705.0,230.0,36.6,8.5,0.0,3.0,2023,Сингапур,Газовоз (LPG Tanker / VLGC),Moored,LOW,"Marcus Hook, USA (US MHK)",TARGA,HENBIT,563203300,"27 сентября 2026 г., 23:00 UTC","Газовоз · флаг: Сингапур · На якорной стоянке (в районе Суапе, Бразилия) · возраст: 3 лет",0.656
2026-09-09,9353242,58000.0,62640.0,225.29,36.64,7.1,1.2,5.0,2021,MARSHALL ISLANDS,LPG Tanker (Танкер для перевозки сжиженного нефтяного газа),Underway (В пути),LOW,"AE SHJ (Шарджа, ОАЭ)",SHARJAH ANCH (Якорная стоянка Шарджи),HAANA,538011959,30 апреля 2026 г. в 17:00 (UTC+4),Маршалловы Острова,0.0
2026-09-09,9922768,57975.0,54634.0,230.0,36.6,12.2,14.8,3.0,2023,Сингапур,LPG Tanker (газовоз),Underway using Engine / В пути,LOW,"Marcus Hook, USA (US MHK)",пункт назначения — 24—25 июня 2026 года,HARZAND,563181500,"18 сентября 2026 г., 02:30 UTC",LPG Tanker · флаг: Сингапур · следует в: пункт назначения — 24—25 июня 2026 года · Underway using Engine · возраст: 3 лет,0.0
2026-09-09,9941441,57961.0,54634.0,230.0,36.6,8.2,15.2,3.0,2023,Сингапур,Газовоз / LPG Tanker (VLGC),Underway using Engine / В пути,LOW,Сингапур,"Недерланд, США (Nederland, USA)",MADAM XIAN,563200900,24 августа 2026 г,международных морских перевозках сжиженных углеводородных газов,0.0
2026-09-09,9904091,57847.0,53471.0,229.97,36.6,11.9,13.0,4.0,2022,Франция,Газовоз / LPG Tanker,судно находится в статичном положении на стоянке / в дрейфе,LOW,"Фрипорт (якорная стоянка), США (Freeport Anch., United States)","Huizhou, China (CN HUI)",JEAN RASPAIL,228406700,5 января 2027 г,"Газовоз / LPG Tanker · флаг: Франция · отход: Фрипорт (якорная стоянка), США (Freeport Anch., United States) · судно находится в статичном положении на стоянке · возраст: 4 лет",0.0
2026-09-09,9953535,57800.0,70516.0,293.0,45.8,11.6,16.6,7.0,2019,Россия,Танкер-газовоз (LNG Tanker),At Anchor / На якорной стоянке,LOW,"Gladstone LNG, Australia (AU GLA)","Shanghai LNG, China (CN SHA)",ZARYA,273735889,"9 октября 2026 г., 06:00 UTC",Танкер-газовоз · флаг: Россия · At Anchor,0.0
2026-09-09,9904211,57749.0,53471.0,229.97,36.6,7.8,15.7,4.0,2022,Франция,Газовоз / Танкер для перевозки СУГ (LPG Tanker),судно на ходу на высокой крейсерской скорости,LOW,"Момбаса, Кения ()","Chiba, Japan (JP CHB)",FREYCINET,228406800,28 июля 2026 г,"Газовоз / Танкер для перевозки СУГ · флаг: Франция · отход: Момбаса, Кения () · судно на ходу на высокой крейсерской скорости · возраст: 4 лет",0.0
2026-09-09,9212577,57700.0,62316.0,108.0,16.8,5.4,0.1,15.0,2011,Сент-Китс и Невис,LPG/Chemical Tanker (Танкер для перевозки сжиженного газа и химпродуктов),At Anchor (На якоре),MID,"FUJAIRAH (Эль-Фуджайра, ОАЭ), выход 24 марта 2026 г. в 16:12 UTC+4","AE KLF (Хор-Факкан, ОАЭ)",CARGO 2577,341705001,26 марта 2026 г. в 12:29 UTC+4,Saint Kitts and Nevis,0.0
2026-09-09,1014058,57447.0,51899.0,226.97,36.5,12.1,14.6,0.0,2026,Панама,LPG Tanker (газовоз),Underway using Engine / В пути,LOW,"Jubail, Saudi Arabia (SA JUB)",пункт назначения — 21—22 июня 2026 года,GAS KING,352005692,"7 октября 2026 г., 22:00 UTC",LPG Tanker · флаг: Панама · следует в: пункт назначения — 21—22 июня 2026 года · Underway using Engine,0.0
2026-09-09,1013377,57150.0,61722.0,190.0,30.0,7.5,16.2,17.0,2009,БЕЛЬГИЯ,LPG Tanker (Танкер для перевозки сжиженного нефтяного газа),Restricted Manoeuvrability (Ограниченная маневренность),LOW,"Ульсан, Южная Корея (KR USN)",HMD H.8389 SEA TRIAL (Район ходовых испытаний судоверфи HD Hyundai Mipo),ANTWERPEN,636465589,"24 сентября 2026 г., 15:45 UTC",BELGIUM,0.0
2026-09-09,9952983,57050.0,54198.0,215.0,32.2,9.3,10.0,27.0,1999,LIBERIA,Multi Purpose Offshore Vessel (Многоцелевое судно обеспечения офшорных платформ),Underway / В плавании,LOW,"Houston, USA (US HOU)","Piraeus, Greece (GR PIR)",ATLAS 2983,636224695,"20 октября 2026 г., 13:15 UTC",Underway,0.0
2026-09-09,9866017,57050.0,61614.0,72.0,12.0,4.5,0.4,5.0,2021,ЯПОНИЯ,LPG/Chemical Tanker (Танкер для перевозки сжиженного нефтяного газа и химикатов),At Anchor (На якоре),LOW,"Йоккаити, Япония (JP YKK)","Ойкава, ЯПОНИЯ (OIKAWA ANCH)",HOURIN MARU NO.1,431778289,"6 сентября 2026 г., 17:00 UTC",JAPAN,0.0
2026-09-09,9397298,56900.0,69418.0,345.28,53.8,9.3,1.2,18.0,2008,МАРШАЛЛОВЫ ОСТРОВА,LNG Tanker (Танкер для перевозки сжиженного природного газа),На ходу (Underway using Engine),LOW,"Пхёнтхэк, Южная Корея (KR PTK)",«FOR ORDERS» (Судно следует в ожидании дальнейших распоряжений),AL MAYEDA,538003356,"27 сентября 2026 г., 06:45 UTC",MARSHALL ISLANDS,0.0
2026-09-09,9719288,56900.0,61452.0,180.0,29.43,7.1,11.0,19.0,2007,БЕЛЬГИЯ,LPG Tanker (Танкер для перевозки сжиженного нефтяного газа),Underway using Engine (На ходу),LOW,"Кандла, Индия (IN IXY)",зону ожидания распоряжений для дальнейшей работы,KRUIBEKE,636881652,"7 октября 2026 г., 16:00 UTC",BELGIUM,0.0
2026-09-09,9193733,56745.0,49292.0,225.75,36.4,8.9,14.0,25.0,2001,Гонконг (Hong Kong) Технические характеристики,Танкер-газовоз LPG / VLGC (Very Large Gas Carrier),Underway using Engine / В пути,MID,"Yeosu, South Korea (KR YOS)","Ar Ruways (Ruwais), UAE (Эр-Рувайс, ОАЭ — крупный газоперерабатывающий и экспортный терминал ADNOC). Операционный менеджментЗарегистрированный владелец: Shunxingli Trading Co Ltd Коммерческий менеджер: Shunxingli Trading Co Ltd Технический / ISM Менеджер: Eagle Marine Shipmanagement Анализ рисков и комплаенс-статусСанкционный статус: ПРЯМЫХ ПЕРСОНАЛЬНЫХ САНКЦИЙ OFAC / EU / UK В НАСТОЯЩИЙ МОМЕНТ НЕТ. Уровень риска: СРЕДНИЙ-ПОВЫШЕННЫЙ / МОНИТОРИНГ (MEDIUM RISK / FLEET AGING).Ключевые факторы риска:Возрастной фактор (25 лет): Для крупного газовоза (VLGC) 25 лет — предельный срок эксплуатации, требующий повышенного контроля технического состояния (PSC) и проверки наличия покрытия IACS/P&I.География операций (ОАЭ — КНР): Регулярная челночная работа на линии Персидский залив (Эр-Рувайс / Оман) — Юго-Восточная Азия / Китай (Гуангао, Чжухай).Прозрачность структуры владения: Зарегистрированный владелец (Shunxingli Trading Co Ltd) представляет собой частную структуру, специализирующуюся на азиатском транзите СУГ.Заключение для целей Due DiligenceRONG HAO (IMO 9193733) — крупный танкер-газовоз LPG (25 лет) под флагом Гонконга. В отличие от сырьевых «теневых» танкеров, судно задействовано в легальном торговом обороте сжиженного газа между ОАЭ и Китаем. ⚠️ СТАТУС (ALLOW WITH MONITORING / CONDITIONAL): Прямые блокирующие ограничения отсутствуют. Судно пригодно для стандартных операций, однако требует базового аудита техсостояния и проверки страхового покрытия ввиду возраста (25 лет)","RONG HAO (ранее: GAS COUGAR, GAS ECLIPSE)",477212200,"25 октября 2026 г., 20:45 UTC","легальном торговом обороте сжиженного газа между ОАЭ и Китаем. ⚠️ СТАТУС (ALLOW WITH MONITORING / CONDITIONAL): Прямые блокирующие ограничения отсутствуют. Судно пригодно для стандартных операций, однако требует базового аудита техсостояния и проверки страхового покрытия ввиду возраста (25 лет)",0.0
2026-09-09,9947483,56711.0,50849.0,230.0,36.6,11.8,14.6,3.0,2023,Панама,Газовоз / LPG Tanker (HAZ-D),Underway using Engine / В пути,LOW,"Хьюстон, США (Houston, United States)","Танджунг-Секонг, Индонезия (Tanjung Sekong, Indonesia)",PHOENIX HARMONIA,352002825,31 августа 2026 г,"Газовоз / LPG Tanker · флаг: Панама · маршрут: Хьюстон, США (Houston, United States) → Танджунг-Секонг, Индонезия (Tanjung Sekong, Indonesia) · Underway using Engine · возраст: 3 лет",0.0
2026-09-09,9833199,56600.0,61128.0,229.9,37.24,11.4,15.3,18.0,2008,SINGAPORE,LPG Tanker (Танкер для перевозки сжиженного нефтяного газа),Underway using Engine / В пути,LOW,"US HOU (Хьюстон, Техас, США)","MU PLU (Порт-Луи, Маврикий)",CRYSTAL ANGEL,9833199,4 июня 2026 г,Сингапур,0.0
2026-09-09,9984728,56549.0,49267.0,230.0,32.25,12.0,10.4,1.0,2025,Либерия,Газовоз / Танкер для перевозки СУГ (LPG Tanker / Large Gas Carrier),трансокеанский переход после прохода Панамского канала,LOW,"Панамский канал (якорная стоянка со стороны Тихого океана), Панама (Panama Canal Anch. Pacific, Panama)","Нинбо, Китай (Ningbo, China)",CORFU GAS,636022843,27 августа 2026 г,стратегических трансокеанских поставках сжиженного углеводородного газа на магистральных маршрутах между Америкой и Азиатско-Тихоокеанским регионом,0.0
2026-09-09,9993626,56495.0,49267.0,230.0,33.0,11.8,13.7,0.0,2026,Либерия,Газовоз / Танкер для перевозки СУГ (LPG Tanker / VLGC),At Anchor / На якорной стоянке,LOW,Тихоокеанский якорный рейд Панамского канала (),"Нинбо, Китай (CN NGB FOR ORDERS — в распоряжении фрахтователя/на подход к порту)",BONNEVILLE,636022845,20 августа 2026 г,"Газовоз / Танкер для перевозки СУГ · флаг: Либерия · маршрут: Тихоокеанский якорный рейд Панамского канала () → Нинбо, Китай (CN NGB FOR ORDERS — в распоряжении фрахтователя/на подход к порту) · At Anchor",0.0
2026-09-09,9987550,56457.0,49267.0,230.0,33.0,7.5,13.0,1.0,2025,Либерия,LPG Tanker (танкер для перевозки сжиженного нефтяного газа),At Anchor / На якорной стоянке,LOW,"Yeosu, South Korea (KR YOS)",порт Хьюстон (США) с ожидаемым прибытием 7 июня 2026 года,ITHACA GAS,636022844,"13 сентября 2026 г., 22:00 UTC",LPG Tanker · флаг: Либерия · следует в: порт Хьюстон (США) с ожидаемым прибытием 7 июня 2026 года · At Anchor · возраст: 1 лет,0.0
2026-09-09,9978781,56415.0,49561.0,229.9,37.2,7.9,18.4,1.0,2025,Сингапур (Singapore) IMO номер: 9978781 Год постройки: 2025,Газовоз (LPG/Ammonia Carrier),"На ходу (использует двигатель).Маршрут: Следует в порт Хьюстон (Houston), США. Операционные данные: Текущая скорость — 18.4 узла, осадка — 7.9 м. Расчетное время прибытия (ETA) — 24 июня 2026 года в 02:00. История: Последний зафиксированный порт захода — Халдия (Haldia), Индия, который судно покинуло 22 мая 2026 года. Эксплуатация и управлениеВладелец: Kumiai Navigation (Pte) Ltd. Технический менеджер (ISM): Anglo-Eastern Shipmanagement (Singapore) Pte. Ltd. Контекст и статус: CRYSTAL EXPLORER — современное, высокотехнологичное судно, введенное в эксплуатацию в 2025 году. Оно предназначено для транспортировки сжиженных газов (LPG) и аммиака. Судно не находится под международными санкциями. Оно является высококлассным активом, эксплуатируемым уважаемыми компаниями в строгом соответствии с международными морскими стандартами и требованиями безопасности",LOW,"Chiba, Japan (JP CHB)",порт Хьюстон (Houston),CRYSTAL EXPLORERТип судна: Газовоз (LPG/Ammonia Carrier),564414112,24 июня 2026 г,"верфь Kawasaki Heavy Industries, Япония",0.0
2026-09-09,9980150,56380.0,49561.0,229.9,37.2,11.4,13.3,1.0,2025,Панама,"Сверхбольшой газовоз / Очень крупный газовоз сжиженного нефтяного газа (VLGC / LPG Tanker, категория HAZ-D)",транстихоокеанский переход из зоны Панамского канала к берегам Японии,LOW,"Рейд Пенья-Бланка, Панама (Pena Blanca Anch., Panama)","Имари, Япония (Imari, Japan)",LUNA PATHFINDER,352005790,14 августа 2026 г,"Сверхбольшой газовоз / Очень крупный газовоз сжиженного нефтяного газа · флаг: Панама · маршрут: Рейд Пенья-Бланка, Панама (Pena Blanca Anch., Panama) → Имари, Япония (Imari, Japan) · транстихоокеанский переход из зоны Панамского канала к берегам Японии · возраст: 1 лет",0.0
2026-09-09,9997189,56378.0,49784.0,229.9,37.2,8.8,0.0,1.0,2025,Маршалловы Острова,Танкер для перевозки сжиженного нефтяного газа (LPG) и химических грузов.,Moored,LOW,"Ras Laffan, Qatar (QA RLF)",SUNOCO DOCK 1,NAVIGATOR 7189,538011891,3 июля 2026 г,Танкер для перевозки сжиженного нефтяного газа · флаг: Маршалловы Острова · следует в: порт Дхамра (Dhamra Port) · Underway using Engine · возраст: 1 лет,0.419
2026-09-09,9997177,56331.0,49561.0,229.9,37.2,8.3,14.0,1.0,2025,Сингапур,Газовоз (LPG / VLGC — Very Large Gas Carrier),На ходу (в пути),LOW,"Порт-Саид (якорная стоянка), Египет, отход 6 июня 2026 г","Oita, Japan (JP OIT)",CRYSTAL ODYSSEY,565224300,6 июня 2026 г,"Газовоз · флаг: Сингапур · отход: Порт-Саид (якорная стоянка), Египет, отход 6 июня 2026 г · На ходу (в пути) · возраст: 1 лет",0.0
2026-09-09,9733533,56300.0,60804.0,119.98,20.0,5.6,0.1,21.0,2005,SINGAPORE,LPG/Chemical Tanker (Танкер для перевозки сжиженного газа и химикатов),At Anchor (На якоре),LOW,"AE SHJ (Шарджа, ОАЭ)","AE SHJ (Шарджа, ОАЭ)",EPIC SENTOSA,565502000,17 апреля 2026 г. в 12:00 (UTC+4),Сингапур,0.0
2026-09-09,1051630,56192.0,49698.0,229.82,32.25,11.9,15.2,0.0,2026,Либерия,Multi Purpose Offshore Vessel (Многоцелевое судно обеспечения офшорных платформ),на скриншоте image_5b954c.jpg зафиксирована скорость 16.1 узла,LOW,"Pena Blanca Anch. (Панама), отход 2 июня 2026 года в 16:07 UTC. Первоначальная точка отправления до транзита через Панамский канал — Маркус-Хук (США, MARCUS HOOK ANCH), откуда танкер вышел 25 мая 2026 года в 05:59 UTC-4","Тиба, Япония (JP CHB)",ATLAS 1630,636794583,25 июня 2026 г,"флаг: Либерия · маршрут: Pena Blanca Anch. (Панама), отход 2 июня 2026 года в 16:07 UTC. Первоначальная точка отправления до транзита через Панамский канал — Маркус-Хук (США, MARCUS HOOK ANCH), откуда танкер вышел 25 мая 2026 года в 05:59 UTC-4 → Тиба, Япония (JP CHB) · на скриншоте image_5b954c.jpg зафиксирована скорость 16.1 узла",0.0
2026-09-09,1026829,56171.0,50498.0,230.0,32.0,7.5,6.9,0.0,2026,Норвегия,"LPG Tanker (танкер для перевозки сжиженного нефтяного газа, класс «Hazard D»)",At Anchor / На якорной стоянке,LOW,"Yeosu, South Korea (KR YOS)",порт Хьюстон (США) с ожидаемым прибытием 7 июня 2026 года,CLIPPER GALLEON,257492850,"20 сентября 2026 г., 13:00 UTC",LPG Tanker · флаг: Норвегия · следует в: порт Хьюстон (США) с ожидаемым прибытием 7 июня 2026 года · At Anchor,0.0
2026-09-09,9983504,55750.0,60210.0,180.0,31.0,9.9,12.4,8.0,2018,FRANCE,LPG/Chemical Tanker,Under way using engine,LOW,"US NDX (Nederland, Техас, США)",FOR ORDERS,COURCHEVEL,228474800,"1 ноября 2026 г., 12:15 UTC",Франция,0.655
2026-09-09,9996020,55711.0,49551.0,230.0,32.0,12.1,14.0,0.0,2026,Багамские Острова,Газовоз (LPG Tanker / VLGC — Very Large Gas Carrier),Underway / В плавании,LOW,"Yanbu, Saudi Arabia (SA YNB)",Китай отражают его работу на ключевых мировых энергетических маршрутах,ATLANTIC VOYAGER,308708135,19 июня 2026 г,Газовоз · флаг: Багамские Острова · следует в: Китай отражают его работу на ключевых мировых энергетических маршрутах · Underway,0.0
2026-09-09,9989651,55711.0,49551.0,229.84,32.25,12.5,14.0,1.0,2025,Маршалловы Острова,Газовоз / Танкер для перевозки сжиженного нефтяного газа (LPG Tanker / Mid-size Gas Carrier),Underway using Engine / В пути,LOW,"Ras Laffan, Qatar (QA RLF)","Халдия, Индия / Haldia, India",HELLAS PROSPERITY,538011339,21 сентября 2026 г,"Газовоз / Танкер для перевозки сжиженного нефтяного газа · флаг: Маршалловы Острова · следует в: Халдия, Индия / Haldia, India · Underway using Engine · возраст: 1 лет",0.0
2026-09-09,9989649,55711.0,49551.0,229.8,32.25,11.9,14.4,1.0,2025,Маршалловы Острова,Газовоз / Танкер для сжиженного газа / VLGC (Very Large Gas Carrier / LPG Tanker),переход в направлении Центральной Америки / Панамского канала,LOW,"Хьюстон, США (Houston, United States)",CR PNM (Панама / терминалы Панамского канала),HELLAS BLISSIMO номер: 9989649,538011340,11 августа 2026 г,"поставки энергоносителей , имеет безупречную историю эксплуатации и прозрачный комплаенс-профиль без международных санкционных ограничений (OFAC/EU)",0.0
2026-09-09,9987081,55593.0,49640.0,230.0,32.0,8.9,0.0,1.0,2025,Либерия,Газовоз / Танкер для перевозки сжиженного нефтяного газа (LPG / VLGC / Fully refrigerated),Moored,LOW,"Чжанцзяган, Китай (Zhangjiagang, China)",USNDX,ROSA BLANCHE (в реестрах: ROSABLANCHE),636023948,31 августа 2026 г,"Газовоз / Танкер для перевозки сжиженного нефтяного газа · флаг: Либерия · маршрут: Чжанцзяган, Китай (Zhangjiagang, China) → Бальбоа, Панама (Balboa, Panama) · Underway using Engine · возраст: 1 лет",0.655
2026-09-09,9923097,55495.0,59935.0,230.0,36.6,8.1,15.3,3.0,2023,Либерия (Liberia) IMO номер: 9923097 Год постройки: 2023,Газовоз (LPG Tanker / VLGC),"На ходу (в Южной Атлантике).Маршрут: Следует в порт Недерленд (Nederland), штат Техас, США. Операционные данные: Текущая скорость — 15.3 узлов, осадка — 8.1 м. Расчетное время прибытия (ETA) — 23 июня 2026 года в 17:00. История: Последний зафиксированный порт захода — Порт-Кланг (Port Klang), Малайзия, который судно покинуло 17 мая 2026 года. Эксплуатация и управлениеВладелец: BAYNOUNAH INC.Коммерческий оператор: AW Shipping Ltd. (ОАЭ). Технический менеджер (ISM): ADNOC Logistics & Services (ОАЭ). Контекст и статус: BAYNOUNAH — современный газовоз, входящий в состав флота, управляемого структурой, связанной с национальным нефтяным гигантом ОАЭ (ADNOC). Комплаенс: Судно не находится под международными санкциями. Оно является высокотехнологичным коммерческим активом, задействованным в легальной международной торговле сжиженным газом и энергетическими ресурсами, строго соблюдающим международные морские стандарты",LOW,"Yanbu, Saudi Arabia (SA YNB)",порт Недерленд (Nederland),BAYNOUNAHТип судна: Газовоз (LPG Tanker / VLGC),636989889,23 июня 2026 г,"Газовоз · флаг: Либерия (Liberia) IMO номер: 9923097 Год постройки: 2023 · следует в: порт Недерленд (Nederland) · На ходу (в Южной Атлантике).Маршрут: Следует в порт Недерленд (Nederland), штат Техас, США. Операционные данные: Текущая скорость — 15.3 узлов, осадка — 8.1 м. Расчетное время прибытия (ETA) — 23 июня 2026 года в 17:00. История: Последний зафиксированный порт захода — Порт-Кланг (Port Klang), Малайзия, который судно покинуло 17 мая 2026 года. Эксплуатация и управлениеВладелец: BAYNOUNAH INC.Коммерческий оператор: AW Shipping Ltd. (ОАЭ). Технический менеджер (ISM): ADNOC Logistics & Services (ОАЭ). Контекст и статус: BAYNOUNAH — современный газовоз, входящий в состав флота, управляемого структурой, связанной с национальным нефтяным гигантом ОАЭ (ADNOC). Комплаенс: Судно не находится под международными санкциями. Оно является высокотехнологичным коммерческим активом, задействованным в легальной международной торговле сжиженным газом и энергетическими ресурсами, строго соблюдающим международные морские стандарты · возраст: 3 лет",0.0
2026-09-09,9889552,55432.0,49231.0,229.9,37.2,11.4,13.9,6.0,2020,Панама,Газовоз / Танкер для перевозки сжиженного нефтяного газа (LPG Tanker / VLGC — Very Large Gas Carrier),Underway using Engine / В пути,HIGH,"Primorsk, Russia (RU PRI)","По приказам (FOR ORDERS) (фактически прибыл и выполняет операции / стоит на разгрузке в районе Вадинар, Индия / Vadinar, India)",GAS PLANET,355437000,17 августа 2026 г,"Газовоз / Танкер для перевозки сжиженного нефтяного газа · флаг: Панама · следует в: По приказам (FOR ORDERS) (фактически прибыл и выполняет операции / стоит на разгрузке в районе Вадинар, Индия / Vadinar, India) · Underway using Engine · возраст: 6 лет",0.0
2026-09-09,9832808,55427.0,48714.0,229.98,36.6,8.3,13.0,6.0,2020,Сингапур,Газовоз (LPG / VLGC — Very Large Gas Carrier),At Anchor / На якорной стоянке,LOW,"Yanbu, Saudi Arabia (SA YNB)","Incheon, South Korea (KR INC)",REFERENCE POINT,566216071,"28 сентября 2026 г., 20:30 UTC",Газовоз · флаг: Сингапур · At Anchor · возраст: 6 лет,0.0
2026-09-09,9889564,55408.0,49231.0,227.0,37.0,11.2,10.8,5.0,2021,Великобритания (UK),Газовоз (LPG Tanker / VLGC — Very Large Gas Carrier),Underway using Engine / В пути,LOW,"Chiba, Japan (JP CHB)",порт назначения (USHOU=NLTNZ — нефтехимический хаб в районе Хьюстона,DURHAM,232491643,"6 октября 2026 г., 01:15 UTC",Газовоз · флаг: Великобритания (UK) · следует в: порт назначения (USHOU=NLTNZ — нефтехимический хаб в районе Хьюстона · Underway using Engine · возраст: 5 лет,0.0
2026-09-09,9938585,55383.0,48805.0,229.96,32.25,7.5,15.9,3.0,2023,Либерия,Газовоз (LPG Tanker / VLGC),На ходу (Under way),HIGH,"Jubail, Saudi Arabia (SA JUB)",порт Хьюстон (Houston),HLS CITRINE,636663259,1 июля 2026 г,Liberia,0.0
2026-09-09,9940605,55383.0,48805.0,230.0,32.25,11.8,15.1,3.0,2023,Либерия,Большой газовоз / Танкер для перевозки сжиженного нефтяного газа (VLGC / LPG Carrier),трансатлантический/транстихоокеанский переход после транзита зоны Панамского канала в направлении Азии,LOW,"Тихоокеанский рейд Панамского канала (Panama Canal Anch. Pacific, Panama)","Тиба, Япония (Chiba, Japan)",HLS DIAMOND,636021823,28 августа 2026 г,"Большой газовоз / Танкер для перевозки сжиженного нефтяного газа · флаг: Либерия · маршрут: Тихоокеанский рейд Панамского канала (Panama Canal Anch. Pacific, Panama) → Тиба, Япония (Chiba, Japan) · трансатлантический · возраст: 3 лет",0.0
2026-09-09,9847944,55368.0,48894.0,230.0,36.6,7.2,15.6,6.0,2020,Сингапур,Газовоз / Танкер для перевозки сжиженного нефтяного газа класса VLGC (LPG Tanker / Very Large Gas Carrier),At Anchor / На якорной стоянке,LOW,"Йосу, якорная стоянка, Южная Корея (Yeosu Anch., Korea)","Принс-Руперт, Канада / Prince Rupert, Canada",GAS BOMBAX (экс-China Gas Legend),563236700,21 августа 2026 г,"Газовоз / Танкер для перевозки сжиженного нефтяного газа класса VLGC · флаг: Сингапур · маршрут: Йосу, якорная стоянка, Южная Корея (Yeosu Anch., Korea) → Принс-Руперт, Канада / Prince Rupert, Canada · At Anchor · возраст: 6 лет",0.0
2026-09-09,9940966,55354.0,59782.0,199.6,32.0,8.3,14.0,1.0,2025,Маршалловы острова,Газовоз для перевозки СПГ/СУГ (LPG Tanker / VLGC),Underway using Engine / В пути,LOW,"Jubail, Saudi Arabia (SA JUB)","Chiba, Japan (JP CHB)",MIZAR,538381391,"21 октября 2026 г., 07:45 UTC",Газовоз для перевозки СПГ/СУГ · флаг: Маршалловы острова · Underway using Engine · возраст: 1 лет,0.0
2026-09-09,1024584,55354.0,59782.0,199.6,32.0,8.3,14.0,1.0,2025,Маршалловы острова,Газовоз для перевозки СПГ/СУГ (LPG Tanker / VLGC),Underway using Engine / В пути,LOW,"Yanbu, Saudi Arabia (SA YNB)","Tianjin, China (CN TJN)",MIZAR,538244405,"10 октября 2026 г., 08:30 UTC",Газовоз для перевозки СПГ/СУГ · флаг: Маршалловы острова · Underway using Engine · возраст: 1 лет,0.0
2026-09-09,1024572,55354.0,49598.0,230.0,32.0,8.3,14.0,1.0,2025,Маршалловы Острова,Газовоз (LPG танкер / VLGC — Very Large Gas Carrier),На ходу (в пути),LOW,"Порт-Саид (рейд), Египет (отход 23 мая 2026 г.)","Shanghai, China (CN SHA)",MERAK,538273569,23 мая 2026 г,"Газовоз · флаг: Маршалловы Острова · отход: Порт-Саид (рейд), Египет (отход 23 мая 2026 г.) · На ходу (в пути) · возраст: 1 лет",0.0
2026-09-09,9943528,55231.0,59649.0,230.0,32.25,9.0,13.0,34.0,1992,Маршалловы Острова,LPG Tanker (Танкер для перевозки сжиженного газа),Moored (Ошвартован),LOW,"Rotterdam, Netherlands (NL RTM)","Rotterdam, Netherlands (NL RTM)",NORTH GAS,538010751,"6 октября 2026 г., 23:45 UTC",LPG Tanker · флаг: Маршалловы Острова · Moored (Ошвартован),0.0
2026-09-09,9939917,55206.0,49976.0,229.93,37.2,11.0,15.0,3.0,2023,Багамские Острова,"Газовоз / Танкер для перевозки сжиженного нефтяного газа (LPG Tanker / VLGC, Fully Refrigerated)",Underway using Engine / В пути,LOW,"Marcus Hook, USA (US MHK)","Йосу, Южная Корея / Yeosu, Korea",CAPTAIN MARKOS,311001157,17 августа 2026 г,"Газовоз / Танкер для перевозки сжиженного нефтяного газа · флаг: Багамские Острова · следует в: Йосу, Южная Корея / Yeosu, Korea · Underway using Engine · возраст: 3 лет",0.0
2026-09-09,9876490,55182.0,59597.0,230.0,36.6,8.2,15.9,5.0,2021,Сингапур (Singapore) IMO номер: 9876490 Год постройки: 2021,Газовоз (LPG Tanker / VLGC — Very Large Gas Carrier),"На ходу (в Южной Атлантике).Маршрут: Следует в порт Хьюстон (Houston), США. Операционные данные: Текущая скорость — 15.9 узлов, осадка — 8.2 м. Расчетное время прибытия (ETA) — 25 июня 2026 года в 21:00. История: Последний зафиксированный порт захода — якорная стоянка Сингапура (Singapore Anch. 3), который судно покинуло 21 мая 2026 года. Эксплуатация и управлениеВладелец: Gas Venus Pte Ltd. Коммерческий оператор: Sinogas Maritime Ltd. Технический менеджер (ISM): Wideshine Management Pte Ltd. Контекст и статус: GAS VENUS — современный высокотехнологичный газовоз (VLGC), предназначенный для перевозки сжиженных газов. Судно не находится под международными санкциями и осуществляет легальную коммерческую деятельность в рамках глобальных цепочек поставок энергоресурсов. Примечание: Будьте внимательны при поиске информации: существует другое судно с похожим названием — GAS VENUS (IMO 9774197), которое ходит под флагом Панамы. Указанные выше характеристики относятся именно к вашему судну с IMO 9876490",LOW,"Jubail, Saudi Arabia (SA JUB)",порт Хьюстон (Houston),GAS VENUSТип судна: Газовоз (LPG Tanker / VLGC — Very Large Gas Carrier),565307770,25 июня 2026 г,"Газовоз · флаг: Сингапур (Singapore) IMO номер: 9876490 Год постройки: 2021 · следует в: порт Хьюстон (Houston) · На ходу (в Южной Атлантике).Маршрут: Следует в порт Хьюстон (Houston), США. Операционные данные: Текущая скорость — 15.9 узлов, осадка — 8.2 м. Расчетное время прибытия (ETA) — 25 июня 2026 года в 21:00. История: Последний зафиксированный порт захода — якорная стоянка Сингапура (Singapore Anch. 3), который судно покинуло 21 мая 2026 года. Эксплуатация и управлениеВладелец: Gas Venus Pte Ltd. Коммерческий оператор: Sinogas Maritime Ltd. Технический менеджер (ISM): Wideshine Management Pte Ltd. Контекст и статус: GAS VENUS — современный высокотехнологичный газовоз (VLGC), предназначенный для перевозки сжиженных газов. Судно не находится под международными санкциями и осуществляет легальную коммерческую деятельность в рамках глобальных цепочек поставок энергоресурсов. Примечание: Будьте внимательны при поиске информации: существует другое судно с похожим названием — GAS VENUS (IMO 9774197), которое ходит под флагом Панамы. Указанные выше характеристики относятся именно к вашему судну с IMO 9876490 · возраст: 5 лет",0.0
2026-09-09,9933444,55153.0,49943.0,229.9,37.2,11.3,14.8,3.0,2023,Панама,LPG Tanker (газовоз),Underway using Engine / В пути,LOW,"Jubail, Saudi Arabia (SA JUB)",пункт назначения — 22—23 июня 2026 года,LANTANA PLANET,352001822,"11 сентября 2026 г., 14:45 UTC",LPG Tanker · флаг: Панама · следует в: пункт назначения — 22—23 июня 2026 года · Underway using Engine · возраст: 3 лет,0.0
2026-09-09,9916836,55145.0,50226.0,230.0,36.6,11.9,14.9,4.0,2022,Либерия,Газовоз (LPG Tanker / VLGC — Very Large Gas Carrier),Underway using Engine / В пути,LOW,"Jubail, Saudi Arabia (SA JUB)","Ningbo, China (CN NGB)",RABDAN,636610123,"1 ноября 2026 г., 03:30 UTC",Газовоз · флаг: Либерия · Underway using Engine · возраст: 4 лет,0.0
2026-09-09,9795672,55115.0,47961.0,230.0,36.6,9.6,16.2,8.0,2018,Япония (Japan Flag) — суверенный национальный реестр высшей категории надежности,Газовоз СУГ (VLGC — Very Large Gas Carrier / LPG Tanker),At Anchor / На якорной стоянке,EXTREME,"Houston, USA (US HOU)","Tianjin, China (CN TJN)",LAUREL PRIME,431200000,"31 августа 2026 г., 08:15 UTC",Paris/Tokyo MoU White List,0.0
2026-09-09,9929209,55091.0,49943.0,229.9,37.2,11.3,13.0,4.0,2022,Панама,LPG Tanker (газовоз для перевозки сжиженного нефтяного газа).,На ходу (Under way),LOW,"Primorsk, Russia (RU PRI)","Rotterdam, Netherlands (NL RTM)",LUPINUS PLANET,373760080,"2 ноября 2026 г., 09:45 UTC",LPG Tanker · флаг: Панама · На ходу (Under way) · возраст: 4 лет,0.0
2026-09-09,9915806,55090.0,49943.0,229.9,37.2,8.3,18.1,4.0,2022,Сингапур,Multi Purpose Offshore Vessel (Многоцелевое судно обеспечения офшорных платформ),Underway using Engine / В пути,LOW,"Танжунг-Секонг (Индонезия), отход 3 мая 2026 года",Хьюстон (США),VESSEL 5806,567299319,5 июня 2026 г,"флаг: Сингапур · маршрут: Танжунг-Секонг (Индонезия), отход 3 мая 2026 года → Хьюстон (США) · Underway using Engine · возраст: 4 лет",0.0
2026-09-09,9902794,55087.0,49997.0,229.95,36.6,12.0,14.6,5.0,2021,Сингапур,Газовоз / Танкер для перевозки СУГ (LPG Tanker / Large Gas Carrier),трансокеанский переход из Северной Америки в Юго-Восточную Азию,LOW,"Недерленд, США (Nederland, United States)","Вунгтау, Вьетнам (Vung Tau, Vietnam)",GAS SAGITTARIUS,563140200,5 сентября 2026 г,глобальных магистральных перевозках сжиженного газа на трансокеанских маршрутах между терминалами США и Азиатско-Тихоокеанского региона,0.0
2026-09-09,9902809,55081.0,49997.0,229.96,36.6,8.3,14.3,4.0,2022,Сингапур,LPG Tanker (танкер-газовоз),Underway using Engine / В пути,LOW,"Yanbu, Saudi Arabia (SA YNB)","Chiba, Japan (JP CHB)",GAS CAPRICORN,563144300,"29 сентября 2026 г., 20:00 UTC",LPG Tanker · флаг: Сингапур · Underway using Engine · возраст: 4 лет,0.0
2026-09-09,9940992,55076.0,48855.0,229.96,32.25,12.3,15.3,3.0,2023,Панама,Multi Purpose Offshore Vessel (Многоцелевое судно обеспечения офшорных платформ),Underway using Engine / В пути,LOW,"Хьюстон (США), отход 30 мая 2026 года","Танжер-Мед, Марокко",ATLAS 0992,370557548,13 июня 2026 г,"флаг: Панама · маршрут: Хьюстон (США), отход 30 мая 2026 года → Танжер-Мед, Марокко · Underway using Engine · возраст: 3 лет",0.0
2026-09-09,9415662,55076.0,47985.0,230.0,36.6,11.5,13.0,16.0,2010,Сингапур,LPG Tanker (танкер для перевозки сжиженного нефтяного газа),At Anchor / На якорной стоянке,LOW,"Yanbu, Saudi Arabia (SA YNB)","Oita, Japan (JP OIT)",AYAME,565238000,"3 октября 2026 г., 17:30 UTC",LPG Tanker · флаг: Сингапур · At Anchor · возраст: 16 лет,0.0
2026-09-09,9906269,55068.0,49943.0,229.9,37.2,8.5,15.4,4.0,2022,Сингапур,Газовоз / Танкер для перевозки сжиженного нефтяного газа класса VLGC (LPG Tanker / Very Large Gas Carrier),At Anchor / На якорной стоянке,LOW,"Чжоушань, якорная стоянка, Китай (Zhoushan Anch., China)","Хьюстон, США / Houston, United States (USA)",CRYSTAL TRINITY,563144100,14 сентября 2026 г,"Газовоз / Танкер для перевозки сжиженного нефтяного газа класса VLGC · флаг: Сингапур · маршрут: Чжоушань, якорная стоянка, Китай (Zhoushan Anch., China) → Хьюстон, США / Houston, United States (USA) · At Anchor · возраст: 4 лет",0.0
2026-09-09,9849289,55065.0,48714.0,229.98,36.6,11.2,15.0,6.0,2020,Либерия,Сверхкрупный газовоз / Газовоз для сжиженного нефтяного газа (LPG Tanker / VLGC),At Anchor / На якорной стоянке,LOW,Рейд Сингапура (Singapore Anch. 3),"Дунгуань, Китай (Dongguan, China)",VEGA SKY (бывш. Keegan No. 2),636024434,16 августа 2026 г,прозрачных логистических цепочках. Какие-либо ограничения или санкции со стороны регуляторов (OFAC/ЕС) полностью отсутствуют,0.0
2026-09-09,9889588,55050.0,59454.0,75.92,12.0,5.1,12.3,19.0,2007,ЯПОНИЯ,LPG Tanker (Танкер для перевозки сжиженного нефтяного газа),Underway using Engine (На ходу),LOW,"Токуяма-Кудамацу, Япония (JP TXD)","Йоккаити, ЯПОНИЯ (JP YKK)",EIHO MARU,431752753,23 мая 2026 г,JAPAN,0.0
2026-09-09,9415648,55028.0,48249.0,230.0,36.6,7.8,13.0,17.0,2009,Панама,Газовоз / Танкер для перевозки сжиженного газа (LPG / VLGC / Fully refrigerated),At Anchor / На якорной стоянке,LOW,"Хьюстон (якорная стоянка), США (Houston Anch., United States — прибытие после завершения предыдущего рейса).Операционный профиль и комплаенсОператор / Менеджмент: Судно находится под управлением международных операторов коммерческого флота газовозов.Санкционный статус: НИЗКИЙ РИСК / ЧИСТЫЙ ПРОФИЛЬ (LOW / CLEARED).Факторы риска: Крупнотоннажный газовоз (VLGC) под флагом Панамы, осуществляющий регулярные рейсы в акватории Мексиканского залива и порты США. Классификационное общество — Nippon Kaiji Kyokai (ClassNK), судно имеет чистую историю проверок PSC без задержек. Международные санкционные ограничения (OFAC/EU) отсутствуют","Tianjin, China (CN TJN)",MUSANAH,372470000,7 августа 2026 г,"Газовоз / Танкер для перевозки сжиженного газа · флаг: Панама · отход: Хьюстон (якорная стоянка), США (Houston Anch., United States — прибытие после завершения предыдущего рейса).Операционный профиль и комплаенсОператор / Менеджмент: Судно находится под управлением международных операторов коммерческого флота газовозов.Санкционный статус: НИЗКИЙ РИСК / ЧИСТЫЙ ПРОФИЛЬ (LOW / CLEARED).Факторы риска: Крупнотоннажный газовоз (VLGC) под флагом Панамы, осуществляющий регулярные рейсы в акватории Мексиканского залива и порты США. Классификационное общество — Nippon Kaiji Kyokai (ClassNK), судно имеет чистую историю проверок PSC без задержек. Международные санкционные ограничения (OFAC/EU) отсутствуют · At Anchor · возраст: 17 лет",0.0
2026-09-09,9765562,55001.0,48229.0,230.0,36.6,11.4,0.1,9.0,2017,Панама,Газовоз / Танкер для перевозки СУГ (LPG Tanker / VLGC — Very Large Gas Carrier),At anchor,LOW,"Недерланд, США (Nederland, United States)","Тернёйзен, Нидерланды / Terneuzen, Netherlands, плановое",GAS STELLA,374345000,20 августа 2026 г,"Газовоз / Танкер для перевозки СУГ · флаг: Панама · маршрут: Недерланд, США (Nederland, United States) → Тернёйзен, Нидерланды / Terneuzen, Netherlands, плановое · Underway using Engine · возраст: 9 лет",0.646
2026-09-09,9941221,54994.0,48735.0,230.0,32.25,12.0,10.1,3.0,2023,Либерия,"Газовоз / VLGC (Very Large Gas Carrier, Fully Refrigerated LPG Tanker)",судно совершает переход после успешного прохождения Панамского канала со стороны Атлантики в направлении Тихоокеанского побережья Южной Америки,LOW,"Панамский канал, якорная стоянка со стороны Атлантики (Panama Canal Anch. Atlantic, Panama)","Ulsan, South Korea (KR USN)",JIRISAN EXPLORER,636022279,15 августа 2026 г,"Газовоз / VLGC · флаг: Либерия · отход: Панамский канал, якорная стоянка со стороны Атлантики (Panama Canal Anch. Atlantic, Panama) · судно совершает переход после успешного прохождения Панамского канала со стороны Атлантики в направлении Тихоокеанского побережья Южной Америки · возраст: 3 лет",0.0
2026-09-09,9941233,54994.0,48738.0,230.0,32.25,11.8,16.0,3.0,2023,Либерия,Газовоз / Танкер для перевозки сжиженного нефтяного газа класса VLGC (LPG Tanker / Very Large Gas Carrier),At Anchor / На якорной стоянке,LOW,"Тихоокеанский якорный рейд Панамского канала (Panama Canal Anch. Pacific, Panama)","Нинбо, Китай / Ningbo, China",LOGAN EXPLORER,636022939,15 августа 2026 г,"Газовоз / Танкер для перевозки сжиженного нефтяного газа класса VLGC · флаг: Либерия · маршрут: Тихоокеанский якорный рейд Панамского канала (Panama Canal Anch. Pacific, Panama) → Нинбо, Китай / Ningbo, China · At Anchor · возраст: 3 лет",0.0
2026-09-09,9352963,54994.0,47059.0,225.0,36.6,8.5,0.0,18.0,2008,Индонезия,Газовоз для перевозки сжиженного нефтяного газа (LPG Tanker / VLGC — Very Large Gas Carrier),At anchor,LOW,"Ras Laffan, Qatar (QA RLF)",USSBI,GAS CAMELOT,525301585,"1 сентября 2026 г., 08:30 UTC",Газовоз для перевозки сжиженного нефтяного газа · флаг: Индонезия · следует в: Индию (ожидаемое прибытие — 18 июня 2026 года в 12:00) · На ходу (Under way) · возраст: 18 лет,0.419
2026-09-09,9958262,54994.0,48493.0,229.96,32.25,7.6,0.0,2.0,2024,Сингапур,Multi Purpose Offshore Vessel (Многоцелевое судно обеспечения офшорных платформ),At anchor,LOW,"Panama Canal Anch. Atlantic (Панама), отход 2 июня 2026 года в 12:28 UTC. Первоначальная точка отправления до транзита через Панамский канал — Бомонт, США (US BPT), откуда судно вышло 25 мая 2026 года в 00:23 UTC-5",USBPT,OCEAN 8262,563299600,8 июня 2026 г,"флаг: Сингапур · маршрут: Panama Canal Anch. Atlantic (Панама), отход 2 июня 2026 года в 12:28 UTC. Первоначальная точка отправления до транзита через Панамский канал — Бомонт, США (US BPT), откуда судно вышло 25 мая 2026 года в 00:23 UTC-5 → Мансанильо, Мексика (MX ZLO) · на скриншоте image_5be89b.jpg зафиксирована скорость 13.3 узла · возраст: 2 лет",0.655
2026-09-09,9958274,54994.0,48993.0,229.96,32.25,12.0,14.1,2.0,2024,Либерия,Газовоз (LPG Tanker / VLGC),Underway using Engine / В пути,LOW,"Ras Laffan, Qatar (QA RLF)","Zhangpu, China (CN ZAP)",SOBAEK EXPLORERIMO номер: 9958274,636778452,"7 сентября 2026 г., 22:45 UTC",Газовоз · флаг: Либерия · Underway using Engine · возраст: 2 лет,0.0
2026-09-09,9889576,54922.0,49145.0,229.9,37.2,7.0,9.4,5.0,2021,Сингапур,"Газовоз / Танкер для перевозки сжиженного нефтяного газа (LPG Tanker / VLGC, Fully Refrigerated)",At Anchor / На якорной стоянке,LOW,"Houston, USA (US HOU)","Цзяньин, Китай / Jiangyin, China",CRYSTAL ASTERIA,563134600,14 августа 2026 г,"Газовоз / Танкер для перевозки сжиженного нефтяного газа · флаг: Сингапур · следует в: Цзяньин, Китай / Jiangyin, China · At Anchor · возраст: 5 лет",0.0
2026-09-09,9405083,54920.0,47985.0,230.0,36.6,11.4,14.5,16.0,2010,Сингапур,Газовоз / Танкер для перевозки сжиженного нефтяного газа (LPG Tanker / VLGC),Underway using Engine / В пути,LOW,"Chiba, Japan (JP CHB)","Кристобаль, Панама / Cristobal, Panama",BW KYOTO,564818000,16 августа 2026 г,"Газовоз / Танкер для перевозки сжиженного нефтяного газа · флаг: Сингапур · следует в: Кристобаль, Панама / Cristobal, Panama · Underway using Engine · возраст: 16 лет",0.0
2026-09-09,9875408,54903.0,48167.0,230.0,36.6,10.9,16.7,6.0,2020,Панама,"Газовоз / VLGC (Very Large Gas Carrier, Fully Refrigerated LPG Tanker)",интенсивный ходовой режим на завершающем этапе маршрута,LOW,"Хьюстон / рейд Хьюстона, США (Houston Anch., USA)","Висакхапатнам, Индия (Visakhapatnam, India)",ETERNAL GLORY,370360000,12 августа 2026 г,крупнотоннажных межконтинентальных поставках сжиженного углеводородного газа с экспортных терминалов США (Мексиканский залив) в порты Южной и Юго-Восточной Азии (Индия),0.0
2026-09-09,9625152,54901.0,47190.0,225.16,36.6,7.5,14.4,13.0,2013,Панама,"Газовоз / Танкер для сжиженного газа (LPG Tanker, класс HAZ-A)",At Anchor / На якорной стоянке,EXTREME,"Chiba, Japan (JP CHB)","Chiba, Japan (JP CHB)",TETHYS (ранее — Manifesto),352005658,20 августа 2026 г,Газовоз / Танкер для сжиженного газа · флаг: Панама · At Anchor · возраст: 13 лет,0.0
2026-09-09,9604392,54901.0,47190.0,225.0,36.6,11.7,10.0,13.0,2013,Панама (PA),Multi Purpose Offshore Vessel (Многоцелевое судно обеспечения офшорных платформ),Underway using Engine / В пути,EXTREME,"Shanghai, China (CN SHA)",Singapore (SG SIN),MARITIME 4392,352004310,"19 сентября 2026 г., 07:00 UTC",флаг: Панама (PA) · Underway using Engine · возраст: 13 лет,0.0
2026-09-09,9608300,54901.0,47190.0,225.16,36.6,8.3,13.0,13.0,2013,Маршалловы Острова,Танкер для перевозки сжиженного газа (LPG Tanker / VLGC — Very Large Gas Carrier),"Прибытие в порт Текущий рейс: Переход в порт Вадинар, Индия (INVAD). ETA был запланирован на 15 июля 2026 г., 22:30. Последний порт: Халдия, Индия (отход 27 июня 2026 г.).История и менеджментМенеджмент: Технический менеджер — Anglo-Eastern Shipmanagement; коммерческий менеджер — Foresight Group Services Ltd. История: До 2013 года судно носило имя MORSTON. Эксплуатируется стабильно, регулярные рейсы включают порты Индии, Южной Кореи и других стран Азиатского региона. Резюме (Комплаенс-профиль)Санкционный статус: НЕ САНКЦИОНИРОВАНО. Комплаенс: Судно BADRINATH проходит регулярную проверку по международным базам данных санкционных списков (включая OFAC, ЕС, ООН) и не числится в них. Текущий профиль риска оценивается как низкий; судно считается легитимным коммерческим активом, работающим под управлением признанных международных компаний. Вердикт: Актив ДОПУЩЕН для взаимодействия. В рамках системы Oracle-1001 судно классифицируется как надежный участник логистических цепочек",EXTREME,"Халдия, Индия (отход 27 июня 2026 г.).История и менеджментМенеджмент: Технический менеджер — Anglo-Eastern Shipmanagement; коммерческий менеджер — Foresight Group Services Ltd. История: До 2013 года судно носило имя MORSTON. Эксплуатируется стабильно, регулярные рейсы включают порты Индии, Южной Кореи и других стран Азиатского региона. Резюме (Комплаенс-профиль)Санкционный статус: НЕ САНКЦИОНИРОВАНО. Комплаенс: Судно BADRINATH проходит регулярную проверку по международным базам данных санкционных списков (включая OFAC, ЕС, ООН) и не числится в них. Текущий профиль риска оценивается как низкий; судно считается легитимным коммерческим активом, работающим под управлением признанных международных компаний. Вердикт: Актив ДОПУЩЕН для взаимодействия. В рамках системы Oracle-1001 судно классифицируется как надежный участник логистических цепочек",порт Текущий рейс: Переход в порт Вадинар,BADRINATHI MO номер: 9608300,538946600,27 июня 2026 г,"Танкер для перевозки сжиженного газа · флаг: Маршалловы Острова · маршрут: Халдия, Индия (отход 27 июня 2026 г.).История и менеджментМенеджмент: Технический менеджер — Anglo-Eastern Shipmanagement; коммерческий менеджер — Foresight Group Services Ltd. История: До 2013 года судно носило имя MORSTON. Эксплуатируется стабильно, регулярные рейсы включают порты Индии, Южной Кореи и других стран Азиатского региона. Резюме (Комплаенс-профиль)Санкционный статус: НЕ САНКЦИОНИРОВАНО. Комплаенс: Судно BADRINATH проходит регулярную проверку по международным базам данных санкционных списков (включая OFAC, ЕС, ООН) и не числится в них. Текущий профиль риска оценивается как низкий; судно считается легитимным коммерческим активом, работающим под управлением признанных международных компаний. Вердикт: Актив ДОПУЩЕН для взаимодействия. В рамках системы Oracle-1001 судно классифицируется как надежный участник логистических цепочек → порт Текущий рейс: Переход в порт Вадинар · Прибытие в порт Текущий рейс: Переход в порт Вадинар, Индия (INVAD). ETA был запланирован на 15 июля 2026 г., 22:30. Последний порт: Халдия, Индия (отход 27 июня 2026 г.).История и менеджментМенеджмент: Технический менеджер — Anglo-Eastern Shipmanagement; коммерческий менеджер — Foresight Group Services Ltd. История: До 2013 года судно носило имя MORSTON. Эксплуатируется стабильно, регулярные рейсы включают порты Индии, Южной Кореи и других стран Азиатского региона. Резюме (Комплаенс-профиль)Санкционный статус: НЕ САНКЦИОНИРОВАНО. Комплаенс: Судно BADRINATH проходит регулярную проверку по международным базам данных санкционных списков (включая OFAC, ЕС, ООН) и не числится в них. Текущий профиль риска оценивается как низкий; судно считается легитимным коммерческим активом, работающим под управлением признанных международных компаний. Вердикт: Актив ДОПУЩЕН для взаимодействия. В рамках системы Oracle-1001 судно классифицируется как надежный участник логистических цепочек · возраст: 13 лет",0.0
2026-09-09,9776341,54893.0,48181.0,230.0,36.6,11.6,14.9,10.0,2016,Панама,Танкер для перевозки сжиженного нефтяного газа (LPG Tanker),Under way using engine,LOW,"Rotterdam, Netherlands (NL RTM)",CNNBO,LEO GREEN,356560000,11 июня 2026 г,Танкер для перевозки сжиженного нефтяного газа · флаг: Панама · следует в: Порт-Кланг · На ходу (Under way) · возраст: 10 лет,0.419
2026-09-09,9810056,54868.0,48167.0,230.0,36.6,8.3,15.3,7.0,2019,Панама (Panama) IMO номер: 9810056 Год постройки: 2019,Газовоз (LPG Tanker / VLGC),"На ходу (Under way). Маршрут: Следует в порт Nederland (Техас, США). Операционные данные: Текущая скорость — 15.3 узла, осадка — 8.3 м. Расчетное время прибытия (ETA) — 28 июня 2026 года в 21:00. История: Последний зафиксированный порт захода — якорная стоянка Суралая (Suralaya), Индонезия, который судно покинуло 24 мая 2026 года. Эксплуатация и управлениеВладелец: Floral Shipping Navigation S.A.Коммерческий менеджер: ENEOS Ocean Corp. Технический менеджер (ISM): Bernhard Schulte Shipmanagement (Singapore). Контекст и статус: FUTURE ACE является современным газовозом класса VLGC. Согласно доступным данным, судно не находится под международными санкциями и имеет «чистый» профиль риска. Оно эксплуатируется в рамках легальных международных цепочек поставок сжиженных газов под управлением авторитетных компаний, соблюдающих международные стандарты судоходства",LOW,"Chiba, Japan (JP CHB)",порт Nederland (Техас,FUTURE ACEТип судна: Газовоз (LPG Tanker / VLGC),355908564,28 июня 2026 г,"верфь Hyundai Heavy Industries, Южная Корея",0.0
2026-09-09,9534614,54867.0,59256.0,230.0,36.6,8.3,13.0,15.0,2011,Панама,LPG Tanker (газовоз),At Anchor / На якорной стоянке,LOW,"Marcus Hook, USA (US MHK)",порт Фучжоу (CN FZG). Последний зафиксированный заход в порт был в Цзянъинь (Jiangyin Anch.),HH GLORY,352255000,"7 октября 2026 г., 06:30 UTC",LPG Tanker · флаг: Панама · следует в: порт Фучжоу (CN FZG). Последний зафиксированный заход в порт был в Цзянъинь (Jiangyin Anch.) · At Anchor · возраст: 15 лет,0.0
2026-09-09,9415650,54866.0,48249.0,230.0,36.6,11.7,14.8,16.0,2010,Сингапур (Singapore) IMO номер: 9415650 Год постройки: 2010,Газовоз (LPG Tanker / VLGC),Underway using Engine / В пути,LOW,"Jubail, Saudi Arabia (SA JUB)",порт Мумбаи (бывший Бомбей),AQUAMARINE PROGRESSТип судна: Газовоз (LPG Tanker / VLGC),567891139,26 июня 2026 г,"верфь MHI Nagasaki Shipyard, Япония",0.0
2026-09-09,9897559,54857.0,50468.0,229.95,36.6,11.8,15.3,5.0,2021,Бельгия,Газовоз / LPG Tanker,At Anchor / На якорной стоянке,LOW,"Пенья-Бланка (якорная стоянка), Панама (Pena Blanca Anch., Panama)","Майлиао, Тайвань (Mailiao, Taiwan)",FLANDERS PIONEER,205104000,23 августа 2026 г,"Газовоз / LPG Tanker · флаг: Бельгия · маршрут: Пенья-Бланка (якорная стоянка), Панама (Pena Blanca Anch., Panama) → Майлиао, Тайвань (Mailiao, Taiwan) · At Anchor · возраст: 5 лет",0.0
2026-09-09,9611955,54842.0,47459.0,225.0,36.6,8.5,12.1,13.0,2013,Панама,LPG Tanker (газовоз),Underway using Engine / В пути,LOW,"Yeosu, South Korea (KR YOS)",пункт назначения — 12 июня 2026 года,G. SWAN,355147000,"14 сентября 2026 г., 05:15 UTC",LPG Tanker · флаг: Панама · следует в: пункт назначения — 12 июня 2026 года · Underway using Engine · возраст: 13 лет,0.0
2026-09-09,9867102,54827.0,59213.0,230.0,36.6,7.7,15.3,6.0,2020,Панама IMO номер: 9867102 Год постройки: 2020,Газовоз СУГ (LPG Tanker / VLGC),"На ходу (в пути).Маршрут: Следует в порт Хьюстон (Houston), США. Операционные данные: Текущая скорость — 15.3 узла, осадка — 7.7 м. Расчетное время прибытия (ETA) — 13 июня 2026 года в 13:00. История: Последний зафиксированный порт захода — якорная стоянка Сингапура (Singapore Anch. 1), которую судно покинуло 10 мая 2026 года.Эксплуатация и управлениеЗарегистрированный владелец: HERCULES LINE SHIPPING S.A. Коммерческий менеджер: ENEOS OCEAN CORP (Япония). Технический менеджер (ISM): NYK ENERGY OCEAN SHIPMGT (Сингапур). Эксплуатационный и санкционный статусСанкционный статус: Судно не находится под международными санкциями.Профиль: FUTURE ENERGY — современный газовоз, эксплуатируемый под управлением крупных японских и сингапурских компаний (NYK/ENEOS). Судно является полностью прозрачным коммерческим активом, задействованным в глобальных цепочках поставок энергоносителей и соответствующим всем международным стандартам безопасности",LOW,"Marcus Hook, USA (US MHK)",порт Хьюстон (Houston),FUTURE ENERGYТип судна: Газовоз СУГ (LPG Tanker / VLGC),355670731,13 июня 2026 г,"Газовоз СУГ · флаг: Панама IMO номер: 9867102 Год постройки: 2020 · следует в: порт Хьюстон (Houston) · На ходу (в пути).Маршрут: Следует в порт Хьюстон (Houston), США. Операционные данные: Текущая скорость — 15.3 узла, осадка — 7.7 м. Расчетное время прибытия (ETA) — 13 июня 2026 года в 13:00. История: Последний зафиксированный порт захода — якорная стоянка Сингапура (Singapore Anch. 1), которую судно покинуло 10 мая 2026 года.Эксплуатация и управлениеЗарегистрированный владелец: HERCULES LINE SHIPPING S.A. Коммерческий менеджер: ENEOS OCEAN CORP (Япония). Технический менеджер (ISM): NYK ENERGY OCEAN SHIPMGT (Сингапур). Эксплуатационный и санкционный статусСанкционный статус: Судно не находится под международными санкциями.Профиль: FUTURE ENERGY — современный газовоз, эксплуатируемый под управлением крупных японских и сингапурских компаний (NYK · возраст: 6 лет",0.0
2026-09-09,9810044,54823.0,59209.0,230.0,36.6,11.8,0.0,6.0,2020,Сингапур,LPG Tanker (Танкер для перевозки сжиженного газа),At anchor,LOW,"Yeosu, South Korea (KR YOS)","DHAMRA,INDIA",BW YUSHI,563101300,"29 августа 2026 г., 12:30 UTC",LPG Tanker · флаг: Сингапур · Moored (Ошвартован) · возраст: 6 лет,0.419
2026-09-09,9208239,54800.0,47156.0,230.0,36.0,8.3,14.0,25.0,2001,Коморские острова,Газовоз (LPG Tanker / VLGC),На ходу (в пути),EXTREME,"Сохар (рейд), Оман","Rotterdam, Netherlands (NL RTM)",GAFUS,616862403,"22 сентября 2026 г., 16:15 UTC","Газовоз · флаг: Коморские острова · отход: Сохар (рейд), Оман · На ходу (в пути) · возраст: 25 лет",0.0
2026-09-09,9409302,54800.0,46999.0,217.54,36.6,11.7,9.7,18.0,2008,Южная Корея,Газовоз / Танкер для перевозки СУГ (LPG Tanker / Fully refrigerated),At Anchor / На якорной стоянке,LOW,"Якорная стоянка Пенья-Бланка, Панама ()","Ульсан, Южная Корея (Ulsan, Korea)",G. FOREVER,441125000,27 августа 2026 г,поставки энергоносителей,0.0
2026-09-09,9364394,54789.0,48425.0,226.0,36.6,7.3,16.6,18.0,2008,Индонезия,Танкер для перевозки сжиженного газа (LPG Tanker).,At Anchor / На якорной стоянке,LOW,"Yanbu, Saudi Arabia (SA YNB)",порт Фрипорт,CARGO 4394,525555340,16 июня 2026 г,Танкер для перевозки сжиженного газа · флаг: Индонезия · следует в: порт Фрипорт · At Anchor · возраст: 18 лет,0.0
2026-09-09,9656888,54776.0,46786.0,225.0,36.6,11.2,13.3,13.0,2013,Панама,Газовоз / Танкер для сжиженного газа (LPG Tanker / VLGC),финальный этап транстихоокеанского перехода из региона Панамского канала / Америки в Восточную Азию,LOW,"Рейд Пенья-Бланка, Панама (Pena Blanca Anch., Panama)","Йосу, Южная Корея (Yeosu, Korea)",G. PARAGON,356117000,13 августа 2026 г,поставки энергоносителей по маршрутам между американскими терминалами и рынками Южной Кореи,0.0
2026-09-09,9739953,54747.0,48419.0,226.05,36.6,11.9,11.8,10.0,2016,Сянган,Газовоз / LPG Tanker,At Anchor / На якорной стоянке,LOW,"Пенья-Бланка (якорная стоянка), Панама (Pena Blanca Anch., Panama)","Тиба, Япония (Chiba, Japan)",PACIFIC QINGDAO,477129700,25 августа 2026 г,"Гонконг, Китай",0.0
2026-09-09,9778480,54747.0,59127.0,226.0,36.6,9.5,8.6,9.0,2017,Гонконг (КНР) IMO номер: 9778480 Год постройки: 2017,Танкер для перевозки сжиженного газа (LPG Tanker / VLGC),"На ходу (Under way). Маршрут: Судно следует в порт Недерланд (Nederland), США. ETA (11 июня) просрочено, что указывает на уточнение графика прибытия или ожидание лоцманской проводки/очереди на причал в районе Мексиканского залива. Операционные данные: Текущая скорость — 8.6 узлов, осадка — 9.5 м.История: Последний зафиксированный порт захода — якорная стоянка Порт-Кланг (Port Klang), Малайзия (выход 1 мая 2026 года). Эксплуатация и управлениеЗарегистрированный владелец: Compass Shipping 8 Corp Ltd (Гонконг). Коммерческий и технический менеджер: Pacific Gas (Hong Kong) Holdings Ltd.Комплаенс-статусСудно PACIFIC SHANGHAI (IMO 9778480) является современным активом, задействованным в международных перевозках энергоносителей. Санкционные риски отсутствуют. Структура владения (Pacific Gas/Compass Shipping) является прозрачной и соответствует международным стандартам судоходства",LOW,"Primorsk, Russia (RU PRI)",порт Недерланд (Nederland),PACIFIC SHANGHAIТип судна: Танкер для перевозки сжиженного газа (LPG Tanker / VLGC),477778909,"28 сентября 2026 г., 19:45 UTC","верфь Daewoo Shipbuilding & Marine Engineering, Южная Корея",0.0
2026-09-09,9778478,54747.0,48419.0,226.0,36.6,11.9,14.0,9.0,2017,Гонконг,LPG Tanker (танкер для перевозки сжиженного нефтяного газа),Underway using Engine / В пути,LOW,"Jubail, Saudi Arabia (SA JUB)",в Кристобаль (Панама) указывает на подготовку к транзиту через Панамский канал или операциям в зоне порта. Осадка 11.9 м характерна для рабочего состояния танкера данного класса,PACIFIC HONG KONG,477035900,"2 октября 2026 г., 09:15 UTC",LPG Tanker · флаг: Гонконг · следует в: в Кристобаль (Панама) указывает на подготовку к транзиту через Панамский канал или операциям в зоне порта. Осадка 11.9 м характерна для рабочего состояния танкера данного класса · Underway using Engine · возраст: 9 лет,0.0
2026-09-09,9743722,54747.0,48419.0,226.05,36.6,8.0,15.8,10.0,2016,"Гонконг, Китай",Газовоз для перевозки сжиженного нефтяного газа / LPG Tanker (VLGC),полный ход,EXTREME,"Jubail, Saudi Arabia (SA JUB)","Ningbo, China (CN NGB)",CYH QUANZHOU (ранее — Pacific Dongying),477620900,16 августа 2026 г,"глобальных логистических цепочках транспортировки энергетических газов между Азией, Ближним Востоком и другими ключевыми терминалами",0.0
2026-09-09,9682447,54700.0,59076.0,225.0,36.0,9.6,13.0,30.0,1996,PANAMA,LPG Tanker (Танкер для перевозки сжиженного нефтяного газа).,At Anchor (На якоре),LOW,"MX COA (Коатсакоалькос, Мексика)","PORT ARTHUR ANCH (Якорная стоянка Порт-Артур, США)",ALBERT,9682447,30 апреля 2026 г,Панама,0.0
2026-09-09,9350604,54691.0,59066.0,226.0,36.6,11.8,22.3,18.0,2008,Либерия,Танкер для перевозки сжиженного нефтяного газа (LPG Tanker / VLGC),На ходу (в пути),LOW,"Primorsk, Russia (RU PRI)","Ningbo, China (CN NGB)",NY LORD,636524186,"29 октября 2026 г., 09:15 UTC",Танкер для перевозки сжиженного нефтяного газа · флаг: Либерия · На ходу (в пути) · возраст: 18 лет,0.0
2026-09-09,9685217,54683.0,48917.0,225.81,36.6,11.9,14.4,12.0,2014,Индонезия,"Крупнотоннажный газовоз / VLGC (Very Large Gas Carrier, Fully Refrigerated LPG Tanker, категория HAZ-D)",трансокеанский переход,LOW,"Фрипорт, США (Freeport, USA)","Танджунг-Секонг, Индонезия (Tg. Sekong / Tanjung Sekong)",PERTAMINA GAS 2,525008121,10 сентября 2026 г,"Крупнотоннажный газовоз / VLGC · флаг: Индонезия · маршрут: Фрипорт, США (Freeport, USA) → Танджунг-Секонг, Индонезия (Tg. Sekong / Tanjung Sekong) · трансокеанский переход · возраст: 12 лет",0.0
2026-09-09,9754824,54675.0,47454.0,225.0,36.6,11.8,13.0,10.0,2016,Панама,LPG Tanker (танкер для перевозки сжиженного нефтяного газа),At Anchor / На якорной стоянке,LOW,"Jubail, Saudi Arabia (SA JUB)","Zhangpu, China (CN ZAP)","JAGANNATH (ранее — AEOLIAN PEARL, GAS TIGERS)",374797000,"14 сентября 2026 г., 02:00 UTC",LPG Tanker · флаг: Панама · At Anchor · возраст: 10 лет,0.0
2026-09-09,9730139,54669.0,47306.0,225.16,36.6,11.9,16.3,11.0,2015,Норвегия,Газовоз / Танкер для перевозки сжиженного нефтяного газа (LPG Tanker),Underway using Engine / В пути,LOW,"Yeosu, South Korea (KR YOS)","Карлсхамн, Швеция / Karlshamn, Sweden",TP PERSEVERANCE (экс-Perseverance V),259127000,28 августа 2026 г,"Газовоз / Танкер для перевозки сжиженного нефтяного газа · флаг: Норвегия · следует в: Карлсхамн, Швеция / Karlshamn, Sweden · Underway using Engine · возраст: 11 лет",0.0
2026-09-09,9780005,54656.0,49118.0,225.97,36.59,9.0,16.0,8.0,2018,Гонконг,Газовоз (LPG Tanker),На ходу (Under way),LOW,района Ёсу (Yeosu),Хьюстон,GAS AQUARIUS,477634476,"23 октября 2026 г., 18:45 UTC",Китай,0.0
2026-09-09,9706516,54656.0,48963.0,226.09,36.6,12.2,14.4,11.0,2015,Багамские Острова,Газовоз / Танкер для перевозки СУГ (LPG Tanker / VLGC),трансокеанский переход,LOW,"Хьюстон (якорная стоянка), США (Houston Anch., United States)","CNFZG (Тай仓 / Чжанцзяган, Китай)",COPERNICUS,311000375,26 августа 2026 г,"Газовоз / Танкер для перевозки СУГ · флаг: Багамские Острова · маршрут: Хьюстон (якорная стоянка), США (Houston Anch., United States) → CNFZG (Тай仓 / Чжанцзяган, Китай) · трансокеанский переход · возраст: 11 лет",0.0
2026-09-09,9800099,54645.0,59017.0,225.0,36.6,8.3,14.0,9.0,2017,Панама,Танкер для перевозки сжиженного нефтяного газа (LPG Tanker / VLGC),На ходу (в пути),HIGH,"Jubail, Saudi Arabia (SA JUB)","Ningbo, China (CN NGB)",GAS YOUNG,370565759,"22 сентября 2026 г., 08:45 UTC",Танкер для перевозки сжиженного нефтяного газа · флаг: Панама · На ходу (в пути) · возраст: 9 лет,0.0
2026-09-09,9694622,54627.0,58997.0,225.0,36.0,11.1,13.0,11.0,2015,"Маршалловы Острова Год постройки: 2015 Габариты: Длина — 225 м, ширина — 36 м,","LPG Tanker (Танкер для перевозки сжиженного нефтяного газа, класс VLGC — Very Large Gas Carrier)","По данным последних систем мониторинга, судно находится в районе Гиббстаун (Gibbstown), США, вблизи порта Полсборо. Статус: Судно завершило грузовые операции в порту Маркус-Хук (4 июня 2026 г.) и переместилось в зону Полсборо/Гиббстаун для дальнейших портовых операций. Осадка (Draught): 11.1 м Актуальность: Данные актуальны на 8 июня 2026 года3. Анализ параметровОперационная активность: MADO является крупнотоннажным газовозом, обеспечивающим транспортировку сжиженного газа на международных линиях. Регулярно посещает энергетические терминалы в дельте реки Делавэр (Маркус-Хук, Гиббстаун, Полсборо).Специализация: Транспортировка сжиженного нефтяного газа (LPG). Судно относится к категории высокопроизводительных танкеров (VLGC) с полной рефрижерацией груза. 4. Риск-профильСанкции: Не числится в санкционных списках.Заключение: Объект классифицируется как «Активен / Коммерческий энергетический транспорт». Судно выполняет плановые коммерческие операции. Риск взаимодействия оценивается как низкий",LOW,"Marcus Hook, USA (US MHK)","Rotterdam, Netherlands (NL RTM)",MADOIMO: 9694622,538010974,"14 октября 2026 г., 01:15 UTC","LPG Tanker · флаг: Маршалловы Острова Год постройки: 2015 Габариты: Длина — 225 м, ширина — 36 м, · По данным последних систем мониторинга, судно находится в районе Гиббстаун (Gibbstown), США, вблизи порта Полсборо. Статус: Судно завершило грузовые операции в порту Маркус-Хук (4 июня 2026 г.) и переместилось в зону Полсборо · возраст: 11 лет",0.0
2026-09-09,9779991,54605.0,49118.0,225.95,36.58,12.0,13.0,9.0,2017,Либерия,LPG Tanker (танкер для перевозки сжиженного нефтяного газа),At Anchor / На якорной стоянке,LOW,"Ain Sukhna, Egypt (EG ASU)","Zhangpu, China (CN ZAP)",GAS GEMINI,636022458,"10 сентября 2026 г., 11:30 UTC",LPG Tanker · флаг: Либерия · At Anchor · возраст: 9 лет,0.0
2026-09-09,9726102,54603.0,47347.0,225.0,36.6,12.0,14.6,10.0,2016,Сингапур,Танкер для перевозки сжиженного нефтяного газа (LPG Tanker).,At Anchor / На якорной стоянке,LOW,"Jubail, Saudi Arabia (SA JUB)",Сингапур,PIONEER 6102,563895955,4 июля 2026 г,Танкер для перевозки сжиженного нефтяного газа · флаг: Сингапур · следует в: Сингапур · At Anchor · возраст: 10 лет,0.0
2026-09-09,9726126,54596.0,47347.0,225.23,36.6,7.5,14.6,10.0,2016,Сингапур,Газовоз / LPG Tanker (Fully Refrigerated / VLGC),Underway using Engine / В пути,LOW,"Дуньин, Китай (Dongying, China)","Сингапур (Singapore, Singapore)",SINNDAR,565962000,12 августа 2026 г,международных трансокеанских перевозках сжиженного нефтяного газа,0.0
2026-09-09,9726114,54595.0,47347.0,225.13,36.6,12.0,14.3,10.0,2016,Сингапур IMO номер: 9726114 Год постройки: 2016,Газовоз для перевозки сжиженного нефтяного газа (LPG Tanker),"На ходу (в пути).Маршрут: Следует в порт Мерак (Merak), Индонезия. Операционные данные: Текущая скорость — 14.3 узла, осадка — 12.0 м. Расчетное время прибытия (ETA) — 7 июля 2026 года в 22:00. История: Последний зафиксированный порт захода — Хьюстон (Houston), США, который судно покинуло 31 мая 2026 года. Эксплуатация и управлениеЗарегистрированный владелец: SHAAMIT SHIPPING PTE LTD (Сингапур). Коммерческий менеджер: PETREDEC LTD. Технический менеджер (ISM): ANGLO-EASTERN SHIPMANAGEMENT S. Эксплуатационный и санкционный статусСанкционный статус: Судно не находится под международными санкциями. Профиль: SHAAMIT — это активный газовоз, задействованный в международных перевозках СУГ. Судно не имеет рискованного профиля и эксплуатируется авторитетными компаниями в рамках глобальных коммерческих цепочек поставок энергоресурсов, строго соблюдая международные морские стандарты",LOW,"Yanbu, Saudi Arabia (SA YNB)",порт Мерак (Merak),SHAAMITТип судна: Газовоз для перевозки сжиженного нефтяного газа (LPG Tanker),567874308,7 июля 2026 г,"верфь Hyundai Heavy Industries, Южная Корея",0.0
2026-09-09,9762118,54593.0,47306.0,225.16,36.6,9.1,10.1,10.0,2016,Норвегия,Газовоз (LPG Tanker),На ходу под двигателем (Under way),LOW,"Сакаи (Sakai), Япония (отход 9 июня 2026 г.)",порт Касима ожидается завтра,TP TENACITY,259899495,10 июня 2026 г,"Газовоз · флаг: Норвегия · маршрут: Сакаи (Sakai), Япония (отход 9 июня 2026 г.) → порт Касима ожидается завтра · На ходу под двигателем (Under way) · возраст: 10 лет",0.0
2026-09-09,9176369,54584.0,47174.0,230.0,36.0,11.6,5.8,26.0,2000,Либерия,Газовоз (LPG Tanker / VLGC - Very Large Gas Carrier),Underway using Engine / В пути,LOW,"Chiba, Japan (JP CHB)",порт Альхесирас,DJANET,636999747,18 июня 2026 г,Газовоз · флаг: Либерия · следует в: порт Альхесирас · Underway using Engine · возраст: 26 лет,0.0
2026-09-09,9722223,54576.0,47347.0,225.0,36.6,8.3,14.0,10.0,2016,Сингапур,Газовоз (LPG / VLGC — Very Large Gas Carrier),Underway using Engine / В пути,LOW,"Marcus Hook, USA (US MHK)","Huizhou, China (CN HUI)",SILVIO,567596089,"21 сентября 2026 г., 10:00 UTC",Газовоз · флаг: Сингапур · Underway using Engine · возраст: 10 лет,0.0
2026-09-09,9726061,54564.0,47347.0,225.0,36.6,8.1,11.1,11.0,2015,Маршалловы Острова,Газовоз / Танкер для перевозки сжиженного нефтяного газа (LPG Tanker / VLGC),At Anchor / На якорной стоянке,LOW,"Houston, USA (US HOU)","Хьюстон, США / Houston, United States","JAG VIJAY (экс-Navigare Generosa, Sea Bird)",538012251,20 августа 2026 г,"Газовоз / Танкер для перевозки сжиженного нефтяного газа · флаг: Маршалловы Острова · следует в: Хьюстон, США / Houston, United States · At Anchor · возраст: 11 лет",0.0
2026-09-09,9699995,54557.0,47347.0,225.13,36.6,8.2,14.6,10.0,2016,Маршалловы Острова,Газовоз (LPG Tanker / VLGC - Very Large Gas Carrier),Under way using engine,LOW,"Houston, USA (US HOU)",PA BLB,KEDARNATH (бывш. SPREAD EAGLE),538011491,2 июля 2026 г,Газовоз · флаг: Маршалловы Острова · следует в: порт Нидерланд (Nederland) · Underway using Engine · возраст: 10 лет,0.407
2026-09-09,9377781,54550.0,58914.0,226.0,37.0,11.8,14.2,15.0,2011,БАГАМСКИЕ ОСТРОВА,LPG Tanker (Танкер для перевозки сжиженного нефтяного газа),Underway using Engine (На ходу),LOW,"Рас-Лаффан, Катар (QA RLF)","Фуджейра, ОАЭ (AE FJR)",GAS ESPOIR,311001930,22 мая 2026 г,BAHAMAS,0.0
2026-09-09,9359466,54534.0,58897.0,225.0,36.0,11.6,13.0,18.0,2008,"Маршалловы ОстроваГод постройки: 2008 Габариты: Длина — 225 м, ширина — 36 м,",LPG Tanker (Танкер для перевозки сжиженного нефтяного газа),"По состоянию на 8 июня 2026 года судно совершило заход в порт Нинбо, Китай (дата прибытия — 6 июня 2026 г.). В данный момент судно завершило переход и находится в портовых водах. Статус: Ошвартовано / Ведет портовые операции.Осадка (Draught): 11.6 м Актуальность: Данные актуальны на 8 июня 2026 года.3. Анализ параметровОперационная активность: Судно является частью флота компании Nakilat (Катар), специализирующегося на транспортировке сжиженных газов. AL WUKIR выполняет международные рейсы между ключевыми энергетическими хабами (ранее совершало рейсы в порты США, теперь работает в азиатском регионе). Управление:Владелец/Менеджер: Nakilat Shipping (Qatar) Ltd. Специализация: Транспортировка сжиженного нефтяного газа (LPG). 4. Риск-профильСанкции: По состоянию на 8 июня 2026 года судно не числится в международных санкционных списках.Заключение: Объект классифицируется как «Активен / Коммерческий энергетический транспорт». Судно принадлежит крупному международному оператору и выполняет плановые коммерческие операции. Риск взаимодействия оценивается как низкий",LOW,"Yeosu, South Korea (KR YOS)",порт Нинбо,AL WUKIRIMO: 9359466,538005255,"21 сентября 2026 г., 03:00 UTC","LPG Tanker · флаг: Маршалловы ОстроваГод постройки: 2008 Габариты: Длина — 225 м, ширина — 36 м, · следует в: порт Нинбо · По состоянию на 8 июня 2026 года судно совершило заход в порт Нинбо, Китай (дата прибытия — 6 июня 2026 г.). В данный момент судно завершило переход и находится в портовых водах. Статус: Ошвартовано · возраст: 18 лет",0.0
2026-09-09,9849617,54520.0,58882.0,228.45,36.6,8.3,14.0,7.0,2019,Кувейт,Танкер для перевозки сжиженного нефтяного газа (LPG Tanker / VLGC),На ходу (в пути),HIGH,"Primorsk, Russia (RU PRI)",порт Сария (Sariaya),GAS AL MUBARAKIAH,447084516,"22 октября 2026 г., 02:30 UTC",регулярных коммерческих поставках сжиженного газа из стран Персидского залива в Азию. Актив является прозрачным и не имеет признаков связей с теневым флотом или нарушением санкционных ограничений,0.0
2026-09-09,9388687,54517.0,47072.0,225.28,36.6,8.0,0.0,18.0,2008,Панама,"Крупнотоннажный газовоз для перевозки СУГ с классом опасности (LPG Tanker, HAZ-D)",At anchor,LOW,"Yeosu, South Korea (KR YOS)","Zhangpu, China (CN ZAP)",OCEAN GAS,370653000,15 августа 2026 г,Крупнотоннажный газовоз для перевозки СУГ с классом опасности · флаг: Панама · At Anchor · возраст: 18 лет,0.652
2026-09-09,9694634,54516.0,47347.0,225.0,36.6,8.1,0.1,11.0,2015,Дания,LPG Tanker (танкер для перевозки сжиженного нефтяного газа),At Anchor / На якорной стоянке,LOW,"Rotterdam, Netherlands (NL RTM)",балласте или с неполной загрузкой в порт Фрипорт (США),NAVIGARE GAIA,219654000,8 июня 2026 г,LPG Tanker · флаг: Дания · следует в: балласте или с неполной загрузкой в порт Фрипорт (США) · At Anchor · возраст: 11 лет,0.0
2026-09-09,9722792,54509.0,47379.0,225.0,36.6,11.9,0.0,11.0,2015,Багамские острова,"Газовоз (LPG Tanker, VLGC — Very Large Gas Carrier)",Moored,LOW,"Rotterdam, Netherlands (NL RTM)",MA PTM,CHALLENGER,311000393,"1 сентября 2026 г., 14:15 UTC","трансатлантических перевозках, часто связывая экспортные терминалы США с регионами-потребителями (включая Северную Африку и порты Ближнего Востока)",0.412
2026-09-09,9734513,54505.0,47347.0,225.13,36.6,7.6,15.2,10.0,2016,Либерия,Газовоз / Танкер для сжиженного газа (LPG Tanker),At Anchor / На якорной стоянке,EXTREME,"Jubail, Saudi Arabia (SA JUB)","Tianjin, China (CN TJN)",AL RAWDAH,636026801,16 августа 2026 г,Газовоз / Танкер для сжиженного газа · флаг: Либерия · At Anchor · возраст: 10 лет,0.0
2026-09-09,9797876,54502.0,47558.0,225.0,36.6,8.3,12.3,8.0,2018,Панама,LPG Tanker (танкер для перевозки сжиженного нефтяного газа),Underway using Engine / В пути,LOW,"Yeosu, South Korea (KR YOS)",Бальбоа (Панама),G. SPIRIT,374993000,"5 октября 2026 г., 11:00 UTC",LPG Tanker · флаг: Панама · следует в: Бальбоа (Панама) · Underway using Engine · возраст: 8 лет,0.0
2026-09-09,9702015,54501.0,47379.0,225.0,36.6,12.0,11.3,11.0,2015,Гонконг,Газовоз / LPG Tanker,Underway using Engine / В пути,LOW,"Фрипорт, США (Freeport, United States)","Калбут / Ситубондо, Индонезия (Kalbut Situbondo, Indonesia)",CYH FUJIAN (ранее Jiangsu),477248800,8 августа 2026 г,"Газовоз / LPG Tanker · флаг: Гонконг · маршрут: Фрипорт, США (Freeport, United States) → Калбут / Ситубондо, Индонезия (Kalbut Situbondo, Indonesia) · Underway using Engine · возраст: 11 лет",0.0
2026-09-09,9238284,54500.0,58860.0,227.0,36.0,7.8,13.0,14.0,2012,PANAMA,LPG Tanker (Танкер для перевозки сжиженного нефтяного газа),At Anchor (На якоре),LOW,"KHOR FAKKAN ANCH (Хор-Факкан, ОАЭ)","AE KLF (Халифа, ОАЭ)",BRIZO,352004997,28 ноября 2026 г. в 15:54 (UTC+4),Панама,0.0
2026-09-09,9307736,54490.0,48772.0,230.0,36.6,7.7,10.5,20.0,2006,Вьетнам,Танкер для перевозки сжиженного нефтяного газа / Крупнотоннажный газовоз (LPG Tanker / VLGC),Underway using Engine / В пути,EXTREME,"Ras Laffan, Qatar (QA RLF)","Zhangpu, China (CN ZAP)","NV AQUAMARINE (ранее — BW Confidence, British Confidence)",574005390,19 августа 2026 г,Танкер для перевозки сжиженного нефтяного газа / Крупнотоннажный газовоз · флаг: Вьетнам · Underway using Engine · возраст: 20 лет,0.0
2026-09-09,9714381,54490.0,58849.0,225.0,36.6,10.5,13.0,11.0,2015,Багамские Острова,LPG Tanker (Танкер для перевозки сжиженного газа),Moored (Ошвартован),LOW,"Ras Laffan, Qatar (QA RLF)","Zhangpu, China (CN ZAP)",CONTINENTAL,311000346,"4 октября 2026 г., 15:15 UTC",LPG Tanker · флаг: Багамские Острова · Moored (Ошвартован) · возраст: 11 лет,0.0
2026-09-09,9307750,54478.0,58836.0,230.07,36.61,8.3,13.6,20.0,2006,Индия IMO номер: 9307750 Год постройки: 2006,Газовоз СПГ/СУГ (LPG Tanker),"На ходу (использует двигатель). Маршрут: Следует в порт Хьюстон (Houston), США. Операционные данные: Текущая скорость — 13.6 узлов, осадка — 8.3 м. Расчетное время прибытия (ETA) — 14 июня 2026 года в 21:00. История: Последний зафиксированный порт захода — Кейптаун (Cape Town), Южная Африка, который судно покинуло 20 мая 2026 года. Эксплуатация и управлениеОператор, владелец и менеджер (ISM): GREAT EASTERN SHIPPING CO LTD (Индия). Эксплуатационный и санкционный статусСанкционный статус: Судно не находится под международными санкциями. Профиль: JAG VASANT — газовоз, находящийся в управлении крупной индийской судоходной компании Great Eastern Shipping. Несмотря на упоминание в новостных сводках в марте 2026 года в контексте обеспечения безопасности прохода судов через Ормузский пролив на фоне региональной напряженности, судно является легальным коммерческим активом, выполняющим регулярные рейсы. Оно не имеет рискованного профиля и эксплуатируется в соответствии с международными стандартами. Как аналитик, вы можете рассматривать это судно как надежный коммерческий актив, задействованный в международных энергетических цепочках поставок",LOW,"Houston, USA (US HOU)",порт Хьюстон (Houston),JAG VASANTТип судна: Газовоз СПГ/СУГ (LPG Tanker),419556672,14 июня 2026 г,"верфь Hyundai Heavy Industries, Южная Корея",0.0
2026-09-09,9721138,54409.0,58762.0,225.12,36.6,8.0,14.7,11.0,2015,Мальта,LPG Tanker (рефрижераторный газовоз),В движении (Under way),EXTREME,"Chiba, Japan (JP CHB)","Shanghai, China (CN SHA)",HELLAS HERCULES,9721138,27 июля 2026 г,LPG Tanker · флаг: Мальта · В движении (Under way) · возраст: 11 лет,0.0
2026-09-09,9732503,54376.0,48022.0,225.12,36.6,11.6,15.3,10.0,2016,Мальта IMO номер: 9732503 Год постройки: 2016,Газовоз для перевозки сжиженного нефтяного газа (LPG Tanker / VLGC — Very Large Gas Carrier),"На ходу (Under way), следует в пункт назначения. Маршрут: Судно направляется в порт Вишакхапатнам (Visakhapatnam), Индия. Операционные данные: Текущая осадка — 11.6 м, скорость — 15.3 узла. Расчетное время прибытия (ETA) в Вишакхапатнам — 18 июня 2026 года в 15:00. История: Последний порт захода — Недерланд (Nederland), США (штат Техас), который судно покинуло 13 мая 2026 года. Эксплуатация и управлениеУправление: Судно находится в управлении компании Latsco Marine Management Inc (Афины, Греция). Контекст: HELLAS GLADIATOR — современный газовоз, специализирующийся на перевозках сжиженного газа. Активно работает на глобальном рынке, совершая трансокеанские рейсы между экспортными терминалами США и портами Азии. Судно имеет высокий класс надежности (DNV) и не имеет санкционных ограничений",LOW,"Ras Laffan, Qatar (QA RLF)",пункт назначения. Маршрут: Судно направляется в порт Вишакхапатнам (Visakhapatnam),HELLAS GLADIATORТип судна: Газовоз для перевозки сжиженного нефтяного газа (LPG Tanker / VLGC — Very Large Gas Carrier),248715608,"2 сентября 2026 г., 18:00 UTC","верфь Hyundai Heavy Industries, Ульсан, Южная Корея",0.0
2026-09-09,9804253,54373.0,48008.0,225.1,36.6,7.9,15.4,9.0,2017,Гонконг,Газовоз (LPG Tanker),Underway using Engine / В пути,LOW,"Чжанцзяган, Китай (отход 7 июня 2026 г.)","Бальбоа, Панама (",ORIENTAL KING,477281306,1 июля 2026 г,"Газовоз · флаг: Гонконг · маршрут: Чжанцзяган, Китай (отход 7 июня 2026 г.) → Бальбоа, Панама ( · Underway using Engine · возраст: 9 лет",0.0
2026-09-09,9794288,54365.0,47268.0,225.13,36.6,9.7,14.1,9.0,2017,Панама,Газовоз (LPG Tanker / VLGC),kn,EXTREME,"Marcus Hook, USA (US MHK)","Oita, Japan (JP OIT)",ALBERT III,351659502,20 июля 2026 г,Газовоз · флаг: Панама · kn · возраст: 9 лет,0.0
2026-09-09,9721140,54361.0,48022.0,225.12,36.6,11.9,0.0,11.0,2015,Мальта,Газовоз / LPG Tanker,At anchor,LOW,"Маркус-Хук, США (Marcus Hook, United States)","Shanghai, China (CN SHA)",HELLAS POSEIDON,256732000,28 июля 2026 г,"Газовоз / LPG Tanker · флаг: Мальта · отход: Маркус-Хук, США (Marcus Hook, United States) · At Anchor · возраст: 11 лет",0.656
2026-09-09,9703837,54336.0,48060.0,225.0,36.6,12.0,13.9,11.0,2015,Багамские Острова,Газовоз / Танкер для перевозки СУГ (LPG Tanker / VLGC),переход из Мексиканского залива к Панамскому каналу,LOW,"Хьюстон, США (Houston, United States)","Кристобаль, Панама (Cristobal, Panama)",CORVETTE,311000255,10 августа 2026 г,"трансокеанской транспортировке сжиженных углеводородных газов на магистральных направлениях между Северной Америкой, Карибским бассейном и Азией",0.0
2026-09-09,9734680,54336.0,48060.0,225.0,36.6,8.3,14.0,11.0,2015,"Багамские Острова Последний крупный порт маршрута: Хьюстон, США (Houston, USA) Технические характеристики",Газовоз / LPG Tanker (VLGC),Underway using Engine / В пути,LOW,"Chiba, Japan (JP CHB)","Ulsan, South Korea (KR USN)",CONSTELLATION,311000388,"12 сентября 2026 г., 16:30 UTC",трансокеанских перевозках сжиженного газа между американскими терминалами Мексиканского залива и портовыми хабами Южной/Юго-Восточной Азии (включая Индию),0.0
2026-09-09,9752723,54312.0,58657.0,230.0,36.6,7.5,15.3,8.0,2018,Гонконг IMO номер: 9752723 Год постройки: 2018,Газовоз СУГ (LPG Tanker),"На ходу (в пути).Маршрут: Следует в порт Хьюстон (Houston), США. Операционные данные: Текущая скорость — 15.3 узла, осадка — 7.5 м. Расчетное время прибытия (ETA) — 12 июня 2026 года в 23:00. История: Последний зафиксированный порт захода — Халдия (Haldia), Индия, который судно покинуло 9 мая 2026 года. Эксплуатация и управлениеЗарегистрированный владелец: CEBFL NO 21 TIANJIN SHIP. Коммерческий менеджер: SINOGAS MARITIME LTD. Технический менеджер (ISM): WIDESHINE MANAGEMENT PTE LTD (Сингапур). Эксплуатационный и санкционный статусСанкционный статус: Судно не находится под международными санкциями. Профиль: GAS SCORPIO — современный LPG-газовоз, управляемый профессиональными международными компаниями (Sinogas/Wideshine). Судно является прозрачным коммерческим активом, задействованным в глобальных энергетических перевозках. Важно не путать его с санкционными судами, имеющими созвучные названия (такие как ""TK SCORPIO"").Итоговое резюме по всем проанализированным судамМы завершили детальный анализ 24 судов. Вот основные выводы для вашей аналитической работы:Санкционные активы (Высокий риск):MARINERA (IMO 9230880): Находится под арестом властей США за нарушение санкций.Активы с повышенным риском (Due Diligence):NILE, VINCERE, NAVIG8 HONOR: Требуют мониторинга из-за частых заходов в терминал Хосе (Венесуэла).Прозрачные коммерческие активы (Низкий риск):Все остальные 20 судов (включая GAS SCORPIO) являются стандартными коммерческими активами, управляемыми известными компаниями и следующими легальными маршрутами",HIGH,"Jubail, Saudi Arabia (SA JUB)",порт Хьюстон (Houston),GAS SCORPIO,477988301,12 июня 2026 г,"верфь Hyundai Heavy Industries, Южная Корея",0.0
2026-09-09,9795919,54304.0,47774.0,230.0,36.6,8.3,13.0,8.0,2018,Маршалловы Острова,Крупнотоннажный газовоз / Танкер для сжиженного газа класса VLGC (Very Large Gas Carrier),At Anchor / На якорной стоянке,EXTREME,"Jubail, Saudi Arabia (SA JUB)","Oita, Japan (JP OIT)",GAZ IMPERIAL,538007631,"20 октября 2026 г., 05:45 UTC",Крупнотоннажный газовоз / Танкер для сжиженного газа класса VLGC · флаг: Маршалловы Острова · At Anchor · возраст: 8 лет,0.0
2026-09-09,9735036,54268.0,58609.0,226.1,36.64,8.1,0.1,10.0,2016,Остров Мэн,LPG Tanker (Танкер для перевозки сжиженного газа),At anchor (На якоре),LOW,"Chiba, Japan (JP CHB)","Zhangpu, China (CN ZAP)",BW MAGELLAN,232003788,"28 августа 2026 г., 01:45 UTC",Великобритания,0.0
2026-09-09,9879703,54238.0,48825.0,228.59,36.6,7.9,16.3,6.0,2020,Панама,Газовоз (LPG Tanker / VLGC — Very Large Gas Carrier),Under way using engine,LOW,"Jubail, Saudi Arabia (SA JUB)",EGPSD,GLOBE POLARIS,371720000,22 июня 2026 г,Газовоз · флаг: Панама · Underway using Engine · возраст: 6 лет,0.413
2026-09-09,9780641,54171.0,58505.0,229.9,37.2,11.2,13.9,9.0,2017,Панама IMO номер: 9780641 Год постройки: 2017,Газовоз (LPG Tanker / VLGC),"На ходу (в пути).Маршрут: Следует в порт Эннор (Ennore), Индия. Операционные данные: Текущая скорость — 13.9 узлов, осадка — 11.2 м. Расчетное время прибытия (ETA) — 11 июля 2026 года в 02:00. История: Последний зафиксированный порт захода — Хьюстон (Houston), США, который судно покинуло 5 июня 2026 года. Эксплуатация и управлениеЗарегистрированный владелец: SCORPIO LINE SHIPPING SA. Коммерческий менеджер: KAWASAKI KISEN KAISHA LTD (K-Line, Япония). Технический менеджер (ISM): K MARINE SHIP MGMT PTE LTD (Сингапур). Эксплуатационный и санкционный статусСанкционный статус: Судно не находится под международными санкциями.Профиль: CRYSTAL RIVER — современный крупнотоннажный газовоз класса VLGC (Very Large Gas Carrier). Судно является легальным коммерческим активом, находящимся под управлением признанных в отрасли операторов. Оно задействовано в международных перевозках сжиженного газа, соблюдает все установленные морские стандарты и не имеет рискованного профиля",LOW,"Ain Sukhna, Egypt (EG ASU)",порт Эннор (Ennore),CRYSTAL RIVERТип судна: Газовоз (LPG Tanker / VLGC),353466851,11 июля 2026 г,"международных перевозках сжиженного газа, соблюдает все установленные морские стандарты и не имеет рискованного профиля",0.0
2026-09-09,9113379,54155.0,47027.0,230.0,36.0,8.3,0.6,30.0,1996,Никарагуа,LPG Tanker (газовоз),At Anchor / На якорной стоянке,HIGH,"Ain Sukhna, Egypt (EG ASU)",направлении порта Фучжоу (Китай). Несмотря на то,"DA LI (ранее эксплуатировалось под именами VICTORIA, FORTUNA, ATHENA, MING DE, GAS MIRACLE)",350179000,"7 сентября 2026 г., 01:00 UTC",LPG Tanker · флаг: Никарагуа · следует в: направлении порта Фучжоу (Китай). Несмотря на то · At Anchor · возраст: 30 лет,0.0
2026-09-09,9719501,54116.0,58445.0,225.17,36.6,8.2,13.7,11.0,2015,Остров Мэн,Газовоз СУГ (LPG Tanker),На ходу (в пути),LOW,"Ras Laffan, Qatar (QA RLF)",порт Хьюстон (Houston),BW ORION,636077125,12 июня 2026 г,"Isle of Man, Великобритания",0.0
2026-09-09,9719496,54116.0,47922.0,225.17,36.6,12.1,9.5,11.0,2015,Великобритания,Газовоз / Крупнотоннажный газовоз (LPG Tanker / VLGC),трансокеанский переход после прохождения зоны Панамского канала,LOW,"Рейд Пенья-Бланка, Панама (Pena Blanca Anch., Panama)","Йосу, Южная Корея (Yeosu, Korea)",BW LIBRA,235111639,3 сентября 2026 г,Остров Мэн,0.0
2026-09-09,9735660,54116.0,47922.0,225.12,36.59,11.9,15.5,10.0,2016,"Остров Мэн, Великобритания",Газовоз / LPG Tanker,Underway using Engine / В пути,LOW,"Хьюстон, США ()","Кристобаль, Панама (Cristobal)",BW VOLANS,235115082,6 августа 2026 г,Isle of Man / UK,0.0
2026-09-09,9735658,54116.0,47922.0,225.15,36.59,7.7,0.0,10.0,2016,Остров Мэн / Великобритания (Isle of Man / UK Flag) — реестр категории Tier-1 «белого списка»,Газовоз СУГ (VLGC — Very Large Gas Carrier / LPG Tanker),Moored,EXTREME,"Ain Sukhna, Egypt (EG ASU)","Ulsan, South Korea (KR USN)",BW TUCANA,235115081,"19 сентября 2026 г., 02:30 UTC",Paris/Tokyo MoU White List,1.0
2026-09-09,9703019,54116.0,47922.0,225.12,36.6,12.0,13.3,11.0,2015,Великобритания,Газовоз / Танкер для перевозки сжиженного газа (LPG / VLGC / Fully refrigerated),At Anchor / На якорной стоянке,LOW,"Пенья-Бланка (якорная стоянка Панамского канала), Панама (Pena Blanca Anch., Panama)","Дасан, Южная Корея (Daesan, Korea)",BW LEO,235109137,10 августа 2026 г,Остров Мэн,0.0
2026-09-09,9800491,54112.0,46947.0,229.9,37.2,8.0,15.1,7.0,2019,Япония,Танкер для перевозки сжиженного газа (LPG Tanker).,At Anchor / На якорной стоянке,LOW,"Chiba, Japan (JP CHB)",направлении SGSIN — USHOU,CARGO 0491,432411428,15 июня 2026 г,Танкер для перевозки сжиженного газа · флаг: Япония · следует в: направлении SGSIN — USHOU · At Anchor · возраст: 7 лет,0.0
2026-09-09,9631682,54070.0,46949.0,229.9,37.2,7.7,16.3,13.0,2013,Сингапур,Газовоз для перевозки сжиженного нефтяного газа (LPG Tanker / VLGC — Very Large Gas Carrier),На ходу (Under way),LOW,"Rotterdam, Netherlands (NL RTM)",порт Хьюстон (Houston),CRYSTAL SUNRISE,564713538,5 июля 2026 г,Газовоз для перевозки сжиженного нефтяного газа · флаг: Сингапур · следует в: порт Хьюстон (Houston) · На ходу (Under way) · возраст: 13 лет,0.0
2026-09-09,9732539,54053.0,47965.0,225.22,36.6,8.0,6.3,10.0,2016,Маршалловы Острова,LPG Tanker (танкер для перевозки сжиженного нефтяного газа),At Anchor / На якорной стоянке,LOW,"Chiba, Japan (JP CHB)",балластном состоянии,BW BRAGE,538006837,"22 сентября 2026 г., 15:00 UTC","трансокеанских перевозках между Южной Кореей (Гванъян/Есу) и терминалами в США (Ферндейл), что подтверждает его ключевую роль в глобальных цепочках поставок сжиженного газа",0.0
2026-09-09,9733325,54053.0,58377.0,225.22,36.6,12.2,12.0,10.0,2016,Маршалловы островаIMO номер: 9733325 Год постройки: 2016,Газовоз СУГ (LPG Tanker / VLGC),"На ходу (в пути).Маршрут: Следует в порт Чжаньцзян (Zhanjiang), Китай. Операционные данные: Текущая скорость — 12.0 узлов, осадка — 12.2 м. Расчетное время прибытия (ETA) — 25 июля 2026 года. История: Последний зафиксированный порт захода — Хьюстон (Houston), США, который судно покинуло 8 июня 2026 года. Эксплуатация и управлениеЗарегистрированный владелец: BW CONSTELLATION II PTE LTD (Сингапур). Коммерческий менеджер: BW LPG PTE LTD (Сингапур). Технический менеджер (ISM): BW LPG FLEET MANAGEMENT AS (Норвегия). Эксплуатационный и санкционный статусСанкционный статус: Судно не находится под международными санкциями.Профиль: BW FREYJA — высокотехнологичный газовоз (VLGC — Very Large Gas Carrier), принадлежащий ведущему мировому оператору BW LPG. Судно является полностью прозрачным коммерческим активом, эксплуатируется в рамках стандартных глобальных энергетических цепочек поставок и соответствует всем международным морским требованиям. Риски при работе с данным судном отсутствуют. Это был последний актив в вашем списке. На текущий момент мной проанализировано 18 судов. Вы получили детальные справки по каждому, включая оценку санкционного статуса и принадлежность к операторам",LOW,"Chiba, Japan (JP CHB)",порт Чжаньцзян (Zhanjiang),BW FREYJAТип судна: Газовоз СУГ (LPG Tanker / VLGC),538589431,25 июля 2026 г,"верфь Hyundai Heavy Industries, Южная Корея",0.0
2026-09-09,9741827,54053.0,47384.0,225.22,36.6,8.3,13.0,10.0,2016,Маршалловы острова IMO номер: 9741827 Год постройки: 2016,Газовоз для перевозки сжиженного нефтяного газа (LPG Tanker / VLGC),"По последним данным AIS, судно находится в Индийском океане. Операционные данные: Наблюдается отсутствие активного хода (скорость 0.0 узлов). Пункт назначения — Порт-Луи, Маврикий (ETA 14 июня 2026 года в 22:00). История: Последний порт захода — Мале, Мальдивы, который судно покинуло после 4 июня 2026 года.Эксплуатация и управлениеУправление:ISM Manager: BW LPG FLEET MANAGEMENT AS Коммерческий менеджмент: BW LPG PTE LTDЗарегистрированный владелец: BW CONSTELLATION II PTE LTD Статус: Судно является активным участником мирового флота газовозов и не имеет санкционных ограничений. Оно регулярно совершает международные рейсы, связывающие терминалы Азии, США и других регионов",LOW,"Yanbu, Saudi Arabia (SA YNB)","Oita, Japan (JP OIT)",BW NJORDТип судна: Газовоз для перевозки сжиженного нефтяного газа (LPG Tanker / VLGC),538459982,14 июня 2026 г,"Газовоз для перевозки сжиженного нефтяного газа · флаг: Маршалловы острова IMO номер: 9741827 Год постройки: 2016 · По последним данным AIS, судно находится в Индийском океане. Операционные данные: Наблюдается отсутствие активного хода (скорость 0.0 узлов). Пункт назначения — Порт-Луи, Маврикий (ETA 14 июня 2026 года в 22:00). История: Последний порт захода — Мале, Мальдивы, который судно покинуло после 4 июня 2026 года.Эксплуатация и управлениеУправление:ISM Manager: BW LPG FLEET MANAGEMENT AS Коммерческий менеджмент: BW LPG PTE LTDЗарегистрированный владелец: BW CONSTELLATION II PTE LTD Статус: Судно является активным участником мирового флота газовозов и не имеет санкционных ограничений. Оно регулярно совершает международные рейсы, связывающие терминалы Азии, США и других регионов · возраст: 10 лет",0.0
2026-09-09,9732527,54053.0,47965.0,225.22,36.6,11.8,14.8,10.0,2016,Маршалловы Острова,Газовоз / LPG Tanker (категория HAZ-D),Underway using Engine / В пути,LOW,"Порт-Эдвард, Канада (Port Edward, Canada)","Фучжоу, Китай (Fuzhou, China)",BW BALDER,538006835,19 августа 2026 г,"Газовоз / LPG Tanker · флаг: Маршалловы Острова · маршрут: Порт-Эдвард, Канада (Port Edward, Canada) → Фучжоу, Китай (Fuzhou, China) · Underway using Engine · возраст: 10 лет",0.0
2026-09-09,9379399,54048.0,43284.0,227.21,32.25,11.6,5.5,17.0,2009,Панама,Крупнотоннажный газовоз / Танкер для перевозки сжиженного газа (LPG Tanker / VLGC type),пониженная скорость хода или дрейф,LOW,"Момбаса, Кения (Mombasa, Kenya)","Ningbo, China (CN NGB)",ATLANTIC VICTORY,352003378,9 июля 2026 г,"Крупнотоннажный газовоз / Танкер для перевозки сжиженного газа · флаг: Панама · отход: Момбаса, Кения (Mombasa, Kenya) · пониженная скорость хода или дрейф · возраст: 17 лет",0.0
2026-09-09,9379404,54048.0,58372.0,227.21,32.25,7.7,13.0,18.0,2008,Ангола (AO),LPG Tanker (Танкер для перевозки сжиженного газа),At anchor (На якоре),HIGH,"Yanbu, Saudi Arabia (SA YNB)","Ulsan, South Korea (KR USN)","CELESTE (исторические названия: CLIPPER SIRIUS, SOLINA GAS, GAS DIOR)",603922000,"7 сентября 2026 г., 02:15 UTC",LPG Tanker · флаг: Ангола (AO) · At anchor (На якоре) · возраст: 18 лет,0.0
2026-09-09,9386299,54004.0,42897.0,227.21,32.25,8.3,14.0,17.0,2009,Барбадос,Газовоз (LPG Tanker),На ходу (в пути / дрейф),LOW,"Чаочжоу (Chaozhou), Китай (отход 16 февраля 2026 г.)","Zhangpu, China (CN ZAP)",GAS CONCEPT,636377094,16 февраля 2026 г,"Газовоз · флаг: Барбадос · отход: Чаочжоу (Chaozhou), Китай (отход 16 февраля 2026 г.) · На ходу (в пути · возраст: 17 лет",0.0
2026-09-09,9719408,53991.0,58310.0,225.0,36.6,12.2,14.8,10.0,2016,Либерия,Газовоз СУГ (LPG Tanker),На ходу (в пути),HIGH,"Yeosu, South Korea (KR YOS)",порт Порт-Луи (Port Louis),DELMA,636593910,7 июля 2026 г,Газовоз СУГ · флаг: Либерия · следует в: порт Порт-Луи (Port Louis) · На ходу (в пути) · возраст: 10 лет,0.0
2026-09-09,9902172,53971.0,48887.0,230.0,32.25,8.3,13.0,5.0,2021,Панама,Газовоз (LPG Carrier / VLGC — Very Large Gas Carrier),At Anchor / На якорной стоянке,LOW,"Rotterdam, Netherlands (NL RTM)","Ulsan, South Korea (KR USN)",WHITE CLIFFS,371222889,"19 сентября 2026 г., 04:30 UTC",Газовоз · флаг: Панама · At Anchor · возраст: 5 лет,0.0
2026-09-09,9809540,53938.0,50676.0,230.0,36.6,8.6,13.0,7.0,2019,Панама,Судно для перевозки сжиженного нефтяного газа / LPG Tanker,At Anchor / На якорной стоянке,LOW,Гонконг (якорная стоянка),"Дарвин (якорная стоянка), Австралия (Darwin Anch., Australia), фактическое прибытие (ATA): 29 июля 2026 г., 22:48 UTC (находится на якорной стоянке около 9 дней)",LILAC PROMENADE,353727000,29 июля 2026 г,международных морских перевозках сжиженных углеводородных газов на трансокеанских и региональных маршрутах Азиатско-Тихоокеанского региона,0.0
2026-09-09,9892406,53910.0,48858.0,229.98,32.25,7.6,1.4,5.0,2021,Панама,Газовоз (LPG Tanker / VLGC),Underway using Engine / В пути,LOW,"Ras Laffan, Qatar (QA RLF)","Zhangpu, China (CN ZAP)",GAS GALA,352913127,"11 сентября 2026 г., 09:45 UTC",Газовоз · флаг: Панама · Underway using Engine · возраст: 5 лет,0.0
2026-09-09,9667540,53854.0,46943.0,226.0,36.6,7.9,17.3,11.0,2015,Маршалловы Острова (Marshall Islands) — международный «белый» судовой реестр,Танкер для перевозки сжиженного нефтяного газа / Крупнотоннажный газовоз (VLGC — Very Large Gas Carrier / LPG Tanker),At Anchor / На якорной стоянке,EXTREME,"Yeosu, South Korea (KR YOS)",порты США: Регулярная работа на терминалах США (Port Bolivar,BW MISTRAL,538005576,"26 сентября 2026 г., 12:30 UTC",Paris/Tokyo MoU White List,0.0
2026-09-09,9809552,53844.0,58152.0,230.0,36.6,8.4,13.0,7.0,2019,Панама,LPG Tanker (Танкер для перевозки сжиженного газа / VLGC — Very Large Gas Carrier),На ходу (в переходе),LOW,порта Дарвин (Австралия). Ожидаемое время прибытия (ETA) в Ляньюньган — 9 июня 2026 года,порт Ляньюньган (Lianyungang),LILY PROMENADE,370503000,"11 октября 2026 г., 12:00 UTC",LPG Tanker · флаг: Панама · маршрут: порта Дарвин (Австралия). Ожидаемое время прибытия (ETA) в Ляньюньган — 9 июня 2026 года → порт Ляньюньган (Lianyungang) · На ходу (в переходе) · возраст: 7 лет,0.0
2026-09-09,9674842,53781.0,58083.0,226.0,37.0,8.2,13.0,11.0,2015,Маршалловы Острова,LPG Tanker (VLGC — газовоз для перевозки сжиженного газа),At anchor (На якоре),LOW,"Yanbu, Saudi Arabia (SA YNB)","Zhangpu, China (CN ZAP)",BW BREEZE,538005615,"27 сентября 2026 г., 14:15 UTC",LPG Tanker · флаг: Маршалловы Острова · At anchor (На якоре) · возраст: 11 лет,0.0
2026-09-09,9903762,53759.0,48858.0,229.98,32.25,8.0,15.0,5.0,2021,Панама,Газовоз (LPG Tanker / VLGC),Underway using Engine / В пути,LOW,"Ras Laffan, Qatar (QA RLF)",порт Недерленд (Nederland),GAS BARBAROSSA,373510947,30 июня 2026 г,Газовоз · флаг: Панама · следует в: порт Недерленд (Nederland) · Underway using Engine · возраст: 5 лет,0.0
2026-09-09,9667564,53752.0,46943.0,226.0,36.6,7.8,16.2,11.0,2015,Маршалловы Острова,Газовоз / LPG Tanker,At Anchor / На якорной стоянке,LOW,"Накала (якорная стоянка), Мозамбик (Nacala Anchorage, Mozambique)","Порт-Боливар, США (Port Bolivar, United States)",BW MONSOON,538005614,14 августа 2026 г,"Газовоз / LPG Tanker · флаг: Маршалловы Острова · маршрут: Накала (якорная стоянка), Мозамбик (Nacala Anchorage, Mozambique) → Порт-Боливар, США (Port Bolivar, United States) · At Anchor · возраст: 11 лет",0.0
2026-09-09,9686388,53658.0,57951.0,226.0,36.6,8.2,8.6,11.0,2015,Маршалловы Острова,Газовоз для перевозки сжиженного газа (LPG Tanker / VLGC).,Out of Service / Выведено из эксплуатации,HIGH,"Houston, USA (US HOU)","Rotterdam, Netherlands (NL RTM)",BW LEVANT,538388933,"19 сентября 2026 г., 15:15 UTC",Газовоз для перевозки сжиженного газа · флаг: Маршалловы Острова · Out of Service · возраст: 11 лет,0.0
2026-09-09,9202132,53600.0,57888.0,67.85,11.5,3.8,13.0,27.0,1999,Монголия,LPG Tanker (Танкер для перевозки СНГ),Out of Service / Выведено из эксплуатации,HIGH,"BD MGL (Монгла, Бангладеш)","RUPGANJ (Рупгандж, Бангладеш)",M.T.GGAS 101,457900523,29 июня 2024 г. в 15:00 (UTC+6),MONGOLIA,0.0
2026-09-09,9744922,53600.0,57888.0,180.0,28.0,6.7,0.1,10.0,2016,SINGAPORE,LPG/Chemical Tanker (Танкер для перевозки сжиженного газа и химикатов).,At Anchor (На якоре),LOW,PA PCN (Панамский канал),"US NDX (Недерленд, США)",ELLINGTON,9744922,9 мая 2026 г,Сингапур,0.0
2026-09-09,9523586,53550.0,57834.0,67.9,11.5,4.0,11.3,10.0,2016,ЯПОНИЯ,LPG Tanker (Танкер для перевозки сжиженного нефтяного газа),Underway using Engine (На ходу),LOW,"Кавасаки, Япония (JP KWS)","Химедзи, ЯПОНИЯ (JP HIM)",MEISYO MARU,432241953,22 мая 2026 г,"локальной цепочке поставок энергоносителей. Осадка 4 метра типична для судна, выполняющего рейс в балластном или слабогруженом состоянии после выгрузки в порту отправления",0.0
2026-09-09,9689548,53503.0,46789.0,226.0,36.6,11.7,14.6,11.0,2015,Индия,Крупнотоннажный газовоз / Газовоз для сжиженного нефтяного газа (LPG Tanker / VLGC),Under way using engine,LOW,"Офшорный нефтяной/газовый терминал Эскравос, Нигерия (Escravos Oil Field Term)","Вунгтау, Вьетнам (Vung Tau, Vietnam)",BW PAMPERO,419002054,20 августа 2026 г,"Крупнотоннажный газовоз / Газовоз для сжиженного нефтяного газа · флаг: Индия · маршрут: Офшорный нефтяной/газовый терминал Эскравос, Нигерия (Escravos Oil Field Term) → Вунгтау, Вьетнам (Vung Tau, Vietnam) · Underway using Engine · возраст: 11 лет",0.647
2026-09-09,9232503,53503.0,46506.0,227.0,36.0,7.4,0.9,25.0,2001,Индия,"Газовоз для перевозки СУГ с классом опасности (LPG Tanker, HAZ-A)",At Anchor / На якорной стоянке,LOW,"Yanbu, Saudi Arabia (SA YNB)","В ожидании распоряжений (Waiting For Orders), плановое",NANDA DEVI (ранее — BW Vision),419001302,13 августа 2026 г,"Газовоз для перевозки СУГ с классом опасности · флаг: Индия · следует в: В ожидании распоряжений (Waiting For Orders), плановое · At Anchor · возраст: 25 лет",0.0
2026-09-09,9636735,53400.0,50730.0,180.22,32.23,9.6,12.4,21.0,2005,LIBERIA,Multi Purpose Offshore Vessel (Многоцелевое судно обеспечения офшорных платформ),Under way using engine,LOW,"MT MAR (Марсашлокк, Мальта)",FOR ORDERS,HISTRIA AGARE,229582000,8 мая 2026 г,Либерия,0.656
2026-09-09,9282106,53194.0,57450.0,225.0,36.6,11.2,0.3,22.0,2004,"Ангола (AO) — в базе АИС также встречаются данные о флаге Коморских островов, что указывает на недавнюю смену или параллельную регистрацию",LPG Tanker (Танкер для перевозки сжиженного газа),"At Anchor (На якоре, район Хор-Факкан, ОАЭ)",LOW,"Rotterdam, Netherlands (NL RTM)","Incheon, South Korea (KR INC)","SIONA (исторические названия: ORIENTAL QUEEN, ARTEMIS GAS, LUNA, KANTI)",603913000,"16 октября 2026 г., 00:00 UTC","LPG Tanker · флаг: Ангола (AO) — в базе АИС также встречаются данные о флаге Коморских островов, что указывает на недавнюю смену или параллельную регистрацию · At Anchor (На якоре, район Хор-Факкан, ОАЭ) · возраст: 22 лет",0.0
2026-09-09,9377793,53100.0,45811.0,226.0,37.2,7.7,14.6,19.0,2007,Индия,Газовоз (LPG Tanker),На ходу (в Южной Атлантике),LOW,"Chiba, Japan (JP CHB)",порт Хьюстон (Houston),REIMEI,419839213,22 июня 2026 г,Газовоз · флаг: Индия · следует в: порт Хьюстон (Houston) · На ходу (в Южной Атлантике) · возраст: 19 лет,0.0
2026-09-09,9470088,53076.0,45812.0,225.93,37.2,10.9,13.9,15.0,2011,Великобритания (UK),Газовоз / Танкер для перевозки СУГ (LPG Tanker / Large Gas Carrier),Underway using Engine / В пути,LOW,"Хьюстон, США (Houston, United States)","Суапе, Бразилия (Suape, Brazil)",DORSET,235089774,11 августа 2026 г,трансокеанских поставках сжиженного углеводородного газа между терминалами США и Южной Америки,0.0
2026-09-09,9479929,53028.0,45812.0,226.0,37.0,11.0,6.6,15.0,2011,Индия,Газовоз (LPG / VLGC),kn,EXTREME,"Chiba, Japan (JP CHB)","Chiba, Japan (JP CHB)",BW PINE,419203818,"12 сентября 2026 г., 02:15 UTC",Газовоз · флаг: Индия · kn · возраст: 15 лет,0.0
2026-09-09,9454010,53010.0,45812.0,226.0,37.2,8.0,15.8,16.0,2010,Индонезия,Газовоз / Танкер для перевозки СУГ (LPG Tanker / VLGC),At Anchor / На якорной стоянке,LOW,"Ras Laffan, Qatar (QA RLF)","Хьюстон, США (Houston, United States)","JENGGALA 21 (ранее — Gas Beryl, Devon)",525121060,18 сентября 2026 г,"Газовоз / Танкер для перевозки СУГ · флаг: Индонезия · следует в: Хьюстон, США (Houston, United States) · At Anchor · возраст: 16 лет",0.0
2026-09-09,9369461,52991.0,46046.0,226.0,37.2,11.0,12.7,18.0,2008,Панама,"Крупнотоннажный газовоз / Fully Refrigerated LPG Carrier (VLGC, категория HAZ-D)",Under way using engine,LOW,"Сендай, Япония (Sendai, Japan)",US CLM,SUMMIT RIVER,370163000,12 августа 2026 г,"Крупнотоннажный газовоз / Fully Refrigerated LPG Carrier · флаг: Панама · маршрут: Сендай, Япония (Sendai, Japan) → Сакаиде, Япония (Sakaide, Japan) — · судно находится на завершающем этапе рейса в акватории Японии · возраст: 18 лет",0.419
2026-09-09,8912546,52500.0,56700.0,224.05,36.0,8.0,0.2,35.0,1991,Мадагаскар,Газовоз (LPG Tanker),At Anchor / На якорной стоянке,HIGH,"Yeosu, South Korea (KR YOS)",Хор-Факкан,SALUTE,636625677,23 июня 2026 г,КРИТИЧЕСКИЙ ИНДИКАТОР: Использование флага страны с ограниченными возможностями надзора за морским движением для судна такого типа является классическим признаком ухода от регуляторного контроля,0.0
2026-09-09,9046784,52500.0,56700.0,230.0,36.6,10.9,11.3,33.0,1993,Ангола,Газовоз (LPG Tanker),Underway using Engine / В пути,HIGH,"Rotterdam, Netherlands (NL RTM)","Чжухай, Китай",BANIAN,636176374,19 июля 2026 г,"Газовоз · флаг: Ангола · следует в: Чжухай, Китай · Underway using Engine · возраст: 33 лет",0.0
2026-09-09,9195494,52160.0,46613.0,224.5,36.0,8.0,13.0,26.0,2000,Панама,Крупнотоннажный газовоз / VLGC (Very Large Gas Carrier / LPG Tanker),At Anchor / На якорной стоянке,HIGH,"Jubail, Saudi Arabia (SA JUB)","Ningbo, China (CN NGB)","PAWAN PUTRA (бывш. Summit Terra, Sea Dolphin, Anne Laure)",357223000,"15 октября 2026 г., 19:30 UTC",Крупнотоннажный газовоз / VLGC · флаг: Панама · At Anchor · возраст: 26 лет,0.0
2026-09-09,9402988,52100.0,56268.0,95.04,16.0,6.2,0.1,14.0,2012,РЕСПУБЛИКА КОРЕЯ,LPG Tanker (Танкер для перевозки сжиженного нефтяного газа),At Anchor (На якоре),LOW,"Ёсу, Южная Корея (KR YOS)","Дэсан, Южная Корея (KR TSN)",HAPPY GAS,440944043,20 мая 2026 г,SOUTH KOREA,0.0
2026-09-09,9986611,52050.0,63501.0,299.0,46.0,9.3,12.3,9.0,2017,Сингапур,Танкер для перевозки сжиженного природного газа (LNG Tanker),На ходу с использованием двигателя (Underway using Engine),LOW,Сингапур (Singapore Anch. 1),"Рас-Лаффан, Катар",AL MASHABIYYAH,563783046,"28 августа 2026 г., 20:45 UTC","Танкер для перевозки сжиженного природного газа · флаг: Сингапур · маршрут: Сингапур (Singapore Anch. 1) → Рас-Лаффан, Катар · На ходу с использованием двигателя (Underway using Engine)",0.0
2026-09-09,9350422,51800.0,55944.0,225.01,36.53,8.5,0.1,10.0,2016,MOZAMBIQUE,LPG Tanker (Танкер для перевозки сжиженного газа),At Anchor (На якоре),HIGH,"SOHAR ANCH (Якорная стоянка Сохар, Оман)","SOHAR ANCH (Якорная стоянка Сохар, Оман)",ASTRA,650000174,17 апреля 2026 г. в 17:00 (UTC+4),Мозамбик,0.0
2026-09-09,8519966,51466.0,47249.0,219.74,38.4,7.2,11.2,39.0,1987,Бенин (согласно данным AIS) / Коморы,Газовоз (LPG Tanker),Судно в движении (Under way),HIGH,Сингапур (выход 9 июня 2026 г.). Судно долгое,порт назначения Сохар (Оман),BAO YU,636223728,"2 ноября 2026 г., 01:30 UTC",согласно характеристикам,0.0
2026-09-09,9855941,51098.0,46746.0,229.96,32.25,12.1,13.3,7.0,2019,Норвегия,LPG Tanker (танкер для перевозки сжиженного газа),Underway using Engine / В пути,LOW,"Ain Sukhna, Egypt (EG ASU)","Tianjin, China (CN TJN)",CLIPPER WILMA,257085990,6 июня 2026 г,LPG Tanker · флаг: Норвегия · Underway using Engine · возраст: 7 лет,0.0
2026-09-09,9447809,51050.0,48498.0,174.2,28.02,9.5,0.1,15.0,2011,LIBERIA,Multi Purpose Offshore Vessel (Многоцелевое судно обеспечения офшорных платформ),At Anchor (На якоре),LOW,"DZ AZW (Арзев, Алжир)","ALEXANDRIA ANCH (Якорная стоянка Александрии, Египет)",OCEANIC MOON,636023107,"16 октября 2026 г., 06:45 UTC",Либерия,0.0
2026-09-09,9789166,50891.0,46491.0,230.0,32.25,8.6,13.0,9.0,2017,"Норвегия Текущий статус: Ошвартовано / Стоянка у причала (порт Хьюстон, США — прибытие 4 августа 2026 г.).Технические характеристики",Газовоз / LPG Tanker (VLGC),At Anchor / На якорной стоянке,LOW,"Хьюстон, США (Houston, United States — прибытие 4 августа 2026 г.).Операционный профиль и комплаенсОператор / Менеджмент: Судно находится в коммерческом и техническом управлении известного норвежского судоходного оператора Solvang ASA. Задействовано в глобальных морских перевозках сжиженных углеводородных газов.Санкционный статус: НИЗКИЙ РИСК / ЧИСТЫЙ ПРОФИЛЬ (LOW / CLEARED). Факторы риска: Судно под флагом Норвегии, класс поддерживается ведущими международными классификационными обществами (DNV). Юридический, экологический и коммерческий профиль полностью прозрачен, признаков санкционных ограничений, правовых нарушений или навигационных аномалий не зафиксировано","Tianjin, China (CN TJN)",CLIPPER VANGUARD,259138000,4 августа 2026 г,глобальных морских перевозках сжиженных углеводородных газов,0.0
2026-09-09,9074626,50850.0,62037.0,290.14,49.19,9.8,1.2,4.0,2022,ЛИБЕРИЯ,LNG Tanker (Танкер для перевозки сжиженного природного газа),Not Under Command (Ограничен в возможности маневрировать),LOW,"Тяньцзинь, Китай (CN TXG)","Хор-Факкан, ОАЭ (AE KLF)",MUBARAZ,636388266,4 июня 2026 г,LIBERIA,0.0
2026-09-09,9793258,50591.0,46250.0,230.0,32.2,11.9,14.2,9.0,2017,Либерия,Газовоз (LPG Tanker / VLGC),Underway using Engine / В пути,LOW,"Ain Sukhna, Egypt (EG ASU)","Ulsan, South Korea (KR USN)",VEGA SUN,636821971,"22 сентября 2026 г., 21:00 UTC",Газовоз · флаг: Либерия · Underway using Engine · возраст: 9 лет,0.0
2026-09-09,9852951,50513.0,46668.0,229.99,32.25,12.0,13.0,7.0,2019,Либерия,LPG Tanker (танкер для перевозки сжиженного нефтяного газа),At Anchor / На якорной стоянке,LOW,Хьюстона (США) 27 мая 2026 года и совершило транзит через Панамский канал,пункт назначения Монтеверде (Эквадор) — 4 июня 2026 года,DOM EXPLORER,636020882,"24 октября 2026 г., 16:00 UTC",LPG Tanker · флаг: Либерия · маршрут: Хьюстона (США) 27 мая 2026 года и совершило транзит через Панамский канал → пункт назначения Монтеверде (Эквадор) — 4 июня 2026 года · At Anchor · возраст: 7 лет,0.0
2026-09-09,9564073,50450.0,54486.0,92.3,14.8,4.6,13.8,19.0,2007,Панама,Танкер для перевозки сжиженного газа и химических грузов (LPG/Chemical Tanker).,Underway using Engine / В пути,LOW,порта Чжанцзяган (CN ZJG),"Tianjin, China (CN TJN)",PIONEER 4073,636573845,"4 сентября 2026 г., 01:15 UTC",Танкер для перевозки сжиженного газа и химических грузов · отход: порта Чжанцзяган (CN ZJG) · Underway using Engine,0.0
2026-09-09,9014456,50357.0,44549.0,230.0,36.6,8.3,8.0,33.0,1993,"Камерун (по данным image_023c3e.png), ранее в данных упоминались Гамбия и Мадагаскар",LPG Tanker (танкер для перевозки сжиженного нефтяного газа),Underway using Engine / В пути,HIGH,"Houston, USA (US HOU)","Shanghai, China (CN SHA)","EXONAVE (исторические названия: NEXO, SEA DRAGON)",613391811,"27 октября 2026 г., 17:15 UTC","LPG Tanker · флаг: Камерун (по данным image_023c3e.png), ранее в данных упоминались Гамбия и Мадагаскар · Underway using Engine · возраст: 33 лет",0.0
2026-09-09,9666663,50350.0,47832.0,183.12,29.2,6.6,11.0,11.0,2015,PANAMA,Multi Purpose Offshore Vessel (Многоцелевое судно обеспечения офшорных платформ),Under way using engine,LOW,"BOLIVAR ROADS ANCH (Якорная стоянка Боливар-Роудс, США)",ESTAR>USNDX,MANTA ANKA,354895000,"14 октября 2026 г., 07:45 UTC",Панама,0.656
2026-09-09,9194969,49999.0,46021.0,230.0,36.6,8.6,3.7,26.0,2000,Восточный Тимор,Танкер для перевозки сжиженного газа (LPG Tanker),В движении (under way),EXTREME,"Сингапур (якорная стоянка EOPL), прибытие 25 июня 2026 г","Ulsan, South Korea (KR USN)","OCEAN 11 (ранее: GAS ARIES, BERGE ARIES)",636648425,25 июня 2026 г,"Типичный флаг удобства для судов, выходящих из-под контроля традиционных юрисдикций",0.0
2026-09-09,9423322,49999.0,46025.0,230.0,36.6,7.5,1.5,16.0,2010,Вьетнам,Крупнотоннажный газовоз для перевозки СУГ (LPG Tanker / VLGC),Underway using Engine / В пути,LOW,"Primorsk, Russia (RU PRI)","Рас-Лаффан, Катар (Ras Laffan, Qatar), плановое","APOLLO OCEAN (ранее — Pansy, BW Niigata, Yuricosmos)",574005600,10 августа 2026 г,"Крупнотоннажный газовоз для перевозки СУГ · флаг: Вьетнам · следует в: Рас-Лаффан, Катар (Ras Laffan, Qatar), плановое · Underway using Engine · возраст: 16 лет",0.0
2026-09-09,9249336,49999.0,46021.0,230.0,36.6,7.9,15.8,23.0,2003,Панама,Газовоз (LPG Tanker),На ходу под двигателем (Under way),LOW,"Кобе, Япония (отход 9 июня 2026 г.)","Tianjin, China (CN TJN)",LYCASTE PEACE,370801653,17 июня 2026 г,"Газовоз · флаг: Панама · отход: Кобе, Япония (отход 9 июня 2026 г.) · На ходу под двигателем (Under way) · возраст: 23 лет",0.0
2026-09-09,9317298,49999.0,45965.0,230.0,36.6,8.4,14.2,21.0,2005,Вануату,Танкер для перевозки сжиженного газа (LPG Tanker),На ходу (Under way),MID,"Ras Laffan, Qatar (QA RLF)",порт Фуджейра,ZIXUAN,576252269,20 июня 2026 г,Танкер для перевозки сжиженного газа · флаг: Вануату · следует в: порт Фуджейра · На ходу (Under way) · возраст: 21 лет,0.0
2026-09-09,9349784,49999.0,46025.0,230.0,36.6,11.0,14.7,18.0,2008,Панама,Multi Purpose Offshore Vessel (Многоцелевое судно обеспечения офшорных платформ),At Anchor / На якорной стоянке,LOW,"Фрипорт (США), отход 2 июня 2026 года",Кристобаль (Панама),VESSEL 9784,371233671,8 июня 2026 г,"флаг: Панама · маршрут: Фрипорт (США), отход 2 июня 2026 года → Кристобаль (Панама) · At Anchor · возраст: 18 лет",0.0
2026-09-09,9395501,49999.0,45966.0,230.0,36.6,8.2,15.1,17.0,2009,Панама,Газовоз (LPG Tanker),На ходу (Under way),LOW,"Jubail, Saudi Arabia (SA JUB)",порт Хьюстон (Houston),YUYO SPIRITS,353806964,1 июля 2026 г,Panama,0.0
2026-09-09,9321225,49997.0,46129.0,230.0,36.6,8.3,13.0,21.0,2005,Панама,Газовоз (LPG Carrier / VLGC),At Anchor / На якорной стоянке,LOW,"Yeosu, South Korea (KR YOS)","Chiba, Japan (JP CHB)",GAS MIA (ранее GAS FRIEND),355743685,"31 августа 2026 г., 03:45 UTC",Газовоз · флаг: Панама · At Anchor · возраст: 21 лет,0.0
2026-09-09,8818219,49996.0,44493.0,230.0,36.6,7.3,0.1,36.0,1990,Мозамбик,Газовоз / Танкер для перевозки сжиженного нефтяного газа класса VLGC (LPG Tanker / VLGC),At Anchor / На якорной стоянке,HIGH,"Houston, USA (US HOU)","Rotterdam, Netherlands (NL RTM)","DISHA (в реестрах также фигурирует под именами Lavine, Meda, Aira, Raha Gas, Gas Nelly, Gas Gemini, Gas Tara, Gaz Supplier и др.)",650610088,"28 августа 2026 г., 04:30 UTC",в базах данных также фиксируется под флагами иных удобных юрисдикций или как неустановленный,0.0
2026-09-09,9005065,49880.0,44868.0,230.0,36.6,11.0,13.0,33.0,1993,Никарагуа (Nicaragua) (ранее: Сан-Томе и Принсипи) Технические характеристики,Танкер-газовоз / LPG Tanker (VLGC),"На якоре (At anchor), внешняя якорная стоянка Сингапура (EOPL Singapore). Пункт назначения: Данные отсутствуют / Скрыты (EOPL Singapore Anch.). Операционный менеджментЗарегистрированный владелец и менеджер: KAI HENG LONG GLOBAL ENERGY LIMITED (структура из Гонконга / ОАЭ, активно задействованная в логистике подсанкционных углеводородов). Классификационное общество: Не входит в IACS (исключено из ведущих реестров).Анализ рисков и комплаенс-статусСанкционный статус: СУДНО ПОД ПРЯМЫМИ САНКЦИЯМИ (SANCTIONED / BLOCKED / RED ZONE). Уровень риска: КРИТИЧЕСКИЙ (CRITICAL RISK / DARK FLEET / SDGT). Ключевые факторы:Официальный блокирующий список OFAC (SDN List): Судно внесено в блокирующие списки США (OFAC) в рамках программы SDGT (Specially Designated Global Terrorist). Связь с незаконными финансовыми сетями: Заблокировано из-за прямой связи с компанией KAI HENG LONG GLOBAL ENERGY LIMITED, обеспечивающей транспортировку газа/нефти в интересах подсанкционных сетей (в т.ч. сети Саида аль-Джамаля / йеменских хуситов). Признаки «теневого флота» (Dark Fleet):Полный спектр индикаторов: регулярные смены названия и флагов за короткие периоды (Сан-Томе, Никарагуа).Экстремальный возраст судна (33 года).Длительные простои на внешних рейд-зонах (EOPL Singapore / Малайзия) без указания пунктов назначения для проведения скрытых STS-перегрузок LPG.Заключение для целей Due DiligenceGONG DE TIAN (ex-LADY LIBERTY) — подсанкционный 33-летний газовоз LPG, входящий в «теневой флот» под управлением Kai Heng Long Global Energy. Вердикт: КАТЕГОРИЧЕСКИЙ ОТКАЗ (REJECT / BLACKLISTED). Любые фрахтовые, агентские, бункеровочные или финансовые операции с этим судном приведут к прямым вторичным санкциям OFAC и закупке заблокированных активов",EXTREME,"Ain Sukhna, Egypt (EG ASU)","Данные отсутствуют / Скрыты (EOPL Singapore Anch.). Операционный менеджментЗарегистрированный владелец и менеджер: KAI HENG LONG GLOBAL ENERGY LIMITED (структура из Гонконга / ОАЭ, активно задействованная в логистике подсанкционных углеводородов). Классификационное общество: Не входит в IACS (исключено из ведущих реестров).Анализ рисков и комплаенс-статусСанкционный статус: СУДНО ПОД ПРЯМЫМИ САНКЦИЯМИ (SANCTIONED / BLOCKED / RED ZONE). Уровень риска: КРИТИЧЕСКИЙ (CRITICAL RISK / DARK FLEET / SDGT). Ключевые факторы:Официальный блокирующий список OFAC (SDN List): Судно внесено в блокирующие списки США (OFAC) в рамках программы SDGT (Specially Designated Global Terrorist). Связь с незаконными финансовыми сетями: Заблокировано из-за прямой связи с компанией KAI HENG LONG GLOBAL ENERGY LIMITED, обеспечивающей транспортировку газа/нефти в интересах подсанкционных сетей (в т.ч. сети Саида аль-Джамаля / йеменских хуситов). Признаки «теневого флота» (Dark Fleet):Полный спектр индикаторов: регулярные смены названия и флагов за короткие периоды (Сан-Томе, Никарагуа).Экстремальный возраст судна (33 года).Длительные простои на внешних рейд-зонах (EOPL Singapore / Малайзия) без указания пунктов назначения для проведения скрытых STS-перегрузок LPG.Заключение для целей Due DiligenceGONG DE TIAN (ex-LADY LIBERTY) — подсанкционный 33-летний газовоз LPG, входящий в «теневой флот» под управлением Kai Heng Long Global Energy. Вердикт: КАТЕГОРИЧЕСКИЙ ОТКАЗ (REJECT / BLACKLISTED). Любые фрахтовые, агентские, бункеровочные или финансовые операции с этим судном приведут к прямым вторичным санкциям OFAC и закупке заблокированных активов","GONG DE TIAN (ранее: LADY LIBERTY, DIANA, APHRODITE, DE HUA)",350605000,"12 сентября 2026 г., 17:30 UTC","Танкер-газовоз / LPG Tanker · флаг: Никарагуа (Nicaragua) (ранее: Сан-Томе и Принсипи) Технические характеристики · следует в: Данные отсутствуют / Скрыты (EOPL Singapore Anch.). Операционный менеджментЗарегистрированный владелец и менеджер: KAI HENG LONG GLOBAL ENERGY LIMITED (структура из Гонконга / ОАЭ, активно задействованная в логистике подсанкционных углеводородов). Классификационное общество: Не входит в IACS (исключено из ведущих реестров).Анализ рисков и комплаенс-статусСанкционный статус: СУДНО ПОД ПРЯМЫМИ САНКЦИЯМИ (SANCTIONED / BLOCKED / RED ZONE). Уровень риска: КРИТИЧЕСКИЙ (CRITICAL RISK / DARK FLEET / SDGT). Ключевые факторы:Официальный блокирующий список OFAC (SDN List): Судно внесено в блокирующие списки США (OFAC) в рамках программы SDGT (Specially Designated Global Terrorist). Связь с незаконными финансовыми сетями: Заблокировано из-за прямой связи с компанией KAI HENG LONG GLOBAL ENERGY LIMITED, обеспечивающей транспортировку газа/нефти в интересах подсанкционных сетей (в т.ч. сети Саида аль-Джамаля / йеменских хуситов). Признаки «теневого флота» (Dark Fleet):Полный спектр индикаторов: регулярные смены названия и флагов за короткие периоды (Сан-Томе, Никарагуа).Экстремальный возраст судна (33 года).Длительные простои на внешних рейд-зонах (EOPL Singapore / Малайзия) без указания пунктов назначения для проведения скрытых STS-перегрузок LPG.Заключение для целей Due DiligenceGONG DE TIAN (ex-LADY LIBERTY) — подсанкционный 33-летний газовоз LPG, входящий в «теневой флот» под управлением Kai Heng Long Global Energy. Вердикт: КАТЕГОРИЧЕСКИЙ ОТКАЗ (REJECT / BLACKLISTED). Любые фрахтовые, агентские, бункеровочные или финансовые операции с этим судном приведут к прямым вторичным санкциям OFAC и закупке заблокированных активов · На якоре (At anchor), внешняя якорная стоянка Сингапура (EOPL Singapore). Пункт назначения: Данные отсутствуют · возраст: 33 лет",0.0
2026-09-09,9005053,49874.0,53864.0,230.0,37.0,7.8,10.5,33.0,1993,Ангола,Газовоз (LPG / VLGC),kn,EXTREME,"Ras Laffan, Qatar (QA RLF)","Oita, Japan (JP OIT)","AXON I (бывш. SONA, SEA GLORIA, GAS AL MUTLAA)",636161600,26 июля 2026 г,Газовоз · флаг: Ангола · kn · возраст: 33 лет,0.0
2026-09-09,9115303,49849.0,44694.0,230.0,36.6,8.3,13.0,30.0,1996,"Ангола (в AIS), в реестре указано ""Unknown"" — критический признак потери легального статуса",Газовоз (LPG Tanker),Out of Service / Выведено из эксплуатации,HIGH,"Houston, USA (US HOU)","Tianjin, China (CN TJN)",NAVIXON,636618731,"7 сентября 2026 г., 10:15 UTC","Газовоз · флаг: Ангола (в AIS), в реестре указано ""Unknown"" — критический признак потери легального статуса · Out of Service · возраст: 30 лет",0.0
2026-09-09,9322657,49772.0,53754.0,230.0,36.6,7.7,15.7,18.0,2008,Панама,Газовоз (LPG Tanker),На ходу (в пути),EXTREME,"Yeosu, South Korea (KR YOS)",порт Хьюстон (Houston),YUYO,352224904,15 июня 2026 г,"международных перевозках сжиженного газа, работает в строгом соответствии с международными морскими стандартами и не имеет рискованного профиля",0.0
2026-09-09,9114581,49743.0,53722.0,230.0,36.6,8.3,13.0,31.0,1995,Ангола,LPG Tanker (Танкер для перевозки сжиженного нефтяного газа),At Anchor / На якорной стоянке,HIGH,"Jubail, Saudi Arabia (SA JUB)","Rotterdam, Netherlands (NL RTM)",GARDIAN,603916000,"21 сентября 2026 г., 16:00 UTC",LPG Tanker · флаг: Ангола · At Anchor · возраст: 31 лет,0.0
2026-09-09,8818207,49701.0,42465.0,224.05,36.0,8.3,9.1,36.0,1990,Гамбия,LPG Tanker (танкер для перевозки сжиженного нефтяного газа),Underway using Engine / В пути,HIGH,"Ras Laffan, Qatar (QA RLF)",Сингапур (SG SIN). Расчетное время прибытия — 7 июня 2026 г,"ROVER GAS (ранее: MYRA GAS, LENA GAS, L PRIMO GAS, VENTURE GAS, EVERRICH 8, JAG VIDHI)",629009816,7 июня 2026 г,LPG Tanker · флаг: Гамбия · следует в: Сингапур (SG SIN). Расчетное время прибытия — 7 июня 2026 г · Underway using Engine · возраст: 36 лет,0.0
2026-09-09,9134294,49651.0,44652.0,230.0,36.6,8.3,0.1,29.0,1997,Гамбия,Газовоз (LPG Tanker),Дрейф/Ожидание,HIGH,"Jubail, Saudi Arabia (SA JUB)","Chiba, Japan (JP CHB)",ELLY,636547973,"22 сентября 2026 г., 16:00 UTC","логистике, связанной с перевалкой энергоносителей в обход международных правил. Частые стоянки на внешних рейдах Сингапура являются ключевым индикатором того, что судно используется для Ship-to-Ship (STS) операций в неформальной зоне",0.0
2026-09-09,9052331,49353.0,42551.0,224.05,36.0,7.6,11.1,32.0,1994,Гвинея,Газовоз для перевозки СУГ / LPG Tanker,At Anchor / На якорной стоянке,HIGH,"Yeosu, South Korea (KR YOS)","Zhangpu, China (CN ZAP)","XAVIA (исторические названия: Jag Vishnu, Opec Athena, Clara, Dolphin)",632001092,30 мая 2026 г,в базе также фиксируется неопределенный статус,0.0
2026-09-09,9012886,49255.0,42341.0,224.05,36.0,11.7,10.2,33.0,1993,Коморские Острова,Газовоз / Танкер для перевозки сжиженного нефтяного газа (LPG Tanker),At Anchor / На якорной стоянке,HIGH,"Jubail, Saudi Arabia (SA JUB)","Oita, Japan (JP OIT)","FOGAS (ранее — Elke, Fabino Gas, Fabio Gas, Takao Gas, Gas Sapphire, Red Rum и др.)",603911000,3 июля 2026 г,в ряде баз также фиксируется под флагом Анголы,0.0
2026-09-09,9031519,49242.0,42539.0,224.05,36.0,17.0,0.2,33.0,1993,Самоа,Газовоз / Танкер для сжиженного газа класса VLGC (Fully Refrigerated LPG Carrier),At Anchor / На якорной стоянке,EXTREME,"Rotterdam, Netherlands (NL RTM)","Tianjin, China (CN TJN)","MARSER (ранее — Sea Hermes, Everrich 8, Carmen, Sam Russ, Co-Op Akebono)",561006002,"14 сентября 2026 г., 06:30 UTC","в ряде баз также фиксировалось использование флагов Палау, Панамы и Анголы",0.0
2026-09-09,9686376,49000.0,52920.0,226.0,37.0,7.8,14.3,36.0,1990,MARSHALL ISLANDS,LPG Tanker (Газовоз),Under way using engine,LOW,"KR TSN (Тэсан, Южная Корея)",PA BLB,BW SIROCCO,538006045,19 мая 2026 г,Маршалловы Острова,0.413
2026-09-09,9001772,48817.0,59557.0,239.0,40.0,9.4,14.0,33.0,1993,Коморские Острова,LNG Tanker (Газовоз),Out of Service / Выведено из эксплуатации,EXTREME,"Darwin LNG, Australia (AU DRW)","Gate Terminal Rotterdam, Netherlands (NL RTM)",LARA,616967159,"27 октября 2026 г., 20:15 UTC",типичный флаг для «серого» флота,0.0
2026-09-09,9704491,48750.0,52650.0,159.86,24.83,6.0,0.2,6.0,2020,LIBERIA,LPG/Chemical Tanker (Танкер для перевозки сжиженного газа и химикатов).,At Anchor (На якоре),LOW,"NO RAF (Рафнес, Норвегия)","PORT ARTHUR ANCH (Якорная стоянка Порт-Артур, США)",NAVIGATOR UMBRIO,9704491,7 мая 2026 г,Либерия,0.0
2026-09-09,9393682,48500.0,52380.0,226.0,36.6,8.1,14.0,36.0,1990,LIBERIA,LPG Tanker (Танкер для перевозки сжиженного газа),Underway using Engine (На ходу под мотором),LOW,"CN ZUH (Чжухай, Китай)","AE FJR (Эль-Фуджайра, ОАЭ)",AL MARYAH,636023795,5 мая 2026 г. в 20:00 (UTC+4),Либерия,0.0
2026-09-09,9862487,48150.0,52002.0,74.96,13.5,4.9,10.9,30.0,1996,ЯПОНИЯ,LPG Tanker (Танкер для перевозки сжиженного нефтяного газа),Underway using Engine (На ходу),LOW,"Йоккаити, Япония (JP YKK)","Мидзусима, Япония (JP MIZ)",RYOKA MARU NO.108,431693671,21 мая 2026 г,JAPAN,0.0
2026-09-09,9251171,47900.0,51732.0,119.0,18.8,5.8,13.0,16.0,2010,SINGAPORE,LPG Tanker (Танкер для перевозки сжиженного нефтяного газа),At Anchor (На якоре),LOW,"AE SHJ (Шарджа, ОАЭ)",DUBAI ANCH (Дубайская якорная стоянка),EPIC BURANO,564600000,28 апреля 2026 г. в 14:00 (UTC+4),Сингапур,0.0
2026-09-09,1039632,47200.0,50976.0,230.0,36.0,7.9,14.0,35.0,1991,ЛИБЕРИЯ,LPG Tanker (Танкер для перевозки сжиженного газа),Underway using Engine (На ходу),LOW,"Яньтай, Китай (CN YTG)","Йосу, Республика Корея (KR YOS)",PACIFIC DUBHE (Примечание: идентификация проведена на основе метаданных файла image_af2a25.png),636581681,23 мая 2026 г,LIBERIA,0.0
2026-09-09,9212462,47000.0,50760.0,119.95,17.6,5.9,1.5,20.0,2006,Панама,LPG/Chemical Tanker (Танкер для перевозки сжиженного газа и химпродуктов),Not Under Command (Лишен возможности управляться),LOW,"GLADSTONE (Гладстон, Австралия), выход 15 апреля 2026 г. в 18:17 UTC+10","AU NTL (Ньюкасл, Австралия)",LPG 2462,357800000,19 апреля 2026 г. в 05:00 UTC+10,Panama,0.0
2026-09-09,9862891,46750.0,44412.0,299.0,46.4,9.2,6.0,22.0,2004,MALTA,Multi Purpose Offshore Vessel (Многоцелевое судно обеспечения офшорных платформ),Underway using Engine (На ходу под мотором),LOW,"EG DAM (Думьят, Египет)","GR CHQ (Ханья, Греция)",ARISTOS I,215668000,9 мая 2026 г,Мальта,0.0
2026-09-09,9889590,46300.0,50004.0,75.92,12.0,5.3,0.2,28.0,1998,ЯПОНИЯ,LPG Tanker (Танкер для перевозки сжиженного нефтяного газа),At Anchor (На якоре),LOW,"Намиката, Япония (JP NIT)","Tianjin, China (CN TJN)",KIPPO MARU,431815881,"20 октября 2026 г., 16:30 UTC",JAPAN,0.0
2026-09-09,9929132,46300.0,50004.0,229.97,36.0,9.0,15.6,16.0,2010,PANAMA,LPG Tanker (Танкер для перевозки сжиженного нефтяного газа),Underway using Engine / В пути,LOW,"ID KSO (Кальбут, Индонезия)","US NDX (Недерленд, Техас, США)",GAS IVORY,9929132,9 мая 2026 г,Панама,0.0
2026-09-09,9177806,45800.0,49464.0,179.92,27.4,7.2,29.8,23.0,2003,PANAMA,LPG Tanker (Танкер для перевозки сжиженного нефтяного газа),At Anchor (На якоре),LOW,"CHITTAGONG ANCH (Читтагонг, Бангладеш)","JASK ISLAND (Джаск, Иран)",LPG SEVAN,352001583,27 апреля 2026 г. в 14:30 (UTC+4.5),Панама,0.0
2026-09-09,9952816,45447.0,61636.0,239.4,36.6,7.0,14.0,3.0,2023,Сингапур (Singapore) — международный «белый» судовой реестр,"Танкер для перевозки сжиженного природного газа / Газовоз СПГ (LNG Carrier / W-Max Class / Mid-size 80,000 cbm)",At Anchor / На якорной стоянке,LOW,"Sabine Pass LNG, USA (US SAB)","Barcelona Regas, Spain (ES BCN)",LAGENDA SETIA,563192400,"22 сентября 2026 г., 14:00 UTC",Paris/Tokyo MoU White List,0.0
2026-09-09,9905980,45419.0,61636.0,239.4,36.6,6.6,14.0,4.0,2022,Сингапур (Singapore) — международный судовой реестр «белого списка»,Танкер-газовоз СПГ среднетоннажный (Medium-Scale LNG Carrier / HAZ-C),At Anchor / На якорной стоянке,EXTREME,"Tangguh LNG, Indonesia (ID TGH)","Ningbo, China (CN NGB)",LAGENDA SERENITY,563147300,"21 сентября 2026 г., 22:15 UTC",Paris/Tokyo MoU White List,0.0
2026-09-09,9970571,45400.0,43130.0,180.0,32.26,7.3,10.9,4.0,2022,LIBERIA,Multi Purpose Offshore Vessel (Многоцелевое судно обеспечения офшорных платформ),"Underway using Engine (На ходу, используется двигатель)",LOW,"MT MAR (Марсашлокк, Мальта)","ES ALG (Альхесирас, Испания)",HISTRIA CORAL,636020935,8 мая 2026 г,Либерия,0.0
2026-09-09,9292761,45050.0,48654.0,180.0,29.2,10.5,13.6,17.0,2009,MARSHALL ISLANDS,LPG Tanker,Under way using engine,LOW,"TT PTS (Пойнт-Лисас, Тринидад и Тобаго)",DZAZW>FIUKI,LIBRAMONT,538010809,"24 октября 2026 г., 17:45 UTC",Маршалловы Острова,0.414
2026-09-09,9699402,45000.0,48600.0,67.9,11.5,4.5,9.9,7.0,2019,ЯПОНИЯ,LPG Tanker (Танкер для перевозки сжиженного нефтяного газа),Under way using engine,LOW,"Ономити-Итозаки, Япония (JP ONX)",JP> TKM OFF,KAMITAKA MARU,431005439,21 мая 2026 г,JAPAN,0.419
2026-09-09,9247819,44639.0,35346.0,205.0,32.2,7.5,13.7,23.0,2003,Норвегия,LPG Tanker (танкер для перевозки сжиженного нефтяного газа),Underway using Engine / В пути,LOW,Пуэрто-Кетсаль (Гватемала) 31 мая 2026 года. С учетом текущей скорости (13.6—13.7 узлов) и курса,балласте или с неполной загрузкой,NICE,257509000,"2 сентября 2026 г., 13:30 UTC",LPG Tanker · флаг: Норвегия · маршрут: Пуэрто-Кетсаль (Гватемала) 31 мая 2026 года. С учетом текущей скорости (13.6—13.7 узлов) и курса → балласте или с неполной загрузкой · Underway using Engine · возраст: 23 лет,0.0
2026-09-09,8705943,44100.0,41895.0,89.42,14.63,5.0,0.0,13.0,2013,CYPRUS,Multi Purpose Offshore Vessel (Многоцелевое судно обеспечения офшорных платформ),Moored,LOW,"VASSILIKO ANCH (Рейд Василико, Кипр)",CYZYY,ENERGEIA,210096000,6 мая 2026 г,"флаг: CYPRUS · маршрут: VASSILIKO ANCH (Рейд Василико, Кипр) → CY ZYY (Зиги, Кипр) · At Anchor (На якоре)",0.407
2026-09-09,9334076,43650.0,53253.0,283.0,43.4,9.6,14.1,14.0,2012,Багамские Острова,Газовоз (LNG Tanker),На ходу с использованием двигателя (Underway using Engine),LOW,"Галле, Шри-Ланка (Galle Anch.)","Рас-Лаффан, Катар (QA RLF)",EJNAN,308539078,"28 октября 2026 г., 07:00 UTC",Bahamas,0.0
2026-09-09,9377236,43563.0,47048.0,204.9,32.0,9.9,10.6,17.0,2009,Либерия IMO номер: 9377236 Год постройки: 2009,Танкер для перевозки сжиженного газа (LPG Tanker),"На ходу (Under way) — Примечание: По состоянию на 12 июня 2026 г. судно завершило якорную стоянку в районе Порт-Артур и следует в порт Бомонт, США. Маршрут: Следует в порт Бомонт (Beaumont), США. Операционные данные: Текущая скорость — 10.6 узлов, осадка — 9.9 м.История: Судно находилось на якорной стоянке в районе Порт-Артур с 7 по 12 июня 2026 года.Эксплуатация и управлениеКоммерческий менеджер: BW LPG Pte Ltd (Сингапур). Технический менеджер (ISM): Anglo-Eastern Shipmanagement (Singapore) Pte Ltd. Зарегистрированный владелец: Elletsir Marine Singapore Pte Ltd. Комплаенс-статусСудно DENVER (IMO 9377236) является активным коммерческим судном, задействованным в легальных международных перевозках сжиженного газа. Актив не находится под санкциями.(Важное примечание: Существует другое судно с похожим названием, фигурирующее в санкционных списках как часть ""теневого флота"" (IMO 9382712), однако оно не имеет отношения к данному объекту IMO 9377236)",HIGH,"Rotterdam, Netherlands (NL RTM)",порт Бомонт,DENVERТип судна: Танкер для перевозки сжиженного газа (LPG Tanker),636658005,"18 сентября 2026 г., 23:45 UTC","верфь Hyundai Heavy Industries, Южная Корея",0.0
2026-09-09,9377078,43544.0,36459.0,204.98,32.2,8.3,13.0,18.0,2008,Норвегия (NIS — Норвежский международный судовой регистр) IMO номер: 9377078 Год постройки: 2008,Газовоз (LPG Tanker / LGC — Large Gas Carrier),"Судно активно эксплуатируется. По последним данным AIS (июнь 2026 г.), судно заходило в порт Мале (Мальдивы) после посещения Порт-Луи (Маврикий) в начале июня.Операционные данные: Назначение «FOR ORDERS» часто указывает на то, что судно следует в определенный регион в ожидании конкретных инструкций от фрахтователя или оператора.История: Судно имеет многолетнюю историю работы на международных маршрутах, связывающих рынки США (Маркус-Хук), Латинской Америки (Чили) и Европы (Франция, Лавера).Эксплуатация и управлениеУправление: Судно находится в управлении известной норвежской компании Solvang ASA (Ставангер), которая специализируется на эксплуатации газовозов. Статус: CLIPPER MARS является надежным судном с высоким уровнем технического обслуживания, классифицируется DNV и не имеет ограничений в международной торговле",LOW,"Houston, USA (US HOU)",определенный регион в ожидании конкретных инструкций от фрахтователя или оператора.История: Судно имеет многолетнюю историю работы на международных маршрутах,CLIPPER MARSТип судна: Газовоз (LPG Tanker / LGC — Large Gas Carrier),257603556,"27 сентября 2026 г., 08:00 UTC","верфь Hyundai Heavy Industries, Ульсан, Южная Корея",0.0
2026-09-09,9377248,43538.0,47021.0,204.9,32.2,11.5,11.8,17.0,2009,Либерия IMO номер: 9377248 Год постройки: 2009,Газовоз СУГ (LPG Tanker),"На ходу (в пути).Маршрут: Следует в порт Кристобаль (Cristobal), Панама. Операционные данные: Текущая скорость — 11.8 узлов, осадка — 11.5 м. Расчетное время прибытия (ETA) — 13 июня 2026 года в 05:00. История: Последний зафиксированный порт захода — Хьюстон (Houston), США, который судно покинуло 7 июня 2026 года. Эксплуатация и управлениеСогласно актуальным данным, судно находится под управлением авторитетных международных судоходных компаний (в различных реестрах указываются Eastern Pacific Shipping или Anglo-Eastern Shipmanagement), что подтверждает его статус прозрачного коммерческого актива. Эксплуатационный и санкционный статусСанкционный статус: Судно не находится под международными санкциями.Профиль: TOKYO — газовоз среднего размера, который работает в рамках регулярных международных логистических цепочек. Судно не имеет рискованного профиля, обладает прозрачной историей управления и соответствует общепринятым международным стандартам безопасности",LOW,"Ras Laffan, Qatar (QA RLF)",порт Кристобаль (Cristobal),TOKYOТип судна: Газовоз СУГ (LPG Tanker),636772998,13 июня 2026 г,"верфь Hyundai Heavy Industries, Южная Корея",0.0
2026-09-09,9372432,43508.0,46989.0,204.98,32.2,10.0,13.0,18.0,2008,Норвегия,LPG Tanker (Танкер для перевозки сжиженного газа),At anchor (На якоре),LOW,"Rotterdam, Netherlands (NL RTM)","Ulsan, South Korea (KR USN)",CLIPPER NEPTUN,258640000,"8 сентября 2026 г., 14:30 UTC",LPG Tanker · флаг: Норвегия · At anchor (На якоре) · возраст: 18 лет,0.0
2026-09-09,9372420,43475.0,36459.0,204.98,32.2,6.9,13.0,18.0,2008,Норвегия,Газовоз (LPG Tanker),Ошвартовано (Moored),LOW,"Marcus Hook, USA (US MHK)",порт Кейптаун состоялся 16 мая 2026 года,CLIPPER ORION,258291350,"24 октября 2026 г., 17:45 UTC",Norway,0.0
2026-09-09,9203241,43350.0,46818.0,90.95,15.0,4.0,13.0,32.0,1994,Япония,LPG/Chemical Tanker (Танкер для перевозки СУГ и химикатов),At Anchor (На якоре),LOW,"Анегасаки (JP ANE), Япония. Выход — 22 апреля 2026 г",Токийский залив (TOKYO BAY),GAS 3241,431526000,23 апреля 2026 г,Japan,0.0
2026-09-09,9325714,43050.0,40898.0,215.0,32.2,9.3,10.0,7.0,2019,LIBERIA,Multi Purpose Offshore Vessel (Многоцелевое судно обеспечения офшорных платформ),At Anchor / На якорной стоянке,LOW,"Fujairah, UAE (AE FUJ)",Катар (QA RLF),PACIFIC 5714,636708429,"10 сентября 2026 г., 00:00 UTC",следует в: Катар (QA RLF) · At Anchor,0.0
2026-09-09,1040447,43000.0,52460.0,229.0,38.0,9.4,14.0,1.0,2025,Китай,LNG Tanker (Газовоз для перевозки СПГ),На якоре,HIGH,"Angola LNG, Angola (AO LNG)","Shanghai LNG, China (CN SHA)",PING HU 3,412096000,"31 октября 2026 г., 21:30 UTC",LNG Tanker · флаг: Китай · На якоре · возраст: 1 лет,0.0
2026-09-09,9415703,42750.0,46170.0,225.0,36.0,7.7,13.8,26.0,2000,ИНДИЯ,LPG Tanker (Танкер для перевозки сжиженного нефтяного газа),Underway using Engine (На ходу),LOW,"Халдия, Индия (IN HAL)","Мумбаи, ИНДИЯ (IN BOM)",GREEN SHAKTI,419778912,8 мая 2026 г,INDIA,0.0
2026-09-09,9129380,42650.0,46062.0,97.42,15.3,4.4,0.8,23.0,2003,COMOROS,LPG/Chemical Tanker (Танкер для перевозки сжиженного газа и химикатов),Underway (В пути),HIGH,"AE JEA (Джебель-Али, ОАЭ)",SHARJAH ANCH (Якорная стоянка Шарджи),YASHAR,620800324,1 февраля 2026 г. в 23:30 (UTC+4),Коморы,0.0
2026-09-09,1020875,42350.0,45738.0,180.0,30.0,9.8,13.0,2.0,2024,БЕЛЬГИЯ,LPG Tanker (Танкер для перевозки сжиженного нефтяного газа),Moored (Пришвартовано),LOW,"Кандла, Индия (IN IXY)","Луанда, АНГОЛА (AO LAD)",MENUIRES,636936446,19 мая 2026 г,BELGIUM,0.0
2026-09-09,9372731,42050.0,51301.0,345.0,53.83,9.4,1.7,21.0,2005,МАРШАЛЛОВЫ ОСТРОВА,LNG Tanker (Танкер для перевозки сжиженного природного газа),На ходу (Underway using Engine),LOW,"Мап-Та-Пхут, Таиланд (TH MAT)",«FOR ORDERS» (Судно следует в ожидании дальнейших распоряжений),UMM SLAL,538003300,"4 октября 2026 г., 19:00 UTC",MARSHALL ISLANDS,0.0
2026-09-09,9266982,40850.0,49837.0,205.47,43.4,11.6,14.0,17.0,2009,Индонезия,LNG Tanker (Танкер для перевозки сжиженного природного газа),Underway using Engine (На ходу),LOW,MIGAS LNG BATUI (Индонезия),"ID TKG (Лакуни/Бакаухени, Индонезия)",GAS GARUDA,525121108,29 апреля 2026 г. в 13:00 (UTC+7),INDONESIA,0.0
2026-09-09,9727235,40100.0,38095.0,89.16,19.0,6.0,8.1,24.0,2002,Норвегия,Multi Purpose Offshore Vessel (Многоцелевое судно обеспечения офшорных платформ),Underway using Engine (На ходу),LOW,"AU DAM (Дампир, Австралия)","SCARBOROUGH (Скарборо, офшорное газовое месторождение)",SIEM THIIMA,259089000,28 апреля 2026 г. в 08:00 (UTC+10),NORWAY,0.0
2026-09-09,9351919,39600.0,42768.0,225.0,36.6,7.5,0.5,4.0,2022,ИНДИЯ,LPG Tanker (Танкер для перевозки сжиженного нефтяного газа),At Anchor (На якоре),LOW,"Дахедж, Индия (IN DAH)","Ningbo, China (CN NGB)",GREEN SARITA,419923104,"11 сентября 2026 г., 23:15 UTC",INDIA,0.0
2026-09-09,9324344,39520.0,52855.0,219.81,35.0,7.8,0.3,18.0,2008,Багамские Острова,"Танкер для перевозки сжиженного природного газа (LNG Tanker, Medium)",Under way using engine,HIGH,"Darwin LNG, Australia (AU DRW)",DZSKI,CHEIKH BOUAMAMAIMO номер: 9324344,311006300,24 июня 2026 г,Танкер для перевозки сжиженного природного газа · флаг: Багамские Острова · следует в: порт Скикда (Skikda · Underway using Engine · возраст: 18 лет,0.419
2026-09-09,9733571,39450.0,37478.0,119.98,21.0,6.8,10.0,5.0,2021,SINGAPORE,Multi Purpose Offshore Vessel (Многоцелевое судно обеспечения офшорных платформ),At Anchor (На якоре),LOW,"FR LAV (Лавера, Франция)","RADES ANCH (Радес, якорная стоянка, Тунис)",EPIC SARDINIA,563009700,"31 августа 2026 г., 19:45 UTC",Сингапур,0.0
2026-09-09,9735282,39150.0,42282.0,226.0,36.6,11.7,14.5,19.0,2007,Гонконг,Танкер для перевозки сжиженного газа (LPG Tanker),На ходу с использованием двигателя,LOW,"Нидерланды (US NDX, вероятно, указан ошибочно в поле отправления, но конечный пункт назначения — Мап-та-Пхут, Таиланд)","Мап-та-Пхут, Таиланд (TH MAT)",GAS LEO,477875555,"21 сентября 2026 г., 20:00 UTC","Танкер для перевозки сжиженного газа · флаг: Гонконг · маршрут: Нидерланды (US NDX, вероятно, указан ошибочно в поле отправления, но конечный пункт назначения — Мап-та-Пхут, Таиланд) → Мап-та-Пхут, Таиланд (TH MAT) · На ходу с использованием двигателя",0.0
2026-09-09,9710347,39000.0,42120.0,93.0,16.0,4.6,12.1,20.0,2006,Маршалловы Острова [MH],LPG Tanker (Танкер для перевозки сжиженного нефтяного газа),Underway using Engine / В пути,LOW,"NO KRA (Карстё, Норвегия)","Huizhou, China (CN HUI)",CARGO 0347,538006311,23 апреля 2026 г,"LPG Tanker · флаг: Маршалловы Острова [MH] · отход: NO KRA (Карстё, Норвегия) · Underway using Engine",0.0
2026-09-09,9088536,38650.0,41742.0,230.0,36.6,7.6,0.3,17.0,2009,MADAGASCAR,LPG Tanker (Танкер для перевозки сжиженного газа),Stopped (Остановлено),HIGH,"CN DJK (Дунцзякоу, Китай)","SHINASOPL (Оман, якорная стоянка Шинас)",SEA BIRD,647553071,4 мая 2026 г,Мадагаскар,0.0
2026-09-09,9108099,38518.0,25300.0,180.51,29.0,8.3,14.0,30.0,1996,Малави,Танкер для перевозки сжиженного газа (LPG/MGC),Underway using Engine / В пути,EXTREME,"Ain Sukhna, Egypt (EG ASU)","Ningbo, China (CN NGB)","PISSARO (исторически: GAS BOMBAY, GAS MARYAM, JAG VAYU)",636820479,"20 сентября 2026 г., 17:30 UTC",по данным на июнь 2026 г.,0.0
2026-09-09,9714642,37750.0,40770.0,159.9,25.23,8.3,13.0,5.0,2021,LIBERIA,LPG/Chemical Tanker.,At Anchor (На якоре),LOW,"NO RAF (Рафнес, Норвегия)",HOUSTON (США),NAVIGATOR CASTOR,9714642,8 мая 2026 г,Либерия,0.0
2026-09-09,8766179,37354.0,40681.0,224.5,36.0,8.3,0.2,29.0,1997,Нигерия,Плавучее хранилище сжиженного газа / FSO / LPG FSO,At Anchor / На якорной стоянке,LOW,"Yeosu, South Korea (KR YOS)","Rotterdam, Netherlands (NL RTM)",ESCRAVOS LPG FSO,657485000,"31 августа 2026 г., 12:30 UTC",Плавучее хранилище сжиженного газа / FSO / LPG FSO · флаг: Нигерия · At Anchor · возраст: 29 лет,0.0
2026-09-09,9735787,37250.0,40230.0,225.31,36.6,10.0,14.0,14.0,2012,Маршалловы Острова [MARSHALL ISLANDS],LPG Tanker (Танкер для перевозки сжиженного нефтяного газа),Underway using Engine / В пути,LOW,"US NDX (терминал Neches River, США)","Huizhou, China (CN HUI)",NAVIGATOR 5787,538006538,22 мая 2026 г,"LPG Tanker · флаг: Маршалловы Острова [MARSHALL ISLANDS] · отход: US NDX (терминал Neches River, США) · Underway using Engine",0.0
2026-09-09,9277943,36916.0,35158.0,205.0,32.2,10.9,13.6,22.0,2004,Норвегия (Norway) [Судно],Multi Purpose Offshore Vessel (Многоцелевое судно обеспечения офшорных платформ),At Anchor / На якорной стоянке,MID,"Incheon, South Korea (KR INC)",режиме ожидания финальных инструкций по разгрузке («FOR ORDERS») со стабильной маршевой скоростью 13.6 узла [Судно]. Навигационный график выполняется без сбоев,OCEAN 7943,257309000,"6 октября 2026 г., 08:15 UTC",флаг: Норвегия (Norway) [Судно] · следует в: режиме ожидания финальных инструкций по разгрузке («FOR ORDERS») со стабильной маршевой скоростью 13.6 узла [Судно]. Навигационный график выполняется без сбоев · At Anchor · возраст: 22 лет,0.0
2026-09-09,9892822,36750.0,34912.0,215.0,32.2,9.3,10.0,26.0,2000,LIBERIA,Multi Purpose Offshore Vessel (Многоцелевое судно обеспечения офшорных платформ),Underway / В плавании,LOW,"Incheon, South Korea (KR INC)","Houston, USA (US HOU)",PACIFIC 2822,636189779,"31 октября 2026 г., 19:45 UTC",Underway,0.0
2026-09-09,9744843,36150.0,39042.0,180.0,28.0,10.2,12.6,28.0,1998,LIBERIA,LPG Tanker (Танкер для перевозки сжиженного газа).,Underway using Engine (На ходу под двигателем),LOW,"US HOU (Хьюстон, США)","FI PRV (Порвоо, Финляндия)",QUEBEC,9744843,18 мая 2026 г,Либерия,0.0
2026-09-09,9969223,35900.0,34105.0,215.0,32.2,9.6,0.0,27.0,1999,LIBERIA,Multi Purpose Offshore Vessel (Многоцелевое судно обеспечения офшорных платформ),Moored,LOW,"Shanghai, China (CN SHA)",OPEN SEA FOR ORDERS,MARITIME 9223,538011191,"10 октября 2026 г., 06:45 UTC",Underway,0.655
2026-09-09,9877133,35650.0,33868.0,297.9,47.9,9.7,14.9,5.0,2021,MARSHALL ISLANDS,Multi Purpose Offshore Vessel (Многоцелевое судно обеспечения офшорных платформ),Under way using engine,LOW,"US LCH (Лейк-Чарльз, США)",FOR ORDERS,LNG ROSENROT,538008979,6 мая 2026 г,Маршалловы Острова,0.655
2026-09-09,9134361,35650.0,38502.0,71.01,12.2,3.7,13.0,16.0,2010,COMOROS,LPG Tanker (Танкер для перевозки сжиженного газа),Out of Service / Выведено из эксплуатации,EXTREME,"AE MZD (Порт Мина-Заид, Абу-Даби)","AE AUH (Абу-Даби, ОАЭ)",SU GAS,620999435,27 ноября 2026 г. в 05:00 (UTC+4),Коморы,0.0
2026-09-09,9371684,34500.0,37260.0,128.83,18.88,7.3,12.3,9.0,2017,ПОРТУГАЛИЯ,LPG/Chemical Tanker (Танкер для перевозки сжиженного нефтяного газа и химических продуктов),Underway using Engine (На ходу),LOW,"Дэсан, Южная Корея (KR TSN)","Дунцзякоу, Китай (CN DJK)",GASCHEM CARIBIC,636868064,21 мая 2026 г,PORTUGAL,0.0
2026-09-09,9990052,33700.0,32015.0,230.0,37.0,11.0,10.0,11.0,2015,LIBERIA,Multi Purpose Offshore Vessel (Многоцелевое судно обеспечения офшорных платформ),Moored (Пришвартовано),LOW,"US BPT (Бомонт, США)","US HOU (Хьюстон, США)",IINO INEOS SUNNA,636024828,"18 сентября 2026 г., 04:15 UTC",Либерия,0.0
2026-09-09,9290270,33350.0,36018.0,224.5,36.0,8.2,3.2,18.0,2008,PANAMA,LPG Tanker (Танкер для перевозки сжиженного нефтяного газа),"Underway using Engine (На ходу, использует двигатель)",LOW,"CN JSN (Цзяньшань, Китай)",IND OWNER & IND CREW,TARA GAS,352002154,4 мая 2026 г,Панама,0.0
2026-09-09,1032763,33300.0,35964.0,229.99,32.0,9.0,13.0,6.0,2020,НОРВЕГИЯ,LPG Tanker (Танкер для перевозки сжиженного нефтяного газа / газовоз),Moored (Ошвартован),LOW,"Ульсан, Южная Корея (KR USN)",HHI3463 S/T (Морские ходовые испытания верфи HD Hyundai Heavy Industries),CLIPPER GRACE,258629186,"13 октября 2026 г., 19:00 UTC",NORWAY,0.0
2026-09-09,9527013,33300.0,35964.0,97.69,16.0,5.2,13.7,11.0,2015,РЕСПУБЛИКА КОРЕЯ,LPG Tanker (Танкер для перевозки сжиженного нефтяного газа),Under way using engine,LOW,"Оита, Япония (JP OIT)",CN CJG,MS PEACE,441126000,"26 сентября 2026 г., 17:30 UTC",REPUBLIC OF KOREA,0.419
2026-09-09,9523330,32900.0,35532.0,68.96,11.5,4.0,0.1,10.0,2016,ЯПОНИЯ,LPG/Chemical Tanker (Танкер для перевозки сжиженного нефтяного газа и химикатов),At Anchor (На якоре),LOW,"Осака, Япония (JP OSA)","Сакай, Япония (JP SAK)",SENRIN MARU,431720432,20 мая 2026 г,JAPAN,0.0
2026-09-09,9654971,32850.0,31208.0,119.1,19.0,5.5,10.0,13.0,2013,LIBERIA,Multi Purpose Offshore Vessel (Многоцелевое судно обеспечения офшорных платформ),Underway using Engine / В пути,LOW,"Fujairah, UAE (AE FUJ)",Арату,MARITIME 4971,636031840,"3 октября 2026 г., 10:30 UTC",следует в: Арату · Underway using Engine · возраст: 13 лет,0.0
2026-09-09,1018482,32729.0,29599.0,190.0,30.45,10.4,13.0,1.0,2025,Сингапур,LPG/Chemical Tanker (танкер для перевозки сжиженного газа и химических грузов),At Anchor / На якорной стоянке,LOW,"Marcus Hook, USA (US MHK)","Chiba, Japan (JP CHB)",GREEN ETERNITY,563264900,"31 октября 2026 г., 02:30 UTC",LPG/Chemical Tanker · флаг: Сингапур · At Anchor · возраст: 1 лет,0.0
2026-09-09,1018470,32729.0,29599.0,190.0,30.0,10.7,0.3,1.0,2025,Сингапур,Газовоз / Танкер для перевозки СУГ (LPG Tanker / LGC),At Anchor / На якорной стоянке,LOW,Атлантическая якорная стоянка Панамского канала (),"Ласаро-Карденас, Мексика (Lazaro Cardenas, Mexico)",GREEN ENDEAVOUR,563262100,20 июля 2026 г,"Газовоз / Танкер для перевозки СУГ · флаг: Сингапур · маршрут: Атлантическая якорная стоянка Панамского канала () → Ласаро-Карденас, Мексика (Lazaro Cardenas, Mexico) · At Anchor · возраст: 1 лет",0.0
2026-09-09,1018494,32729.0,29599.0,190.0,30.0,9.8,9.5,0.0,2026,Сингапур,Газовоз для перевозки сжиженного нефтяного газа / LPG Tanker,At Anchor / На якорной стоянке,LOW,"Тихоокеанский якорный рейд Панамского канала (Panama Canal Anch. Pacific, Panama)",В распоряжении / По указанию (FOR ORDERS),GREEN ENDURANCE,563308500,13 октября 2026 г,"Газовоз для перевозки сжиженного нефтяного газа / LPG Tanker · флаг: Сингапур · маршрут: Тихоокеанский якорный рейд Панамского канала (Panama Canal Anch. Pacific, Panama) → В распоряжении / По указанию (FOR ORDERS) · At Anchor",0.0
2026-09-09,1064118,32606.0,29500.0,190.0,30.0,8.3,13.0,0.0,2026,Либерия,Газовоз (LPG Tanker),At Anchor / На якорной стоянке,LOW,"Chiba, Japan (JP CHB)","Rotterdam, Netherlands (NL RTM)",ARIDAIOS,636439074,"8 сентября 2026 г., 12:15 UTC",Газовоз · флаг: Либерия · At Anchor,0.0
2026-09-09,9257395,32500.0,35100.0,180.42,29.0,7.3,0.1,23.0,2003,Антигуа и Барбуда,Газовоз (LPG Tanker),At Anchor / На якорной стоянке,HIGH,"Rotterdam, Netherlands (NL RTM)",Хор-Факкан,HM GAS,636603896,26 июня 2026 г,известная «удобная» юрисдикция,0.0
2026-09-09,9200847,32300.0,30685.0,346.53,58.0,5.0,0.2,13.0,2013,Панама,Floating Storage/Production (Плавучее хранилище/производство),Class B,LOW,FPSO Cidadedemarica,Не указан (Unknown),FPSO CIDADE DE MARICA,352857000,"9 сентября 2026 г., 11:45 UTC",PANAMA,0.0
2026-09-09,9292101,31900.0,30305.0,180.0,28.24,9.0,0.3,7.0,2019,PANAMA,Multi Purpose Offshore Vessel (Многоцелевое судно обеспечения офшорных платформ),At Anchor (На якоре),LOW,"US HOU (Хьюстон, США)","ALEXANDRIA ANCH (Якорная стоянка Александрии, Египет)",PASCO ODIN,352001678,"29 сентября 2026 г., 16:15 UTC",Панама,0.0
2026-09-09,9336660,31900.0,34452.0,180.0,29.2,10.0,7.0,19.0,2007,REPUBLIC OF KOREA,LPG Tanker (Танкер для перевозки сжиженного газа),At Anchor (На якоре),HIGH,"AE DXB (Порт Рашид, Дубай, ОАЭ)",DUBAI ANCH (Дубайская якорная стоянка),GREEN ONE,440384000,4 мая 2026 г,Республика Корея,0.0
2026-09-09,9710323,31600.0,34128.0,99.0,15.36,4.4,10.3,7.0,2019,Маршалловы Острова,LPG/Chemical Tanker (Танкер для перевозки сжиженного газа и химикатов),Under way using engine,LOW,"BE ANR (Антверпен, Бельгия)",NASSAU,CARGO 0323,312000113,22 апреля 2026 г,"LPG/Chemical Tanker · флаг: Маршалловы Острова · отход: BE ANR (Антверпен, Бельгия) · Underway using Engine",0.656
2026-09-09,9693549,31350.0,29782.0,225.0,36.63,7.7,0.1,8.0,2018,PANAMA,Multi Purpose Offshore Vessel (Многоцелевое судно обеспечения офшорных платформ),At Anchor (На якоре),LOW,"CN BIN (Биньчжоу, Китай)",Singapore (SG SIN),GAS SUMMIT,9693549,7 мая 2026 г,Панама,0.0
2026-09-09,9642150,31100.0,33588.0,119.0,18.8,4.4,10.6,6.0,2020,КИТАЙ,LPG/Chemical Tanker (Танкер для перевозки сжиженного газа и химических продуктов),Underway using Engine (На ходу),LOW,"Ляньюньган, Китай (CN LYG)","Паньцзинь, Китай (CN PJI)",BAO QING,414024087,22 мая 2026 г,CHINA,0.0
2026-09-09,1030521,31000.0,26451.0,180.0,30.0,7.3,0.1,0.0,2026,Франция,Газовоз / LPG Tanker,At anchor,LOW,"Хьюстон, США ()",FOR ORDERS,MORIOND,228493700,8 августа 2026 г,"стандартной коммерческой логистике. Признаков санкционных ограничений, аномалий AIS или участия в теневых схемах не зафиксировано",0.656
2026-09-09,9607758,30950.0,29402.0,230.0,36.6,10.8,0.1,26.0,2000,JAPAN,Multi Purpose Offshore Vessel (Многоцелевое судно обеспечения офшорных платформ),At anchor,LOW,"BE ANR (Антверпен, Бельгия)",OPL PORT SAID,SUNNY VISTA,431230000,8 мая 2026 г,Япония,0.655
2026-09-09,9852949,30900.0,33372.0,225.2,36.0,8.0,12.3,4.0,2022,NORWAY,LPG Tanker (Танкер для перевозки сжиженного нефтяного газа),Underway (На ходу),LOW,Южной Кореи. На момент фиксации данных судно находится,"US FPO (Фрипорт, США)",CLIPPER EXPLORER,9852949,9 мая 2026 г,Норвегия,0.0
2026-09-09,9710335,30850.0,33318.0,93.0,15.96,4.5,13.5,23.0,2003,Маршалловы Острова,LPG/Chemical Tanker (Танкер для перевозки сжиженного газа и химикатов),Under way using engine,LOW,"BE ANR (Антверпен, Бельгия)","Chiba, Japan (JP CHB)",LPG 0335,538006310,"5 сентября 2026 г., 00:15 UTC",региональной дистрибуции химической продукции и сжиженных газов между крупными европейскими промышленными узлами:,0.656
2026-09-09,9406269,30650.0,33102.0,173.7,28.03,9.5,13.0,11.0,2015,MARSHALL ISLANDS,LPG Tanker (Танкер для перевозки сжиженного нефтяного газа),At Anchor (На якоре),LOW,"QA RLF (Рас-Лаффан, Катар)","DUBAI ANCH (Якорная стоянка Дубая, ОАЭ)",SYMI,538011955,4 мая 2026 г,Маршалловы Острова,0.0
2026-09-09,9560467,30550.0,32994.0,69.96,11.6,4.5,13.0,23.0,2003,ЯПОНИЯ,LPG Tanker (Танкер для перевозки сжиженного нефтяного газа),Stopped (Остановлено),LOW,"Мидзусима, Япония (JP MIZ)","Оита, Япония (JP OIT)",IZUMI MARU,431360950,20 мая 2026 г,JAPAN,0.0
2026-09-09,9925679,30128.0,26252.0,180.0,28.7,10.0,13.1,3.0,2023,Либерия,"Газовоз / Танкер для перевозки сжиженного нефтяного газа (LPG Tanker / Medium Gas Carrier, Fully Refrigerated)",по последним спутниковым данным,LOW,"Якорная стоянка Баия-Бланка, Аргентина ()",FOR ORDERS (указание на ожидание дальнейших коммерческих инструкций / портового назначения в открыльном плавании),INDIANAPOLIS,636021260,16 июля 2026 г,"Газовоз / Танкер для перевозки сжиженного нефтяного газа · флаг: Либерия · маршрут: Якорная стоянка Баия-Бланка, Аргентина () → FOR ORDERS (указание на ожидание дальнейших коммерческих инструкций / портового назначения в открыльном плавании) · по последним спутниковым данным · возраст: 3 лет",0.0
2026-09-09,9934670,30112.0,26252.0,180.0,28.7,9.5,13.1,3.0,2023,Либерия,Multi Purpose Offshore Vessel (Многоцелевое судно обеспечения офшорных платформ),Underway using Engine / В пути,LOW,"Корпус-Кристи, США, отход 30 мая 2026 года",FOR ORDERS (судно ожидает дальнейших инструкций от фрахтователя/оператора),PACIFIC 4670,636159329,16 июня 2026 г,"флаг: Либерия · маршрут: Корпус-Кристи, США, отход 30 мая 2026 года → FOR ORDERS (судно ожидает дальнейших инструкций от фрахтователя/оператора) · Underway using Engine · возраст: 3 лет",0.0
2026-09-09,9927316,30108.0,26252.0,180.0,28.7,10.5,16.2,3.0,2023,"Сингапур. Габариты: Длина (LOA) 180.00 м, ширина 28.70 м. Тоннаж:",Multi Purpose Offshore Vessel (Многоцелевое судно обеспечения офшорных платформ),Underway using Engine / В пути,LOW,"Houston, USA (US HOU)","Houston, USA (US HOU)",ATLAS 7316,563182700,8 июня 2026 г,"флаг: Сингапур. Габариты: Длина (LOA) 180.00 м, ширина 28.70 м. Тоннаж: · Underway using Engine · возраст: 3 лет",0.0
2026-09-09,9925667,30093.0,26252.0,179.8,28.7,7.3,14.4,4.0,2022,Сингапур,Газовоз / Танкер для перевозки сжиженного газа (LPG Tanker / Fully Refrigerated MGC),Underway using Engine / В пути,LOW,"Yeosu, South Korea (KR YOS)","Техас-Сити, США / Texas City, USA",GREEN ENERGY (экс-Mangusta),563172500,17 августа 2026 г,"Газовоз / Танкер для перевозки сжиженного газа · флаг: Сингапур · следует в: Техас-Сити, США / Texas City, USA · Underway using Engine · возраст: 4 лет",0.0
2026-09-09,9939204,29991.0,26541.0,179.86,29.0,7.2,0.0,3.0,2023,Маршалловы Острова,Газовоз / Танкер для СУГ (LPG Tanker),Moored,LOW,"Якорная стоянка Фос-сюр-Мер, Франция (Fos-sur-Mer Anch., France — прибытие 15 августа 2026 г.)",FOR ORDERS,PASCO MARSEL,538010500,15 августа 2026 г,"Газовоз / Танкер для СУГ · флаг: Маршалловы Острова · маршрут: Якорная стоянка Фос-сюр-Мер, Франция (Fos-sur-Mer Anch., France — прибытие 15 августа 2026 г.) → Не указан / В ожидании (Destination not available), статус: На якорной стоянке (At anchor) в районе Фос-сюр-Мер, Франция (Fos-sur-Mer Anch., France — прибытие на рейд 15 августа 2026 г., 00:11 UTC; текущий курс — 339.9°, скорость — 0.0 узла, осадка — 9.2 м) · At Anchor · возраст: 3 лет",0.409
2026-09-09,1026685,29842.0,26449.0,180.0,29.0,10.5,14.0,0.0,2026,Маршалловы Острова,Газовоз / Танкер для перевозки сжиженного нефтяного газа (LPG Tanker / Medium Gas Carrier),Underway using Engine / В пути,LOW,"Хьюстон, США ()","Луанда, Ангола (Luanda, Angola)",ASHARAMI GHANA,538012138,13 августа 2026 г,"Газовоз / Танкер для перевозки сжиженного нефтяного газа · флаг: Маршалловы Острова · маршрут: Хьюстон, США () → Луанда, Ангола (Luanda, Angola) · Underway using Engine",0.0
2026-09-09,9924857,29690.0,26614.0,180.0,28.7,10.0,14.1,4.0,2022,Либерия,Газовоз / Танкер для перевозки СУГ (LPG Tanker),Underway using Engine / В пути,LOW,"Маркус-Хук, США (Marcus Hook, USA)","Ningbo, China (CN NGB)",CARTIER,636021168,8 августа 2026 г,"Газовоз / Танкер для перевозки СУГ · флаг: Либерия · отход: Маркус-Хук, США (Marcus Hook, USA) · Underway using Engine · возраст: 4 лет",0.0
2026-09-09,9719276,29664.0,25952.0,181.7,29.4,8.8,14.8,9.0,2017,Бельгия,Газовоз для перевозки сжиженного нефтяного газа / LPG Tanker (Handy / Medium Size),Under way using engine,LOW,"Rotterdam, Netherlands (NL RTM)",FOR ORDERS,KALLO,205713000,"30 августа 2026 г., 18:45 UTC",Газовоз для перевозки сжиженного нефтяного газа / LPG Tanker · флаг: Бельгия · At Anchor · возраст: 9 лет,0.655
2026-09-09,9689914,29650.0,28168.0,225.0,36.6,8.3,10.0,25.0,2001,BAHAMAS,Multi Purpose Offshore Vessel (Многоцелевое судно обеспечения офшорных платформ),Moored (Пришвартовано),LOW,"NL TNZ (Тернёзен, Нидерланды)","US HOU (Хьюстон, США)",COMET,311000251,"9 октября 2026 г., 17:15 UTC",Багамские Острова,0.0
2026-09-09,9914632,29649.0,26614.0,180.0,29.0,10.2,14.0,4.0,2022,Либерия,Газовоз (LPG Tanker / MGC — Medium Gas Carrier),Underway / В плавании,MID,"Yanbu, Saudi Arabia (SA YNB)","Oita, Japan (JP OIT)",MYKLEBUST,636668387,"24 октября 2026 г., 18:00 UTC",Газовоз · флаг: Либерия · Underway · возраст: 4 лет,0.0
2026-09-09,9687485,29639.0,25952.0,180.0,29.4,10.4,14.2,11.0,2015,Бельгия (Belgium) [Судно],Multi Purpose Offshore Vessel (Многоцелевое судно обеспечения офшорных платформ),At Anchor / На якорной стоянке,MID,"Incheon, South Korea (KR INC)","Fujairah, UAE (AE FUJ)",PACIFIC 7485,205283000,9 июня 2026 г,флаг: Бельгия (Belgium) [Судно] · At Anchor · возраст: 11 лет,0.0
2026-09-09,9687514,29588.0,31955.0,181.7,29.4,7.3,3.0,10.0,2016,Бельгия,Танкер для перевозки сжиженного нефтяного газа (LPG Tanker),На ходу (Under way),HIGH,"Ain Sukhna, Egypt (EG ASU)",порт Рас-эль-Хайр (Ras Al Khair),KORTRIJK,636345625,"21 октября 2026 г., 04:45 UTC",Танкер для перевозки сжиженного нефтяного газа · флаг: Бельгия · следует в: порт Рас-эль-Хайр (Ras Al Khair) · На ходу (Under way) · возраст: 10 лет,0.0
2026-09-09,9719305,29543.0,25952.0,180.0,29.4,9.2,0.0,8.0,2018,Бельгия,Газовоз / Танкер для перевозки сжиженного газа (LPG Tanker),Moored,LOW,"Yanbu, Saudi Arabia (SA YNB)",FRLEH,KOKSIJDE,205743000,13 августа 2026 г,"Газовоз / Танкер для перевозки сжиженного газа · флаг: Бельгия · следует в: Карстё, Норвегия / Karsto, Norway, статус: НА ЯКОРЕ / СТОЯНКА (At anchor) (прошедшее · At Anchor · возраст: 8 лет",0.656
2026-09-09,9698367,29500.0,28025.0,117.03,18.2,6.5,12.3,5.0,2021,MARSHALL ISLANDS,Multi Purpose Offshore Vessel (Многоцелевое судно обеспечения офшорных платформ),"Underway using Engine (На ходу, используется двигатель)",MID,"EG ALY (Александрия, Египет)","RO MID (Мидия, Румыния)",ECO CHIOS,538005496,11 мая 2026 г,Маршалловы Острова,0.0
2026-09-09,9687502,29461.0,31818.0,182.0,30.0,7.3,13.0,10.0,2016,"Бельгия Год постройки: 2016 Габариты: Длина — 182 м, ширина — 30 м,",LPG Tanker (Танкер для перевозки сжиженного нефтяного газа),"At anchor (На якоре)Статус: Судно находится в режиме ожидания («FOR ORDERS» — ожидает дальнейших указаний от фрахтователя/оператора относительно следующего пункта назначения). Осадка (Draught): 7.3 мАктуальность: Данные актуальны на 8 июня 2026 года3. Анализ параметровОперационная активность: Судно является активным участником международного танкерного флота, управляется бельгийской компанией Exmar Shipmanagement. Навигационный статус «FOR ORDERS» является стандартной практикой в коммерческом судоходстве, означающей, что судно завершило текущий контракт и ожидает назначения на следующий рейс. Управление:Владелец/Оператор: Exmar (крупная международная компания, специализирующаяся на транспортировке газа). Специализация: Транспортировка сжиженного нефтяного газа (LPG). 4. Риск-профильСанкции: Не числится в санкционных списках.Заключение: Объект классифицируется как «Активен / Коммерческий энергетический транспорт». Судно эксплуатируется авторитетным международным оператором. Риск взаимодействия оценивается как низкий",LOW,"Yanbu, Saudi Arabia (SA YNB)","Ulsan, South Korea (KR USN)",KONTICHIMO: 9687502,205691000,"10 сентября 2026 г., 10:30 UTC","LPG Tanker · флаг: Бельгия Год постройки: 2016 Габариты: Длина — 182 м, ширина — 30 м, · At anchor (На якоре)Статус: Судно находится в режиме ожидания («FOR ORDERS» — ожидает дальнейших указаний от фрахтователя · возраст: 10 лет",0.0
2026-09-09,9926934,29421.0,31775.0,180.0,28.7,9.9,13.0,4.0,2022,"Либерия Год постройки: 2022 Габариты: Длина — 180 м, ширина — 28.7 м,",LPG Tanker (Танкер для перевозки сжиженного нефтяного газа),"At anchor (На якоре) Локация: Район побережья США (Атлантический океан) Статус: После завершения операций в порту Маркус-Хук (США, 7 июня 2026 г.), судно вышло на рейд и в данный момент находится на якорной стоянке.Осадка (Draught): 9.9 мАктуальность: Данные актуальны на 8 июня 2026 года3. Анализ параметровОперационная активность: Судно является современным газовозом (LPG), активно работающим на маршрутах между европейскими портами и терминалами США (в частности, Маркус-Хук). Управление:Менеджер: Часть флота LPG-танкеров, часто эксплуатируемых компаниями, специализирующимися на транспортировке газа (например, структурами типа Navigator Gas или аффилированными).Специализация: Транспортировка сжиженного углеводородного газа.4. Риск-профильСанкции: По состоянию на 8 июня 2026 года судно не находится в официальных санкционных списках (OFAC/EU). Данные мониторинга подтверждают его статус как «чистого» актива.Заключение: Объект классифицируется как «Активен / Коммерческий энергетический транспорт». Риск взаимодействия оценивается как низкий",EXTREME,"Rotterdam, Netherlands (NL RTM)","Oita, Japan (JP OIT)",GUADALUPE EXPLORERIMO: 9926934,636024820,"9 сентября 2026 г., 05:30 UTC","LPG Tanker · флаг: Либерия Год постройки: 2022 Габариты: Длина — 180 м, ширина — 28.7 м, · At anchor (На якоре) Локация: Район побережья США (Атлантический океан) Статус: После завершения операций в порту Маркус-Хук (США, 7 июня 2026 г.), судно вышло на рейд и в данный момент находится на якорной стоянке.Осадка (Draught): 9.9 мАктуальность: Данные актуальны на 8 июня 2026 года3. Анализ параметровОперационная активность: Судно является современным газовозом (LPG), активно работающим на маршрутах между европейскими портами и терминалами США (в частности, Маркус-Хук). Управление:Менеджер: Часть флота LPG-танкеров, часто эксплуатируемых компаниями, специализирующимися на транспортировке газа (например, структурами типа Navigator Gas или аффилированными).Специализация: Транспортировка сжиженного углеводородного газа.4. Риск-профильСанкции: По состоянию на 8 июня 2026 года судно не находится в официальных санкционных списках (OFAC · возраст: 4 лет",0.0
2026-09-09,9940423,29421.0,26515.0,179.96,28.7,9.9,14.4,3.0,2023,Либерия,Газовоз / Танкер для перевозки сжиженного газа (LPG Tanker),Underway using Engine / В пути,LOW,"Chiba, Japan (JP CHB)","Тема, Гана / Tema, Ghana",ROSILLO EXPLORER,636025911,25 августа 2026 г,"Газовоз / Танкер для перевозки сжиженного газа · флаг: Либерия · следует в: Тема, Гана / Tema, Ghana · Underway using Engine · возраст: 3 лет",0.0
2026-09-09,9941336,29381.0,31731.0,179.86,28.7,10.3,13.0,2.0,2024,Мальта Год постройки: 2024,"LPG Tanker (Танкер для перевозки сжиженного нефтяного газа, полностью рефрижераторный, двухтопливный)","At anchor (На якоре)Статус: 8 июня 2026 года судно совершило выход из порта Маркус-Хук (США) и в данный момент находится на якорной стоянке/в ожидании дальнейших распоряжений (статус ""ORDERS"").Осадка (Draught): 10.3 мАктуальность: Данные актуальны на 8 июня 2026 года3. Анализ параметровОперационная активность: Судно является новым активом (постройка 2024 года), которое активно задействовано в международных перевозках сжиженного газа между американскими терминалами (Маркус-Хук) и другими хабами.Управление:Владелец: Geogas Trading SA (Швейцария). Менеджер: Greenstar Shipmanagement SRL (Италия). Специализация: Транспортировка сжиженного нефтяного газа (LPG). Судно оснащено современными двигателями с двухтопливной системой питания, что делает его экологически эффективным активом. 4. Риск-профильСанкции: Не числится в санкционных списках.Заключение: Объект классифицируется как «Активен / Коммерческий энергетический транспорт». Судно эксплуатируется крупными игроками рынка (Geogas) и выполняет штатные коммерческие рейсы. Риск взаимодействия оценивается как низкий",LOW,"Chiba, Japan (JP CHB)","Ulsan, South Korea (KR USN)",VAROLI PIAZZAIMO: 9941336,256679000,"26 октября 2026 г., 18:00 UTC","международных перевозках сжиженного газа между американскими терминалами (Маркус-Хук) и другими хабами.Управление:Владелец: Geogas Trading SA (Швейцария). Менеджер: Greenstar Shipmanagement SRL (Италия). Специализация: Транспортировка сжиженного нефтяного газа . Судно оснащено современными двигателями с двухтопливной системой питания, что делает его экологически эффективным активом. 4. Риск-профильСанкции: Не числится в санкционных списках.Заключение: Объект классифицируется как «Активен / Коммерческий энергетический транспорт». Судно эксплуатируется крупными игроками рынка (Geogas) и выполняет штатные коммерческие рейсы. Риск взаимодействия оценивается как низкий",0.0
2026-09-09,9941324,29381.0,27029.0,179.86,28.7,8.1,10.0,3.0,2023,Франция,Multi Purpose Offshore Vessel (Многоцелевое судно обеспечения офшорных платформ),At Anchor / На якорной стоянке,LOW,"Shanghai, China (CN SHA)","Piraeus, Greece (GR PIR)",ATLAS 1324,228433700,"28 августа 2026 г., 14:30 UTC",флаг: Франция · At Anchor · возраст: 3 лет,0.0
2026-09-09,9292773,29300.0,25994.0,180.0,29.2,9.7,13.0,20.0,2006,Мальта,Газовоз / Танкер для перевозки сжиженного газа (LPG Tanker),At Anchor / На якорной стоянке,LOW,"Primorsk, Russia (RU PRI)","Рейд Сантуса, Бразилия / Santos Anch., Brazil, статус: НА ЯКОРЕ / СТОЯНКА (At anchor) (дата прибытия на рейд — 9 августа 2026 г., 02:15 UTC; курс — 40.2°, скорость — 0.0 узлов, осадка — 9.7 м, последний порт выхода — терминал Ильи-Редонда, Бразилия — отход 6 августа 2026 г.)",ALESSANDRO VOLTA (экс-Maersk Jade),249583000,6 августа 2026 г,"Газовоз / Танкер для перевозки сжиженного газа · флаг: Мальта · следует в: Рейд Сантуса, Бразилия / Santos Anch., Brazil, статус: НА ЯКОРЕ / СТОЯНКА (At anchor) (дата прибытия на рейд — 9 августа 2026 г., 02:15 UTC; курс — 40.2°, скорость — 0.0 узлов, осадка — 9.7 м, последний порт выхода — терминал Ильи-Редонда, Бразилия — отход 6 августа 2026 г.) · At Anchor · возраст: 20 лет",0.0
2026-09-09,9940435,29229.0,26515.0,180.0,28.7,9.8,15.8,3.0,2023,Либерия,Газовоз (LPG Tanker),Under way using engine,LOW,"Jubail, Saudi Arabia (SA JUB)",BGBOJ,CERRO ALTO EXPLORER,636025912,"30 августа 2026 г., 01:15 UTC",Газовоз · флаг: Либерия · следует в: порт Маркус-Хук (код порта USMAH) · Underway using Engine · возраст: 3 лет,0.654
2026-09-09,9292113,29213.0,25994.0,180.0,29.2,8.3,14.0,20.0,2006,Маршалловы острова,Газовоз (LPG Tanker / MGC — Midsize Gas Carrier),Underway using Engine / В пути,LOW,"Primorsk, Russia (RU PRI)",порт Пойнт-Комфорт (США). ETA: 17 июня 2026 г,SOMBEKE,538033370,17 июня 2026 г,Газовоз · флаг: Маршалловы острова · следует в: порт Пойнт-Комфорт (США). ETA: 17 июня 2026 г · Underway using Engine · возраст: 20 лет,0.0
2026-09-09,9961192,29181.0,28648.0,188.24,29.0,7.1,17.0,3.0,2023,Португалия,Газовоз / LPG Tanker,At Anchor / На якорной стоянке,LOW,"Порт-Элизабет (якорная стоянка), Южная Африка (Port Elizabeth Anch., South Africa)","Маркус-Хук, США (Marcus Hook, United States)",GASCHEM EUROPE,255916538,19 августа 2026 г,трансокеанских перевозках сжиженных углеводородных газов,0.0
2026-09-09,9355264,29100.0,27645.0,215.0,32.2,9.3,10.0,26.0,2000,LIBERIA,Multi Purpose Offshore Vessel (Многоцелевое судно обеспечения офшорных платформ),Underway / В плавании,LOW,"Houston, USA (US HOU)","Houston, USA (US HOU)",PACIFIC 5264,636433696,"22 сентября 2026 г., 23:30 UTC",Underway,0.0
2026-09-09,9796585,28894.0,25458.0,183.0,30.0,8.0,10.1,7.0,2019,Маршалловы Острова,Танкер для перевозки сжиженного газа (LPG / MGC — Medium Gas Carrier),Underway using Engine / В пути,MID,"Ain Sukhna, Egypt (EG ASU)",порт Стенунгсунд (Stenungsund),HOURAI MARU,538633132,18 июня 2026 г,Танкер для перевозки сжиженного газа · флаг: Маршалловы Острова · следует в: порт Стенунгсунд (Stenungsund) · Underway using Engine · возраст: 7 лет,0.0
2026-09-09,9893656,28886.0,25110.0,180.0,28.4,9.9,11.7,5.0,2021,Мальта,Газовоз (LPG Tanker / MGC — Midsize Gas Carrier),Underway using Engine / В пути,LOW,"Rotterdam, Netherlands (NL RTM)",порт Туспан,LEGACYIMO номер: 9893656,229992368,16 июня 2026 г,Газовоз · флаг: Мальта · следует в: порт Туспан · Underway using Engine · возраст: 5 лет,0.0
2026-09-09,9904675,28850.0,27408.0,215.0,32.2,9.3,10.0,33.0,1993,LIBERIA,Multi Purpose Offshore Vessel (Многоцелевое судно обеспечения офшорных платформ),Underway / В плавании,LOW,"Yokohama, Japan (JP YOK)","Yokohama, Japan (JP YOK)",OCEAN 4675,636246808,"31 августа 2026 г., 07:00 UTC",Underway,0.0
2026-09-09,9796339,28726.0,24942.0,179.87,28.4,7.8,0.6,9.0,2017,Либерия,Газовоз (LPG Tanker),Underway using Engine / В пути,LOW,"Ain Sukhna, Egypt (EG ASU)","Chiba, Japan (JP CHB)",NAVIGATOR JORF,636921350,"28 августа 2026 г., 17:30 UTC",Газовоз · флаг: Либерия · Underway using Engine · возраст: 9 лет,0.0
2026-09-09,9469998,28650.0,30942.0,72.0,12.5,5.0,12.1,23.0,2003,ЯПОНИЯ,LPG Tanker (Танкер для перевозки сжиженного нефтяного газа),Underway using Engine (На ходу),LOW,"Итихара, Япония (JP ICH)","Сакай, Япония (JP SAK)",IZUMI MARU NO.7,431333461,20 мая 2026 г,JAPAN,0.0
2026-09-09,9744128,28637.0,25051.0,180.0,28.0,7.4,7.9,9.0,2017,Маршалловы Острова,Газовоз (LPG Tanker / MGC - Midsize Gas Carrier),Underway using Engine / В пути,LOW,"Chiba, Japan (JP CHB)",порт Маркус-Хук.Текущие данные:Скорость: 7.9 уз.Осадка: 7.4 м.Активность: Судно активно эксплуатируется на маршрутах транспортировки сжиженного газа между американскими экспортными терминалами и международными рынками.3. Комплаенс-профильОператор (ISM): V Ships Asia Group Pte Ltd. Коммерческий менеджер: Sahara Energy International. Владелец: WAGL Energy Ltd. Статус: НИЗКИЙ РИСК / НАДЕЖНЫЙ АКТИВ.Анализ:Менеджмент: Управление активами осуществляется через крупные международные менеджерские структуры (V.Ships),AFRICA GAS,538243310,"14 октября 2026 г., 05:15 UTC",Газовоз · флаг: Маршалловы Острова · следует в: порт Маркус-Хук.Текущие данные:Скорость: 7.9 уз.Осадка: 7.4 м.Активность: Судно активно эксплуатируется на маршрутах транспортировки сжиженного газа между американскими экспортными терминалами и международными рынками.3. Комплаенс-профильОператор (ISM): V Ships Asia Group Pte Ltd. Коммерческий менеджер: Sahara Energy International. Владелец: WAGL Energy Ltd. Статус: НИЗКИЙ РИСК / НАДЕЖНЫЙ АКТИВ.Анализ:Менеджмент: Управление активами осуществляется через крупные международные менеджерские структуры (V.Ships) · Underway using Engine · возраст: 9 лет,0.0
2026-09-09,9852133,28627.0,25167.0,179.87,28.4,8.0,15.1,7.0,2019,Либерия,Газовоз / Танкер для перевозки сжиженного газа / LPG Tanker,Underway using Engine / В пути,LOW,"Баия-Бланка, Аргентина ()","Huizhou, China (CN HUI)",WINNIPEG,636019497,7 августа 2026 г,"Газовоз / Танкер для перевозки сжиженного газа / LPG Tanker · флаг: Либерия · отход: Баия-Бланка, Аргентина () · Underway using Engine · возраст: 7 лет",0.0
2026-09-09,9892808,28600.0,27170.0,215.0,32.2,5.6,13.4,18.0,2008,LIBERIA,Multi Purpose Offshore Vessel (Многоцелевое судно обеспечения офшорных платформ),Under way using engine,LOW,"Rotterdam, Netherlands (NL RTM)",ES BIO,MARITIME 2808,215858000,"30 сентября 2026 г., 05:00 UTC",Underway,0.656
2026-09-09,9789726,28585.0,30872.0,177.1,28.4,7.6,13.0,8.0,2018,Панама,Танкер для перевозки сжиженного нефтяного газа (LPG Tanker).,At Anchor / На якорной стоянке,LOW,"Судно прибыло из Суапе, Бразилия, откуда отправилось 25 мая 2026 года","Chiba, Japan (JP CHB)",GAS 9726,370577470,"27 сентября 2026 г., 19:30 UTC","Танкер для перевозки сжиженного нефтяного газа · флаг: Панама · отход: Судно прибыло из Суапе, Бразилия, откуда отправилось 25 мая 2026 года · At Anchor · возраст: 8 лет",0.0
2026-09-09,9659127,28576.0,30862.0,174.0,30.0,8.3,2.1,12.0,2014,Сингапур,Газовоз (LPG Tanker / Fully Refrigerated),На ходу (Under way),HIGH,"Rotterdam, Netherlands (NL RTM)","Ulsan, South Korea (KR USN)",SOPHIE SCHULTE,566492268,"20 сентября 2026 г., 11:45 UTC",Газовоз · флаг: Сингапур · На ходу (Under way) · возраст: 12 лет,0.0
2026-09-09,9202120,28550.0,30834.0,67.85,11.5,3.9,13.0,21.0,2005,Монголия,LPG Tanker (Танкер для перевозки СНГ),Stopped (Остановлено),LOW,"BD MGL (Монгла, Бангладеш)","RUPGANJ (Рупгандж, Бангладеш)",M.T.GGAS 102,457900522,25 июня 2024 г. в 14:00 (UTC+6),MONGOLIA,0.0
2026-09-09,9415686,28550.0,30834.0,225.0,36.0,7.5,13.0,11.0,2015,INDIA,LPG Tanker (Танкер для перевозки сжиженного углеводородного газа),At Anchor (На якоре),LOW,"IN BOM (Мумбаи, Индия)","MUMBAI ANCH (Мумбаи, Индия)",GREEN SANVI,9415686,"28 октября 2026 г., 18:30 UTC",Индия,0.0
2026-09-09,9744831,28543.0,30826.0,180.0,28.0,10.6,11.3,9.0,2017,Либерия,LPG Tanker (Газовоз для перевозки сжиженного газа / MGC),На ходу (Under way),LOW,порта Недерланд (США) 8 июня 2026 года. Пункт назначения — Гибралтар,"Oita, Japan (JP OIT)",ONTARIO,9744831,21 июня 2026 г,LPG Tanker · флаг: Либерия · отход: порта Недерланд (США) 8 июня 2026 года. Пункт назначения — Гибралтар · На ходу (Under way) · возраст: 9 лет,0.0
2026-09-09,9789714,28532.0,25086.0,180.0,28.4,9.9,11.8,8.0,2018,"Либерия (Liberia) [строка ввода пользователя, изображение_50383c.jpg]. Крупнейший международный открытый регистр из белого списка комплаенса",Multi Purpose Offshore Vessel (Многоцелевое судно обеспечения офшорных платформ),At Anchor / На якорной стоянке,MID,"Rotterdam, Netherlands (NL RTM)","Shanghai, China (CN SHA)",PACIFIC 9714,636025427,"14 октября 2026 г., 16:30 UTC","флаг: Либерия (Liberia) [строка ввода пользователя, изображение_50383c.jpg]. Крупнейший международный открытый регистр из белого списка комплаенса · At Anchor · возраст: 8 лет",0.0
2026-09-09,9789312,28532.0,25248.0,180.0,28.0,7.3,0.0,8.0,2018,Мальта,"Газовоз (LPG Tanker, полностью рефрижераторный)",At anchor,LOW,"Yanbu, Saudi Arabia (SA YNB)",FOR ORDER,ENRICO FERMI,249582000,"25 сентября 2026 г., 12:30 UTC",Газовоз · флаг: Мальта · Underway using Engine · возраст: 8 лет,0.418
2026-09-09,9659115,28521.0,25143.0,174.06,30.0,8.1,10.7,12.0,2014,Сингапур,Газовоз / Танкер для перевозки СУГ (LPG / MGC Tanker - Fully Refrigerated),Under way using engine,LOW,"Marcus Hook, USA (US MHK)",ESCAS,SEVERIN SCHULTE,563232200,19 августа 2026 г,"Газовоз / Танкер для перевозки СУГ · флаг: Сингапур · следует в: Суэцкий канал, Египет / Suez Canal, Egypt · Underway using Engine · возраст: 12 лет",0.656
2026-09-09,9763033,28447.0,25079.0,179.87,28.4,9.8,9.5,9.0,2017,Мальта (Malta) — европейский реестр (EU Flag / White List). Технические характеристики,Танкер-газовоз LPG (Fully Refrigerated LPG / Ammonia / VCM Carrier),Underway using Engine / В пути,LOW,"Chiba, Japan (JP CHB)","Nhava Sheva, India (",SEASURFERI MO номер: 9763033,248128000,"15 сентября 2026 г., 23:30 UTC","Танкер-газовоз LPG · флаг: Мальта (Malta) — европейский реестр (EU Flag / White List). Технические характеристики · следует в: Nhava Sheva, India ( · Underway using Engine · возраст: 9 лет",0.0
2026-09-09,9903073,28379.0,25538.0,180.0,28.4,8.6,13.9,5.0,2021,Сингапур,Газовоз / Танкер для перевозки сжиженного нефтяного газа (LPG Tanker / MGC — Fully Refrigerated),Under way using engine,LOW,"Буэнос-Айрес, Аргентина (Buenos Aires, Argentina)","Дакар, Сенегал / Dakar, Senegal",SIFNOS LADY,563137100,20 августа 2026 г,"Газовоз / Танкер для перевозки сжиженного нефтяного газа · флаг: Сингапур · маршрут: Буэнос-Айрес, Аргентина (Buenos Aires, Argentina) → Дакар, Сенегал / Dakar, Senegal · Scrapped · возраст: 5 лет",0.647
2026-09-09,9711846,28372.0,25144.0,179.85,28.4,8.3,14.0,10.0,2016,Сингапур,Газовоз (LPG Tanker / Fully refrigerated),Underway using Engine / В пути,LOW,"Yeosu, South Korea (KR YOS)","Zhangpu, China (CN ZAP)",EAGLE FORD LADY,564067593,"8 октября 2026 г., 12:45 UTC",Газовоз · флаг: Сингапур · Underway using Engine · возраст: 10 лет,0.0
2026-09-09,9922770,28350.0,30618.0,230.0,37.0,12.0,12.5,3.0,2023,"Сингапур Габариты: Длина (LOA) — 230 м, ширина — 37 м 2. Оперативные данные (Контрольный блок)Навигационный статус: Under way (На ходу)Локация: В процессе перехода из порта Хьюстон в Ричардс-Бей, Южная Африка Скорость (Speed): 12.5 узла Осадка (Draught): 12.0 м Актуальность: Данные получены 8 июня 2026 года3. Анализ параметровАнализ движения: Судно завершило грузовые операции в порту Хьюстон 6 июня 2026 года и вышло в длительный переход в Южную Африку.Маршрут: Ожидаемое время прибытия (ETA) в Ричардс-Бей — 1 июля 2026 года. Операционная активность: Судно 2023 года постройки, является современным газовозом, выполняющим регулярные международные рейсы. 4. Риск-профильСтатус: В базах данных судно с IMO 9922770 классифицируется как активный коммерческий танкер под флагом Сингапура. Примечание по безопасности: В сети существуют отчеты о санкциях в отношении судна с названием «HYPERION», однако в указанных источниках фигурирует другой IMO-номер (9322968). Текущий объект (IMO 9922770) не числится в санкционных списках и не связан с указанными в отчетах инцидентами.Заключение: Объект классифицируется как «Активен / Коммерческий энергетический транспорт». Судно выполняет плановый рейс. Риск взаимодействия оценивается как низкий",LPG Tanker (VLGC — танкер для перевозки сжиженного газа),"Under way (На ходу)Локация: В процессе перехода из порта Хьюстон в Ричардс-Бей, Южная Африка Скорость (Speed): 12.5 узла Осадка (Draught): 12.0 м Актуальность: Данные получены 8 июня 2026 года3. Анализ параметровАнализ движения: Судно завершило грузовые операции в порту Хьюстон 6 июня 2026 года и вышло в длительный переход в Южную Африку.Маршрут: Ожидаемое время прибытия (ETA) в Ричардс-Бей — 1 июля 2026 года. Операционная активность: Судно 2023 года постройки, является современным газовозом, выполняющим регулярные международные рейсы. 4. Риск-профильСтатус: В базах данных судно с IMO 9922770 классифицируется как активный коммерческий танкер под флагом Сингапура. Примечание по безопасности: В сети существуют отчеты о санкциях в отношении судна с названием «HYPERION», однако в указанных источниках фигурирует другой IMO-номер (9322968). Текущий объект (IMO 9922770) не числится в санкционных списках и не связан с указанными в отчетах инцидентами.Заключение: Объект классифицируется как «Активен / Коммерческий энергетический транспорт». Судно выполняет плановый рейс. Риск взаимодействия оценивается как низкий",LOW,"Marcus Hook, USA (US MHK)","Shanghai, China (CN SHA)",HYPERION,563196600,"28 октября 2026 г., 20:00 UTC","LPG Tanker · флаг: Сингапур Габариты: Длина (LOA) — 230 м, ширина — 37 м 2. Оперативные данные (Контрольный блок)Навигационный статус: Under way (На ходу)Локация: В процессе перехода из порта Хьюстон в Ричардс-Бей, Южная Африка Скорость (Speed): 12.5 узла Осадка (Draught): 12.0 м Актуальность: Данные получены 8 июня 2026 года3. Анализ параметровАнализ движения: Судно завершило грузовые операции в порту Хьюстон 6 июня 2026 года и вышло в длительный переход в Южную Африку.Маршрут: Ожидаемое время прибытия (ETA) в Ричардс-Бей — 1 июля 2026 года. Операционная активность: Судно 2023 года постройки, является современным газовозом, выполняющим регулярные международные рейсы. 4. Риск-профильСтатус: В базах данных судно с IMO 9922770 классифицируется как активный коммерческий танкер под флагом Сингапура. Примечание по безопасности: В сети существуют отчеты о санкциях в отношении судна с названием «HYPERION», однако в указанных источниках фигурирует другой IMO-номер (9322968). Текущий объект (IMO 9922770) не числится в санкционных списках и не связан с указанными в отчетах инцидентами.Заключение: Объект классифицируется как «Активен / Коммерческий энергетический транспорт». Судно выполняет плановый рейс. Риск взаимодействия оценивается как низкий · Under way (На ходу)Локация: В процессе перехода из порта Хьюстон в Ричардс-Бей, Южная Африка Скорость (Speed): 12.5 узла Осадка (Draught): 12.0 м Актуальность: Данные получены 8 июня 2026 года3. Анализ параметровАнализ движения: Судно завершило грузовые операции в порту Хьюстон 6 июня 2026 года и вышло в длительный переход в Южную Африку.Маршрут: Ожидаемое время прибытия (ETA) в Ричардс-Бей — 1 июля 2026 года. Операционная активность: Судно 2023 года постройки, является современным газовозом, выполняющим регулярные международные рейсы. 4. Риск-профильСтатус: В базах данных судно с IMO 9922770 классифицируется как активный коммерческий танкер под флагом Сингапура. Примечание по безопасности: В сети существуют отчеты о санкциях в отношении судна с названием «HYPERION», однако в указанных источниках фигурирует другой IMO-номер (9322968). Текущий объект (IMO 9922770) не числится в санкционных списках и не связан с указанными в отчетах инцидентами.Заключение: Объект классифицируется как «Активен · возраст: 3 лет",0.0
2026-09-09,9794135,28303.0,30567.0,179.87,28.4,7.2,11.8,8.0,2018,Либерия IMO номер: 9794135 Год постройки: 2018,Газовоз СУГ (LPG Tanker),"На ходу (в пути).Маршрут: Следует в порт Фрипорт (Freeport), США. Операционные данные: Текущая скорость — 11.8 узлов, осадка — 7.2 м. Расчетное время прибытия (ETA) — 14 июня 2026 года в 21:00. История: Последний зафиксированный порт захода — якорная стоянка Панамского канала (Тихоокеанская сторона), которую судно покинуло 8 июня 2026 года.Эксплуатация и управлениеЗарегистрированный владелец: WESTERN ENERGY INC TRANSPORT. Коммерческий менеджер: TRANSGAS SA. Технический менеджер (ISM): HARTMANN GAS CARRIERS GERMANY. Эксплуатационный и санкционный статусСанкционный статус: Судно не находится под международными санкциями.Профиль: DAGMAR — современный газовоз, находящийся под управлением авторитетной немецкой группы Hartmann Gas Carriers. Судно работает в рамках прозрачных международных торговых маршрутов, в частности, регулярно обслуживает порты США и стран Центральной Америки. Актив не имеет признаков участия в теневых схемах и соответствует высоким стандартам безопасности и комплаенса",LOW,"Houston, USA (US HOU)",порт Фрипорт (Freeport),DAGMARТип судна: Газовоз СУГ (LPG Tanker),636579412,14 июня 2026 г,"Газовоз СУГ · флаг: Либерия IMO номер: 9794135 Год постройки: 2018 · следует в: порт Фрипорт (Freeport) · На ходу (в пути).Маршрут: Следует в порт Фрипорт (Freeport), США. Операционные данные: Текущая скорость — 11.8 узлов, осадка — 7.2 м. Расчетное время прибытия (ETA) — 14 июня 2026 года в 21:00. История: Последний зафиксированный порт захода — якорная стоянка Панамского канала (Тихоокеанская сторона), которую судно покинуло 8 июня 2026 года.Эксплуатация и управлениеЗарегистрированный владелец: WESTERN ENERGY INC TRANSPORT. Коммерческий менеджер: TRANSGAS SA. Технический менеджер (ISM): HARTMANN GAS CARRIERS GERMANY. Эксплуатационный и санкционный статусСанкционный статус: Судно не находится под международными санкциями.Профиль: DAGMAR — современный газовоз, находящийся под управлением авторитетной немецкой группы Hartmann Gas Carriers. Судно работает в рамках прозрачных международных торговых маршрутов, в частности, регулярно обслуживает порты США и стран Центральной Америки. Актив не имеет признаков участия в теневых схемах и соответствует высоким стандартам безопасности и комплаенса · возраст: 8 лет",0.0
2026-09-09,9200457,28300.0,30564.0,94.5,16.6,4.5,0.1,12.0,2014,Гонконг,LPG Tanker (Газовоз),At Anchor (На якоре),LOW,"Yeosu, South Korea (KR YOS)","KHOR AL ZUBAIR, Ирак",PIONEER 0457,477204800,25 апреля 2026 г. в 15:00 UTC+4,HONG KONG,0.0
2026-09-09,9543079,28050.0,30294.0,180.0,28.83,10.3,11.7,11.0,2015,ПАНАМА,LPG Tanker (Танкер для перевозки сжиженного нефтяного газа),Under way using engine,LOW,"Кандла, Индия (IN IXY)",EG SUZ>TR IST,MANTA BEYLERBEYI,352005974,9 мая 2026 г,PANAMA,0.419
2026-09-09,9990557,28050.0,30294.0,230.0,36.0,8.8,12.8,18.0,2008,ЛИБЕРИЯ,LPG Tanker (Танкер для перевозки сжиженного газа),Underway using Engine (На ходу),LOW,"Тайцан, Китай (CN TAX)","Хьюстон, США (US HOU)",PACIFIC INEOS HAFRA,636101868,30 июня 2026 г,LIBERIA,0.0
2026-09-09,1030325,27800.0,30024.0,230.0,36.0,12.1,13.0,19.0,2007,SINGAPORE,LPG Tanker (Танкер для перевозки сжиженного нефтяного газа).,Moored (Пришвартовано),LOW,"CN LYG (Ляньюньган, Китай)","US NDX (Недерленд, США)",GAS IRIS,1030325,14 мая 2026 г,Сингапур,0.0
2026-09-09,9332042,27710.0,29927.0,178.0,28.0,9.3,0.7,19.0,2007,Саудовская Аравия,Танкер для перевозки сжиженного нефтяного газа (LPG Tanker),"На ходу (Under way), однако AIS-данные по судну ограничены или устарели (последняя позиция получена более недели назад)",HIGH,"Houston, USA (US HOU)","Chiba, Japan (JP CHB)",AL JABIRAH,403688661,"18 сентября 2026 г., 17:45 UTC","Танкер для перевозки сжиженного нефтяного газа · флаг: Саудовская Аравия · На ходу (Under way), однако AIS-данные по судну ограничены или устарели (последняя позиция получена более недели назад) · возраст: 19 лет",0.0
2026-09-09,1044900,27506.0,21034.0,190.0,30.0,8.3,14.0,0.0,2026,Панама,Газовоз (LPG Tanker),Underway / В плавании,LOW,"Ain Sukhna, Egypt (EG ASU)","Ningbo, China (CN NGB)",BELLA TORTUM ST (ранее фигурировало в системе как HYUNDAI MIPO 8417),371606038,"2 ноября 2026 г., 16:45 UTC",Газовоз · флаг: Панама · Underway,0.0
2026-09-09,9332030,27500.0,29700.0,178.0,28.03,6.6,13.0,19.0,2007,Саудовская Аравия,Газовоз (LPG Tanker),At Anchor / На якорной стоянке,LOW,"Houston, USA (US HOU)",Дубай,AL BARRAH,403911864,26 июня 2026 г,"Государственная юрисдикция, высокий уровень административного надзора",0.0
2026-09-09,9255701,27450.0,29646.0,230.0,36.6,7.7,0.8,4.0,2022,LIBERIA,LPG Tanker (Танкер для перевозки сжиженного нефтяного газа),практически без хода/ожидание,LOW,"CN QZH (Циньчжоу, Китай)","US HOU (Хьюстон, США)",GAS CAPRICORN,9255701,11 мая 2026 г,Либерия,0.0
2026-09-09,9540091,27200.0,29376.0,229.9,37.0,8.6,15.5,9.0,2017,MARSHALL ISLANDS,Tanker / LPG Tanker (Танкер для перевозки сжиженного нефтяного газа),Underway using Engine / В пути,LOW,"US BPT (Бомонт, Техас, США)","US BPT (Бомонт, США)",BW RIGEL,9540091,"11 сентября 2026 г., 16:00 UTC",Маршалловы Острова,0.0
2026-09-09,1013389,27055.0,29900.0,225.2,36.0,8.3,14.0,0.0,2026,Бельгия,Газовоз (LPG Tanker),Underway using Engine / В пути,LOW,"Marcus Hook, USA (US MHK)","Ningbo, China (CN NGB)",ARLON,636209097,"28 сентября 2026 г., 17:15 UTC",Газовоз · флаг: Бельгия · Underway using Engine,0.0
2026-09-09,9726322,27037.0,27546.0,179.85,29.6,7.4,15.8,10.0,2016,Либерия,Газовоз (LPG / Ethane / Ethylene Carrier),Under way using engine,LOW,"Houston, USA (US HOU)",SESTE>USMAH,NAVIGATOR AURORA,636017409,"31 октября 2026 г., 21:45 UTC",Газовоз · флаг: Либерия · следует в: порт Стенунгсунд (Stenungsund) · Underway using Engine · возраст: 10 лет,0.411
2026-09-09,9742302,26968.0,29125.0,179.89,29.6,10.5,12.4,10.0,2016,Либерия,Газовоз СУГ (LPG Tanker),На ходу (в пути),LOW,"Primorsk, Russia (RU PRI)",порт Кристобаль (Cristobal),NAVIGATOR ECLIPSE,636372301,13 июня 2026 г,Газовоз СУГ · флаг: Либерия · следует в: порт Кристобаль (Cristobal) · На ходу (в пути) · возраст: 10 лет,0.0
2026-09-09,9142150,26943.0,22323.0,169.9,27.4,6.7,13.0,29.0,1997,Танзания,Газовоз для перевозки СУГ (LPG Tanker),At Anchor / На якорной стоянке,HIGH,"Ain Sukhna, Egypt (EG ASU)","Шинас, Оман (Shinas Oman), плановое","AKOYA GAS (ранее — Gas Allure, Brussels)",677067900,7 июля 2026 г,в базах данных также фиксируется статус неизвестного или сомнительного флага,0.0
2026-09-09,9202027,26900.0,29052.0,225.2,36.0,8.3,13.0,15.0,2011,Данные о государственной принадлежности в системе отсутствуют (-),LPG Tanker (Танкер для перевозки сжиженного газа),Stopped (Остановлено),LOW,"Jubail, Saudi Arabia (SA JUB)","Incheon, South Korea (KR INC)",CARGO 2027,636211152,"1 октября 2026 г., 09:30 UTC",LPG Tanker · флаг: Данные о государственной принадлежности в системе отсутствуют (-) · Stopped (Остановлено),0.0
2026-09-09,9746683,26798.0,19554.0,159.87,25.6,6.6,10.3,8.0,2018,Маршалловы Острова,Среднемагистральный газовоз для сжиженного нефтяного газа / LPG Tanker (MGC),Underway using Engine / В пути,LOW,"Лагос, Нигерия (Lagos, Nigeria)","Хьюстон, США / Houston, United States",ECO ARCTIC,538007350,3 сентября 2026 г,"Среднемагистральный газовоз для сжиженного нефтяного газа / LPG Tanker · флаг: Маршалловы Острова · маршрут: Лагос, Нигерия (Lagos, Nigeria) → Хьюстон, США / Houston, United States · Underway using Engine · возраст: 8 лет",0.0
2026-09-09,9132789,26777.0,22352.0,169.9,27.4,10.0,13.0,29.0,1997,Перу,Газовоз / Танкер для перевозки сжиженного нефтяного газа (LPG Tanker),At Anchor / На якорной стоянке,LOW,"Якорная стоянка Кальяо, Перу (прибытие 28 июля 2026 г., 05:32 UTC)",Не указан / Локальная якорная стоянка (,COLCA,760001290,28 июля 2026 г,"Газовоз / Танкер для перевозки сжиженного нефтяного газа · флаг: Перу · маршрут: Якорная стоянка Кальяо, Перу (прибытие 28 июля 2026 г., 05:32 UTC) → Не указан / Локальная якорная стоянка ( · At Anchor · возраст: 29 лет",0.0
2026-09-09,9471123,26618.0,22977.0,173.7,28.0,9.8,13.0,16.0,2010,Панама / Неустановленный,Газовоз / Танкер для сжиженного газа (LPG Tanker),At Anchor / На якорной стоянке,HIGH,"Houston, USA (US HOU)","Huizhou, China (CN HUI)","FORTUNE GAS (ранее — Gaschem Stade, Eco Evoluzione)",352002555,11 августа 2026 г,в базах данных фиксируется смена юрисдикций,0.0
2026-09-09,9412074,26587.0,28714.0,173.7,28.0,8.3,14.0,17.0,2009,Либерия,Танкер для перевозки сжиженного нефтяного газа (LPG Tanker),На ходу (в пути),HIGH,"Houston, USA (US HOU)","Ningbo, China (CN NGB)",ANDOVER,636646652,"3 октября 2026 г., 05:30 UTC",Танкер для перевозки сжиженного нефтяного газа · флаг: Либерия · На ходу (в пути) · возраст: 17 лет,0.0
2026-09-09,9411733,26577.0,22971.0,173.7,28.0,6.5,0.2,17.0,2009,Либерия,Газовоз (LPG Tanker / MGC — Medium Gas Carrier),At Anchor / На якорной стоянке,HIGH,"Houston, USA (US HOU)","Ningbo, China (CN NGB)",ANIVUS 1 (ранее ANAFI),636110256,"11 октября 2026 г., 09:15 UTC",Газовоз · флаг: Либерия · At Anchor · возраст: 17 лет,0.0
2026-09-09,9324734,26427.0,23003.0,174.2,28.0,6.8,13.0,20.0,2006,Индия,Танкер для перевозки сжиженного нефтяного газа (LPG/MGC),At Anchor / На якорной стоянке,LOW,"Yeosu, South Korea (KR YOS)","Incheon, South Korea (KR INC)",JAG VIKRAM,419002250,"24 октября 2026 г., 04:00 UTC",Танкер для перевозки сжиженного нефтяного газа · флаг: Индия · At Anchor · возраст: 20 лет,0.0
2026-09-09,9324746,26424.0,23003.0,174.2,28.0,6.7,1.8,20.0,2006,Индия,"Танкер для перевозки сжиженного нефтяного газа / LPG-газовоз (LPG Tanker, классификация HAZ-C)",At Anchor / На якорной стоянке,LOW,"Chiba, Japan (JP CHB)","Tianjin, China (CN TJN)",GREEN BHAVISHYA (ранее — SCF Tobolsk),419001685,17 августа 2026 г,Танкер для перевозки сжиженного нефтяного газа / LPG-газовоз · флаг: Индия · At Anchor · возраст: 20 лет,0.0
2026-09-09,9326598,26424.0,28538.0,174.2,28.0,8.3,13.0,19.0,2007,Индия,Танкер для перевозки сжиженного нефтяного газа (LPG Tanker),На ходу (Under way),HIGH,"Ain Sukhna, Egypt (EG ASU)","Shanghai, China (CN SHA)",GREEN ASHA,419392625,"3 октября 2026 г., 23:15 UTC",Танкер для перевозки сжиженного нефтяного газа · флаг: Индия · На ходу (Under way) · возраст: 19 лет,0.0
2026-09-09,9337743,26100.0,28188.0,225.2,36.0,7.9,13.0,36.0,1990,ПАНАМА,LPG Tanker (Танкер для перевозки сжиженного нефтяного газа),At Anchor / На якорной стоянке,LOW,Судно прибыло в район порта Мундра после завершения перехода,"Oita, Japan (JP OIT)",GAS CHEM ATLANTIC,372199191,"10 октября 2026 г., 15:45 UTC",PANAMA,0.0
2026-09-09,9205574,25400.0,27432.0,117.09,19.6,5.3,0.2,27.0,1999,Португалия,LPG/Chemical Tanker (Танкер для перевозки сжиженного газа и химикатов),At Anchor (На якоре),LOW,"Салоники (GR SKG), Греция. Выход — 22 апреля 2026 г. в 07:39 UTC+3","Якорная стоянка Элефсис (ELEFSIS ANCH), Греция",PACIFIC 5574,255806149,23 апреля 2026 г. в 09:50 UTC+3,Portugal,0.0
2026-09-09,9743928,25287.0,28580.0,188.28,29.02,9.1,11.6,10.0,2016,Португалия,Танкер для перевозки сжиженного газа (LPG Tanker),На ходу под двигателем (Underway using Engine),LOW,Панамский канал (якорная стоянка),порт Чжапу,GASCHEM BELUGA,636833945,"20 октября 2026 г., 23:00 UTC",Мадейра,0.0
2026-09-09,6928632,25235.0,29264.0,207.73,29.32,9.4,14.0,56.0,1970,Не применимо,Танкер для перевозки сжиженного природного газа (LNG Tanker),Scrapped / Утилизировано,HIGH,"Corpus Christi LNG, USA (US CRP)","Barcelona Regas, Spain (ES BCN)",LNG ELBA,636667682,"19 октября 2026 г., 22:30 UTC",судно утилизировано,0.0
2026-09-09,9987615,25009.0,28559.0,188.24,29.0,9.7,18.8,1.0,2025,Португалия,LPG/Chemical Tanker (танкер для перевозки сжиженного газа и химических грузов),At Anchor / На якорной стоянке,LOW,"Marcus Hook, USA (US MHK)",пункт назначения — 23 июня 2026 года,BRILLIANT FUTURE,255915646,"11 октября 2026 г., 01:15 UTC",Мадейра,0.0
2026-09-09,9961207,25000.0,27000.0,188.24,29.0,9.5,13.0,31.0,1995,Португалия,LPG/Chemical Tanker (Танкер для перевозки сжиженного газа и химикатов),At Anchor (На якоре),LOW,"IQ KAZ (Хор-эль-Зубайр, Ирак)",FOR ORDERS (В ожидании распоряжений),GASCHEM ERICA,255917227,28 апреля 2026 г,PORTUGAL,0.0
2026-09-09,1016082,24972.0,28560.0,189.0,29.0,7.6,17.0,1.0,2025,Португалия (Мадейра) IMO номер: 1016082 Год постройки: 2025,Газовоз для перевозки сжиженного нефтяного газа (LPG / MGC — Midsize Gas Carrier),"На ходу (Under way).Маршрут: Судно направляется в порт Хьюстон (Houston), США.Операционные данные: Текущая скорость — 17.0 узлов, осадка — 7.6 м. Расчетное время прибытия (ETA) в Хьюстон — 6 июля 2026 года в 03:00.История: Последний порт захода — Чивандан (Индонезия), который судно покинуло 2 июня 2026 года. Эксплуатация и управлениеУправление:Оператор (ISM Manager): Hartmann Gas Carriers Germany Коммерческий менеджмент: GasChem Services GmbH & Co KG (Германия) Зарегистрированный владелец: Gaschem Dolphin Schiffahrts Контекст: GASCHEM DOLPHIN — новейший специализированный газовоз (построен в 2025 году), предназначенный для перевозки сжиженных газов (включая этилен/этан). Судно находится под управлением авторитетной немецкой группы, не имеет санкционных ограничений и активно задействовано в трансокеанских перевозках между рынками Азии и США",LOW,"Chiba, Japan (JP CHB)",порт Хьюстон (Houston),GASCHEM DOLPHINТип судна: Газовоз для перевозки сжиженного нефтяного газа (LPG / MGC — Midsize Gas Carrier),636330105,"6 октября 2026 г., 03:00 UTC",трансокеанских перевозках между рынками Азии и США,0.0
2026-09-09,9742314,24950.0,26946.0,179.89,29.63,7.7,0.1,11.0,2015,LIBERIA,LPG/Chemical Tanker (Газовоз/Химовоз),At Anchor (На якоре),LOW,"CN ZAP (Чжэпу, Китай)","US HOU (Хьюстон, США)",NAVIGATOR NOVA,9742314,"19 сентября 2026 г., 14:30 UTC",Либерия,0.0
2026-09-09,8125868,24900.0,23655.0,283.0,44.8,10.4,10.0,23.0,2003,MALTA,Multi Purpose Offshore Vessel (Многоцелевое судно обеспечения офшорных платформ),Moored (Пришвартовано),LOW,"MT MAR (Марсашлокк, Мальта)","MT MAR (Марсашлокк, Мальта)",ARMADA LNG MEDITERRANA,249320000,"31 августа 2026 г., 11:00 UTC",Мальта,0.0
2026-09-09,9259290,24750.0,23512.0,215.0,32.2,9.3,10.0,27.0,1999,LIBERIA,Multi Purpose Offshore Vessel (Многоцелевое судно обеспечения офшорных платформ),Underway / В плавании,LOW,Singapore (SG SIN),"Fujairah, UAE (AE FUJ)",ATLAS 9290,636501787,"28 октября 2026 г., 12:00 UTC",Underway,0.0
2026-09-09,9986099,24350.0,23132.0,294.9,46.44,9.3,0.1,20.0,2006,LIBERIA,Multi Purpose Offshore Vessel (Многоцелевое судно обеспечения офшорных платформ),At Anchor (На якоре),LOW,"HOUSTON ANCH (Хьюстон, США)","US PLQ (Плакмин, США)",AL SENE,9986099,11 мая 2026 г,Либерия,0.0
2026-09-09,9765457,23750.0,25650.0,229.9,37.2,11.3,13.3,36.0,1990,SINGAPORE,LPG Tanker (Танкер для перевозки сжиженного нефтяного газа),Underway using Engine / В пути,LOW,"US NDX (Недерленд, Техас, США)","PA CTB (Кристобаль, Панама)",PYXIS ALFA,9765457,13 мая 2026 г,Сингапур,0.0
2026-09-09,9957892,23700.0,25596.0,229.9,37.0,11.2,13.0,18.0,2008,ПАНАМА,LPG Tanker (Танкер для перевозки сжиженного нефтяного газа),Moored (Ошвартовано),LOW,Нидерланды (US NDX),"Oita, Japan (JP OIT)",ENEOS MIRAI,355850839,"15 сентября 2026 г., 01:30 UTC",PANAMA,0.0
2026-09-09,9202015,23550.0,25434.0,225.2,36.0,8.3,13.0,16.0,2010,Информация о флаге отсутствует (-),LPG Tanker (Танкер для перевозки сжиженного газа),Out of Service / Выведено из эксплуатации,HIGH,"Houston, USA (US HOU)","Shanghai, China (CN SHA)",PIONEER 2015,636999499,"3 ноября 2026 г., 00:45 UTC",LPG Tanker · флаг: Информация о флаге отсутствует (-) · Out of Service,0.0
2026-09-09,9177569,23495.0,17840.0,169.98,24.2,6.5,11.5,26.0,2000,Панама,LPG танкер (LPG Tanker),Ошвартовано (Moored),LOW,"Jubail, Saudi Arabia (SA JUB)","Huizhou, China (CN HUI)",SEA SOAR,353338422,"28 октября 2026 г., 08:15 UTC",LPG танкер · флаг: Панама · Ошвартовано (Moored) · возраст: 26 лет,0.0
2026-09-09,9177583,23495.0,17840.0,169.97,24.2,6.8,13.0,26.0,2000,Барбадос,Газовоз / Танкер для перевозки сжиженного нефтяного газа (LPG Tanker),At Anchor / На якорной стоянке,EXTREME,"Ras Laffan, Qatar (QA RLF)","Incheon, South Korea (KR INC)","GREAT SAIL (ранее — Navigator Neptune, Ever Spirit)",314001124,"31 октября 2026 г., 02:15 UTC",Газовоз / Танкер для перевозки сжиженного нефтяного газа · флаг: Барбадос · At Anchor · возраст: 26 лет,0.0
2026-09-09,9133109,23479.0,18530.0,159.98,25.6,7.2,13.0,29.0,1997,Никарагуа,Газовоз / Танкер для перевозки сжиженного нефтяного газа класса HAZ-C (LPG Tanker),At Anchor / На якорной стоянке,EXTREME,"Rotterdam, Netherlands (NL RTM)","Ningbo, China (CN NGB)","RAYYAN GAS (ранее — Romeo Gas, Raggiana)",350007621,"20 октября 2026 г., 11:00 UTC",в базах данных также фиксируется как неустановленный / под флагом удобной регистрации,0.0
2026-09-09,9343118,23400.0,25272.0,174.2,28.03,6.8,0.1,31.0,1995,PANAMA,LPG Tanker (Танкер для перевозки сжиженного газа),At Anchor (На якоре),LOW,"AE FJR (Фуджейра, ОАЭ)",KFK (Khor Fakkan),TRITON EXPLORE,352000431,22 апреля 2026 г. в 15:00 (UTC+4),Панама,0.0
2026-09-09,9404780,23317.0,18311.0,159.97,25.6,8.1,13.0,17.0,2009,Либерия,Газовоз / LPG Tanker,At Anchor / На якорной стоянке,LOW,"Пуэнт-Нуар (якорная стоянка), Конго (Pointe Noire Anch., Congo)","Incheon, South Korea (KR INC)",GAS HARMONY,636014077,"25 октября 2026 г., 16:30 UTC","региональных и трансокеанских перевозках сжиженного углеводородного газа, преимущественно работая на маршрутах между Африкой, Ближним Востоком и портовыми хабами Индийского/Атлантического океанов",0.0
2026-09-09,9174361,23300.0,25164.0,106.98,15.7,6.4,13.0,17.0,2009,HAITI,LPG/Chemical Tanker (Танкер для перевозки сжиженного газа и химикатов),At Anchor (На якоре),LOW,"PK BQM (Port Qasim, Пакистан)","KLFAE (Khor Fakkan, ОАЭ)",GALAXY GAS,338897010,28 апреля 2026 г. в 06:35 (UTC+4),Гаити,0.0
2026-09-09,9157478,23292.0,17980.0,159.0,26.0,6.7,13.0,28.0,1998,Ботсвана,Среднеразмерный газовоз / LPG-танкер (LPG Tanker),At Anchor / На якорной стоянке,HIGH,"Houston, USA (US HOU)","Rotterdam, Netherlands (NL RTM)","VINA (ранее — Neel, SMS Bros, Rodberg, Navigator Magellan, Maersk Humber)",611000230,6 августа 2026 г,в рядах баз данных также фиксируется флаг Панамы,0.0
2026-09-09,9034690,23257.0,18360.0,159.98,25.6,7.8,13.0,33.0,1993,Ботсвана / Вануату,"Газовоз для перевозки СУГ с классом опасности (LPG Tanker, HAZ-D)",At Anchor / На якорной стоянке,HIGH,"Primorsk, Russia (RU PRI)","Oita, Japan (JP OIT)","NOOH GAS (ранее — Luma, Wansa Gas, Nimbus Gas, Vulcan Gas, Energy Gas, Maple 3, Maersk Houston)",611000298,16 июля 2026 г,в зависимости от регистров и систем передачи AIS,0.0
2026-09-09,9034705,23256.0,25116.0,159.98,25.6,8.3,9.0,33.0,1993,Ботсвана,LPG/Chemical Tanker,At Anchor / На якорной стоянке,HIGH,якорной стоянки Джайгад (Индия) 1 июня 2026 г,Мумбаи (Индия). Ожидаемое время прибытия (ETA) — 6 июня 2026 г,OCEAN CROWN,611000269,6 июня 2026 г,LPG/Chemical Tanker · флаг: Ботсвана · маршрут: якорной стоянки Джайгад (Индия) 1 июня 2026 г → Мумбаи (Индия). Ожидаемое время прибытия (ETA) — 6 июня 2026 г · At Anchor · возраст: 33 лет,0.0
2026-09-09,9388845,23250.0,22088.0,215.0,32.2,4.6,0.0,22.0,2004,LIBERIA,Multi Purpose Offshore Vessel (Многоцелевое судно обеспечения офшорных платформ),Under way using engine,LOW,"Yokohama, Japan (JP YOK)",PLSZZ,FAIRPLAY-70,261011460,"4 сентября 2026 г., 16:00 UTC",Underway using Engine,0.417
2026-09-09,9935507,22600.0,24408.0,229.98,36.63,9.0,13.6,20.0,2006,ПАНАМА,LPG Tanker (Танкер для перевозки сжиженного нефтяного газа),Underway using Engine (На ходу),LOW,"Кавасаки, Япония (JP KWS)","Дэсан, Южная Корея (KR TSN)",ENEOS WISDOM,351002194,20 мая 2026 г,PANAMA,0.0
2026-09-09,9893541,22550.0,24354.0,72.0,13.0,4.5,0.1,23.0,2003,ЯПОНИЯ,LPG Tanker (Танкер для перевозки сжиженного нефтяного газа),At Anchor (На якоре),LOW,"Сендай, Япония (JP SGM)","Хакодате, ЯПОНИЯ (HAKODATE ANCH / JP HKP OFF)",SEISEN MARU,431111430,20 мая 2026 г,JAPAN,0.0
2026-09-09,9532018,22550.0,24354.0,99.8,14.8,5.4,7.0,15.0,2011,Китай,Танкер для перевозки сжиженного газа и химических грузов (LPG/Chemical Tanker).,На ходу под двигателем (Underway using Engine),LOW,"Jubail, Saudi Arabia (SA JUB)","Huizhou, China (CN HUI)",HONG SUI,413303250,"18 сентября 2026 г., 09:15 UTC",Танкер для перевозки сжиженного газа и химических грузов · флаг: Китай · На ходу под двигателем (Underway using Engine),0.0
2026-09-09,9000883,21650.0,23382.0,224.05,36.0,8.0,0.6,11.0,2015,CAMEROON,LPG Tanker (Танкер для перевозки сжиженного газа),Not Under Command (Лишено возможности управляться),MID,"CN ZUH (Чжухай, Китай)","OM SOH (Сохар, Оман)",SEA OPERA,613490000,25 апреля 2026 г. в 22:00 (UTC+4),Камерун,0.0
2026-09-09,9008108,21350.0,23058.0,230.0,36.6,7.0,0.1,27.0,1999,ANGOLA,LPG Tanker (Танкер для перевозки сжиженного газа),At Anchor (На якоре),LOW,Не указан (Unknown),"KFK (Khor Fakkan, ОАЭ)",KALASTIN,603921000,4 мая 2026 г,Ангола,0.0
2026-09-09,9874882,21100.0,22788.0,71.92,12.0,4.6,14.0,9.0,2017,ЯПОНИЯ,LPG Tanker (Танкер для перевозки сжиженного нефтяного газа),Underway (На ходу),LOW,"Сакай, Япония (JP SAK)","Мидзусима, Япония (JP MIZ C/ C8-Y)",ZUIYO MARU,432076897,20 мая 2026 г,JAPAN,0.0
2026-09-09,9685451,20918.0,22887.0,180.0,27.0,9.5,14.5,10.0,2016,Мальта,Газовоз / Танкер для перевозки сжиженного газа (LNG/LPG / Ethylene carrier),трансокеанский переход через Атлантику в направлении Европы,LOW,"Маркус-Хук, США (Marcus Hook, United States)","Стенунгсунд, Швеция (Stenungsund, Sweden)",INEOS INSPIRATION,249208000,15 августа 2026 г,"Газовоз / Танкер для перевозки сжиженного газа · флаг: Мальта · маршрут: Маркус-Хук, США (Marcus Hook, United States) → Стенунгсунд, Швеция (Stenungsund, Sweden) · трансокеанский переход через Атлантику в направлении Европы · возраст: 10 лет",0.0
2026-09-09,9685425,20918.0,22887.0,180.3,27.0,8.8,15.0,11.0,2015,Дания,Газовоз / Судно для перевозки сжиженного газа (Liquefied Gas Carrier / LNG / LPG / Ethylene Carrier),At Anchor / На якорной стоянке,LOW,"Darwin LNG, Australia (AU DRW)","Ляньюньган, Китай / Lianyungang, China",INEOS INSIGHT,219671000,17 августа 2026 г,"Газовоз / Судно для перевозки сжиженного газа · флаг: Дания · следует в: Ляньюньган, Китай / Lianyungang, China · At Anchor · возраст: 11 лет",0.0
2026-09-09,9685449,20917.0,22887.0,180.3,26.6,8.3,14.0,11.0,2015,Мальта,Газовоз (LPG/Ethylene carrier),Underway using Engine / В пути,LOW,"Yeosu, South Korea (KR YOS)",порт Хьюстон,INEOS INTREPID,215418840,24 июня 2026 г,"глобальной логистической цепи поставок сырья для нефтехимических производств компании INEOS. Судно регулярно осуществляет рейсы между терминалами США (в частности, в районе Хьюстона) и европейскими производственными площадками",0.0
2026-09-09,9771511,20738.0,22887.0,180.3,26.6,9.3,16.1,9.0,2017,Мальта,Газовоз / Судно для перевозки сжиженного газа (Liquefied Gas Carrier / Ethane / LPG Tanker),Underway using Engine / В пути,LOW,"Houston, USA (US HOU)","Рафнес, Норвегия / Rafnes, Norway",INEOS INVENTION,249551000,22 августа 2026 г,"Газовоз / Судно для перевозки сжиженного газа · флаг: Мальта · следует в: Рафнес, Норвегия / Rafnes, Norway · Underway using Engine · возраст: 9 лет",0.0
2026-09-09,9771523,20716.0,22887.0,180.3,26.6,9.0,16.2,9.0,2017,Мальта,Multi Purpose Offshore Vessel (Многоцелевое судно обеспечения офшорных платформ),Underway using Engine / В пути,LOW,"Маркус-Хук, США (отход 4 июня 2026 года)","Скаген, Дания",PACIFIC 1523,215860301,14 июня 2026 г,"флаг: Мальта · маршрут: Маркус-Хук, США (отход 4 июня 2026 года) → Скаген, Дания · Underway using Engine · возраст: 9 лет",0.0
2026-09-09,9633434,20650.0,19618.0,215.0,32.2,9.3,10.0,8.0,2018,LIBERIA,Multi Purpose Offshore Vessel (Многоцелевое судно обеспечения офшорных платформ),Underway / В плавании,LOW,"Fujairah, UAE (AE FUJ)","Piraeus, Greece (GR PIR)",OCEAN 3434,636356204,"11 сентября 2026 г., 09:15 UTC",Underway,0.0
2026-09-09,9914058,20050.0,21654.0,229.9,37.0,8.6,1.3,34.0,1992,PANAMA,LPG Tanker (Танкер для перевозки сжиженного нефтяного газа),At Anchor / На якорной стоянке,LOW,"CN ZJG (Чжанцзяган, Китай)","US HOU (Хьюстон, США)",CALLUNA GAS,9914058,9 мая 2026 г,Панама,0.0
2026-09-09,9975715,19521.0,18311.0,159.96,25.6,6.9,14.0,2.0,2024,Сингапур,Газовоз для перевозки сжиженного нефтяного газа / LPG Tanker (Handy Size),Underway using Engine / В пути,EXTREME,"Rotterdam, Netherlands (NL RTM)","Shanghai, China (CN SHA)",PAUL,563223900,16 августа 2026 г,Газовоз для перевозки сжиженного нефтяного газа / LPG Tanker · флаг: Сингапур · Underway using Engine · возраст: 2 лет,0.0
2026-09-09,9888780,19400.0,20952.0,67.9,12.0,4.4,12.6,24.0,2002,ЯПОНИЯ,LPG Tanker (Танкер для перевозки сжиженного нефтяного газа),Underway using Engine (На ходу),LOW,"Кавасаки, Япония (JP KWS)","Химедзи, ЯПОНИЯ (JP HIM)",KOTOKU MARU,433145819,22 мая 2026 г,JAPAN,0.0
2026-09-09,9318618,19350.0,20898.0,153.5,23.1,6.7,0.1,14.0,2012,МОЗАМБИК,LPG/Chemical Tanker (Танкер для перевозки сжиженного газа и химических продуктов),At Anchor (На якоре),LOW,"Чжапу, Китай (ZHAPU ANCH)","Чжоушань, Китай (CN ZOS)",GAZ CRYSTAL,636883195,1 мая 2026 г,MOZAMBIQUE,0.0
2026-09-09,9761164,19002.0,20522.0,159.89,25.6,8.8,13.0,9.0,2017,Либерия,LPG Tanker (Танкер для перевозки сжиженного нефтяного газа),Moored (Ошвартован),LOW,"Houston, USA (US HOU)","Ningbo, China (CN NGB)",NAVIGATOR LUGA,636017417,"8 октября 2026 г., 13:15 UTC",LPG Tanker · флаг: Либерия · Moored (Ошвартован) · возраст: 9 лет,0.0
2026-09-09,9739977,19000.0,20520.0,226.05,36.6,11.5,13.8,24.0,2002,ГОНКОНГ,LPG Tanker (Танкер для перевозки сжиженного газа),Underway using Engine (На ходу),LOW,"Хьюстон, США (US HOU)","Чжанцзяган, Китай (CN ZJG)",PACIFIC WEIHAI,477831848,20 мая 2026 г,HONG KONG,0.0
2026-09-09,9402586,18895.0,13879.0,154.94,22.7,6.2,13.0,16.0,2010,Либерия,Газовоз для сжиженного нефтяного газа / LPG Tanker (HAZ-D),At Anchor / На якорной стоянке,LOW,"Порт-Артур, якорная стоянка, США (Port Arthur Anch., USA)","Недерланд, США / Nederland, United States, статус: Ошвартовано / У причала (Moored) (фактическое прибытие в порт Недерланд, штат Техас — 14 августа 2026 г., 10:50 UTC; текущая скорость — 0.0 узлов, курс — 190.8°, осадка — 6.2 м)",NAVIGATOR HYPERION (экс-Gaschem Adriatic),636024946,14 августа 2026 г,"Газовоз для сжиженного нефтяного газа / LPG Tanker · флаг: Либерия · маршрут: Порт-Артур, якорная стоянка, США (Port Arthur Anch., USA) → Недерланд, США / Nederland, United States, статус: Ошвартовано / У причала (Moored) (фактическое прибытие в порт Недерланд, штат Техас — 14 августа 2026 г., 10:50 UTC; текущая скорость — 0.0 узлов, курс — 190.8°, осадка — 6.2 м) · At Anchor · возраст: 16 лет",0.0
2026-09-09,9378163,18861.0,20370.0,154.9,22.7,6.1,13.0,18.0,2008,Норвегия,LPG Tanker (Танкер для перевозки сжиженного газа),Moored (Ошвартован),LOW,"Yanbu, Saudi Arabia (SA YNB)","Rotterdam, Netherlands (NL RTM)",CLIPPER HERMOD,258669000,"29 октября 2026 г., 18:45 UTC",LPG Tanker · флаг: Норвегия · Moored (Ошвартован) · возраст: 18 лет,0.0
2026-09-09,9133836,18713.0,13500.0,153.92,24.6,6.4,13.0,29.0,1997,Панама,Газовоз (LPG Tanker),Активен,HIGH,"Ras Laffan, Qatar (QA RLF)","Ulsan, South Korea (KR USN)",MORITZ,352957901,"27 сентября 2026 г., 18:00 UTC",Газовоз · флаг: Панама · Активен · возраст: 29 лет,0.0
2026-09-09,9712565,18552.0,16306.0,156.22,23.19,7.0,14.0,8.0,2018,Либерия,Газовоз (LPG Tanker / Handy-size),Underway using Engine / В пути,LOW,"Chiba, Japan (JP CHB)","Ningbo, China (CN NGB)",NAVIGATOR SOLAR,636951841,"1 ноября 2026 г., 14:15 UTC",Газовоз · флаг: Либерия · Underway using Engine · возраст: 8 лет,0.0
2026-09-09,9734850,18547.0,18408.0,159.88,25.6,9.2,13.4,10.0,2016,Норвегия,Газовоз / Танкер для сжиженного газа (LPG Tanker),Underway using Engine / В пути,LOW,Средиземноморского региона (Алжир),"Амбес, Франция / Ambes, France",YARA SELA,258936000,18 августа 2026 г,"Газовоз / Танкер для сжиженного газа · флаг: Норвегия · маршрут: Средиземноморского региона (Алжир) → Амбес, Франция / Ambes, France · Underway using Engine · возраст: 10 лет",0.0
2026-09-09,9274563,18500.0,19980.0,227.0,36.6,11.1,10.3,4.0,2022,МОЗАМБИК,LPG Tanker (Танкер для перевозки сжиженного нефтяного газа),На ходу (Underway using Engine),LOW,"Шарджа, ОАЭ (Sharjah Anch)","Джалгаон, Индия (Jalgad, IN)",AURA,650000181,24 мая 2026 г,MOZAMBIQUE,0.0
2026-09-09,9734848,18208.0,18446.0,159.9,25.6,9.0,17.5,10.0,2016,Норвегия,"Газовоз / Танкер для сжиженного газа (LPG Tanker, HAZ-D)",Underway using Engine / В пути,LOW,"Jubail, Saudi Arabia (SA JUB)","Уусикаупунки, Финляндия / Uusikaupunki, Finland",YARA NAUMA,258933000,26 августа 2026 г,"Газовоз / Танкер для сжиженного газа · флаг: Норвегия · следует в: Уусикаупунки, Финляндия / Uusikaupunki, Finland · Underway using Engine · возраст: 10 лет",0.0
2026-09-09,9734836,18208.0,18446.0,159.9,25.65,9.2,13.4,10.0,2016,Норвегия,Газовоз (LPG Tanker),Underway using Engine / В пути,LOW,"Marcus Hook, USA (US MHK)","Chiba, Japan (JP CHB)",YARA KARA,258961669,"25 октября 2026 г., 15:00 UTC",Газовоз · флаг: Норвегия · Underway using Engine · возраст: 10 лет,0.0
2026-09-09,9155341,18111.0,19560.0,154.95,23.1,6.4,14.0,28.0,1998,"Малави (по данным AIS), Палау",LPG Tanker / Oil/Chemical Tanker,Underway using Engine / В пути,HIGH,"Ain Sukhna, Egypt (EG ASU)","Chiba, Japan (JP CHB)",ROYAL H,655317000,"3 ноября 2026 г., 02:30 UTC",по данным регистрации,0.0
2026-09-09,9155626,18094.0,15180.0,154.98,23.1,7.0,0.1,28.0,1998,Сент-Китс и Невис / Аруба,Газовоз для перевозки СУГ (LPG Tanker),At Anchor / На якорной стоянке,HIGH,"Jubail, Saudi Arabia (SA JUB)","OMSHI (порт Омад, Оман / условный терминальный код), плановое","ROYAL A (ранее — White Shark, Alba Gas, Lady Sarah)",307060000,28 мая 2026 г,"Газовоз для перевозки СУГ · флаг: Сент-Китс и Невис / Аруба · следует в: OMSHI (порт Омад, Оман / условный терминальный код), плановое · At Anchor · возраст: 28 лет",0.0
2026-09-09,9267950,17950.0,19386.0,119.95,20.0,5.3,7.9,29.0,1997,Ботсвана,Танкер для перевозки сжиженного газа (LPG) / Химический танкер,Underway using Engine / В пути,HIGH,"Yanbu, Saudi Arabia (SA YNB)",направлении порта Шинас (Shinas),SEAGATE,636959390,30 июня 2026 г,Botswana,0.0
2026-09-09,9958688,17945.0,17680.0,160.0,25.5,7.2,14.1,2.0,2024,Панама,Газовоз (LPG Tanker),Ошвартовано (Moored),LOW,"Ain Sukhna, Egypt (EG ASU)",порт Мидзусима 9 июня 2026 г. в 07:49 UTC,GAS INNOVATOR,351221000,"28 октября 2026 г., 08:30 UTC",Газовоз · флаг: Панама · следует в: порт Мидзусима 9 июня 2026 г. в 07:49 UTC · Ошвартовано (Moored) · возраст: 2 лет,0.0
2026-09-09,9922213,17872.0,17585.0,160.0,25.5,7.7,15.5,4.0,2022,Маршалловы острова,Газовоз для перевозки сжиженного нефтяного газа (LPG Tanker / Handy Gas Carrier),На ходу (Under way),LOW,"Chiba, Japan (JP CHB)","Rotterdam, Netherlands (NL RTM)",SAPET GAS,538256011,"28 августа 2026 г., 15:15 UTC",Газовоз для перевозки сжиженного нефтяного газа · флаг: Маршалловы острова · На ходу (Under way) · возраст: 4 лет,0.0
2026-09-09,9392236,17850.0,16958.0,119.95,19.0,6.9,10.0,4.0,2022,SINGAPORE,LPG Tanker,Moored (Пришвартовано),LOW,"ROTTERDAM ANCH (Роттердам, якорная стоянка, Нидерланды)","TN RDS (Радес, Тунис)",BWEK MANHATTAN,565699000,"20 сентября 2026 г., 00:45 UTC",Сингапур,0.0
2026-09-09,9147394,17779.0,19201.0,145.18,22.0,6.4,13.0,27.0,1999,Гвинея (текущий) / Панама,LPG/Chemical Tanker,At Anchor / На якорной стоянке,HIGH,"Yeosu, South Korea (KR YOS)","Ningbo, China (CN NGB)",GAS BELLA,632001167,1 июня 2026 г,"исторический, см. image_a7b762.jpg",0.0
2026-09-09,9173070,17779.0,12800.0,145.18,22.0,6.0,0.2,27.0,1999,Таиланд,Газовоз для перевозки сжиженного нефтяного газа / LPG Tanker,At Anchor / На якорной стоянке,EXTREME,"Chiba, Japan (JP CHB)","Shanghai, China (CN SHA)",HELIUM GAS,567646000,1 августа 2026 г,Газовоз для перевозки сжиженного нефтяного газа / LPG Tanker · флаг: Таиланд · At Anchor · возраст: 27 лет,0.0
2026-09-09,9458157,17740.0,15314.0,156.0,24.0,8.5,0.4,16.0,2010,Панама,Газовоз / Танкер для перевозки сжиженного нефтяного газа / LPG Tanker,At Anchor / На якорной стоянке,LOW,Ильи-Комприда / региональные терминалы Бразилии (),"Incheon, South Korea (KR INC)",GAZ SYNERGY,356062000,25 июля 2026 г,Газовоз / Танкер для перевозки сжиженного нефтяного газа / LPG Tanker · флаг: Панама · отход: Ильи-Комприда / региональные терминалы Бразилии () · At Anchor · возраст: 16 лет,0.0
2026-09-09,9792515,17667.0,17242.0,154.0,25.5,6.3,3.6,9.0,2017,Сингапур,Газовоз / Танкер для перевозки сжиженного нефтяного газа (LPG Tanker / Handy size),Underway using Engine / В пути,LOW,"Ист-Лондон, Южная Африка (с предшествующим заходом в Ричардс-Бей)","Oita, Japan (JP OIT)",TRAMMO PARIS,563030090,30 июля 2026 г,"Газовоз / Танкер для перевозки сжиженного нефтяного газа · флаг: Сингапур · отход: Ист-Лондон, Южная Африка (с предшествующим заходом в Ричардс-Бей) · Underway using Engine · возраст: 9 лет",0.0
2026-09-09,8917845,17577.0,17778.0,160.0,25.9,6.4,13.0,35.0,1991,Коморские острова,Газовоз (LPG Tanker),"На ходу / Активен. Текущий статус: Судно осуществляет регулярные рейсы в территориальных водах Венесуэлы (порты Маракайбо, Хосе, Бахо-Гранде). Анализ: VANESSA — это возрастное судно (35 лет), которое специализируется на каботажных перевозках сжиженного газа в регионе Венесуэлы. 3. Комплаенс-профильКомплаенс-профиль: ВЫСОКИЙ РИСК.Анализ:Статус: Судно работает исключительно в секторе венесуэльской энергетической логистики, которая находится под жесткими международными санкциями США (OFAC).Контекст: Регулярная эксплуатация судна в венесуэльских портах (Хосе, Маракайбо) и его деятельность в этом регионе делают его высокорисковым активом. Хотя судно не находится в списках SDN, его операционная модель характерна для региональных перевозок, которые часто используются для поддержания венесуэльской нефтегазовой инфраструктуры в обход западных ограничений.Прозрачность: Информация об операторе (ASIA CHARM LTD FZE) и владельцах является непрозрачной, что типично для активов, работающих в санкционной зоне.4. РезюмеVANESSA (IMO 8917845) — актив с высоким уровнем комплаенс-риска, действующий в санкционной среде Венесуэлы.Комплаенс-рекомендация: КРАЙНЕ НЕ РЕКОМЕНДУЕТСЯ любое взаимодействие с данным судном, его владельцами или фрахтователями.Риск: Работа в венесуэльском секторе газоперевозок в текущих условиях сопряжена с высокими рисками нарушения режима санкций, что может привести к серьезным регуляторным и репутационным последствиям для любого контрагента",HIGH,"Marcus Hook, USA (US MHK)","Incheon, South Korea (KR INC)",VANESSA,620574084,"9 октября 2026 г., 21:15 UTC",Газовоз · флаг: Коморские острова · На ходу · возраст: 35 лет,0.0
2026-09-09,9350599,17550.0,18954.0,226.0,37.0,11.2,13.5,18.0,2008,МАРШАЛЛОВЫ ОСТРОВА,LPG Tanker (Танкер для перевозки сжиженного нефтяного газа),Underway using Engine (На ходу),LOW,"Дубай, ОАЭ (якорная стоянка)","Мумбаи, Индия (INBOM)",SARV SHAKTI,538005632,"22 сентября 2026 г., 09:00 UTC",MARSHALL ISLANDS,0.0
2026-09-09,9523823,17450.0,18846.0,99.96,14.8,5.4,8.6,35.0,1991,Китай,Танкер для перевозки сжиженного газа и химических грузов (LPG/Chemical Tanker).,На ходу под двигателем (Underway using Engine),LOW,"Houston, USA (US HOU)","Huizhou, China (CN HUI)",SHUN YUAN 18,413524040,"17 сентября 2026 г., 02:30 UTC",Танкер для перевозки сжиженного газа и химических грузов · флаг: Китай · На ходу под двигателем (Underway using Engine),0.0
2026-09-09,9275426,17446.0,17357.0,164.8,26.2,6.0,12.0,22.0,2004,Индонезия (Indonesia)Технические характеристики,Танкер-газовоз LPG / Handy (LPG Tanker / Semi-Refrigerated / Pressurized),"На ходу (Under way, курс 113°, скорость 12.0 узлов). Вышло с якорной стоянки Kabil Anch. (о. Батам) 22 июля 2026 года в 09:22 UTC после 22 суток простоя.Порт назначения: TG SKNG (Tanjung Sekong, Индонезия — крупный LPG-терминал Pertamina в Зондском проливе). Ожидаемое прибытие (ETA): 24 июля 2026 года, 18:00 UTC.Операционный менеджментЗарегистрированный владелец: PT ARTHASAMUDERA MANDIRI (Индонезия).Коммерческий и технический менеджмент (ISM): THOME SHIP MANAGEMENT PTE LTD / PT Arthasamudera Mandiri.Классификационное общество: DNV (Det Norske Veritas).Анализ рисков и комплаенс-статусСанкционный статус: СУДНО НЕ НАХОДИТСЯ ПОД САНКЦИЯМИ. Проверка по спискам OFAC, ЕС, Великобритании и ООН ограничений не выявила.Уровень риска: УМЕРЕННЫЙ (YELLOW ZONE).Ключевые факторы:Регулярный индонезийский каботаж (LPG Supply Chain): Судно активно задействовано в челночных поставках сжиженного нефтяного газа (LPG) между хабами Батам / Танджунг-Убан и региональными терминалами Pertamina (Мерак, Танджунг-Секонг, Сурабая, Гресик).Длительные стоянки (Idle/Anchorage pattern): Для судна характерны регулярные стоянки на рейде Батама от 5 до 26 суток в ожидании коммерческих окон погрузки/разгрузки.Возраст и история PSC: 22 года эксплуатации. По данным Port State Control, за последние 36 месяцев судно прошло 13 инспекций (зафиксировано 19 замечаний и 1 задержание), что типично для старшего газовозного флота, работающего на каботажных плечах.Заключение для целей Due DiligenceMARIANNA GLORY — газовоз средних размеров (Handy LPG Carrier) под индонезийским флагом, выполняющий системные рейсы в рамках национальной энергетической инфраструктуры Индонезии.Вердикт: Санкционных или юридических ограничений нет. Судно операционно активно, следует по маршруту. При коммерческом взаимодействии рекомендуется запросить свежий отчет по техническому освидетельствованию газовых танков и протоколы PSC",EXTREME,"Primorsk, Russia (RU PRI)","TG SKNG (Tanjung Sekong, Индонезия — крупный LPG-терминал Pertamina в Зондском проливе). Ожидаемое прибытие (","MARIANNA GLORY (исторические наименования: ALMARONA, GAS AURORA)",525121080,24 июля 2026 г,"челночных поставках сжиженного нефтяного газа между хабами Батам / Танджунг-Убан и региональными терминалами Pertamina (Мерак, Танджунг-Секонг, Сурабая, Гресик).Длительные стоянки (Idle/Anchorage pattern): Для судна характерны регулярные стоянки на рейде Батама от 5 до 26 суток в ожидании коммерческих окон погрузки/разгрузки.Возраст и история PSC: 22 года эксплуатации. По данным Port State Control, за последние 36 месяцев судно прошло 13 инспекций (зафиксировано 19 замечаний и 1 задержание), что типично для старшего газовозного флота, работающего на каботажных плечах.Заключение для целей Due DiligenceMARIANNA GLORY — газовоз средних размеров (Handy LPG Carrier) под индонезийским флагом, выполняющий системные рейсы в рамках национальной энергетической инфраструктуры Индонезии.Вердикт: Санкционных или юридических ограничений нет. Судно операционно активно, следует по маршруту. При коммерческом взаимодействии рекомендуется запросить свежий отчет по техническому освидетельствованию газовых танков и протоколы PSC",0.0
2026-09-09,9480370,17400.0,18792.0,119.95,20.0,5.3,14.0,30.0,1996,TURKIYE,LPG/Chemical Tanker (Танкер для перевозки сжиженного газа и химикатов),"Underway using Engine (На ходу, используется двигатель)",LOW,"MX COA (Коатсакоалькос, Мексика)","US HOU (Хьюстон, США)",BEYLERBEYI,9480370,9 мая 2026 г,Турция,0.0
2026-09-09,9142277,17250.0,18630.0,69.92,13.0,3.4,0.1,7.0,2019,Сьерра-Леоне,LPG Tanker (Танкер для перевозки сжиженного газа),"Engaged in Fishing (Занято ловом рыбы — примечание: вероятно, некорректно установленный статус AIS)",MID,GHANTOOT (ОАЭ),MEGHNA,JAMUNA GAS 2,667001950,28 апреля 2026 г,SIERRA LEONE,0.0
2026-09-09,9448487,17022.0,16777.0,154.0,25.5,6.3,12.7,16.0,2010,Панама,"Газовоз / Танкер для перевозки СУГ (LPG Tanker, HAZ-D)",Underway using Engine / В пути,HIGH,"Jubail, Saudi Arabia (SA JUB)","Арзев, Алжир (Arzew, Algeria)",GAZ FRATERNITY,372668000,17 августа 2026 г,"Газовоз / Танкер для перевозки СУГ · флаг: Панама · следует в: Арзев, Алжир (Arzew, Algeria) · Underway using Engine · возраст: 16 лет",0.0
2026-09-09,9671216,16994.0,17208.0,159.91,24.8,6.5,14.5,12.0,2014,Либерия,LPG/Chemical Tanker (газовоз/химовоз),Underway using Engine / В пути,LOW,"Yeosu, South Korea (KR YOS)",пункт назначения — 7 июня 2026 года,NAVIGATOR OBERON,636016398,"4 сентября 2026 г., 12:00 UTC",LPG/Chemical Tanker · флаг: Либерия · следует в: пункт назначения — 7 июня 2026 года · Underway using Engine · возраст: 12 лет,0.0
2026-09-09,9744946,16940.0,18295.0,159.99,24.79,9.7,0.1,9.0,2017,Сингапур IMO номер: 9744946 Год постройки: 2017,Газовоз СУГ (LPG Tanker / Handy),Under way using engine,LOW,"Yeosu, South Korea (KR YOS)",BEANR,EARTH SUMMIT,563020800,10 июня 2026 г,"верфь Jiangnan Changxing, Китай",0.412
2026-09-09,9897092,16938.0,18432.0,159.99,25.6,6.9,0.1,4.0,2022,Сингапур,Газовоз (LPG Tanker / Handy),At Anchor / На якорной стоянке,LOW,"Houston, USA (US HOU)","Ulsan, South Korea (KR USN)",ECLIPSE,564559282,"25 октября 2026 г., 17:00 UTC",Газовоз · флаг: Сингапур · At Anchor · возраст: 4 лет,0.0
2026-09-09,9900849,16938.0,18432.0,159.99,25.6,7.0,0.0,3.0,2023,Сингапур,Газовоз / Танкер для перевозки сжиженного нефтяного газа (LPG Tanker / MGC — Medium Gas Carrier),Moored,LOW,"Marcus Hook, USA (US MHK)",USNDX,EXHIBITIONIST,563171700,16 августа 2026 г,"Газовоз / Танкер для перевозки сжиженного нефтяного газа · флаг: Сингапур · следует в: Бальбоа, Панама / Balboa, Panama · At Anchor · возраст: 3 лет",0.416
2026-09-09,9897107,16893.0,18432.0,159.99,25.6,8.6,13.0,4.0,2022,Сингапур,Газовоз / Танкер для сжиженного газа (LPG Carrier),At Anchor / На якорной стоянке,LOW,"Венеция (якорь), Италия (Venezia Anch., Italy — прибыло в начале августа для разгрузки или ожидания терминала)","Shanghai, China (CN SHA)",ELECTRA,563155400,1 августа 2026 г,"Газовоз / Танкер для сжиженного газа · флаг: Сингапур · отход: Венеция (якорь), Италия (Venezia Anch., Italy — прибыло в начале августа для разгрузки или ожидания терминала) · At Anchor · возраст: 4 лет",0.0
2026-09-09,9531507,16687.0,16823.0,154.0,25.5,8.1,13.0,15.0,2011,Либерия,Газовоз / Танкер для перевозки сжиженного нефтяного газа и нефтехимии (LPG / Petrochemical Tanker),At Anchor / На якорной стоянке,LOW,"Houston, USA (US HOU)","Oita, Japan (JP OIT)",NAVIGATOR GUSTO,636015944,15 августа 2026 г,Газовоз / Танкер для перевозки сжиженного нефтяного газа и нефтехимии · флаг: Либерия · At Anchor · возраст: 15 лет,0.0
2026-09-09,9536363,16686.0,16823.0,154.0,25.5,8.8,12.8,15.0,2011,Либерия,LPG Tanker,At Anchor / На якорной стоянке,LOW,"Fujairah, UAE (AE FUJ)","Houston, USA (US HOU)",PACIFIC 6363,636015946,9 июня 2026 г,флаг: Либерия · At Anchor · возраст: 15 лет,0.0
2026-09-09,9704506,16680.0,17208.0,159.85,24.8,8.7,16.0,11.0,2015,Либерия,Газовоз / Танкер для перевозки СУГ (LPG Tanker / Handy),Underway using Engine / В пути,LOW,"Порт-Эдвард, Канада ()","Энсенада, Мексика (Ensenada, Mexico)",NAVIGATOR CENTAURI,636016658,4 августа 2026 г,"Газовоз / Танкер для перевозки СУГ · флаг: Либерия · маршрут: Порт-Эдвард, Канада () → Энсенада, Мексика (Ensenada, Mexico) · Underway using Engine · возраст: 11 лет",0.0
2026-09-09,9536375,16670.0,16823.0,154.0,25.5,8.3,0.6,15.0,2011,Либерия,LPG Tanker (танкер для перевозки сжиженного нефтяного газа),At Anchor / На якорной стоянке,LOW,"Jubail, Saudi Arabia (SA JUB)","Incheon, South Korea (KR INC)",NAVIGATOR GLOBAL,636023069,"30 августа 2026 г., 11:15 UTC",LPG Tanker · флаг: Либерия · At Anchor · возраст: 15 лет,0.0
2026-09-09,9531519,16670.0,16823.0,154.0,25.5,6.0,15.7,15.0,2011,Либерия,Газовоз (LPG Tanker),Underway using Engine / В пути,LOW,"Ras Laffan, Qatar (QA RLF)",балласте). Активность: Судно оперирует на глобальном рынке морских перевозок сжиженного газа. Маршруты включают заходы в ключевые мировые индустриальные хабы (Ближний Восток,"NAVIGATOR GENESIS (бывшие названия: MAERSK GENESIS, NAE 5)",636880600,20 июня 2026 г,Газовоз · флаг: Либерия · следует в: балласте). Активность: Судно оперирует на глобальном рынке морских перевозок сжиженного газа. Маршруты включают заходы в ключевые мировые индустриальные хабы (Ближний Восток · Underway using Engine · возраст: 15 лет,0.0
2026-09-09,9802293,16665.0,17191.0,159.99,24.8,9.4,12.1,10.0,2016,Китай,Газовоз (LPG Tanker),At Anchor / На якорной стоянке,LOW,"Якорная стоянка в Цзиньшане (Jinshan Anch.), откуда судно вышло 6 июня 2026 г","Zhangpu, China (CN ZAP)",HONG JIN,412526917,11 июня 2026 г,"Газовоз · флаг: Китай · отход: Якорная стоянка в Цзиньшане (Jinshan Anch.), откуда судно вышло 6 июня 2026 г · At Anchor · возраст: 10 лет",0.0
2026-09-09,9798167,16596.0,17232.0,160.0,24.8,9.4,15.9,8.0,2018,Маршалловы Острова,Газовоз (LPG Tanker / Handy),Underway using Engine / В пути,LOW,"Chiba, Japan (JP CHB)",порт Луанда (Ангола),INTREPID (ранее: DESERT ORCHID),538889972,"31 августа 2026 г., 12:15 UTC",Газовоз · флаг: Маршалловы Острова · следует в: порт Луанда (Ангола) · Underway using Engine · возраст: 8 лет,0.0
2026-09-09,9318620,16500.0,17820.0,153.5,23.13,5.9,13.0,20.0,2006,Сан-Марино,Газовоз / Химовоз (LPG/Chemical Tanker),At Anchor / На якорной стоянке,HIGH,"Yeosu, South Korea (KR YOS)","KAZ-IRAQ (вероятно, попытка зашифровать маршрут между Казахстаном и Ираком). КРИТИЧЕСКАЯ АНОМАЛИЯ:",GAZ DIAMOND,636765267,"22 октября 2026 г., 08:00 UTC","КРИТИЧЕСКИЙ ИНДИКАТОР: Регистрация крупнотоннажного танкера под флагом Сан-Марино является крайне редкой и нестандартной практикой для коммерческого флота. Это прямо указывает на использование флага как «удобной» ширмы, максимально удаленной от традиционных центров морского надзора",0.0
2026-09-09,9332078,16350.0,15532.0,180.0,32.26,6.1,13.9,34.0,1992,LIBERIA,LPG Tanker,Under way using engine,LOW,"MT MAR (Марсашлокк, Мальта)",BALTIC SEA FOR ORDER,SHEN MI,352004593,8 мая 2026 г,Либерия,0.419
2026-09-09,8813116,16259.0,11822.0,158.0,21.3,6.6,9.1,35.0,1991,Камерун,Среднеразмерный газовоз / LPG-танкер (LPG Tanker),At Anchor / На якорной стоянке,HIGH,"Ras Laffan, Qatar (QA RLF)","Huizhou, China (CN HUI)","GAS NORA (ранее — Eftyxia Gas, Antarcticgas)",613442835,15 августа 2026 г,в ряде баз фиксируется как неустановленный / переходный,0.0
2026-09-09,8813099,16139.0,11822.0,158.02,21.3,6.9,13.0,35.0,1991,Белиз,Газовоз / Танкер для СУГ (LPG Tanker / Handy),At Anchor / На якорной стоянке,LOW,"Рейд Коацакоалькос / Пахаритос, Мексика (Coatzacoalcos Anch., Mexico — прибытие в конце апреля 2026 года и последующий простой)","Не указан / Локальный отстой в районе Мексиканского залива (последний зафиксированный порт маршрута — Коацакоалькос / рейд Пахаритос, Мексика)",EUGENIA GAS (бывш. Patagoniagas),312000006,"31 августа 2026 г., 13:15 UTC","Газовоз / Танкер для СУГ · флаг: Белиз · маршрут: Рейд Коацакоалькос / Пахаритос, Мексика (Coatzacoalcos Anch., Mexico — прибытие в конце апреля 2026 года и последующий простой) → Не указан / Локальный отстой в районе Мексиканского залива (последний зафиксированный порт маршрута — Коацакоалькос / рейд Пахаритос, Мексика) · At Anchor · возраст: 35 лет",0.0
2026-09-09,1086257,16050.0,17334.0,99.9,20.0,5.1,12.6,10.0,2016,КИТАЙ,LPG/Chemical Tanker (Танкер для перевозки сжиженного газа и химических продуктов),Underway using Engine (На ходу),LOW,"Ляньюньган, Китай (CN LYG)","Биньчжоу, Китай (CN BIN)",XIN SU RUI 139,413421498,21 мая 2026 г,CHINA,0.0
2026-09-09,9553634,14999.0,12743.0,143.01,21.59,6.5,0.1,12.0,2014,Антигуа и Барбуда,Газовоз / LPG Tanker,маневрирование/швартовка в акватории порта,LOW,"Рейд Альтамиры, Мексика (Altamira Anch., Mexico)","Альтамира, Мексика (Altamira, Mexico) — прибыло 10 августа 2026 г. в 14:35 UTC после продолжительной стоянки на внешнем рейде",ETAGAS,305369000,10 августа 2026 г. в 14:35 UTC,"Газовоз / LPG Tanker · флаг: Антигуа и Барбуда · маршрут: Рейд Альтамиры, Мексика (Altamira Anch., Mexico) → Альтамира, Мексика (Altamira, Mexico) — прибыло 10 августа 2026 г. в 14:35 UTC после продолжительной стоянки на внешнем рейде · маневрирование · возраст: 12 лет",0.0
2026-09-09,9711523,14999.0,13794.0,147.06,22.65,5.9,11.2,10.0,2016,Греция,LPG танкер,На якоре (At anchor),LOW,"Rotterdam, Netherlands (NL RTM)","Tianjin, China (CN TJN)",KITHNOS,237468212,"28 октября 2026 г., 04:30 UTC",LPG танкер · флаг: Греция · На якоре (At anchor) · возраст: 10 лет,0.0
2026-09-09,9711535,14999.0,13794.0,147.0,22.6,5.7,11.7,10.0,2016,Греция,Газовоз / Танкер для перевозки сжиженного нефтяного газа (LPG Tanker),Underway using Engine / В пути,LOW,портов Восточного Китая,"Ningbo, China (CN NGB)",DILOS,241409000,18 августа 2026 г,Газовоз / Танкер для перевозки сжиженного нефтяного газа · флаг: Греция · отход: портов Восточного Китая · Underway using Engine · возраст: 10 лет,0.0
2026-09-09,9313838,14900.0,16092.0,60.0,10.8,3.6,12.3,18.0,2008,ЯПОНИЯ,LPG Tanker (Танкер для перевозки сжиженного нефтяного газа),Underway using Engine (На ходу),LOW,"Осака, Япония (JP OSA)","Анегасаки, Япония (JP ANE)",HOSEI MARU NO.7,431400457,22 мая 2026 г,JAPAN,0.0
2026-09-09,9185580,14350.0,15498.0,71.5,12.5,3.1,13.0,14.0,2012,MALI,LPG Tanker (Танкер для перевозки сжиженного нефтяного газа),At Anchor (На якоре),HIGH,DUBAI MARITIME CITY (ОАЭ),DUBAI ANCH (Якорная стоянка Дубая),BETA 2,649134000,17 апреля 2026 г. в 21:36 (UTC+4),LPG Tanker · флаг: MALI · маршрут: DUBAI MARITIME CITY (ОАЭ) → DUBAI ANCH (Якорная стоянка Дубая) · At Anchor (На якоре),0.0
2026-09-09,9810159,13900.0,15012.0,67.42,11.8,4.5,13.0,28.0,1998,ЯПОНИЯ,LPG Tanker (Танкер для перевозки сжиженного нефтяного газа),Moored (Ошвартовано/У причала),LOW,"Кобе, Япония (JP UKB)","Мидзусима, Япония (JP MIZ B MCC B-3)",RYOSUI,433498179,20 мая 2026 г,JAPAN,0.0
2026-09-09,9317987,13500.0,14580.0,225.3,36.63,9.4,13.0,34.0,1992,HONG KONG,LPG Tanker (Танкер для перевозки сжиженного нефтяного газа).,At Anchor (На якоре),LOW,SG SIN (Сингапур),"PORT ARTHUR ANCH (Якорная стоянка Порт-Артур, США)",BERGE NANTONG,9317987,7 мая 2026 г,Гонконг,0.0
2026-09-09,9539810,13470.0,7848.0,150.15,17.3,7.0,10.0,17.0,2009,Либерия,LPG Tanker,At Anchor / На якорной стоянке,LOW,"Fujairah, UAE (AE FUJ)",Singapore (SG SIN),VESSEL 9810,636023347,3 июня 2026 г,флаг: Либерия · At Anchor · возраст: 17 лет,0.0
2026-09-09,1029405,13250.0,14310.0,99.8,17.0,5.6,13.0,8.0,2018,Китай,Танкер для перевозки сжиженного газа и химических грузов (LPG/Chemical Tanker).,Ошвартовано (Moored),LOW,"Houston, USA (US HOU)",порт Цаоцзин (Caojing,YUAN SHAN 9,413609740,"4 сентября 2026 г., 18:30 UTC",Танкер для перевозки сжиженного газа и химических грузов · флаг: Китай · следует в: порт Цаоцзин (Caojing · Ошвартовано (Moored),0.0
2026-09-09,9644768,13000.0,14040.0,72.0,12.5,4.5,12.5,23.0,2003,ЯПОНИЯ,LPG Tanker (Танкер для перевозки сжиженного нефтяного газа),Underway using Engine (На ходу),LOW,"Оита, Япония (JP OIT)","Оита, Япония (JP OIT)",IZUMI MARU NO.22,433198669,20 мая 2026 г,JAPAN,0.0
2026-09-09,9203239,12850.0,13878.0,66.0,11.0,4.4,11.1,31.0,1995,Япония,LPG Tanker (Танкер для перевозки сжиженного нефтяного газа),Underway using Engine (На ходу под двигателем),LOW,"Сакаи (JP SAK), Япония. Выход — 23 апреля 2026 г",JP KNM HESAKI OFF (Рейд порта Хесаки),CARGO 3239,431501479,"18 октября 2026 г., 11:15 UTC",Japan,0.0
2026-09-09,9617698,12268.0,13501.0,155.64,22.7,6.2,12.7,13.0,2013,Нидерланды,Газовоз / Танкер для СПГ (LNG Tanker),At Anchor / На якорной стоянке,LOW,"Tangguh LNG, Indonesia (ID TGH)","Нюнесхамн, Швеция / Nynashamn, Sweden",CORAL ENERGY,246878000,17 августа 2026 г,"Газовоз / Танкер для СПГ · флаг: Нидерланды · следует в: Нюнесхамн, Швеция / Nynashamn, Sweden · At Anchor · возраст: 13 лет",0.0
2026-09-09,9937115,12247.0,18723.0,166.0,24.4,6.0,0.2,3.0,2023,Сингапур 2. Технические характеристики,Бункеровочный танкер для LNG (Bunkering Tanker / LNG Carrier),статус: ошвартован / у причала,EXTREME,"Hammerfest LNG, Norway (NO HAM)","Fos-sur-Mer, France (FR FOS)",FUELNG VENOSAIMO номер: 9937115,563182900,"27 октября 2026 г., 09:30 UTC",Бункеровочный танкер для LNG · флаг: Сингапур 2. Технические характеристики · статус: ошвартован · возраст: 3 лет,0.0
2026-09-09,9366940,11787.0,9735.0,126.7,20.4,5.1,13.0,18.0,2008,Сингапур,"Газовоз / Малотоннажный газовоз (LPG Tanker, категория HAZ-D)",на стоянке/у причала,LOW,"Шэньчжэнь, Китай (Shenzhen, China)","Ningbo, China (CN NGB)",KATHRINE KOSAN (бывш. Jbu Maas),563140300,"12 октября 2026 г., 10:45 UTC",региональной логистике перевозок сжиженных газов в акватории Южно-Китайского моря и портов Юго-Восточной Азии,0.0
2026-09-09,9761243,11750.0,11162.0,291.4,46.44,11.4,9.0,28.0,1998,ALGERIA,LPG Tanker,Under way using engine,LOW,"R MAR (Marmara Ereglisi, Турция)",HROMI,TESSALA,605076060,10 мая 2026 г,Алжир,0.402
2026-09-09,9377054,11320.0,7292.0,119.45,20.0,5.4,11.4,19.0,2007,Мальта,Газовоз (LPG) / Танкер-химовоз,Underway using Engine / В пути,LOW,"Houston, USA (US HOU)","Shanghai, China (CN SHA)",LAMENTIN,215318901,"3 сентября 2026 г., 18:00 UTC",Газовоз · флаг: Мальта · Underway using Engine · возраст: 19 лет,0.0
2026-09-09,9789154,11150.0,12042.0,230.11,32.28,8.0,15.3,11.0,2015,НОРВЕГИЯ,LPG Tanker (Танкер для перевозки сжиженного нефтяного газа),Underway using Engine (На ходу),LOW,"Нинбо, Китай (CN NBG)","Бальбоа, ПАНАМА (PA BLB)",CLIPPER FREEPORT,257113123,10 июня 2026 г,NORWAY,0.0
2026-09-09,9349942,11142.0,20620.0,151.0,28.0,6.2,8.6,19.0,2007,Багамские Острова,LNG Tanker,Underway using Engine / В пути,LOW,"Darwin LNG, Australia (AU DRW)","Incheon, South Korea (KR INC)",SUN ARROWS,309296000,"22 сентября 2026 г., 06:45 UTC",LNG Tanker · флаг: Багамские Острова · Underway using Engine · возраст: 19 лет,0.0
2026-09-09,9798947,10813.0,9293.0,119.98,23.0,7.6,12.0,9.0,2017,Сингапур,LPG Tanker (танкер для перевозки сжиженного нефтяного газа),At Anchor / На якорной стоянке,LOW,"Yanbu, Saudi Arabia (SA YNB)","Chiba, Japan (JP CHB)",LADYBOWER,563036300,"28 октября 2026 г., 14:45 UTC",LPG Tanker · флаг: Сингапур · At Anchor · возраст: 9 лет,0.0
2026-09-09,9329710,10700.0,11556.0,225.0,36.63,8.5,0.6,4.0,2022,KUWAIT,LPG Tanker (Танкер для перевозки сжиженного газа),Stopped (Остановлено),LOW,"CN DGG (Дунгуань, Китай)","SOHAR ANCH (Якорная стоянка Сохар, Оман)",GAS AL KUWAIT II,447161000,25 апреля 2026 г. в 11:55 (UTC+4),Кувейт,0.0
2026-09-09,9378307,10441.0,10105.0,137.01,19.8,6.2,14.0,15.0,2011,Либерия,Газовоз (LNG/Ethylene/LPG Carrier),Underway using Engine / В пути,LOW,"Sabine Pass LNG, USA (US SAB)",порт Рафнес (Rafnes),CORAL FURCATA (бывш. NORGAS CONCEPTION),636847911,22 июня 2026 г,Газовоз · флаг: Либерия · следует в: порт Рафнес (Rafnes) · Underway using Engine · возраст: 15 лет,0.0
2026-09-09,9522269,10315.0,9160.0,120.4,19.8,6.4,13.0,16.0,2010,Либерия,Газовоз (LPG / Coaster),"На ходу / Активен.Текущий статус: По последним доступным данным, судно находилось в районе Колумбии и следовало по направлению к терминалу Хосе (Венесуэла). Анализ: Судно является малотоннажным газовозом (Coaster), осуществляющим регулярные рейсы в Карибском бассейне и прилегающих водах Южной Америки.3. История и эксплуатацияКомплаенс-профиль: НИЗКИЙ РИСК.Анализ:Менеджмент: Коммерческим менеджером и зарегистрированным владельцем является компания SAM Shipping & Trading Co.. Статус: Актив не находится под санкциями.Прозрачность: Судно имеет понятную историю эксплуатации. Хотя оно часто посещает порты в регионах с высокой санкционной нагрузкой (Венесуэла), прямых связей с «теневым флотом» или попадания в санкционные списки (SDN) на текущий момент не зафиксировано. Это судно эксплуатируется на законных основаниях, и его деятельность соответствует профилю работы регионального газовоза. 4. РезюмеGAS JULI (IMO 9522269) — коммерческий актив, работающий на региональном рынке. При текущем анализе прямых санкционных рисков не выявлено.Комплаенс-рекомендация: Уровень риска взаимодействия с данным судном оценивается как низкий. Рекомендация: Стандартная процедура проверки контрагента (Due Diligence) является полностью достаточной. Рекомендуется отслеживать операционную активность судна при работе с портами, находящимися под международными санкциями (например, в Венесуэле), чтобы убедиться, что характер перевозимого груза соответствует актуальным требованиям комплаенса",LOW,"Rotterdam, Netherlands (NL RTM)","Oita, Japan (JP OIT)",GAS JULIIMO номер: 9522269,636919456,"8 сентября 2026 г., 12:45 UTC",Газовоз · флаг: Либерия · На ходу · возраст: 16 лет,0.0
2026-09-09,9368778,10309.0,9110.0,120.4,19.8,7.2,14.0,19.0,2007,Сингапур,Газовоз (LPG Tanker),Under way using engine,LOW,"Chiba, Japan (JP CHB)",DESTA,CHRISTOPH SCHULTE,565487000,"17 октября 2026 г., 03:00 UTC",Газовоз · флаг: Сингапур · следует в: порт Тернёзен (Terneuzen) · Underway using Engine · возраст: 19 лет,0.418
2026-09-09,9403786,10282.0,9126.0,120.4,19.8,5.0,11.5,18.0,2008,Бразилия,Газовоз / Танкер для перевозки СУГ (LPG Tanker / Coaster),в архиве навигационных данных; сигнал получался некоторое время назад,LOW,"Рио-де-Жанейро (якорная стоянка), Бразилия (Rio de Janeiro Anch., Brazil)","EAS (вероятно, порт Суапе / Complexo Industrial Portuário Suape, Бразилия)",COSTA DO FUTURO,710008137,20 июля 2026 г,"национальном каботажном флоте Бразилии для перевозки сжиженного углеводородного газа (СУГ) между терминалами и портами страны (включая регулярные заходы в Арату, Рио-де-Жанейро и Суапе)",0.0
2026-09-09,9701786,10250.0,11070.0,225.0,36.63,11.9,15.1,23.0,2003,Великобритания,Танкер для перевозки сжиженного газа (LPG Tanker),На ходу с использованием двигателя (Underway using Engine),LOW,"Маркус-Хук, США (US MAH)","Вишакхапатнам, Индия (IN VTZ)",BW ARIES,232998273,"28 сентября 2026 г., 02:15 UTC","Танкер для перевозки сжиженного газа · флаг: Великобритания · маршрут: Маркус-Хук, США (US MAH) → Вишакхапатнам, Индия (IN VTZ) · На ходу с использованием двигателя (Underway using Engine)",0.0
2026-09-09,9378266,10003.0,8331.0,109.43,21.0,5.8,13.0,17.0,2009,Багамские Острова,Малотоннажный газовоз / Танкер для сжиженного газа (LPG Tanker),At Anchor / На якорной стоянке,EXTREME,"Yanbu, Saudi Arabia (SA YNB)","Shanghai, China (CN SHA)","AL VEER (ранее — Seapeak Pan, Pan Spirit, Norgas Pan)",311020800,23 января 2027 г,Малотоннажный газовоз / Танкер для сжиженного газа · флаг: Багамские Острова · At Anchor · возраст: 17 лет,0.0
2026-09-09,9168283,10000.0,10800.0,68.53,11.5,3.8,13.0,21.0,2005,ЯПОНИЯ,LPG Tanker (Танкер для перевозки сжиженного нефтяного газа),At Anchor (На якоре),LOW,"Осака, Япония (JP OSA)","Сакай, Япония (JP SAK)",KYOKAI MARU NO.75,433607992,21 мая 2026 г,JAPAN,0.0
2026-09-09,9678989,9951.0,9289.0,120.4,19.8,7.7,11.5,12.0,2014,Либерия,Газовоз / Танкер для перевозки сжиженного нефтяного газа (LPG Tanker),At Anchor / На якорной стоянке,EXTREME,Кореи,Китай),CORAL PALMATA,636015927,31 июля 2026 г,Liberia Flag,0.0
2026-09-09,9938573,9800.0,10584.0,229.98,32.29,8.1,1.3,18.0,2008,LIBERIA,LPG Tanker (Танкер для перевозки сжиженного нефтяного газа),Underway using Engine (На ходу под мотором),LOW,"XIUSHAN ISLAND ANCH (Якорная стоянка у острова Сюшань, архипелаг Чжоушань, КНР)","CN ZOS (Чжоушань, КНР)",HLS BLUE SAPPHIRE,9938573,19 мая 2026 г,Либерия,0.0
2026-09-09,9045807,9695.0,10018.0,143.18,21.3,6.2,13.0,31.0,1995,Мали,Газовоз (LPG Tanker),"Данные о местоположении устарели (более 20 дней). Текущий статус: Судно является неактивным или скрывающим свои реальные перемещения (AIS-сигнал не передается или намеренно заглушен).Последний порт: Джайгад, Индия (отход 5 мая 2026 г.). Текущая осадка: 6.2 м.3. История и эксплуатацияМенеджмент: Судно имеет историю сложной и непрозрачной смены названий и операторов. Ранее было связано с индийским менеджером Sai Saburi Consulting Services Private Limited. Комплаенс-профиль: ВНИМАНИЕ: СУДНО НАХОДИТСЯ ПОД САНКЦИЯМИ. Статус: Судно (под названием BATELEUR) внесено в санкционный список SDN (Specially Designated Nationals) Управления по контролю за иностранными активами США (OFAC) в связи с причастностью к транспортировке иранского сжиженного газа в обход санкций США. Анализ: Данный актив является классическим примером судна «теневого флота». Оно намеренно скрывает свою деятельность, использует дефектные или отключенные системы AIS, меняет названия и флаги для участия в незаконных торговых схемах (Иран).4. РезюмеCRAVE / BATELEUR (IMO 9045807) — это высокорискованный подсанкционный актив, вовлеченный в незаконные торговые операции.Комплаенс-рекомендация: Уровень риска взаимодействия с данным судном — КРИТИЧЕСКИЙ (ЗАПРЕЩЕНО). Взаимодействие с этим судном, его владельцами или операторами категорически недопустимо. Любое коммерческое или логистическое сотрудничество с данным активом несет прямую угрозу наложения вторичных санкций, а также влечет за собой серьезные репутационные и юридические последствия. Данный объект подлежит немедленному исключению из любого списка потенциальных контрагентов",EXTREME,"Джайгад, Индия (отход 5 мая 2026 г.). Текущая осадка: 6.2 м.3. История и эксплуатацияМенеджмент: Судно имеет историю сложной и непрозрачной смены названий и операторов. Ранее было связано с индийским менеджером Sai Saburi Consulting Services Private Limited. Комплаенс-профиль: ВНИМАНИЕ: СУДНО НАХОДИТСЯ ПОД САНКЦИЯМИ. Статус: Судно (под названием BATELEUR) внесено в санкционный список SDN (Specially Designated Nationals) Управления по контролю за иностранными активами США (OFAC) в связи с причастностью к транспортировке иранского сжиженного газа в обход санкций США. Анализ: Данный актив является классическим примером судна «теневого флота». Оно намеренно скрывает свою деятельность, использует дефектные или отключенные системы AIS, меняет названия и флаги для участия в незаконных торговых схемах (Иран).4. РезюмеCRAVE / BATELEUR (IMO 9045807) — это высокорискованный подсанкционный актив, вовлеченный в незаконные торговые операции.Комплаенс-рекомендация: Уровень риска взаимодействия с данным судном — КРИТИЧЕСКИЙ (ЗАПРЕЩЕНО). Взаимодействие с этим судном, его владельцами или операторами категорически недопустимо. Любое коммерческое или логистическое сотрудничество с данным активом несет прямую угрозу наложения вторичных санкций, а также влечет за собой серьезные репутационные и юридические последствия. Данный объект подлежит немедленному исключению из любого списка потенциальных контрагентов","Ulsan, South Korea (KR USN)",CRAVE (ранее: BATELEUR),625021041,5 мая 2026 г,в различных реестрах также фигурирует как Панама,0.0
2026-09-09,9809045,9612.0,12293.0,146.2,21.6,7.1,3.9,8.0,2018,Алжир,Газовоз (LPG Tanker),Underway using Engine / В пути,HIGH,"Yeosu, South Korea (KR YOS)","Shanghai, China (CN SHA)",HASSI BERKINE,636250707,"7 сентября 2026 г., 13:30 UTC",Газовоз · флаг: Алжир · Underway using Engine · возраст: 8 лет,0.0
2026-09-09,9959840,9591.0,12477.0,150.72,24.0,4.6,11.5,3.0,2023,Панама,Малотоннажный / среднеразмерный газовоз (LPG Tanker / Handy size),At Anchor / На якорной стоянке,LOW,"Рейд Кейптауна, Южная Африка (Cape Town Anch., South Africa)","Ningbo, China (CN NGB)",CLAUDE,352002398,18 августа 2026 г,"Малотоннажный / среднеразмерный газовоз · флаг: Панама · отход: Рейд Кейптауна, Южная Африка (Cape Town Anch., South Africa) · At Anchor · возраст: 3 лет",0.0
2026-09-09,9990040,9300.0,10044.0,229.97,37.0,11.9,13.0,16.0,2010,LIBERIA,LPG Tanker (Танкер для перевозки сжиженного нефтяного газа / газовоз),Moored (Ошвартовано),LOW,"US NDX (Недерленд, Техас, США — крупный экспортный СПГ/СУГ терминал на побережье Мексиканского залива)",CNNGB,IINO INEOS VESTA,9990040,19 мая 2026 г,Либерия,0.0
2026-09-09,9191242,9300.0,10044.0,66.4,11.3,4.0,9.3,4.0,2022,ЯПОНИЯ,LPG Tanker (Танкер для перевозки сжиженного нефтяного газа),Underway using Engine (На ходу),LOW,"Нихама, Япония (JP IHA)",Район Мидзусима / Тешима (MIZ TESHIMA OFF),HAKUSEI MARU NO.55,433309419,"22 октября 2026 г., 03:00 UTC",JAPAN,0.0
2026-09-09,9240158,9265.0,10006.0,124.9,19.8,6.4,13.0,23.0,2003,Антигуа и Барбуда,LPG/Chemical Tanker,At Anchor / На якорной стоянке,LOW,"Yeosu, South Korea (KR YOS)","Ulsan, South Korea (KR USN)",LIN 9,305697000,"1 октября 2026 г., 03:15 UTC",LPG/Chemical Tanker · флаг: Антигуа и Барбуда · At Anchor · возраст: 23 лет,0.0
2026-09-09,9371660,9202.0,7313.0,128.83,17.8,7.8,13.0,17.0,2009,Португалия,Газовоз (LPG Tanker),На причале (Moored),LOW,"Ras Laffan, Qatar (QA RLF)","Huizhou, China (CN HUI)",GASCHEM ATLANTIC,636321731,"15 октября 2026 г., 07:45 UTC",Мадейра,0.0
2026-09-09,9441685,9197.0,6743.0,120.0,18.0,8.0,14.0,19.0,2007,Панама,Газовоз (LPG Tanker / Coaster),Underway using Engine / В пути,LOW,"Primorsk, Russia (RU PRI)",порт Картахена,PILARGAS,372032672,"6 октября 2026 г., 10:45 UTC",Газовоз · флаг: Панама · следует в: порт Картахена · Underway using Engine · возраст: 19 лет,0.0
2026-09-09,9515981,9011.0,7222.0,119.95,19.0,7.0,10.0,14.0,2012,Сингапур,LPG Tanker,At Anchor / На якорной стоянке,LOW,"Incheon, South Korea (KR INC)","Incheon, South Korea (KR INC)",MARITIME 5981,563262900,"28 августа 2026 г., 17:00 UTC",флаг: Сингапур · At Anchor · возраст: 14 лет,0.0
2026-09-09,9520132,9011.0,7222.0,119.95,19.0,5.6,0.2,15.0,2011,Сингапур,Газовоз / Танкер для перевозки сжиженного нефтяного газа (LPG Tanker),At Anchor / На якорной стоянке,LOW,"Рейд Дакара, Сенегал (Dakar Anch., Senegal)",В распоряжении фрахтователя / На открытые указания (FOR ORDERS),BWEK MALTA (экс-Westminster),566353000,28 ноября 2026 г,"Газовоз / Танкер для перевозки сжиженного нефтяного газа · флаг: Сингапур · маршрут: Рейд Дакара, Сенегал (Dakar Anch., Senegal) → В распоряжении фрахтователя / На открытые указания (FOR ORDERS) · At Anchor · возраст: 15 лет",0.0
2026-09-09,9038763,9000.0,9720.0,122.02,20.0,5.0,13.0,35.0,1991,Ботсвана,Газовоз (LPG Tanker),At Anchor / На якорной стоянке,HIGH,"Ain Sukhna, Egypt (EG ASU)","IQ BSR (Басра, Ирак). КРИТИЧЕСКАЯ АНОМАЛИЯ:",SAKAI,636775628,"1 октября 2026 г., 14:45 UTC","КРИТИЧЕСКИЙ ИНДИКАТОР: Ботсвана является государством, не имеющим выхода к морю. Регистрация морского судна под этим флагом — абсолютная аномалия, указывающая на то, что это судно не имеет признанной морской юрисдикции и полностью исключено из легального международного правового поля",0.0
2026-09-09,9713624,8989.0,8359.0,119.99,21.0,6.4,14.0,11.0,2015,Сингапур,Газовоз для перевозки СУГ (LPG Tanker).,Underway using Engine / В пути,LOW,"Marcus Hook, USA (US MHK)","Zhangpu, China (CN ZAP)",EPIC SULA,566610349,23 июня 2026 г,Газовоз для перевозки СУГ · флаг: Сингапур · Underway using Engine · возраст: 11 лет,0.0
2026-09-09,9733557,8983.0,8319.0,119.98,21.0,7.0,0.2,10.0,2016,Сингапур,Танкер для перевозки сжиженного нефтяного газа (LPG) и химических грузов.,At Anchor / На якорной стоянке,LOW,"Chiba, Japan (JP CHB)","Incheon, South Korea (KR INC)",LPG 3557,563373777,"10 сентября 2026 г., 21:30 UTC",Танкер для перевозки сжиженного нефтяного газа · флаг: Сингапур · At Anchor · возраст: 10 лет,0.0
2026-09-09,9970698,8850.0,9558.0,229.9,37.0,7.9,12.0,16.0,2010,ЯПОНИЯ,LPG Tanker (Танкер для перевозки сжиженного газа),Underway using Engine (На ходу),LOW,"Ляньюньган, Китай (CN LYG)","Чжоушань, Китай (CN ZOS)",LIBERTY PATHFINDER,431849387,20 мая 2026 г,JAPAN,0.0
2026-09-09,1075296,8850.0,8447.0,120.0,21.0,5.5,13.0,0.0,2026,Португалия (Мадейра) согласно AIS / Япония согласно данным о судне,Танкер для перевозки сжиженного нефтяного газа (LPG Tanker),На якоре (At anchor),LOW,"Ras Laffan, Qatar (QA RLF)","Oita, Japan (JP OIT)",PGC YIANNIOS,432775017,"8 сентября 2026 г., 22:15 UTC",Танкер для перевозки сжиженного нефтяного газа · флаг: Португалия (Мадейра) согласно AIS / Япония согласно данным о судне · На якоре (At anchor),0.0
2026-09-09,9268681,8843.0,6940.0,123.98,17.6,6.0,10.4,22.0,2004,Бразилия,Газовоз / Танкер для перевозки СУГ (LPG Tanker / Coaster),на момент последних переданных данных,LOW,"Белен (якорная стоянка), Бразилия (Belem Anch., Brazil)","Суапе, Пернамбуку, Бразилия (SUAPE-PE)",FORTE DE COPACABANA,710000510,4 августа 2026 г,каботажном флоте Бразилии для регулярных перевозок сжиженного углеводородного газа между внутренними терминалами (включая порты Белен и Суапе),0.0
2026-09-09,9892793,8842.0,8297.0,119.99,21.0,6.5,10.0,5.0,2021,Маршалловы Острова,LPG Tanker,At Anchor / На якорной стоянке,LOW,"Incheon, South Korea (KR INC)","Incheon, South Korea (KR INC)",PACIFIC 2793,538009137,"6 октября 2026 г., 15:30 UTC",флаг: Маршалловы Острова · At Anchor · возраст: 5 лет,0.0
2026-09-09,9267962,8709.0,9406.0,119.95,20.0,6.4,13.0,23.0,2003,"Ботсвана (согласно AIS), Панама",LPG/Chemical Tanker,At Anchor / На якорной стоянке,LOW,"Chiba, Japan (JP CHB)","Rotterdam, Netherlands (NL RTM)",HOOT,611000278,"16 октября 2026 г., 14:15 UTC",исторически,0.0
2026-09-09,9349928,8630.0,9320.0,115.0,18.53,7.9,13.0,18.0,2008,Китай,LPG Tanker (Танкер для перевозки сжиженного газа),Швартовка,HIGH,"Ras Laffan, Qatar (QA RLF)","Tianjin, China (CN TJN)",PENG SHUN (бывшее название: MARIANNA KOSAN),413376290,"7 октября 2026 г., 04:30 UTC",LPG Tanker · флаг: Китай · Швартовка · возраст: 18 лет,0.0
2026-09-09,9342401,8587.0,7465.0,115.0,18.6,8.0,0.2,19.0,2007,Гонконг,LPG танкер,Судно остановлено (Stopped),LOW,"Primorsk, Russia (RU PRI)","Tianjin, China (CN TJN)",GAS EMERALD,477722533,"30 сентября 2026 г., 12:15 UTC",LPG танкер · флаг: Гонконг · Судно остановлено (Stopped) · возраст: 19 лет,0.0
2026-09-09,9624005,8573.0,8009.0,113.0,19.2,7.7,11.0,13.0,2013,Мальта,Газовоз (LPG Tanker),Under way using engine,LOW,"Yeosu, South Korea (KR YOS)",ESTAR,DONATA SCHULTE,215238000,"2 сентября 2026 г., 14:30 UTC",Газовоз · флаг: Мальта · На причале (Moored) · возраст: 13 лет,0.412
2026-09-09,9664926,8556.0,7891.0,119.95,20.0,5.9,0.2,13.0,2013,Сингапур,Танкер для перевозки сжиженного нефтяного газа (LPG) и химических грузов.,At Anchor / На якорной стоянке,LOW,"Primorsk, Russia (RU PRI)","Chiba, Japan (JP CHB)",PACIFIC 4926,563815294,"2 сентября 2026 г., 20:00 UTC",Танкер для перевозки сжиженного нефтяного газа · флаг: Сингапур · At Anchor · возраст: 13 лет,0.0
2026-09-09,1062237,8300.0,7885.0,114.7,20.0,7.2,42.4,34.0,1992,MARSHALL ISLANDS,LPG Tanker,Underway (В пути),LOW,"TR DYL (Дортйол, Турция)","SD PZU (Порт-Судан, Судан)",ECO TEXIANA,538011541,14 марта 2026 г,Маршалловы Острова,0.0
2026-09-09,9726815,8102.0,7981.0,119.92,20.6,7.0,11.1,11.0,2015,Сингапур,Газовоз / Танкер для перевозки сжиженного нефтяного газа (LPG Tanker),Underway using Engine / В пути,LOW,"Дар-эс-Салам, Танзания (Dar es Salaam, Tanzania)","Ulsan, South Korea (KR USN)",EPIC SUSAK (бывш. Kahyasi),566478000,11 августа 2026 г,"Газовоз / Танкер для перевозки сжиженного нефтяного газа · флаг: Сингапур · отход: Дар-эс-Салам, Танзания (Dar es Salaam, Tanzania) · Underway using Engine · возраст: 11 лет",0.0
2026-09-09,9506198,7879.0,7267.0,116.4,17.99,6.0,12.6,16.0,2010,Мальта,Газовоз для сжиженного нефтяного газа / LPG Tanker,At Anchor / На якорной стоянке,LOW,"Роттердам, якорная стоянка 5, Нидерланды (Rotterdam Anch. 5, Netherlands)","Сеута, Испания / Ceuta, Spain","BWEK TENERIFE (экс-Tristar Shamal, Eships Shamal)",249750000,15 августа 2026 г,"Газовоз для сжиженного нефтяного газа / LPG Tanker · флаг: Мальта · маршрут: Роттердам, якорная стоянка 5, Нидерланды (Rotterdam Anch. 5, Netherlands) → Сеута, Испания / Ceuta, Spain · At Anchor · возраст: 16 лет",0.0
2026-09-09,9677612,7736.0,7472.0,112.0,19.0,6.8,14.0,13.0,2013,Китай (PRC) Порт приписки: Шанхай,Газовоз (LPG Tanker / Coaster),Underway using Engine / В пути,LOW,"Yeosu, South Korea (KR YOS)",порт назначения CN JNS (вероятно,YAN SHUN,416161626,21 июня 2026 г,Газовоз · флаг: Китай (PRC) Порт приписки: Шанхай · следует в: порт назначения CN JNS (вероятно · Underway using Engine · возраст: 13 лет,0.0
2026-09-09,9870513,7557.0,8025.0,119.98,20.0,6.4,13.0,6.0,2020,Панама,Газовоз / LPG Tanker (Coaster),At Anchor / На якорной стоянке,LOW,"Якорная стоянка Монтевидео, Уругвай (прибытие 26 июля 2026 г., 22:54 UTC). Операционный профиль и комплаенсРегион эксплуатации: Региональные и каботажные маршруты транспортировки сжиженных углеводородных газов (регулярные рейсы в акватории Южной Америки, Карибского бассейна и порты Тихоокеанского побережья, включая Магелланов пролив и порты Чили/Аргентины). Санкционный статус: НИЗКИЙ РИСК / ЧИСТЫЙ ПРОФИЛЬ (LOW / CLEARED). Факторы риска: Современное газовозное судно под удобным флагом Панама, задействованное в регулярных коммерческих поставках энергоносителей. Признаков санкционных ограничений, правовых нарушений или аномалий в работе бортовых систем AIS не зафиксировано","FOR ORDERS (в ожидании дальнейших коммерческих инструкций), плановое время прибытия (",IRENE AIMO номер: 9870513,373592000,26 июля 2026 г,"Газовоз / LPG Tanker · флаг: Панама · маршрут: Якорная стоянка Монтевидео, Уругвай (прибытие 26 июля 2026 г., 22:54 UTC). Операционный профиль и комплаенсРегион эксплуатации: Региональные и каботажные маршруты транспортировки сжиженных углеводородных газов (регулярные рейсы в акватории Южной Америки, Карибского бассейна и порты Тихоокеанского побережья, включая Магелланов пролив и порты Чили/Аргентины). Санкционный статус: НИЗКИЙ РИСК / ЧИСТЫЙ ПРОФИЛЬ (LOW / CLEARED). Факторы риска: Современное газовозное судно под удобным флагом Панама, задействованное в регулярных коммерческих поставках энергоносителей. Признаков санкционных ограничений, правовых нарушений или аномалий в работе бортовых систем AIS не зафиксировано → FOR ORDERS (в ожидании дальнейших коммерческих инструкций), плановое время прибытия ( · At Anchor · возраст: 6 лет",0.0
2026-09-09,9958573,7535.0,9823.0,119.6,19.8,6.5,12.6,3.0,2023,Китай,Газовоз / Танкер для сжиженного газа (Liquefied Gas Tanker / LNG/LPG),At Anchor / На якорной стоянке,EXTREME,"Angola LNG, Angola (AO LNG)","Tianjin, China (CN TJN)",HONG PENG,413528880,17 августа 2026 г,Газовоз / Танкер для сжиженного газа · флаг: Китай · At Anchor · возраст: 3 лет,0.0
2026-09-09,9374882,7410.0,5945.0,114.98,16.8,7.0,12.7,19.0,2007,Индонезия,Танкер для сжиженного газа / LPG-воз (LPG Tanker),Underway using Engine / В пути,EXTREME,"Rotterdam, Netherlands (NL RTM)","Huizhou, China (CN HUI)","GAS LILY (ранее — Gaschem Leda, Toyo Maru)",525801396,17 августа 2026 г,Танкер для сжиженного газа / LPG-воз · флаг: Индонезия · Underway using Engine · возраст: 19 лет,0.0
2026-09-09,9131101,7350.0,7938.0,113.5,16.54,5.2,0.1,28.0,1998,Сан-Томе и Принсипи,LPG/Chemical Tanker (Танкер для перевозки сжиженного газа и химикатов),At Anchor (На якоре),HIGH,"UMM QASR ANCH (Якорная стоянка Умм-Каср, Ирак)",KAZ ANCH (Якорная стоянка Хор-эль-Зубайр),SUN,668116207,28 апреля 2026 г,SAO TOME AND PRINCIPE,0.0
2026-09-09,9560168,7292.0,5961.0,114.78,16.8,7.0,13.0,16.0,2010,Португалия,Газовоз / Танкер для сжиженного газа / Этиленовик (LPG / Ethylene Carrier),судно на подходе к порту назначения или швартуется,EXTREME,"Houston, USA (US HOU)","Фучжоу, Китай (Fuzhou, China), плановое",GASCHEM WARNOW,255917258,17 августа 2026 г,Мадейра,0.0
2026-09-09,9931850,7261.0,6515.0,116.82,19.0,5.7,2.1,4.0,2022,Хорватия,Газовоз / Танкер для перевозки сжиженного нефтяного газа (LPG Tanker),Underway using Engine / В пути,LOW,"Надор-Эст, Марокко (Nador East, Morocco)","Гибралтар / Gibraltar, Gibraltar",MARKO MARULIC (экс-Boomerang Gas),238049000,18 августа 2026 г,"Газовоз / Танкер для перевозки сжиженного нефтяного газа · флаг: Хорватия · маршрут: Надор-Эст, Марокко (Nador East, Morocco) → Гибралтар / Gibraltar, Gibraltar · Underway using Engine · возраст: 4 лет",0.0
2026-09-09,9507752,7207.0,5910.0,119.5,19.0,4.7,11.0,14.0,2012,Португалия,Газовоз для сжиженного нефтяного газа / LPG Tanker,Underway using Engine / В пути,LOW,"Мохаммедия, Марокко (Mohammedia, Morocco)","Альхесирас, Испания / Algeciras, Spain",GAS ESCO,255916105,16 августа 2026 г,Мадейра,0.0
2026-09-09,9743253,7198.0,6220.0,113.08,19.0,7.1,11.5,10.0,2016,Сингапур,Газовоз (LPG Tanker),Under way using engine,LOW,"Primorsk, Russia (RU PRI)",NLRTM>PTAVE,EPIC BONAIRE,566017000,23 июня 2026 г,Газовоз · флаг: Сингапур · следует в: порт Авейру (Португалия). Ожидаемое прибытие: 23 июня 2026 г · Underway using Engine · возраст: 10 лет,0.654
2026-09-09,1019917,7139.0,6081.0,118.0,19.0,6.0,13.0,1.0,2025,Мальта,Газовоз для перевозки сжиженного нефтяного газа / Малый LPG-танкер (LPG Tanker),At Anchor / На якорной стоянке,LOW,"Уэльва, Испания (Huelva, Spain)","Рейд Надор, Марокко / Nador Anch., Morocco, статус: Прибыл / На якорной стоянке (фактическое прибытие на рейд Надора — 11 августа 2026 г., 17:10 UTC; текущая скорость — 0.0 узлов, курс — 322.2°, осадка — 6.0 м)",BW EKBEACON,249162000,10 августа 2026 г,"Газовоз для перевозки сжиженного нефтяного газа / Малый LPG-танкер · флаг: Мальта · маршрут: Уэльва, Испания (Huelva, Spain) → Рейд Надор, Марокко / Nador Anch., Morocco, статус: Прибыл / На якорной стоянке (фактическое прибытие на рейд Надора — 11 августа 2026 г., 17:10 UTC; текущая скорость — 0.0 узлов, курс — 322.2°, осадка — 6.0 м) · At Anchor · возраст: 1 лет",0.0
2026-09-09,9390953,7100.0,7668.0,115.0,18.5,6.1,13.0,23.0,2003,SINGAPORE,LPG/Chemical Tanker (Танкер для перевозки сжиженного газа и химикатов),At Anchor (На якоре),LOW,"QA UMS (Месаид, Катар)",MESAIEED ANCH (Якорная стоянка Месаид),LEONORA KOSAN,563146100,4 мая 2026 г,Сингапур,0.0
2026-09-09,9197727,7000.0,7560.0,119.0,17.0,5.4,8.3,27.0,1999,Гайана,Газовоз / Химовоз (LPG/Chemical Tanker),Underway using Engine / В пути,HIGH,"Primorsk, Russia (RU PRI)","Басра, Ирак (IQ BSR)",NORITA,636126611,30 июня 2026 г,"КРИТИЧЕСКИЙ ИНДИКАТОР: Использование флага Гайаны для танкеров — известный маркер перехода судна под «удобный» флаг с низким уровнем надзора, часто применяемый для обслуживания теневых поставок энергоносителей в ближневосточном регионе",0.0
2026-09-09,9130456,7000.0,7560.0,114.62,15.7,5.5,13.0,30.0,1996,Палау,Газовоз / Химовоз (LPG/Chemical Tanker),At Anchor / На якорной стоянке,HIGH,"Ras Laffan, Qatar (QA RLF)",Хор-Факкан,HORIZON 1,511354490,29 июня 2026 г. 12:00,"КРИТИЧЕСКИЙ ИНДИКАТОР: Использование флага Палау для танкера-химовоза — стандартная практика для судов, выведенных из-под юрисдикции ответственных морских администраций",0.0
2026-09-09,9134359,6996.0,7556.0,119.02,19.1,6.4,13.0,30.0,1996,Таиланд,"LPG Tanker (газовоз), классификация Tanker (HAZ-A)",At Anchor / На якорной стоянке,LOW,"Ras Laffan, Qatar (QA RLF)","Ningbo, China (CN NGB)",SCHUMI,567645000,"8 сентября 2026 г., 15:15 UTC","логистике сжиженного газа в регионе. Учитывая категорию опасности HAZ-A и солидный возраст судна, оно является объектом пристального внимания в рамках промышленного мониторинга",0.0
2026-09-09,9128879,6987.0,7546.0,119.02,19.1,6.4,13.0,30.0,1996,Таиланд,LPG Tanker (газовоз),At Anchor / На якорной стоянке,LOW,"Ain Sukhna, Egypt (EG ASU)","Ulsan, South Korea (KR USN)",SCHUMI 2,567587000,29 апреля 2026 г,LPG Tanker · флаг: Таиланд · At Anchor · возраст: 30 лет,0.0
2026-09-09,9892779,6812.0,6242.0,114.97,19.2,6.4,12.2,6.0,2020,Либерия,Газовоз для перевозки сжиженного нефтяного газа / Малый LPG-танкер (LPG Tanker),At Anchor / На якорной стоянке,LOW,"Рейд Ломе, Того (Lome Anch., Togolese Rep)",В распоряжении / По указанию (FOR ORDERS),ECO ALICE,636020070,16 августа 2026 г,"Газовоз для перевозки сжиженного нефтяного газа / Малый LPG-танкер · флаг: Либерия · маршрут: Рейд Ломе, Того (Lome Anch., Togolese Rep) → В распоряжении / По указанию (FOR ORDERS) · At Anchor · возраст: 6 лет",0.0
2026-09-09,9655444,6800.0,6460.0,180.0,32.26,7.3,10.9,13.0,2013,LIBERIA,LPG Tanker,"Underway using Engine (На ходу, используется двигатель)",LOW,"MT MAR (Марсашлокк, Мальта)","ES ALG (Альхесирас, Испания)",HISTRIA CORAL,636021080,8 мая 2026 г,Либерия,0.0
2026-09-09,1019137,6711.0,6446.0,117.02,19.2,5.7,14.0,1.0,2025,Панама,Малотоннажный газовоз / Танкер для сжиженного газа (LPG Tanker),Underway / В плавании,EXTREME,"Yeosu, South Korea (KR YOS)","Zhangpu, China (CN ZAP)",GAS HOPE,352005010,16 августа 2026 г,Малотоннажный газовоз / Танкер для сжиженного газа · флаг: Панама · Underway · возраст: 1 лет,0.0
2026-09-09,9601730,6674.0,6288.0,115.0,16.8,7.5,12.7,14.0,2012,Нидерланды,Газовоз (LPG Tanker),At Anchor / На якорной стоянке,LOW,Якорная стоянка в Шанхае (отход 4 июня 2026 г.),"Huizhou, China (CN HUI)",CORAL ACROPORA,246087201,11 июня 2026 г,Газовоз · флаг: Нидерланды · отход: Якорная стоянка в Шанхае (отход 4 июня 2026 г.) · At Anchor · возраст: 14 лет,0.0
2026-09-09,9251121,6621.0,5763.0,119.29,18.23,5.0,10.1,19.0,2007,Палау (PW),LPG Tanker,kn,HIGH,"Piraeus, Greece (GR PIR)","Shanghai, China (CN SHA)",PACIFIC 1121,511101883,"29 сентября 2026 г., 08:15 UTC",флаг: Палау (PW) · kn,0.0
2026-09-09,9961726,6585.0,6953.0,116.15,18.0,5.0,15.5,2.0,2024,Португалия,Малый газовоз / Танкер для перевозки сжиженного газа (LPG Carrier / Pressure Gas Carrier),интенсивный переход в акватории Средиземного моря,LOW,"Скикда, Алжир (Skikda, Algeria)","Сеута, Испания (Ceuta, Spain)",GASCHEM PHOENIX,255916495,9 августа 2026 г,Мадейра,0.0
2026-09-09,9625140,6554.0,6441.0,115.0,16.8,7.9,7.2,13.0,2013,Нидерланды,"Газовоз / Танкер для перевозки сжиженного газа, этилена и СПГ (Liquefied Gas Carrier / LNG / LPG / Ethylene Carrier)",At Anchor / На якорной стоянке,LOW,"Sabine Pass LNG, USA (US SAB)","Антверпен, Бельгия / Antwerpen, Belgium",CORAL ANTHELIA,246272000,17 августа 2026 г,"Газовоз / Танкер для перевозки сжиженного газа, этилена и СПГ · флаг: Нидерланды · следует в: Антверпен, Бельгия / Antwerpen, Belgium · At Anchor · возраст: 13 лет",0.0
2026-09-09,9356892,6300.0,6804.0,225.28,36.6,7.5,13.0,6.0,2020,ИНДИЯ,LPG Tanker (Танкер для перевозки сжиженного нефтяного газа),At Anchor (На якоре),LOW,"Вадинар (якорная стоянка), Индия (VADINAR ANCH)","Chiba, Japan (JP CHB)",SHIVALIK,419916248,"28 сентября 2026 г., 17:45 UTC",INDIA,0.0
2026-09-09,9208227,6300.0,6804.0,229.91,36.03,11.6,11.3,24.0,2002,Панама,LPG Tanker (Танкер для перевозки сжиженного нефтяного газа),Underway using Engine (В пути под мотором),LOW,"AE JEA (Джебель-Али, ОАЭ), выход 15 марта 2026 г","DONGGUAN CHINA (Дунгуань, Китай)",PIONEER 8227,352004527,29 апреля 2026 г,Panama,0.0
2026-09-09,9560170,6276.0,5961.0,114.81,16.8,7.1,13.6,15.0,2011,"Либерия (в реестровых спецификациях также указывался Португалия / Madeira, текущий флаг AIS — Liberia) 2. Технические характеристики",Газовоз / Танкер для сжиженного нефтяного газа (LPG Tanker),"На ходу (скорость 13.6 узлов). Пункт назначения Map Ta Phut (Mab Tapud), Thailand, ETA 25 июля 2026 года (06:00). Выход из порта Сингапура зафиксирован 22 июля 2026 года (ATD: 05:57 UTC).3. Операционный менеджментЗарегистрированный владелец: GASCHEM DOURO KG / GASCHEM SERVICES Коммерческий и ISM менеджер: HARTMANN GAS CARRIERS GERMANY GMBH & CO KG (Hartmann Reederei, Германия) 4. Анализ рисков и комплаенс-статусСанкционный статус: СУДНО НЕ НАХОДИТСЯ ПОД САНКЦИЯМИ. Проверка по международным комплаенс-базам (OFAC, ЕС, ООН, Великобритания) подтверждает отсутствие прямых или косвенных блокирующих ограничений. Уровень риска: НИЗКИЙ (GREEN ZONE). Факторы:Структура владения: Находится под управлением крупного немецкого оператора Hartmann Reederei / GasChem Services, имеющего высокую репутацию на рынке газовозов. Операционная активность: Осуществляет регулярные промышленные перевозки сжиженных газов между ключевыми нефтехимическими терминалами Азиатско-Тихоокеанского региона (Сингапур, Малайзия, Япония, Таиланд).Логистика: Ход и скорость (13.6 узлов) полностью соответствуют стандартному транзитному переходу Сингапур — Маб Та Пхут без задержек или аномалий AIS.5. Заключение для целей Due DiligenceGASCHEM WERRA представляет собой среднетоннажный полурефрижераторный газовоз (LPG / ethylene carrier) под управлением первоклассного европейского оператора. Вердикт: Прямых санкционных и юридических ограничений нет. Актив полностью одобрен для стандартных процедур фрахтования, торговых операций и расчетов без ограничений",EXTREME,"Marcus Hook, USA (US MHK)","Shanghai, China (CN SHA)",GASCHEM WERRA (исторические наименования: -),636093035,25 июля 2026 г,"Газовоз / Танкер для сжиженного нефтяного газа · флаг: Либерия (в реестровых спецификациях также указывался Португалия / Madeira, текущий флаг AIS — Liberia) 2. Технические характеристики · На ходу (скорость 13.6 узлов). Пункт назначения Map Ta Phut (Mab Tapud), Thailand, ETA 25 июля 2026 года (06:00). Выход из порта Сингапура зафиксирован 22 июля 2026 года (ATD: 05:57 UTC).3. Операционный менеджментЗарегистрированный владелец: GASCHEM DOURO KG · возраст: 15 лет",0.0
2026-09-09,9880764,6200.0,12123.0,116.0,22.0,6.2,0.4,3.0,2023,Сингапур,"Бункеровочный танкер (Bunkering Tanker, HAZ-D / LNG Bunkering)",статус: маневрирование / якорная стоянка в районе Сингапура,EXTREME,"Bintulu LNG, Malaysia (MY BTU)","Ningbo, China (CN NGB)",BRASSAVOLA,563129100,"11 сентября 2026 г., 09:00 UTC",Бункеровочный танкер · флаг: Сингапур · статус: маневрирование · возраст: 3 лет,0.0
2026-09-09,9185346,6148.0,5469.0,107.93,16.8,6.7,0.2,27.0,1999,Коморские Острова,Танкер для сжиженного газа / LPG-воз (LPG Tanker),At Anchor / На якорной стоянке,HIGH,акватории Персидского залива (ОАЭ),"Zhangpu, China (CN ZAP)","SIFRA (ранее — Dha 1, Radha)",301000456,14 августа 2026 г,ближневосточной логистике с заходами в порты Ирака,0.0
2026-09-09,9314416,6100.0,6588.0,69.9,12.5,4.0,13.1,16.0,2010,ЯПОНИЯ,LPG Tanker (Танкер для перевозки сжиженного нефтяного газа),Underway using Engine (На ходу),LOW,"Анегасаки, Япония (JP ANE)","Токуяма-Кудамацу, ЯПОНИЯ (JP TXD)",SHUNHO MARU,432704909,22 мая 2026 г,JAPAN,0.0
2026-09-09,8917807,6100.0,6588.0,223.99,36.28,7.5,0.1,5.0,2021,SAN MARINO,LPG Tanker (Танкер для перевозки сжиженного газа),At Anchor (На якоре),HIGH,"CN DGG (Дунгуань, Китай)","SOHAR ANCH (Якорная стоянка Сохар, Оман)",DOUBLE IN,268752804,21 апреля 2026 г. в 08:00 (UTC+4),Сан-Марино,0.0
2026-09-09,9519535,6028.0,5296.0,117.02,18.2,6.3,0.0,16.0,2010,Мальта,Газовоз / Танкер для перевозки СУГ (LPG Tanker - HAZ-B),Under way using engine,LOW,"Ain Sukhna, Egypt (EG ASU)",PORT JEROME FRANCE,EPIC BORNEO,215746000,"19 сентября 2026 г., 09:15 UTC","Газовоз / Танкер для перевозки СУГ · флаг: Мальта · следует в: Фоли, Великобритания / Fawley, UK, статус: НА ЯКОРЕ / СТОЯНКА (At anchor) (последний порт выхода — Фоли, Великобритания; отход после обработки — 13 августа 2026 г., 15:52 UTC; курс — 320.9°, скорость — 0.0 узлов, текущая осадка — 7.1 м) · At Anchor · возраст: 16 лет",0.418
2026-09-09,9519523,6022.0,5296.0,117.02,18.2,5.7,14.0,16.0,2010,Сингапур,Газовоз / Танкер для сжиженного нефтяного газа (LPG Tanker),Underway / В плавании,LOW,"Истхэм, Великобритания (Eastham, United Kingdom (UK))","Станлоу, Великобритания / Stanlow, United Kingdom (UK), статус: Прибыл / Ошвартован (ATA: 14 августа 2026 г., 15:16 UTC) (текущая скорость — 0.0 узлов, курс — 250°, осадка — 5.7 м)",EPIC BALI (экс-Siva Coral),565254000,14 августа 2026 г,"Газовоз / Танкер для сжиженного нефтяного газа · флаг: Сингапур · маршрут: Истхэм, Великобритания (Eastham, United Kingdom (UK)) → Станлоу, Великобритания / Stanlow, United Kingdom (UK), статус: Прибыл / Ошвартован (ATA: 14 августа 2026 г., 15:16 UTC) (текущая скорость — 0.0 узлов, курс — 250°, осадка — 5.7 м) · Underway · возраст: 16 лет",0.0
2026-09-09,9103398,6017.0,5725.0,116.22,17.2,6.1,11.2,14.0,2012,Либерия (LR),LPG Tanker,kn,LOW,"Piraeus, Greece (GR PIR)",Румынию. В недавней истории зафиксированы длительные периоды на якоре,VESSEL 3398,636024604,"9 сентября 2026 г., 15:00 UTC",флаг: Либерия (LR) · следует в: Румынию. В недавней истории зафиксированы длительные периоды на якоре · kn,0.0
2026-09-09,9859636,5972.0,8391.0,120.0,19.5,5.7,14.0,5.0,2021,Сингапур 2. Технические характеристики,Бункеровщик СПГ / Танкер (LNG Bunkering Tanker),статус: на якорной стоянке,EXTREME,"Darwin LNG, Australia (AU DRW)","Ningbo, China (CN NGB)",FUELNG BELLINAIMO номер: 9859636,563111600,"16 сентября 2026 г., 07:00 UTC",долгосрочном чартере Shell Eastern Trading)Технический менеджер: K Marine Ship Management / FueLNG 4. Анализ рисков и комплаенс-статус,0.0
2026-09-09,9969821,5950.0,6426.0,230.0,37.0,8.7,13.0,3.0,2023,PANAMA,LPG Tanker (Танкер для перевозки сжиженного нефтяного газа).,At Anchor (На якоре),LOW,HOUSTON ANCH,HOUSTON,TINOS I,9969821,29 марта 2026 г,Панама,0.0
2026-09-09,9103403,5807.0,5725.0,116.17,17.2,7.4,7.9,26.0,2000,Либерия,Газовоз (LPG Tanker / Coaster),Underway using Engine / В пути,LOW,порта Инглсайд (США) 16 июня и следует в порт Картахена,порт Картахена,HUNTEGAS,636781158,"14 сентября 2026 г., 05:00 UTC",Газовоз · флаг: Либерия · маршрут: порта Инглсайд (США) 16 июня и следует в порт Картахена → порт Картахена · Underway using Engine · возраст: 26 лет,0.0
2026-09-09,9050187,5771.0,4317.0,105.14,15.7,3.0,3.9,32.0,1994,Коморские острова,Танкер-газовоз (LPG Tanker / Coaster),Underway using Engine / В пути,EXTREME,"Marcus Hook, USA (US MHK)","Ningbo, China (CN NGB)","GAS AURORA (ранее POLAR, WITCH QUEEN, KEREM BEY, MIHRA, PRIMUS G, ORCA M)",620323125,"14 сентября 2026 г., 18:30 UTC","ранее Танзания, Гвинея-Бисау",0.0
2026-09-09,9208148,5650.0,6102.0,118.06,18.8,6.9,0.2,28.0,1998,Панама,LPG/Chemical Tanker (Танкер для перевозки сжиженного газа/химикатов),At Anchor (На якоре),LOW,"GHANTOOT (Гантут, ОАЭ)","DUBAI ANCH (Якорная стоянка Дубая, ОАЭ)",YELLOW STONE,352003597,20 апреля 2026 г. в 05:33 (UTC+4),PANAMA,0.0
2026-09-09,9337793,5600.0,6048.0,156.0,1.0,8.7,13.0,10.0,2016,Алжир,LPG/Chemical Tanker (Танкер для перевозки сжиженного газа и химикатов),At Anchor (На якоре),LOW,"DZ AZW (Арзев, Алжир)","LIVORNO ANCH (Ливорно, Италия)",GAS 7793,605026220,"16 сентября 2026 г., 12:30 UTC",ALGERIA,0.0
2026-09-09,9936549,5500.0,5940.0,180.0,28.74,10.4,13.0,29.0,1997,MARSHALL ISLANDS,LPG Tanker (Танкер для перевозки сжиженного газа),At Anchor (На якоре),HIGH,"QA UMS (Месаид, Катар)","AE SHJ (Шарджа, ОАЭ)",ECO ORACLE,538009925,1 мая 2026 г. в 08:00 (UTC+4),Маршалловы Острова,0.0
2026-09-09,1053614,5312.0,4552.0,99.98,17.7,4.7,13.0,1.0,2025,Панама,Газовоз / Танкер для перевозки сжиженного нефтяного газа (LPG Tanker),At Anchor / На якорной стоянке,EXTREME,"Rotterdam, Netherlands (NL RTM)","Incheon, South Korea (KR INC)",GAS FRONTIER,352005602,1 августа 2026 г,Panama Flag,0.0
2026-09-09,9142966,5242.0,4484.0,99.93,19.6,4.5,13.7,30.0,1996,Китай,Газовоз / LPG Tanker,Underway using Engine / В пути,LOW,"Дунъин, Китай ()","Синьхуэй, Китай (Xinhui)",SU RUI 169,413518120,29 июля 2026 г,"Газовоз / LPG Tanker · флаг: Китай · маршрут: Дунъин, Китай () → Синьхуэй, Китай (Xinhui) · Underway using Engine · возраст: 30 лет",0.0
2026-09-09,9658355,5239.0,5452.0,100.0,18.0,6.2,13.0,11.0,2015,"Сингапур. Год постройки: 2015. Габариты: Длина (LOA) 100 м, ширина 18 м. Тоннаж:","Танкер для перевозки сжиженного нефтяного газа (LPG Tanker / Coaster). Идентификаторы: IMO 9658355, MMSI 563218300, позывной 9V9430.",At Anchor / На якорной стоянке,LOW,"Rotterdam, Netherlands (NL RTM)","Ulsan, South Korea (KR USN)",BENROMACHТип: Танкер для перевозки сжиженного нефтяного газа (LPG Tanker / Coaster). Идентификаторы:,563218300,"14 сентября 2026 г., 21:15 UTC","Танкер для перевозки сжиженного нефтяного газа · флаг: Сингапур. Год постройки: 2015. Габариты: Длина (LOA) 100 м, ширина 18 м. Тоннаж: · At Anchor · возраст: 11 лет",0.0
2026-09-09,9658367,5209.0,5452.0,99.95,18.0,5.6,0.1,11.0,2015,Сингапур,Танкер для перевозки сжиженного нефтяного газа (LPG Tanker / Coaster).,At Anchor / На якорной стоянке,LOW,"Ain Sukhna, Egypt (EG ASU)","Incheon, South Korea (KR INC)",BENRIACH (ранее ECO GREEN),563218400,"23 сентября 2026 г., 15:30 UTC",Танкер для перевозки сжиженного нефтяного газа · флаг: Сингапур · At Anchor · возраст: 11 лет,0.0
2026-09-09,9131539,5200.0,5616.0,230.0,36.0,8.0,1.1,34.0,1992,PANAMA,LPG Tanker (Танкер для перевозки сжиженного газа),Underway (На ходу),LOW,"YE MOK (Моха, Йемен)",KFK UAE,GAZ GMS,352002653,21 апреля 2026 г. в 13:00 (UTC+4),Панама,0.0
2026-09-09,1019967,5186.0,4243.0,100.0,18.0,4.8,13.7,0.0,2026,Панама,Газовоз (LPG Tanker),"Данные о статусе требуют уточнения (последнее позиционирование — 3 дня назад, однако спутниковые данные получены 1 минуту назад)",LOW,"Ain Sukhna, Egypt (EG ASU)","Zhangpu, China (CN ZAP)",MORNING MAYA,370795684,9 июня 2026 г,"Газовоз · флаг: Панама · Данные о статусе требуют уточнения (последнее позиционирование — 3 дня назад, однако спутниковые данные получены 1 минуту назад)",0.0
2026-09-09,9952622,5183.0,4963.0,100.0,18.5,4.4,13.0,4.0,2022,Китай,Газовоз (LPG Tanker / Coaster),At Anchor / На якорной стоянке,LOW,"Chiba, Japan (JP CHB)","Ningbo, China (CN NGB)",CHANG LONG 51,412034282,"15 сентября 2026 г., 17:30 UTC",Газовоз · флаг: Китай · At Anchor · возраст: 4 лет,0.0
2026-09-09,9134971,5174.0,4695.0,104.99,19.6,3.9,10.6,31.0,1995,Таиланд (Thailand) — национальный судовой реестр. Технические характеристики,Газовоз / Танкер для перевозки сжиженного нефтяного газа (LPG Tanker / Coaster),At Anchor / На якорной стоянке,LOW,"Chiba, Japan (JP CHB)","Zhangpu, China (CN ZAP)",SCHUMI 5,567596000,"3 ноября 2026 г., 13:00 UTC",Газовоз / Танкер для перевозки сжиженного нефтяного газа · флаг: Таиланд (Thailand) — национальный судовой реестр. Технические характеристики · At Anchor · возраст: 31 лет,0.0
2026-09-09,9952036,5160.0,4243.0,99.9,17.6,5.6,13.5,4.0,2022,Панама,Газовоз / Танкер для перевозки сжиженного нефтяного газа (LPG Tanker),Underway using Engine / В пути,HIGH,портов Малайзии (Кемаман) через Бенгальский залив,"Читтагонг, Бангладеш / Chittagong, Bangladesh",MORNING JANE,352001838,20 августа 2026 г,"Газовоз / Танкер для перевозки сжиженного нефтяного газа · флаг: Панама · маршрут: портов Малайзии (Кемаман) через Бенгальский залив → Читтагонг, Бангладеш / Chittagong, Bangladesh · Underway using Engine · возраст: 4 лет",0.0
2026-09-09,9978004,5159.0,4277.0,99.9,17.6,4.4,13.0,2.0,2024,Панама,Танкер для перевозки сжиженного нефтяного газа (LPG) и химических грузов.,At Anchor / На якорной стоянке,LOW,"Chiba, Japan (JP CHB)","Huizhou, China (CN HUI)",PACIFIC 8004,355801594,"10 сентября 2026 г., 13:15 UTC",Танкер для перевозки сжиженного нефтяного газа · флаг: Панама · At Anchor · возраст: 2 лет,0.0
2026-09-09,9849631,5150.0,5562.0,228.45,36.0,7.6,0.3,7.0,2019,KUWAIT,LPG Tanker (Танкер для перевозки сжиженного газа),Stopped (Остановлено),LOW,"CN BIN (Биньчжоу, Китай)",FOR ORDERS (В ожидании распоряжений),GAS UMM AL ROWAISAT,447274000,4 мая 2026 г,Кувейт,0.0
2026-09-09,9596856,5097.0,6776.0,117.25,19.2,6.4,14.0,10.0,2016,Бразилия,Газовоз / Танкер для перевозки СУГ (LPG Tanker / Coaster),Underway using Engine / В пути,LOW,"Итакуи, Бразилия (Itaqui, Brazil — прибытие 6 августа 2026 г.)","Сан-Луис, Мараньян, Бразилия (SAO LUIS - MA)",LUCIO COSTA,710029860,6 августа 2026 г,"каботажном флоте Бразилии для регулярных поставок сжиженного углеводородного газа между внутренними терминалами (включая порты Суапе, Белен и Итакуи)",0.0
2026-09-09,9507740,5002.0,4312.0,99.9,17.6,5.0,11.5,15.0,2011,Панама,"Газовоз (LPG, класс HAZ-A)",kn,EXTREME,"Ras Laffan, Qatar (QA RLF)","Zhangpu, China (CN ZAP)",PHOENIX GAS,370142730,19 июля 2026 г,Газовоз · флаг: Панама · kn · возраст: 15 лет,0.0
2026-09-09,9404625,4999.0,5441.0,108.0,16.8,6.8,15.2,18.0,2008,Нидерланды,Газовоз (LPG Tanker / Coaster),Under way using engine,LOW,"Ain Sukhna, Egypt (EG ASU)",BE ANR,CORAL LEAF,244036000,"3 ноября 2026 г., 01:15 UTC","портах Северо-Западной Европы (Нидерланды, Германия, Франция, Великобритания)",0.405
2026-09-09,9350898,4999.0,5441.0,109.0,18.0,6.7,14.2,20.0,2006,Либерия,Газовоз (LPG Tanker / Coaster),Under way using engine,LOW,"Marcus Hook, USA (US MHK)",ES SDR,CORAL LACERA,636016149,22 июня 2026 г,Газовоз · флаг: Либерия · следует в: порт Сантандер · Underway using Engine · возраст: 20 лет,0.416
2026-09-09,9519688,4999.0,4456.0,106.0,17.6,4.7,13.0,15.0,2011,Республика Корея (Korea)Технические характеристики,Танкер-газовоз / LPG (LPG Tanker),"Прибыло / На якоре / У причала (Arrived).Пункт назначения: Bataan, Philippines (BTN PH) (ATA: Jul 22, 23:21 UTC).Маршрут: Юго-Восточная Азия (Вьетнам [Каймеп], Малайзия [Пенгеранг], Индонезия, Филиппины [Батаан]).Операционный менеджментЗарегистрированный владелец и оператор: DL SHIPPING CO LTD (Пусан, Южная Корея) — крупный корейский оператор специализированного газового флота.Классификационное общество: Korean Register (KR) — член IACS.Анализ рисков и комплаенс-статусСанкционный статус: СУДНО НЕ НАХОДИТСЯ ПОД САНКЦИЯМИ (NOT SANCTIONED). В списках OFAC, EU, UK, UN совпадений нет.Уровень риска: МИНИМАЛЬНЫЙ / WHITE ZONE.Ключевые факторы:Институциональный южнокорейский менеджмент: Судно находится в управлении лицензированной компании DL Shipping с регулярным техническим обслуживанием.Регулярный региональный каботаж: Выполняет штатные коммерческие рейсы по доставке сжиженного углеводородного газа (LPG) между крупнейшими нефтехимическими хабами ЮВА (Пенгеранг, Батаан, Каймеп).Стабильный навигационный профиль: Постоянная трансляция AIS, отсутствие слепых зон (gap events), флаг входит в «белый список» Tokyo MOU.Заключение для целей Due DiligenceDL LILY — специализированный малотоннажный LPG-газовоз под флагом Южной Кореи.Вердикт: Абсолютно прозрачное судно (PASS / LOW RISK). Риски участия в серых схемах перевалки или обходе санкций отсутствуют. Одобрено для любых торговых, логистических и банковских операций",LOW,"Jubail, Saudi Arabia (SA JUB)","Bataan, Philippines (BTN PH) (ATA: Jul 22, 23:21 UTC).Маршрут: Юго-Восточная Азия (Вьетнам [Каймеп], Малайзия [Пенгеранг], Индонезия, Филиппины [Батаан]).Операционный менеджментЗарегистрированный владелец и оператор: DL SHIPPING CO LTD (Пусан, Южная Корея) — крупный корейский оператор специализированного газового флота.Классификационное общество: Korean Register (KR) — член IACS.Анализ рисков и комплаенс-статусСанкционный статус: СУДНО НЕ НАХОДИТСЯ ПОД САНКЦИЯМИ (NOT SANCTIONED). В списках OFAC, EU, UK, UN совпадений нет.Уровень риска: МИНИМАЛЬНЫЙ / WHITE ZONE.Ключевые факторы:Институциональный южнокорейский менеджмент: Судно находится в управлении лицензированной компании DL Shipping с регулярным техническим обслуживанием.Регулярный региональный каботаж: Выполняет штатные коммерческие рейсы по доставке сжиженного углеводородного газа (LPG) между крупнейшими нефтехимическими хабами ЮВА (Пенгеранг, Батаан, Каймеп).Стабильный навигационный профиль: Постоянная трансляция AIS, отсутствие слепых зон (gap events), флаг входит в «белый список» Tokyo MOU.Заключение для целей Due DiligenceDL LILY — специализированный малотоннажный LPG-газовоз под флагом Южной Кореи.Вердикт: Абсолютно прозрачное судно (PASS / LOW RISK). Риски участия в серых схемах перевалки или обходе санкций отсутствуют. Одобрено для любых торговых, логистических и банковских операций",DL LILY,440018000,"14 октября 2026 г., 13:45 UTC","Танкер-газовоз / LPG · флаг: Республика Корея (Korea)Технические характеристики · следует в: Bataan, Philippines (BTN PH) (ATA: Jul 22, 23:21 UTC).Маршрут: Юго-Восточная Азия (Вьетнам [Каймеп], Малайзия [Пенгеранг], Индонезия, Филиппины [Батаан]).Операционный менеджментЗарегистрированный владелец и оператор: DL SHIPPING CO LTD (Пусан, Южная Корея) — крупный корейский оператор специализированного газового флота.Классификационное общество: Korean Register (KR) — член IACS.Анализ рисков и комплаенс-статусСанкционный статус: СУДНО НЕ НАХОДИТСЯ ПОД САНКЦИЯМИ (NOT SANCTIONED). В списках OFAC, EU, UK, UN совпадений нет.Уровень риска: МИНИМАЛЬНЫЙ / WHITE ZONE.Ключевые факторы:Институциональный южнокорейский менеджмент: Судно находится в управлении лицензированной компании DL Shipping с регулярным техническим обслуживанием.Регулярный региональный каботаж: Выполняет штатные коммерческие рейсы по доставке сжиженного углеводородного газа (LPG) между крупнейшими нефтехимическими хабами ЮВА (Пенгеранг, Батаан, Каймеп).Стабильный навигационный профиль: Постоянная трансляция AIS, отсутствие слепых зон (gap events), флаг входит в «белый список» Tokyo MOU.Заключение для целей Due DiligenceDL LILY — специализированный малотоннажный LPG-газовоз под флагом Южной Кореи.Вердикт: Абсолютно прозрачное судно (PASS / LOW RISK). Риски участия в серых схемах перевалки или обходе санкций отсутствуют. Одобрено для любых торговых, логистических и банковских операций · Прибыло · возраст: 15 лет",0.0
2026-09-09,9125994,4999.0,4934.0,105.02,19.54,4.3,13.0,31.0,1995,Панама,Газовоз / Танкер для сжиженного нефтяного газа (LPG Tanker),"На якорной стоянке (скорость 0.0 узлов). Пункт назначения не указан (Destination not available), ETA отсутствует. Последний заход на якорную стоянку Пасир-Гуданг (Малайзия) зафиксирован 17 июня 2026 года (находится на якоре более 35 дней)",EXTREME,"Ain Sukhna, Egypt (EG ASU)","Rotterdam, Netherlands (NL RTM)",MK GAS SCORPIO (исторические наименования: -),352005800,"14 октября 2026 г., 06:00 UTC","Газовоз / Танкер для сжиженного нефтяного газа · флаг: Панама · На якорной стоянке (скорость 0.0 узлов). Пункт назначения не указан (Destination not available), ETA отсутствует. Последний заход на якорную стоянку Пасир-Гуданг (Малайзия) зафиксирован 17 июня 2026 года (находится на якоре более 35 дней) · возраст: 31 лет",0.0
2026-09-09,9578000,4994.0,5036.0,100.0,17.4,6.7,0.0,14.0,2012,Мальта,Газовоз (LPG Tanker),Moored,LOW,"Jubail, Saudi Arabia (SA JUB)",PL SZZ,CGAS PANTHER,249362000,"16 сентября 2026 г., 23:45 UTC","Газовоз · флаг: Мальта · На причале (Moored). Текущий статус: Судно находится в порту Антверпен, Бельгия.Анализ: Судно представляет собой специализированный газовоз малого класса (coaster), занятый в региональной логистике сжиженных газов в Северо-Западной Европе (Великобритания, Бельгия, Нидерланды). Интенсивная частота коротких рейсов характерна для судов этого сектора, обслуживающих распределительные терминалы.3. История и эксплуатацияКомплаенс-профиль: НИЗКИЙ РИСК.Анализ:Менеджмент: Судно находится под управлением Hartmann Gas Carriers Germany, известного профессионального оператора газовозного флота. История названий: Судно последовательно носило имена JS CHUKAR и CHUKAR, прежде чем стать CGAS PANTHER. Смена имен связана с корпоративными реорганизациями внутри владельцев (Dragon Chukar Ltd · возраст: 14 лет",0.413
2026-09-09,9577991,4986.0,5036.0,100.0,18.0,5.6,0.0,14.0,2012,Мальта,Газовоз (LPG Tanker / Coaster),Moored,LOW,"Yanbu, Saudi Arabia (SA YNB)",GBTEE,CGAS TIGER,249224000,20 июня 2026 г. в 07:08 UTC,Газовоз · флаг: Мальта · Underway using Engine · возраст: 14 лет,0.417
2026-09-09,9578012,4986.0,5385.0,99.86,17.4,5.5,13.0,14.0,2012,Мальта,Газовоз (LPG Tanker / Coaster),At Anchor / На якорной стоянке,LOW,"Jubail, Saudi Arabia (SA JUB)","Oita, Japan (JP OIT)","CGAS LEOPARD (бывш. ALULAR, JS ALULAR)",215725283,"28 августа 2026 г., 17:30 UTC",Газовоз · флаг: Мальта · At Anchor · возраст: 14 лет,0.0
2026-09-09,9837793,4984.0,4301.0,99.98,17.2,4.9,13.0,8.0,2018,Панама,Газовоз (LPG Tanker / Coaster),"Судно активно и находится в эксплуатации. Ввиду специфики навигации судов такого класса (Coaster) в прибрежных водах, данные AIS могут периодически пропадать вне зоны покрытия береговых станций",EXTREME,"Мумбаи, Индия (отход 7 июля 2026 г.)","Chiba, Japan (JP CHB)",MORNING DIANA,371260986,7 июля 2026 г,"Газовоз · флаг: Панама · отход: Мумбаи, Индия (отход 7 июля 2026 г.) · Судно активно и находится в эксплуатации. Ввиду специфики навигации судов такого класса (Coaster) в прибрежных водах, данные AIS могут периодически пропадать вне зоны покрытия береговых станций · возраст: 8 лет",0.0
2026-09-09,9537305,4950.0,5346.0,67.85,11.5,3.7,10.1,9.0,2017,ЯПОНИЯ,LPG Tanker (Танкер для перевозки сжиженного нефтяного газа),Underway using Engine (На ходу),LOW,"Химедзи, Япония (JP HIM)","Мидзусима, ЯПОНИЯ (JP MIZ)",IZUMI MARU NO.20,433268249,22 мая 2026 г,JAPAN,0.0
2026-09-09,1032751,4750.0,5130.0,230.0,32.25,9.0,13.0,5.0,2021,НОРВЕГИЯ,LPG Tanker (Танкер для перевозки сжиженного нефтяного газа / газовоз),Moored (Ошвартован),LOW,"Ульсан, Южная Корея (KR USN)",HHI 3462 S/T (Морские ходовые испытания верфи HD Hyundai Heavy Industries),CLIPPER COPPELIA,259634554,"18 октября 2026 г., 09:00 UTC",NORWAY,0.0
2026-09-09,9867281,4742.0,4239.0,99.98,17.5,4.7,12.2,7.0,2019,Панама,Газовоз LPG (LPG Tanker),стабильный ходовой транзит,EXTREME,"Jubail, Saudi Arabia (SA JUB)","Chiba, Japan (JP CHB)",OLYMPIA ROAD,355294000,15 июля 2026 г,Газовоз LPG · флаг: Панама · стабильный ходовой транзит · возраст: 7 лет,0.0
2026-09-09,9958614,4338.0,4498.0,99.95,17.4,6.1,13.5,3.0,2023,Сонгланд / Гонконг,Газовоз для перевозки сжиженного нефтяного газа / LPG Tanker,At Anchor / На якорной стоянке,EXTREME,акватории южного Китая / Гонконга,"Chiba, Japan (JP CHB)",HONG RUI,477928500,19 августа 2026 г,Hong Kong,0.0
2026-09-09,9053816,4332.0,4679.0,108.0,15.3,4.9,13.0,30.0,1996,Палау,LPG/Chemical Tanker,Out of Service / Выведено из эксплуатации,HIGH,"Jubail, Saudi Arabia (SA JUB)",Аланг и официальный статус «Not in Service» закрывают вопросы по дальнейшему коммерческому использованию данного актива,AL DIAB II,511100397,"21 октября 2026 г., 11:00 UTC",LPG/Chemical Tanker · флаг: Палау · следует в: Аланг и официальный статус «Not in Service» закрывают вопросы по дальнейшему коммерческому использованию данного актива · Out of Service · возраст: 30 лет,0.0
2026-09-09,9601871,4036.0,4500.0,104.86,16.0,5.1,5.4,15.0,2011,Панама,Газовоз (LPG Tanker),На ходу под двигателем (Under way),LOW,"Хиросима, Япония (отход 9 июня 2026 г.)","Shanghai, China (CN SHA)",PHENIX EXPRESS,373249506,10 июня 2026 г,"Газовоз · флаг: Панама · отход: Хиросима, Япония (отход 9 июня 2026 г.) · На ходу под двигателем (Under way) · возраст: 15 лет",0.0
2026-09-09,9346926,4027.0,4349.0,95.2,15.5,5.6,13.0,19.0,2007,Панама,Газовоз (LPG Tanker),At Anchor / На якорной стоянке,LOW,"Marcus Hook, USA (US MHK)","Ulsan, South Korea (KR USN)",CORAL MEDUSA (бывш. CASTEL DELL'OVO),372623121,"2 сентября 2026 г., 09:00 UTC","региональной логистике североевропейских портов (Швеция, Бельгия, Нидерланды). Длительные стоянки на якоре вблизи Стенунгсунда и Марстранда характерны для судов, ожидающих постановки к специализированным газовым терминалам",0.0
2026-09-09,9474539,4001.0,3493.0,97.23,16.5,4.4,13.8,17.0,2009,Бельгия,Газовоз / Танкер для перевозки сжиженного нефтяного газа (LPG Tanker),Underway using Engine / В пути,LOW,"Yeosu, South Korea (KR YOS)","Синеш, Португалия / Sines, Portugal",MARIANNE,205769000,18 августа 2026 г,"Газовоз / Танкер для перевозки сжиженного нефтяного газа · флаг: Бельгия · следует в: Синеш, Португалия / Sines, Portugal · Underway using Engine · возраст: 17 лет",0.0
2026-09-09,9140126,4000.0,4320.0,96.0,15.0,4.0,0.1,30.0,1996,Палау,Газовоз (LPG Tanker),At Anchor / На якорной стоянке,HIGH,"Rotterdam, Netherlands (NL RTM)",Хор-Факкан,TAZERBO,511997237,24 июня 2026 г,"КРИТИЧЕСКИЙ ИНДИКАТОР: Палау — одна из наиболее часто используемых юрисдикций «теневого флота» для судов, которые были исключены из легальных регистров",0.0
2026-09-09,9142318,4000.0,4320.0,94.5,16.6,3.8,0.1,30.0,1996,Мали,Газовоз (LPG Tanker),At Anchor / На якорной стоянке,EXTREME,"Primorsk, Russia (RU PRI)",Хор-Факкан (рейд). КРИТИЧЕСКАЯ АНОМАЛИЯ:,CORAL,625813426,"29 августа 2026 г., 08:15 UTC","КРИТИЧЕСКИЙ ИНДИКАТОР: Мали не имеет выхода к морю, использование этого флага для морского судна является классическим признаком «флага сомнительной юрисдикции»",0.0
2026-09-09,9474541,3998.0,3493.0,97.24,16.5,5.3,14.0,16.0,2010,Бельгия,Газовоз (LPG Tanker / Coaster),Underway using Engine / В пути,LOW,"Houston, USA (US HOU)","Oita, Japan (JP OIT)",ANGELA,636754857,21 июня 2026 г,Газовоз · флаг: Бельгия · Underway using Engine · возраст: 16 лет,0.0
2026-09-09,9020455,3996.0,3501.0,99.92,16.7,4.9,6.9,35.0,1991,Таиланд,LPG Tanker (газовоз),Underway using Engine / В пути,HIGH,"Marcus Hook, USA (US MHK)","Ningbo, China (CN NGB)",NP BANGPAKONG,567001650,"26 октября 2026 г., 16:30 UTC",LPG Tanker · флаг: Таиланд · Underway using Engine · возраст: 35 лет,0.0
2026-09-09,9434541,3996.0,3493.0,97.24,16.5,5.2,11.3,18.0,2008,Южная Корея,Малотоннажный газовоз / Танкер для сжиженного газа (LPG Tanker),Underway using Engine / В пути,EXTREME,"Ain Sukhna, Egypt (EG ASU)","Гаосюн, Тайвань (Kaohsiung, Taiwan), плановое",MS SHARON,440598000,21 августа 2026 г,"Малотоннажный газовоз / Танкер для сжиженного газа · флаг: Южная Корея · следует в: Гаосюн, Тайвань (Kaohsiung, Taiwan), плановое · Underway using Engine · возраст: 18 лет",0.0
2026-09-09,9514298,3983.0,3496.0,97.23,16.5,4.9,10.9,16.0,2010,Южная Корея,Газовоз / Танкер для перевозки сжиженного нефтяного газа (LPG Tanker - HAZ-C),At Anchor / На якорной стоянке,EXTREME,Южной Кореи,"Shanghai, China (CN SHA)",SHINING ROAD,440564000,4 августа 2026 г,Korea Flag,0.0
2026-09-09,9514303,3983.0,3496.0,97.23,16.5,4.8,12.7,16.0,2010,Панама (Panama) Технические характеристики,Малотоннажный газовоз / танкер для сжиженного газа (LPG Tanker / Coaster),"На ходу (Under way), следует со скоростью 12.7 узлов.Порт назначения: Yeosu, Korea (ETA: Jul 31, 13:00 UTC).Маршрут: Гресик (Индонезия) $\rightarrow$ Йосу (Южная Корея).Операционный менеджментЗарегистрированный владелец / Менеджер: Nhat Viet Transportation Corp (Вьетнам) (ранее: Berlian Laju Tanker, Индонезия). Технический оператор (ISM): Nhat Viet Transportation Corp (Вьетнам). Классификационное общество: Nippon Kaiji Kyokai (ClassNK) — член IACS.Анализ рисков и комплаенс-статусСанкционный статус: СУДНО НЕ НАХОДИТСЯ ПОД ПРЯМЫМИ САНКЦИЯМИ. Проверка по спискам OFAC (SDN), EU, UK, UN прямой блокировки танкера не выявила. Уровень риска: НИЗКИЙ / ЖЕЛТАЯ ЗОНА ВНИМАНИЯ (LOW-MEDIUM RISK).Ключевые факторы:Легитимная торговая география: Выполняет регулярные региональные каботажные и трансграничные челночные рейсы по перевозке LPG в Юго-Восточной и Восточной Азии (Индонезия, Таиланд, Вьетнам, Сингапур, Южная Корея, Китай).Технический класс: Имеет признанную классификацию японского общества ClassNK (IACS). Косвенные факторы внимания: Управление осуществляется вьетнамским оператором (Nhat Viet Transportation Corp). Требуется стандартный мониторинг судовых документов (P&I страхование, сертификаты газовоза) при заключении сделок. Заключение для целей Due DiligenceGAS LOTUS — японской постройки малотоннажный LPG-газовоз под флагом Панамы. Вердикт: Одобрено с выполнением стандартных процедур комплаенса (PASS / LOW RISK). Прямых санкционных ограничений нет. Судно ведет прозрачную коммерческую деятельность в азиатском регионе",MID,"Houston, USA (US HOU)","Yeosu, Korea (",GAS LOTUS (ранее: GAS BANGKA),374728000,"2 ноября 2026 г., 04:45 UTC","Малотоннажный газовоз / танкер для сжиженного газа · флаг: Панама (Panama) Технические характеристики · следует в: Yeosu, Korea ( · На ходу (Under way), следует со скоростью 12.7 узлов.Порт назначения: Yeosu, Korea (ETA: Jul 31, 13:00 UTC).Маршрут: Гресик (Индонезия) $\rightarrow$ Йосу (Южная Корея).Операционный менеджментЗарегистрированный владелец · возраст: 16 лет",0.0
2026-09-09,9564853,3919.0,3430.0,96.77,16.5,4.8,13.8,17.0,2009,Маршалловы Острова,Газовоз / Танкер для перевозки сжиженного нефтяного газа (LPG Tanker),At Anchor / На якорной стоянке,EXTREME,"Rotterdam, Netherlands (NL RTM)","Oita, Japan (JP OIT)",PILATUS 65,538012613,1 августа 2026 г,Marshall Islands Flag,0.0
2026-09-09,9200469,3900.0,4212.0,97.2,16.4,3.5,0.1,30.0,1996,Гонконг,LPG Tanker (Танкер для перевозки сжиженного газа),At Anchor (На якоре),LOW,KHOR FAKKAN ANCH (ОАЭ),"IQ KAZ (Хор-эль-Зубайр, Ирак)",TRIMMU 3,477844512,"15 сентября 2026 г., 12:45 UTC",Hong Kong,0.0
2026-09-09,9919838,3895.0,5494.0,99.9,18.0,5.5,14.0,4.0,2022,Португалия,"Танкер для перевозки СУГ (LPG Tanker / Coaster, Pressurized)",Underway using Engine / В пути,LOW,"Ain Sukhna, Egypt (EG ASU)","Tianjin, China (CN TJN)",GASCHEM ILIAD,636515539,"8 сентября 2026 г., 04:15 UTC",регистр Мадейра,0.0
2026-09-09,9566291,3804.0,3430.0,88.4,14.8,5.0,13.0,16.0,2010,Португалия,Газовоз / Танкер для перевозки сжиженного газа (LPG Tanker / Coaster),At Anchor / На якорной стоянке,LOW,"Якорная стоянка Альхесирас, Испания (Algeciras Anch. A, Spain)","Милаццо, Италия / Milazzo, Italy",VENTURI (экс-Scali Reali),255804270,15 августа 2026 г,Мадейра,0.0
2026-09-09,9698288,3726.0,3591.0,95.0,15.96,4.0,0.1,12.0,2014,Португалия,Танкер для перевозки сжиженного нефтяного газа (LPG) и химических грузов.,At Anchor / На якорной стоянке,LOW,"Ras Laffan, Qatar (QA RLF)","Zhangpu, China (CN ZAP)",CARGO 8288,636033959,"24 сентября 2026 г., 15:30 UTC",Мадейра,0.0
2026-09-09,9710311,3703.0,3999.0,95.0,15.96,6.5,0.3,12.0,2014,Кипр,Газовоз (LPG Tanker / Coaster),At anchor,LOW,"Marcus Hook, USA (US MHK)",SESTE,ECO CORSAIR,210155000,"30 августа 2026 г., 14:30 UTC",Газовоз · флаг: Кипр · At Anchor · возраст: 12 лет,0.413
2026-09-09,9040883,3700.0,3996.0,113.22,18.9,4.9,13.0,2.0,2024,COMOROS,LPG/Chemical Tanker (Танкер для перевозки сжиженного газа и химикатов),At Anchor (На якоре),MID,"AE FJR (Фуджейра, ОАЭ)","KHOR FAKKAN (Хор-Факкан, ОАЭ)",GAS RAY,620000301,3 января 2026 г. в 22:00 (UTC+4),Коморские Острова,0.0
2026-09-09,9891854,3675.0,3908.0,97.0,16.0,4.3,10.5,5.0,2021,Республика Корея,LPG танкер,Судно в движении (Under way),LOW,"Ain Sukhna, Egypt (EG ASU)",порт Йесу (Yeosu),KOREA VISION,440405336,"29 октября 2026 г., 18:30 UTC",LPG танкер · флаг: Республика Корея · следует в: порт Йесу (Yeosu) · Судно в движении (Under way) · возраст: 5 лет,0.0
2026-09-09,9685504,3604.0,5831.0,99.95,17.2,5.5,0.1,12.0,2014,Нидерланды,Газовоз / Танкер для перевозки сжиженного нефтяного газа и этилена (LPG / Ethylene Carrier),At Anchor / На якорной стоянке,LOW,"Ain Sukhna, Egypt (EG ASU)","Huizhou, China (CN HUI)",CORAL STICHO,244790523,14 августа 2026 г,Газовоз / Танкер для перевозки сжиженного нефтяного газа и этилена · флаг: Нидерланды · At Anchor · возраст: 12 лет,0.0
2026-09-09,9223540,3500.0,3780.0,230.0,36.0,10.7,0.1,27.0,1999,GUINEA,LPG Tanker (Танкер для перевозки сжиженного газа),Not Under Command (Лишено возможности управляться),HIGH,Unknown (Неизвестен),CHINA (Китай),RAINE,632001122,5 мая 2026 г,Гвинея,0.0
2026-09-09,9236901,3409.0,3678.0,99.59,17.5,4.7,5.2,25.0,2001,Республика Корея,LPG танкер,Судно в движении (Under way),LOW,"Jubail, Saudi Arabia (SA JUB)","Shanghai, China (CN SHA)",OCEAN GAS,441172941,"15 сентября 2026 г., 18:00 UTC",LPG танкер · флаг: Республика Корея · Судно в движении (Under way) · возраст: 25 лет,0.0
2026-09-09,9172753,3318.0,3392.0,95.97,16.0,4.0,5.0,28.0,1998,Коморы,Газовоз / Танкер для перевозки СУГ (LPG Tanker),At Anchor / На якорной стоянке,HIGH,"Yeosu, South Korea (KR YOS)","Ulsan, South Korea (KR USN)","MAYA GAS I (исторические названия: Karin Kosan, Jia Long, Sun Gas)",620999533,17 августа 2026 г,региональных ближневосточных перевозках энергоносителей,0.0
2026-09-09,9947433,3286.0,3804.0,99.9,16.0,4.6,12.3,3.0,2023,Китай,Газовоз / LPG Tanker (HAZ-D),Underway using Engine / В пути,LOW,"Яньтай, Китай ()","Чжоушань, Китай (Zhoushan)",YU TIAN 28,413511640,4 августа 2026 г,"Газовоз / LPG Tanker · флаг: Китай · маршрут: Яньтай, Китай () → Чжоушань, Китай (Zhoushan) · Underway using Engine · возраст: 3 лет",0.0
2026-09-09,9726827,3260.0,3187.0,96.0,15.0,4.5,12.7,11.0,2015,Южная Корея,Танкер для перевозки сжиженного газа (LPG Tanker / Coaster),"На ходу (курс 7.2°, скорость 12.7 узлов). Пункт назначения указан как Huizhou, China, ETA 22 июля 2026 года (19:00). Последний выход зафиксирован с якорной стоянки Suralaya (Индонезия) 16 июля 2026 года (ATD: 04:35 UTC)",EXTREME,"Chiba, Japan (JP CHB)",балласте / частично загруженным),SAEHAN MIRINAE (исторические наименования: -),440691000,22 июля 2026 г,Korea,0.0
2026-09-09,9584528,3221.0,3313.0,99.99,15.2,5.6,10.8,15.0,2011,Китай,Газовоз / Танкер для перевозки сжиженного нефтяного газа (LPG Tanker),At Anchor / На якорной стоянке,EXTREME,Кореи,Китай),HUA NAN 2,412476310,1 августа 2026 г,стабильных цепочках поставок энергоносителей между ключевыми экономическими узлами Восточной Азии,0.0
2026-09-09,9691345,3198.0,2999.0,96.0,15.0,4.9,13.0,12.0,2014,Маршалловы Острова,LPG Tanker (газовоз),At Anchor / На якорной стоянке,LOW,"порта Хуэйчжоу (Китай), прибыв сначала","Oita, Japan (JP OIT)",HEMISPHERE,538005440,"4 октября 2026 г., 20:45 UTC","LPG Tanker · флаг: Маршалловы Острова · отход: порта Хуэйчжоу (Китай), прибыв сначала · At Anchor · возраст: 12 лет",0.0
2026-09-09,9943229,3124.0,3079.0,96.0,15.0,5.0,0.1,4.0,2022,Панама (Panama Flag),Газовоз / Танкер для перевозки сжиженного нефтяного газа (LPG Tanker),At Anchor / На якорной стоянке,EXTREME,Южной Кореи,"Incheon, South Korea (KR INC)",GAS FAIRWAY,636026774,4 августа 2026 г,в AIS также фиксируется Либерия,0.0
2026-09-09,9364162,3106.0,2997.0,96.0,15.0,4.6,13.0,19.0,2007,Индонезия,Газовоз / Танкер для перевозки сжиженного нефтяного газа (LPG Tanker),At Anchor / На якорной стоянке,LOW,"Chiba, Japan (JP CHB)","Incheon, South Korea (KR INC)","GAS SUMBAWA (ранее — Lady M&E, Omin, Epic Comino, Minorca)",525110968,"31 октября 2026 г., 14:00 UTC",международных океанских перевозках и не имеет отношения к санкционным или глобальным теневым маршрутам,0.0
2026-09-09,9392042,3103.0,2997.0,96.0,15.0,5.5,7.4,17.0,2009,Маршалловы острова,Газовоз (LPG Tanker / Fully Pressurized),Under way using engine,LOW,"Primorsk, Russia (RU PRI)",FR DON,GAS EXELERO,538003606,"3 сентября 2026 г., 06:45 UTC","Газовоз · флаг: Маршалловы острова · следует в: порт Фалмут (Великобритания).Текущая скорость: 10.5 узлов.Текущая осадка: 4.6 м. Операционная активность: Судно является небольшим специализированным газовозом (coaster). География его работы охватывает порты Атлантического бассейна и Карибского региона. В последние месяцы судно активно работало в портах Марокко, что является стандартным маршрутом для судов данного класса, обеспечивающих региональные поставки сжиженного газа. 3. Комплаенс-профильОператор: Stealth Maritime Corp. S.A. (Греция) — связано с группой StealthGas. Статус: НИЗКИЙ РИСК / ЛЕГИТИМНЫЙ АКТИВ.Анализ:Управление: Судно входит в орбиту интересов группы StealthGas — крупного и публичного оператора специализированного флота LPG-газовозов. Компания ведет прозрачную деятельность, соответствует требованиям международных регуляторов и широко известна в индустрии как ответственный судовладелец.Статус: Актив не числится в санкционных списках. Деятельность судна полностью соответствует международным коммерческим стандартам. Учитывая характер грузов (LPG) и специфику работы судов этого размера, риск вовлечения в «теневые» операции крайне мал.История: Смена названий и флагов за последние годы отражает стандартные процессы внутренней реструктуризации флота владельца, что типично для крупных газовых операторов.4. РезюмеGAS EXELERO — это легитимный и прозрачный коммерческий актив. Профессиональное управление и узкая специализация судна делают его безопасным для любого вида коммерческого взаимодействия, фрахтования или страхования. Риски отсутствуют · Underway using Engine · возраст: 17 лет",0.409
2026-09-09,9655937,3071.0,2993.0,99.96,14.8,5.3,12.0,14.0,2012,Китай,Газовоз / LPG Carrier,At Anchor / На якорной стоянке,LOW,"Yanbu, Saudi Arabia (SA YNB)","Яньтай, Китай (Yantai) —",TONG ZHOU 29,413447490,31 июля 2026 г,"Газовоз / LPG Carrier · флаг: Китай · следует в: Яньтай, Китай (Yantai) — · At Anchor · возраст: 14 лет",0.0
2026-09-09,9569580,3034.0,2798.0,99.8,14.8,4.7,10.1,16.0,2010,Китай,Газовоз (LPG Tanker),Underway using Engine / В пути,LOW,"Дэсан, Республика Корея (отход 4 июня 2026 г.)",порт Дэсан. Текущий статус соответствует штатной операционной деятельности судна данного типа и региона,TONG ZHOU 6,414212426,11 июня 2026 г,"Газовоз · флаг: Китай · маршрут: Дэсан, Республика Корея (отход 4 июня 2026 г.) → порт Дэсан. Текущий статус соответствует штатной операционной деятельности судна данного типа и региона · Underway using Engine · возраст: 16 лет",0.0
2026-09-09,9651735,3013.0,2981.0,100.0,15.2,4.9,14.0,14.0,2012,Китай,Газовоз (LPG Carrier / Coaster),Underway using Engine / В пути,LOW,"Ain Sukhna, Egypt (EG ASU)","Huizhou, China (CN HUI)",MAO XIN,414755461,"1 октября 2026 г., 02:15 UTC",Газовоз · флаг: Китай · Underway using Engine · возраст: 14 лет,0.0
2026-09-09,9515814,2736.0,3790.0,99.0,16.4,5.3,10.1,18.0,2008,Китай,Газовоз (LPG Tanker),Underway using Engine / В пути,LOW,"Тайсин, Китай (отход 6 июня 2026 г.)","Oita, Japan (JP OIT)",TONG XIN YUAN,412933977,9 июня 2026 г,"Газовоз · флаг: Китай · отход: Тайсин, Китай (отход 6 июня 2026 г.) · Underway using Engine · возраст: 18 лет",0.0
2026-09-09,9413030,2677.0,2867.0,96.0,16.0,4.9,10.0,18.0,2008,Таиланд,LPG/Chemical Tanker,At Anchor / На якорной стоянке,LOW,"Jubail, Saudi Arabia (SA JUB)",Срирача. Это судно дополняет пул малотоннажных танкеров,PHUBAI NADDA 1,567578000,"13 октября 2026 г., 08:15 UTC",LPG/Chemical Tanker · флаг: Таиланд · следует в: Срирача. Это судно дополняет пул малотоннажных танкеров · At Anchor · возраст: 18 лет,0.0
2026-09-09,9655016,2177.0,2929.0,87.0,14.8,4.9,13.0,12.0,2014,Нидерланды,Малотоннажный танкер для перевозки СУГ (LPG Tanker),At Anchor / На якорной стоянке,LOW,"Rotterdam, Netherlands (NL RTM)","Oita, Japan (JP OIT)",BRISOTE,245146517,"13 сентября 2026 г., 15:45 UTC",Малотоннажный танкер для перевозки СУГ · флаг: Нидерланды · At Anchor · возраст: 12 лет,0.0
2026-09-09,9682227,1288.0,749.0,68.0,11.4,4.9,13.0,12.0,2014,Таиланд,LPG Tanker (газовоз),At Anchor / На якорной стоянке,LOW,"Chiba, Japan (JP CHB)",Срирача 15 апреля). Длительный период отсутствия обновлений позиций AIS (6 дней) и статус на якорной стоянке указывают на возможный вывод судна из активного коммерческого цикла или длительный простой,PP 9,567003460,"31 августа 2026 г., 04:30 UTC",LPG Tanker · флаг: Таиланд · следует в: Срирача 15 апреля). Длительный период отсутствия обновлений позиций AIS (6 дней) и статус на якорной стоянке указывают на возможный вывод судна из активного коммерческого цикла или длительный простой · At Anchor · возраст: 12 лет,0.0
2026-09-09,9256896,1238.0,1337.0,71.99,12.0,4.8,13.0,24.0,2002,Япония,Танкер для перевозки сжиженного нефтяного газа (LPG Tanker).,Out of Service / Выведено из эксплуатации,HIGH,"Jubail, Saudi Arabia (SA JUB)","Ulsan, South Korea (KR USN)",HAKUSEI MARU NO. 37,432809886,"7 сентября 2026 г., 19:45 UTC",Танкер для перевозки сжиженного нефтяного газа · флаг: Япония · Out of Service · возраст: 24 лет,0.0
2026-09-09,9368170,1113.0,749.0,61.95,12.0,4.5,11.3,20.0,2006,Япония,Газовоз (LPG Tanker) — малый специализированный танкер,На якоре (At anchor),LOW,"Токуяма-Кудамацу, Япония (отход 8 июня 2026 г.)","Rotterdam, Netherlands (NL RTM)",KYUHO MARU,431658546,8 июня 2026 г,"Газовоз · флаг: Япония · отход: Токуяма-Кудамацу, Япония (отход 8 июня 2026 г.) · На якоре (At anchor) · возраст: 20 лет",0.0
2026-09-09,8608987,1104.0,988.0,65.8,11.0,4.9,13.0,40.0,1986,Таиланд,LPG Tanker (газовоз),At Anchor / На якорной стоянке,HIGH,"Houston, USA (US HOU)","Tianjin, China (CN TJN)",PILATUS 18,567000273,"2 сентября 2026 г., 17:45 UTC",LPG Tanker · флаг: Таиланд · At Anchor · возраст: 40 лет,0.0
2026-09-09,9009994,1076.0,999.0,64.8,10.8,4.9,9.5,36.0,1990,Таиланд,LPG Tanker (газовоз),At Anchor / На якорной стоянке,HIGH,"Rotterdam, Netherlands (NL RTM)","Сураттхани является типичным для поддержания снабжения южных регионов страны. Судно является частью флота малотоннажных газовозов, обеспечивающих гибкую логистику, недоступную для крупнотоннажных танкеров",PILATUS 42,567000734,"6 октября 2026 г., 15:45 UTC","LPG Tanker · флаг: Таиланд · следует в: Сураттхани является типичным для поддержания снабжения южных регионов страны. Судно является частью флота малотоннажных газовозов, обеспечивающих гибкую логистику, недоступную для крупнотоннажных танкеров · At Anchor · возраст: 36 лет",0.0
2026-09-09,9054717,950.0,1001.0,65.1,10.9,4.9,13.0,34.0,1992,Таиланд,LPG Tanker (газовоз),At Anchor / На якорной стоянке,HIGH,"Yeosu, South Korea (KR YOS)","Incheon, South Korea (KR INC)",PILATUS 45,567000521,"13 сентября 2026 г., 04:15 UTC",LPG Tanker · флаг: Таиланд · At Anchor · возраст: 34 лет,0.0
2026-09-09,9078660,950.0,1016.0,65.1,10.9,4.9,13.0,33.0,1993,Таиланд,LPG Tanker (газовоз),At Anchor / На якорной стоянке,HIGH,"Marcus Hook, USA (US MHK)","Oita, Japan (JP OIT)",PILATUS 40,567002810,"5 сентября 2026 г., 21:00 UTC",LPG Tanker · флаг: Таиланд · At Anchor · возраст: 33 лет,0.0
2026-09-09,9063512,950.0,1016.0,65.1,10.9,4.9,11.1,33.0,1993,Таиланд,LPG Tanker (газовоз),At Anchor / На якорной стоянке,HIGH,"Yanbu, Saudi Arabia (SA YNB)","Huizhou, China (CN HUI)",PP 8,567002880,"17 октября 2026 г., 07:45 UTC",LPG Tanker · флаг: Таиланд · At Anchor · возраст: 33 лет,0.0
2026-09-09,9152337,922.0,999.0,64.9,14.0,4.9,14.0,30.0,1996,Таиланд,LPG Tanker (газовоз),Underway using Engine / В пути,LOW,"Yeosu, South Korea (KR YOS)","Chiba, Japan (JP CHB)",PILATUS 14,567003270,"29 сентября 2026 г., 21:45 UTC",LPG Tanker · флаг: Таиланд · Underway using Engine · возраст: 30 лет,0.0
2026-09-09,1018509,32.0,29599.0,190.0,31.0,7.1,12.7,0.0,2026,Сингапур,Газовоз / Танкер для перевозки СУГ (LPG Tanker / LGC),Underway using Engine / В пути,LOW,"Ботани-Бей, Австралия ()",В распоряжении / Ожидание инструкций (FOR ORDERS),GREEN EXCELLENCE,563314400,26 июля 2026 г,"Газовоз / Танкер для перевозки СУГ · флаг: Сингапур · маршрут: Ботани-Бей, Австралия () → В распоряжении / Ожидание инструкций (FOR ORDERS) · Underway using Engine",0.0
2026-09-09,9977309,16.0,20.0,290.0,46.0,9.2,16.0,0.0,2026,Либерия IMO номер: 9977309 Год постройки: 2026,Газовоз СПГ (LNG Tanker),"На ходу (в пути).Маршрут: Следует в регион побережья Мексиканского залива США (US Gulf Coast). Операционные данные: Текущая скорость — около 15—16 узлов (согласно последним данным), осадка — 9.2 м. Расчетное время прибытия (ETA) — 13 июня 2026 года в 11:00. История: Последний зафиксированный порт захода — якорная стоянка Сингапура, которую судно покинуло 1 мая 2026 года. Эксплуатация и управлениеЗарегистрированный владелец: TROPIC 17 LTD. Коммерческий менеджер: OCEONIX SERVICES LTD (Лондон, Великобритания). Технический менеджер (ISM): NORTHERN MARINE MANAGEMENT LTD. Эксплуатационный и санкционный статусСанкционный статус: Судно не находится под международными санкциями. Профиль: AL NAAMAH — это ультрасовременный СПГ-танкер, введенный в эксплуатацию в 2026 году. Судно находится под управлением авторитетных международных менеджерских компаний и является прозрачным коммерческим активом. В текущем реестре рисков судно не значится как подозрительное; оно участвует в регулярных глобальных операциях по транспортировке сжиженного природного газа. Заключительное примечание для аналитикаЭтим судном мы завершили анализ по всему вашему списку. Теперь у вас есть подробные досье на 23 морских актива.Если вам нужно подготовить итоговый отчет, который включает:Классификацию по уровню риска (Санкционные активы, активы с высокой степенью комплаенс-контроля и прозрачные коммерческие активы),Сводную таблицу для вашей системы мониторинга,Анализ паттернов маршрутизации (посещения портов, находящихся под санкционным давлением, таких как терминал Хосе в Венесуэле),",LOW,"Angola LNG, Angola (AO LNG)",регион побережья Мексиканского залива США (US Gulf Coast). Операционные данные: Текущая скорость — около 15—16 узлов (согласно последним данным),AL NAAMAHТип судна: Газовоз СПГ (LNG Tanker),636612268,13 июня 2026 г,"Газовоз СПГ · флаг: Либерия IMO номер: 9977309 Год постройки: 2026 · следует в: регион побережья Мексиканского залива США (US Gulf Coast). Операционные данные: Текущая скорость — около 15—16 узлов (согласно последним данным) · На ходу (в пути).Маршрут: Следует в регион побережья Мексиканского залива США (US Gulf Coast). Операционные данные: Текущая скорость — около 15—16 узлов (согласно последним данным), осадка — 9.2 м. Расчетное время прибытия (ETA) — 13 июня 2026 года в 11:00. История: Последний зафиксированный порт захода — якорная стоянка Сингапура, которую судно покинуло 1 мая 2026 года. Эксплуатация и управлениеЗарегистрированный владелец: TROPIC 17 LTD. Коммерческий менеджер: OCEONIX SERVICES LTD (Лондон, Великобритания). Технический менеджер (ISM): NORTHERN MARINE MANAGEMENT LTD. Эксплуатационный и санкционный статусСанкционный статус: Судно не находится под международными санкциями. Профиль: AL NAAMAH — это ультрасовременный СПГ-танкер, введенный в эксплуатацию в 2026 году. Судно находится под управлением авторитетных международных менеджерских компаний и является прозрачным коммерческим активом. В текущем реестре рисков судно не значится как подозрительное; оно участвует в регулярных глобальных операциях по транспортировке сжиженного природного газа. Заключительное примечание для аналитикаЭтим судном мы завершили анализ по всему вашему списку. Теперь у вас есть подробные досье на 23 морских актива.Если вам нужно подготовить итоговый отчет, который включает:Классификацию по уровню риска (Санкционные активы, активы с высокой степенью комплаенс-контроля и прозрачные коммерческие активы),Сводную таблицу для вашей системы мониторинга,Анализ паттернов маршрутизации (посещения портов, находящихся под санкционным давлением, таких как терминал Хосе в Венесуэле),",0.0
2026-09-09,9943499,11.0,13.0,300.0,49.0,9.6,14.1,2.0,2024,"Мальта Год постройки: 2024 Габариты: Длина (LOA) — 300 м, ширина (beam) — 49 м",LNG Tanker (Танкер для перевозки сжиженного природного газа),Under way (На ходу)Локация: В районе Мексиканского залива / Карибского моря Текущая скорость: ~7.3 — 14.1 узла (в зависимости от источника и времени данных) Осадка (Draught): 9.6 м Пункт назначения: OPEN SEA FOR ORDERS (ожидание распоряжений) 3. Анализ параметровОперационная активность: Судно является новым высокотехнологичным газовозом. Маршрут «OPEN SEA FOR ORDERS» указывает на ожидание дальнейших инструкций от фрахтователя или коммерческого оператора относительно следующего порта захода.Управление: Судно находится под техническим и коммерческим управлением Dynagas Ltd. Зарегистрированный владелец — Tianjin Color-II Leasing Ltd. 4. Риск-профильСанкции: Не числится в санкционных списках.Заключение: Объект классифицируется как «Активен / Коммерческий энергетический транспорт». Судно выполняет плановый переход и находится в режиме ожидания коммерческих распоряжений. Риск взаимодействия оценивается как низкий,LOW,"Tangguh LNG, Indonesia (ID TGH)",OPEN SEA FOR ORDERS (ожидание распоряжений) 3. Анализ параметровОперационная активность: Судно является новым высокотехнологичным газовозом. Маршрут «OPEN SEA FOR ORDERS» указывает на ожидание дальнейших инструкций от фрахтователя или коммерческого оператора относительно следующего порта захода.Управление: Судно находится под техническим и коммерческим управлением Dynagas Ltd. Зарегистрированный владелец — Tianjin Color-II Leasing Ltd. 4. Риск-профильСанкции: Не числится в санкционных списках.Заключение: Объект классифицируется как «Активен / Коммерческий энергетический транспорт». Судно выполняет плановый переход и находится в режиме ожидания коммерческих распоряжений. Риск взаимодействия оценивается как низкий,CLEAN VITALITYIMO: 9943499,256226000,"16 октября 2026 г., 08:00 UTC","LNG Tanker · флаг: Мальта Год постройки: 2024 Габариты: Длина (LOA) — 300 м, ширина (beam) — 49 м · следует в: OPEN SEA FOR ORDERS (ожидание распоряжений) 3. Анализ параметровОперационная активность: Судно является новым высокотехнологичным газовозом. Маршрут «OPEN SEA FOR ORDERS» указывает на ожидание дальнейших инструкций от фрахтователя или коммерческого оператора относительно следующего порта захода.Управление: Судно находится под техническим и коммерческим управлением Dynagas Ltd. Зарегистрированный владелец — Tianjin Color-II Leasing Ltd. 4. Риск-профильСанкции: Не числится в санкционных списках.Заключение: Объект классифицируется как «Активен / Коммерческий энергетический транспорт». Судно выполняет плановый переход и находится в режиме ожидания коммерческих распоряжений. Риск взаимодействия оценивается как низкий · Under way (На ходу)Локация: В районе Мексиканского залива · возраст: 2 лет",0.0
